signal,wcfg_type,vcd_width,coverage,group,initial,final,changes,first_change,last_change,known_min,known_max,xz_events
/tb_rtds_rx_fifo/user_clk,logic,1,VCD+WDB,core,0,0,246,3200,787200,0,1,0
/tb_rtds_rx_fifo/mem_clk,logic,1,VCD+WDB,core,0,1,395,2000,790000,0,1,0
/tb_rtds_rx_fifo/received,array,32,VCD+WDB,core,0,10010,18,682000,790000,0,18,0
/tb_rtds_rx_fifo/bus/user_clk,logic,1,VCD+WDB,core,0,0,246,3200,787200,0,1,0
/tb_rtds_rx_fifo/bus/mem_clk,logic,1,VCD+WDB,core,0,1,395,2000,790000,0,1,0
/tb_rtds_rx_fifo/bus/rst_n,logic,1,VCD+WDB,core,0,1,1,99200,99200,0,1,0
/tb_rtds_rx_fifo/bus/user_ready,logic,1,VCD+WDB,core,0,1,1,99200,99200,0,1,0
/tb_rtds_rx_fifo/bus/rx_valid,logic,1,VCD+WDB,core,0,0,38,297600,758400,0,1,0
/tb_rtds_rx_fifo/bus/rx_sof,logic,1,VCD+WDB,core,0,1,13,297600,752000,0,1,0
/tb_rtds_rx_fifo/bus/rx_eof,logic,1,VCD+WDB,core,0,0,10,297600,752000,0,1,0
/tb_rtds_rx_fifo/bus/rx_data,array,64,VCD+WDB,core,0,1001011010000010001001101011011100000000000000000000000001100011,19,297600,752000,0,12580584273754456064,0
/tb_rtds_rx_fifo/bus/rx_rem,array,3,VCD+WDB,core,111,111,0,,,7,7,0
/tb_rtds_rx_fifo/bus/rx_ready,logic,1,VCD+WDB,core,1,1,0,,,1,1,0
/tb_rtds_rx_fifo/bus/frame_valid,logic,1,VCD+WDB,core,0,1,3,334000,786000,0,1,0
/tb_rtds_rx_fifo/bus/fifo_full,logic,1,VCD+WDB,core,x,0,3,6000,714000,0,1,1
/tb_rtds_rx_fifo/bus/fifo_almost_full,logic,1,VCD+WDB,core,x,0,3,6000,746000,0,1,1
/tb_rtds_rx_fifo/bus/length_error,logic,1,VCD+WDB,core,0,0,0,,,0,0,0
/tb_rtds_rx_fifo/bus/frame_data,array,64,VCD+WDB,core,0,1001011010000010001001101011011100000000000000000000000001100011,18,334000,786000,0,12580584273754456064,0
/tb_rtds_rx_fifo/bus/frame_ready,logic,1,VCD+WDB,core,0,1,1,678000,678000,0,1,0
/tb_rtds_rx_fifo/bus/dropped_frames,array,32,VCD+WDB,core,0,1,1,614000,614000,0,1,0
/tb_rtds_rx_fifo/U_DUT/rst_n,logic,1,VCD+WDB,core,0,1,1,99200,99200,0,1,0
/tb_rtds_rx_fifo/U_DUT/user_clk,logic,1,VCD+WDB,core,0,0,246,3200,787200,0,1,0
/tb_rtds_rx_fifo/U_DUT/user_ready,logic,1,VCD+WDB,core,0,1,1,99200,99200,0,1,0
/tb_rtds_rx_fifo/U_DUT/rx_data,array,64,VCD+WDB,core,0,1001011010000010001001101011011100000000000000000000000001100011,19,297600,752000,0,12580584273754456064,0
/tb_rtds_rx_fifo/U_DUT/rx_sof,logic,1,VCD+WDB,core,0,1,13,297600,752000,0,1,0
/tb_rtds_rx_fifo/U_DUT/rx_eof,logic,1,VCD+WDB,core,0,0,10,297600,752000,0,1,0
/tb_rtds_rx_fifo/U_DUT/rx_rem,array,3,VCD+WDB,core,111,111,0,,,7,7,0
/tb_rtds_rx_fifo/U_DUT/rx_valid,logic,1,VCD+WDB,core,0,0,38,297600,758400,0,1,0
/tb_rtds_rx_fifo/U_DUT/rx_ready,logic,1,VCD+WDB,core,1,1,0,,,1,1,0
/tb_rtds_rx_fifo/U_DUT/mem_clk,logic,1,VCD+WDB,core,0,1,395,2000,790000,0,1,0
/tb_rtds_rx_fifo/U_DUT/frame_data,array,64,VCD+WDB,core,0,1001011010000010001001101011011100000000000000000000000001100011,18,334000,786000,0,12580584273754456064,0
/tb_rtds_rx_fifo/U_DUT/frame_valid,logic,1,VCD+WDB,core,0,1,3,334000,786000,0,1,0
/tb_rtds_rx_fifo/U_DUT/frame_ready,logic,1,VCD+WDB,core,0,1,1,678000,678000,0,1,0
/tb_rtds_rx_fifo/U_DUT/fifo_full,logic,1,VCD+WDB,core,x,0,3,6000,714000,0,1,1
/tb_rtds_rx_fifo/U_DUT/fifo_almost_full,logic,1,VCD+WDB,core,x,0,3,6000,746000,0,1,1
/tb_rtds_rx_fifo/U_DUT/dropped_frames,array,32,VCD+WDB,core,0,1,1,614000,614000,0,1,0
/tb_rtds_rx_fifo/U_DUT/length_error,logic,1,VCD+WDB,core,0,0,0,,,0,0,0
/tb_rtds_rx_fifo/U_DUT/user_rst_n,logic,1,VCD+WDB,core,1,1,0,,,1,1,0
/tb_rtds_rx_fifo/U_DUT/drop_bin,array,32,VCD+WDB,core,0,1,1,598400,598400,0,1,0
/tb_rtds_rx_fifo/U_DUT/full_user,logic,1,VCD+WDB,core,0,0,2,508800,707200,0,1,0
/tb_rtds_rx_fifo/U_DUT/almost_full_user,logic,1,VCD+WDB,core,0,0,2,438400,739200,0,1,0
/tb_rtds_rx_fifo/U_DUT/empty_mem,logic,1,VCD+WDB,core,1,1,4,334000,790000,0,1,0
/tb_rtds_rx_fifo/U_DUT/wr_busy,logic,1,VCD+WDB,core,0,0,2,3200,259200,0,1,0
/tb_rtds_rx_fifo/U_DUT/rd_busy,logic,1,VCD+WDB,core,0,0,4,110000,222000,0,1,0
/tb_rtds_rx_fifo/U_DUT/fifo_reset,logic,1,VCD+WDB,core,0,0,0,,,0,0,0
/tb_rtds_rx_fifo/U_DUT/fifo_read,logic,1,VCD+WDB,core,0,1,3,678000,786000,0,1,0
/tb_rtds_rx_fifo/U_DUT/fifo_write,logic,1,VCD+WDB,core,0,0,36,297600,758400,0,1,0
/tb_rtds_rx_fifo/U_DUT/fifo_input,array,64,VCD+WDB,core,0,1001011010000010001001101011011100000000000000000000000001100011,19,297600,752000,0,12580584273754456064,0
/tb_rtds_rx_fifo/U_DUT/almost_empty_nc,logic,1,VCD+WDB,core,0,0,0,,,0,0,0
/tb_rtds_rx_fifo/U_DUT/almost_full_nc,logic,1,VCD+WDB,core,0,0,0,,,0,0,0
/tb_rtds_rx_fifo/U_DUT/data_valid_nc,logic,1,VCD+WDB,core,0,0,0,,,0,0,0
/tb_rtds_rx_fifo/U_DUT/dbiterr_nc,logic,1,VCD+WDB,core,0,0,0,,,0,0,0
/tb_rtds_rx_fifo/U_DUT/overflow_nc,logic,1,VCD+WDB,core,0,0,0,,,0,0,0
/tb_rtds_rx_fifo/U_DUT/prog_empty_nc,logic,1,VCD+WDB,core,1,1,2,394000,730000,0,1,0
/tb_rtds_rx_fifo/U_DUT/sbiterr_nc,logic,1,VCD+WDB,core,0,0,0,,,0,0,0
/tb_rtds_rx_fifo/U_DUT/underflow_nc,logic,1,VCD+WDB,core,0,0,0,,,0,0,0
/tb_rtds_rx_fifo/U_DUT/wr_ack_nc,logic,1,VCD+WDB,core,0,0,0,,,0,0,0
/tb_rtds_rx_fifo/U_DUT/rd_data_count_nc,array,5,VCD+WDB,core,x,1,36,2000,786000,0,17,1
/tb_rtds_rx_fifo/U_DUT/wr_data_count_nc,array,5,VCD+WDB,core,x,1,28,3200,771200,0,17,1
/tb_rtds_rx_fifo/U_DUT/FIFO_DEPTH,array,0,VCD+WDB,core,10000,10000,0,,,16,16,0
/tb_rtds_rx_fifo/bus/user_drv_cb/user_drv_cb_clk,logic,1,VCD+WDB,hierarchy,0,0,246,3200,787200,0,1,0
/tb_rtds_rx_fifo/bus/user_drv_cb/rx_ready_in,logic,1,VCD+WDB,hierarchy,z,1,1,3200,3200,1,1,1
/tb_rtds_rx_fifo/bus/mem_drv_cb/mem_drv_cb_clk,logic,1,VCD+WDB,hierarchy,0,1,395,2000,790000,0,1,0
/tb_rtds_rx_fifo/bus/mem_drv_cb/dropped_frames_in,array,32,VCD+WDB,hierarchy,z,1,2,2000,618000,0,1,1
/tb_rtds_rx_fifo/bus/mem_drv_cb/frame_valid_in,logic,1,VCD+WDB,hierarchy,z,1,4,2000,790000,0,1,1
/tb_rtds_rx_fifo/bus/mem_drv_cb/fifo_full_in,logic,1,VCD+WDB,hierarchy,z,0,4,2000,718000,0,1,2
/tb_rtds_rx_fifo/bus/mem_mon_cb/mem_mon_cb_clk,logic,1,VCD+WDB,hierarchy,0,1,395,2000,790000,0,1,0
/tb_rtds_rx_fifo/bus/mem_mon_cb/rst_n_in,logic,1,VCD+WDB,hierarchy,0,1,2,2000,102000,0,1,1
/tb_rtds_rx_fifo/bus/mem_mon_cb/frame_valid_in,logic,1,VCD+WDB,hierarchy,z,1,4,2000,790000,0,1,1
/tb_rtds_rx_fifo/bus/mem_mon_cb/frame_ready_in,logic,1,VCD+WDB,hierarchy,0,1,2,2000,682000,0,1,1
/tb_rtds_rx_fifo/bus/mem_mon_cb/frame_data_in,array,64,VCD+WDB,hierarchy,0zzzzzzzzzzzzzzzzzzzzzzzzzzzzzzzz,1001011010000010001001101011011100000000000000000000000001100011,19,2000,790000,0,12580584273754456064,1
/tb_rtds_rx_fifo/U_DUT/U_RTDS_FPGA_RESET_SYNC_USER/U_XPM_CDC_ASYNC_RST/config_drc_async_rst/drc_err_flag,logic,1,VCD+WDB,hierarchy,0,0,0,,,0,0,0
/tb_rtds_rx_fifo/U_DUT/U_RTDS_FPGA_RESET_SYNC_USER/U_XPM_CDC_ASYNC_RST/src_arst,logic,1,VCD+WDB,hierarchy,0,1,1,99200,99200,0,1,0
/tb_rtds_rx_fifo/U_DUT/U_RTDS_FPGA_RESET_SYNC_USER/U_XPM_CDC_ASYNC_RST/dest_clk,logic,1,VCD+WDB,hierarchy,0,0,246,3200,787200,0,1,0
/tb_rtds_rx_fifo/U_DUT/U_RTDS_FPGA_RESET_SYNC_USER/U_XPM_CDC_ASYNC_RST/dest_arst,logic,1,VCD+WDB,hierarchy,1,1,0,,,1,1,0
/tb_rtds_rx_fifo/U_DUT/U_RTDS_FPGA_RESET_SYNC_USER/U_XPM_CDC_ASYNC_RST/arststages_ff,array,4,VCD+WDB,hierarchy,1111,1111,0,,,15,15,0
/tb_rtds_rx_fifo/U_DUT/U_RTDS_FPGA_RESET_SYNC_USER/U_XPM_CDC_ASYNC_RST/glblGSR_xpmcdc,logic,1,VCD+WDB,hierarchy,1,0,1,100000,100000,0,1,0
/tb_rtds_rx_fifo/U_DUT/U_RTDS_FPGA_RESET_SYNC_USER/U_XPM_CDC_ASYNC_RST/async_path_bit,logic,1,VCD+WDB,hierarchy,1,1,0,,,1,1,0
/tb_rtds_rx_fifo/U_DUT/U_RTDS_FPGA_RESET_SYNC_USER/U_XPM_CDC_ASYNC_RST/reset_pol,logic,1,VCD+WDB,hierarchy,1,0,1,99200,99200,0,1,0
/tb_rtds_rx_fifo/U_DUT/U_RTDS_FPGA_RESET_SYNC_USER/U_XPM_CDC_ASYNC_RST/reset_polo,logic,1,VCD+WDB,hierarchy,1,1,0,,,1,1,0
/tb_rtds_rx_fifo/U_DUT/U_RTDS_FPGA_RESET_SYNC_USER/U_XPM_CDC_ASYNC_RST/DEST_SYNC_FF,array,0,VCD+WDB,hierarchy,100,100,0,,,4,4,0
/tb_rtds_rx_fifo/U_DUT/U_RTDS_FPGA_RESET_SYNC_USER/U_XPM_CDC_ASYNC_RST/INIT_SYNC_FF,array,0,VCD+WDB,hierarchy,1,1,0,,,1,1,0
/tb_rtds_rx_fifo/U_DUT/U_RTDS_FPGA_RESET_SYNC_USER/U_XPM_CDC_ASYNC_RST/RST_ACTIVE_HIGH,array,0,VCD+WDB,hierarchy,0,0,0,,,0,0,0
/tb_rtds_rx_fifo/U_DUT/U_RTDS_FPGA_RESET_SYNC_USER/U_XPM_CDC_ASYNC_RST/VERSION,array,0,VCD+WDB,hierarchy,0,0,0,,,0,0,0
/tb_rtds_rx_fifo/U_DUT/U_RTDS_FPGA_RESET_SYNC_USER/U_XPM_CDC_ASYNC_RST/DEF_VAL,logic,0,VCD+WDB,hierarchy,1,1,0,,,1,1,0
/tb_rtds_rx_fifo/U_DUT/U_RTDS_FPGA_RESET_SYNC_USER/U_XPM_CDC_ASYNC_RST/INV_DEF_VAL,logic,0,VCD+WDB,hierarchy,0,0,0,,,0,0,0
/tb_rtds_rx_fifo/U_DUT/U_RTDS_FPGA_RESET_SYNC_USER/clk,logic,1,VCD+WDB,hierarchy,0,0,246,3200,787200,0,1,0
/tb_rtds_rx_fifo/U_DUT/U_RTDS_FPGA_RESET_SYNC_USER/rst_async_n,logic,1,VCD+WDB,hierarchy,0,1,1,99200,99200,0,1,0
/tb_rtds_rx_fifo/U_DUT/U_RTDS_FPGA_RESET_SYNC_USER/rst_sync_n,logic,1,VCD+WDB,hierarchy,1,1,0,,,1,1,0
/tb_rtds_rx_fifo/U_DUT/U_RTDS_FPGA_COUNT_CDC/U_XPM_CDC_GRAY/config_drc_gray/drc_err_flag,logic,1,VCD+WDB,hierarchy,0,0,0,,,0,0,0
/tb_rtds_rx_fifo/U_DUT/U_RTDS_FPGA_COUNT_CDC/U_XPM_CDC_GRAY/Block381_45/syncstage,array,32,VCD+WDB,hierarchy,0,10,1,2000,2000,0,2,0
/tb_rtds_rx_fifo/U_DUT/U_RTDS_FPGA_COUNT_CDC/U_XPM_CDC_GRAY/Block393_47/j,array,32,VCD+WDB,hierarchy,11111111111111111111111111111111,11111111111111111111111111111111,0,,,4294967295,4294967295,0
/tb_rtds_rx_fifo/U_DUT/U_RTDS_FPGA_COUNT_CDC/U_XPM_CDC_GRAY/src_clk,logic,1,VCD+WDB,hierarchy,0,0,246,3200,787200,0,1,0
/tb_rtds_rx_fifo/U_DUT/U_RTDS_FPGA_COUNT_CDC/U_XPM_CDC_GRAY/src_in_bin,array,32,VCD+WDB,hierarchy,0,1,1,598400,598400,0,1,0
/tb_rtds_rx_fifo/U_DUT/U_RTDS_FPGA_COUNT_CDC/U_XPM_CDC_GRAY/dest_clk,logic,1,VCD+WDB,hierarchy,0,1,395,2000,790000,0,1,0
/tb_rtds_rx_fifo/U_DUT/U_RTDS_FPGA_COUNT_CDC/U_XPM_CDC_GRAY/dest_out_bin,array,32,VCD+WDB,hierarchy,0,1,1,614000,614000,0,1,0
/tb_rtds_rx_fifo/U_DUT/U_RTDS_FPGA_COUNT_CDC/U_XPM_CDC_GRAY/glblGSR_xpmcdc,logic,1,VCD+WDB,hierarchy,1,0,1,100000,100000,0,1,0
/tb_rtds_rx_fifo/U_DUT/U_RTDS_FPGA_COUNT_CDC/U_XPM_CDC_GRAY/dest_graysync_ff,array,,WDB object; no VCD scalar/vector,hierarchy,,,,,,,,
/tb_rtds_rx_fifo/U_DUT/U_RTDS_FPGA_COUNT_CDC/U_XPM_CDC_GRAY/gray_enc,array,32,VCD+WDB,hierarchy,0,1,1,598400,598400,0,1,0
/tb_rtds_rx_fifo/U_DUT/U_RTDS_FPGA_COUNT_CDC/U_XPM_CDC_GRAY/binval,array,32,VCD+WDB,hierarchy,0,1,1,610000,610000,0,1,0
/tb_rtds_rx_fifo/U_DUT/U_RTDS_FPGA_COUNT_CDC/U_XPM_CDC_GRAY/src_gray_ff,array,32,VCD+WDB,hierarchy,0,1,1,604800,604800,0,1,0
/tb_rtds_rx_fifo/U_DUT/U_RTDS_FPGA_COUNT_CDC/U_XPM_CDC_GRAY/synco_gray,array,32,VCD+WDB,hierarchy,0,1,1,610000,610000,0,1,0
/tb_rtds_rx_fifo/U_DUT/U_RTDS_FPGA_COUNT_CDC/U_XPM_CDC_GRAY/async_path,array,32,VCD+WDB,hierarchy,0,1,1,604800,604800,0,1,0
/tb_rtds_rx_fifo/U_DUT/U_RTDS_FPGA_COUNT_CDC/U_XPM_CDC_GRAY/dest_out_bin_ff,array,32,VCD+WDB,hierarchy,0,1,1,614000,614000,0,1,0
/tb_rtds_rx_fifo/U_DUT/U_RTDS_FPGA_COUNT_CDC/U_XPM_CDC_GRAY/DEST_SYNC_FF,array,0,VCD+WDB,hierarchy,10,10,0,,,2,2,0
/tb_rtds_rx_fifo/U_DUT/U_RTDS_FPGA_COUNT_CDC/U_XPM_CDC_GRAY/INIT_SYNC_FF,array,0,VCD+WDB,hierarchy,1,1,0,,,1,1,0
/tb_rtds_rx_fifo/U_DUT/U_RTDS_FPGA_COUNT_CDC/U_XPM_CDC_GRAY/REG_OUTPUT,array,0,VCD+WDB,hierarchy,1,1,0,,,1,1,0
/tb_rtds_rx_fifo/U_DUT/U_RTDS_FPGA_COUNT_CDC/U_XPM_CDC_GRAY/SIM_ASSERT_CHK,array,0,VCD+WDB,hierarchy,0,0,0,,,0,0,0
/tb_rtds_rx_fifo/U_DUT/U_RTDS_FPGA_COUNT_CDC/U_XPM_CDC_GRAY/SIM_LOSSLESS_GRAY_CHK,array,0,VCD+WDB,hierarchy,0,0,0,,,0,0,0
/tb_rtds_rx_fifo/U_DUT/U_RTDS_FPGA_COUNT_CDC/U_XPM_CDC_GRAY/VERSION,array,0,VCD+WDB,hierarchy,0,0,0,,,0,0,0
/tb_rtds_rx_fifo/U_DUT/U_RTDS_FPGA_COUNT_CDC/U_XPM_CDC_GRAY/WIDTH,array,0,VCD+WDB,hierarchy,100000,100000,0,,,32,32,0
/tb_rtds_rx_fifo/U_DUT/U_RTDS_FPGA_COUNT_CDC/U_XPM_CDC_GRAY/VALONE,array,32,VCD+WDB,hierarchy,1,1,0,,,1,1,0
/tb_rtds_rx_fifo/U_DUT/U_RTDS_FPGA_COUNT_CDC/src_clk,logic,1,VCD+WDB,hierarchy,0,0,246,3200,787200,0,1,0
/tb_rtds_rx_fifo/U_DUT/U_RTDS_FPGA_COUNT_CDC/dst_clk,logic,1,VCD+WDB,hierarchy,0,1,395,2000,790000,0,1,0
/tb_rtds_rx_fifo/U_DUT/U_RTDS_FPGA_COUNT_CDC/src_count,array,32,VCD+WDB,hierarchy,0,1,1,598400,598400,0,1,0
/tb_rtds_rx_fifo/U_DUT/U_RTDS_FPGA_COUNT_CDC/dst_count,array,32,VCD+WDB,hierarchy,0,1,1,614000,614000,0,1,0
/tb_rtds_rx_fifo/U_DUT/U_XPM_CDC_FULL/config_drc_single/drc_err_flag,logic,1,VCD+WDB,hierarchy,0,0,0,,,0,0,0
/tb_rtds_rx_fifo/U_DUT/U_XPM_CDC_FULL/src_clk,logic,1,VCD+WDB,hierarchy,0,0,246,3200,787200,0,1,0
/tb_rtds_rx_fifo/U_DUT/U_XPM_CDC_FULL/src_in,logic,1,VCD+WDB,hierarchy,0,0,2,508800,707200,0,1,0
/tb_rtds_rx_fifo/U_DUT/U_XPM_CDC_FULL/dest_clk,logic,1,VCD+WDB,hierarchy,0,1,395,2000,790000,0,1,0
/tb_rtds_rx_fifo/U_DUT/U_XPM_CDC_FULL/dest_out,logic,1,VCD+WDB,hierarchy,x,0,3,6000,714000,0,1,1
/tb_rtds_rx_fifo/U_DUT/U_XPM_CDC_FULL/syncstages_ff,array,2,VCD+WDB,hierarchy,x,0,6,2000,714000,0,3,2
/tb_rtds_rx_fifo/U_DUT/U_XPM_CDC_FULL/glblGSR_xpmcdc,logic,1,VCD+WDB,hierarchy,1,0,1,100000,100000,0,1,0
/tb_rtds_rx_fifo/U_DUT/U_XPM_CDC_FULL/src_ff,logic,1,VCD+WDB,hierarchy,x,0,3,3200,713600,0,1,1
/tb_rtds_rx_fifo/U_DUT/U_XPM_CDC_FULL/src_inqual,logic,1,VCD+WDB,hierarchy,0,0,2,508800,707200,0,1,0
/tb_rtds_rx_fifo/U_DUT/U_XPM_CDC_FULL/async_path_bit,logic,1,VCD+WDB,hierarchy,0,0,2,508800,707200,0,1,0
/tb_rtds_rx_fifo/U_DUT/U_XPM_CDC_FULL/DEST_SYNC_FF,array,0,VCD+WDB,hierarchy,10,10,0,,,2,2,0
/tb_rtds_rx_fifo/U_DUT/U_XPM_CDC_FULL/INIT_SYNC_FF,array,0,VCD+WDB,hierarchy,0,0,0,,,0,0,0
/tb_rtds_rx_fifo/U_DUT/U_XPM_CDC_FULL/SIM_ASSERT_CHK,array,0,VCD+WDB,hierarchy,0,0,0,,,0,0,0
/tb_rtds_rx_fifo/U_DUT/U_XPM_CDC_FULL/SRC_INPUT_REG,array,0,VCD+WDB,hierarchy,0,0,0,,,0,0,0
/tb_rtds_rx_fifo/U_DUT/U_XPM_CDC_FULL/VERSION,array,0,VCD+WDB,hierarchy,0,0,0,,,0,0,0
/tb_rtds_rx_fifo/U_DUT/U_XPM_CDC_ALMOST_FULL/config_drc_single/drc_err_flag,logic,1,VCD+WDB,hierarchy,0,0,0,,,0,0,0
/tb_rtds_rx_fifo/U_DUT/U_XPM_CDC_ALMOST_FULL/src_clk,logic,1,VCD+WDB,hierarchy,0,0,246,3200,787200,0,1,0
/tb_rtds_rx_fifo/U_DUT/U_XPM_CDC_ALMOST_FULL/src_in,logic,1,VCD+WDB,hierarchy,0,0,2,438400,739200,0,1,0
/tb_rtds_rx_fifo/U_DUT/U_XPM_CDC_ALMOST_FULL/dest_clk,logic,1,VCD+WDB,hierarchy,0,1,395,2000,790000,0,1,0
/tb_rtds_rx_fifo/U_DUT/U_XPM_CDC_ALMOST_FULL/dest_out,logic,1,VCD+WDB,hierarchy,x,0,3,6000,746000,0,1,1
/tb_rtds_rx_fifo/U_DUT/U_XPM_CDC_ALMOST_FULL/syncstages_ff,array,2,VCD+WDB,hierarchy,x,0,6,2000,746000,0,3,2
/tb_rtds_rx_fifo/U_DUT/U_XPM_CDC_ALMOST_FULL/glblGSR_xpmcdc,logic,1,VCD+WDB,hierarchy,1,0,1,100000,100000,0,1,0
/tb_rtds_rx_fifo/U_DUT/U_XPM_CDC_ALMOST_FULL/src_ff,logic,1,VCD+WDB,hierarchy,x,0,3,3200,745600,0,1,1
/tb_rtds_rx_fifo/U_DUT/U_XPM_CDC_ALMOST_FULL/src_inqual,logic,1,VCD+WDB,hierarchy,0,0,2,438400,739200,0,1,0
/tb_rtds_rx_fifo/U_DUT/U_XPM_CDC_ALMOST_FULL/async_path_bit,logic,1,VCD+WDB,hierarchy,0,0,2,438400,739200,0,1,0
/tb_rtds_rx_fifo/U_DUT/U_XPM_CDC_ALMOST_FULL/DEST_SYNC_FF,array,0,VCD+WDB,hierarchy,10,10,0,,,2,2,0
/tb_rtds_rx_fifo/U_DUT/U_XPM_CDC_ALMOST_FULL/INIT_SYNC_FF,array,0,VCD+WDB,hierarchy,0,0,0,,,0,0,0
/tb_rtds_rx_fifo/U_DUT/U_XPM_CDC_ALMOST_FULL/SIM_ASSERT_CHK,array,0,VCD+WDB,hierarchy,0,0,0,,,0,0,0
/tb_rtds_rx_fifo/U_DUT/U_XPM_CDC_ALMOST_FULL/SRC_INPUT_REG,array,0,VCD+WDB,hierarchy,0,0,0,,,0,0,0
/tb_rtds_rx_fifo/U_DUT/U_XPM_CDC_ALMOST_FULL/VERSION,array,0,VCD+WDB,hierarchy,0,0,0,,,0,0,0
/tb_rtds_rx_fifo/U_DUT/U_XPM_FIFO_ASYNC/config_drc_async/drc_err_flag_async,logic,1,VCD+WDB,hierarchy,0,0,0,,,0,0,0
/tb_rtds_rx_fifo/U_DUT/U_XPM_FIFO_ASYNC/gnuram_async_fifo.xpm_fifo_base_inst/config_drc/drc_err_flag,logic,1,VCD+WDB,hierarchy,0,0,0,,,0,0,0
/tb_rtds_rx_fifo/U_DUT/U_XPM_FIFO_ASYNC/gnuram_async_fifo.xpm_fifo_base_inst/xpm_fifo_rst_inst/gen_rst_ic.wrst_rd_inst/config_drc/drc_err_flag,logic,1,VCD+WDB,hierarchy,0,0,0,,,0,0,0
/tb_rtds_rx_fifo/U_DUT/U_XPM_FIFO_ASYNC/gnuram_async_fifo.xpm_fifo_base_inst/xpm_fifo_rst_inst/gen_rst_ic.wrst_rd_inst/src_rst,logic,1,VCD+WDB,hierarchy,0,0,4,3200,208000,0,1,0
/tb_rtds_rx_fifo/U_DUT/U_XPM_FIFO_ASYNC/gnuram_async_fifo.xpm_fifo_base_inst/xpm_fifo_rst_inst/gen_rst_ic.wrst_rd_inst/dest_clk,logic,1,VCD+WDB,hierarchy,0,1,395,2000,790000,0,1,0
/tb_rtds_rx_fifo/U_DUT/U_XPM_FIFO_ASYNC/gnuram_async_fifo.xpm_fifo_base_inst/xpm_fifo_rst_inst/gen_rst_ic.wrst_rd_inst/dest_rst,logic,1,VCD+WDB,hierarchy,0,0,4,106000,214000,0,1,0
/tb_rtds_rx_fifo/U_DUT/U_XPM_FIFO_ASYNC/gnuram_async_fifo.xpm_fifo_base_inst/xpm_fifo_rst_inst/gen_rst_ic.wrst_rd_inst/syncstages_ff,array,2,VCD+WDB,hierarchy,0,0,8,102000,214000,0,3,0
/tb_rtds_rx_fifo/U_DUT/U_XPM_FIFO_ASYNC/gnuram_async_fifo.xpm_fifo_base_inst/xpm_fifo_rst_inst/gen_rst_ic.wrst_rd_inst/glblGSR_xpmcdc,logic,1,VCD+WDB,hierarchy,1,0,1,100000,100000,0,1,0
/tb_rtds_rx_fifo/U_DUT/U_XPM_FIFO_ASYNC/gnuram_async_fifo.xpm_fifo_base_inst/xpm_fifo_rst_inst/gen_rst_ic.wrst_rd_inst/async_path_bit,logic,1,VCD+WDB,hierarchy,0,0,4,3200,208000,0,1,0
/tb_rtds_rx_fifo/U_DUT/U_XPM_FIFO_ASYNC/gnuram_async_fifo.xpm_fifo_base_inst/xpm_fifo_rst_inst/gen_rst_ic.wrst_rd_inst/DEST_SYNC_FF,array,0,VCD+WDB,hierarchy,10,10,0,,,2,2,0
/tb_rtds_rx_fifo/U_DUT/U_XPM_FIFO_ASYNC/gnuram_async_fifo.xpm_fifo_base_inst/xpm_fifo_rst_inst/gen_rst_ic.wrst_rd_inst/INIT,array,0,VCD+WDB,hierarchy,0,0,0,,,0,0,0
/tb_rtds_rx_fifo/U_DUT/U_XPM_FIFO_ASYNC/gnuram_async_fifo.xpm_fifo_base_inst/xpm_fifo_rst_inst/gen_rst_ic.wrst_rd_inst/INIT_SYNC_FF,array,0,VCD+WDB,hierarchy,1,1,0,,,1,1,0
/tb_rtds_rx_fifo/U_DUT/U_XPM_FIFO_ASYNC/gnuram_async_fifo.xpm_fifo_base_inst/xpm_fifo_rst_inst/gen_rst_ic.wrst_rd_inst/SIM_ASSERT_CHK,array,0,VCD+WDB,hierarchy,0,0,0,,,0,0,0
/tb_rtds_rx_fifo/U_DUT/U_XPM_FIFO_ASYNC/gnuram_async_fifo.xpm_fifo_base_inst/xpm_fifo_rst_inst/gen_rst_ic.wrst_rd_inst/VERSION,array,0,VCD+WDB,hierarchy,0,0,0,,,0,0,0
/tb_rtds_rx_fifo/U_DUT/U_XPM_FIFO_ASYNC/gnuram_async_fifo.xpm_fifo_base_inst/xpm_fifo_rst_inst/gen_rst_ic.wrst_rd_inst/DEF_VAL,logic,0,VCD+WDB,hierarchy,0,0,0,,,0,0,0
/tb_rtds_rx_fifo/U_DUT/U_XPM_FIFO_ASYNC/gnuram_async_fifo.xpm_fifo_base_inst/xpm_fifo_rst_inst/gen_rst_ic.rrst_wr_inst/config_drc/drc_err_flag,logic,1,VCD+WDB,hierarchy,0,0,0,,,0,0,0
/tb_rtds_rx_fifo/U_DUT/U_XPM_FIFO_ASYNC/gnuram_async_fifo.xpm_fifo_base_inst/xpm_fifo_rst_inst/gen_rst_ic.rrst_wr_inst/src_rst,logic,1,VCD+WDB,hierarchy,0,0,4,110000,222000,0,1,0
/tb_rtds_rx_fifo/U_DUT/U_XPM_FIFO_ASYNC/gnuram_async_fifo.xpm_fifo_base_inst/xpm_fifo_rst_inst/gen_rst_ic.rrst_wr_inst/dest_clk,logic,1,VCD+WDB,hierarchy,0,0,246,3200,787200,0,1,0
/tb_rtds_rx_fifo/U_DUT/U_XPM_FIFO_ASYNC/gnuram_async_fifo.xpm_fifo_base_inst/xpm_fifo_rst_inst/gen_rst_ic.rrst_wr_inst/dest_rst,logic,1,VCD+WDB,hierarchy,0,0,4,118400,233600,0,1,0
/tb_rtds_rx_fifo/U_DUT/U_XPM_FIFO_ASYNC/gnuram_async_fifo.xpm_fifo_base_inst/xpm_fifo_rst_inst/gen_rst_ic.rrst_wr_inst/syncstages_ff,array,2,VCD+WDB,hierarchy,0,0,8,112000,233600,0,3,0
/tb_rtds_rx_fifo/U_DUT/U_XPM_FIFO_ASYNC/gnuram_async_fifo.xpm_fifo_base_inst/xpm_fifo_rst_inst/gen_rst_ic.rrst_wr_inst/glblGSR_xpmcdc,logic,1,VCD+WDB,hierarchy,1,0,1,100000,100000,0,1,0
/tb_rtds_rx_fifo/U_DUT/U_XPM_FIFO_ASYNC/gnuram_async_fifo.xpm_fifo_base_inst/xpm_fifo_rst_inst/gen_rst_ic.rrst_wr_inst/async_path_bit,logic,1,VCD+WDB,hierarchy,0,0,4,110000,222000,0,1,0
/tb_rtds_rx_fifo/U_DUT/U_XPM_FIFO_ASYNC/gnuram_async_fifo.xpm_fifo_base_inst/xpm_fifo_rst_inst/gen_rst_ic.rrst_wr_inst/DEST_SYNC_FF,array,0,VCD+WDB,hierarchy,10,10,0,,,2,2,0
/tb_rtds_rx_fifo/U_DUT/U_XPM_FIFO_ASYNC/gnuram_async_fifo.xpm_fifo_base_inst/xpm_fifo_rst_inst/gen_rst_ic.rrst_wr_inst/INIT,array,0,VCD+WDB,hierarchy,0,0,0,,,0,0,0
/tb_rtds_rx_fifo/U_DUT/U_XPM_FIFO_ASYNC/gnuram_async_fifo.xpm_fifo_base_inst/xpm_fifo_rst_inst/gen_rst_ic.rrst_wr_inst/INIT_SYNC_FF,array,0,VCD+WDB,hierarchy,1,1,0,,,1,1,0
/tb_rtds_rx_fifo/U_DUT/U_XPM_FIFO_ASYNC/gnuram_async_fifo.xpm_fifo_base_inst/xpm_fifo_rst_inst/gen_rst_ic.rrst_wr_inst/SIM_ASSERT_CHK,array,0,VCD+WDB,hierarchy,0,0,0,,,0,0,0
/tb_rtds_rx_fifo/U_DUT/U_XPM_FIFO_ASYNC/gnuram_async_fifo.xpm_fifo_base_inst/xpm_fifo_rst_inst/gen_rst_ic.rrst_wr_inst/VERSION,array,0,VCD+WDB,hierarchy,0,0,0,,,0,0,0
/tb_rtds_rx_fifo/U_DUT/U_XPM_FIFO_ASYNC/gnuram_async_fifo.xpm_fifo_base_inst/xpm_fifo_rst_inst/gen_rst_ic.rrst_wr_inst/DEF_VAL,logic,0,VCD+WDB,hierarchy,0,0,0,,,0,0,0
/tb_rtds_rx_fifo/U_DUT/U_XPM_FIFO_ASYNC/gnuram_async_fifo.xpm_fifo_base_inst/xpm_fifo_rst_inst/rst,logic,1,VCD+WDB,hierarchy,0,0,0,,,0,0,0
/tb_rtds_rx_fifo/U_DUT/U_XPM_FIFO_ASYNC/gnuram_async_fifo.xpm_fifo_base_inst/xpm_fifo_rst_inst/wr_clk,logic,1,VCD+WDB,hierarchy,0,0,246,3200,787200,0,1,0
/tb_rtds_rx_fifo/U_DUT/U_XPM_FIFO_ASYNC/gnuram_async_fifo.xpm_fifo_base_inst/xpm_fifo_rst_inst/rd_clk,logic,1,VCD+WDB,hierarchy,0,1,395,2000,790000,0,1,0
/tb_rtds_rx_fifo/U_DUT/U_XPM_FIFO_ASYNC/gnuram_async_fifo.xpm_fifo_base_inst/xpm_fifo_rst_inst/wr_rst,logic,1,VCD+WDB,hierarchy,0,0,2,3200,252800,0,1,0
/tb_rtds_rx_fifo/U_DUT/U_XPM_FIFO_ASYNC/gnuram_async_fifo.xpm_fifo_base_inst/xpm_fifo_rst_inst/rd_rst,logic,1,VCD+WDB,hierarchy,0,0,4,110000,222000,0,1,0
/tb_rtds_rx_fifo/U_DUT/U_XPM_FIFO_ASYNC/gnuram_async_fifo.xpm_fifo_base_inst/xpm_fifo_rst_inst/wr_rst_busy,logic,1,VCD+WDB,hierarchy,0,0,2,3200,252800,0,1,0
/tb_rtds_rx_fifo/U_DUT/U_XPM_FIFO_ASYNC/gnuram_async_fifo.xpm_fifo_base_inst/xpm_fifo_rst_inst/rd_rst_busy,logic,1,VCD+WDB,hierarchy,0,0,4,110000,222000,0,1,0
/tb_rtds_rx_fifo/U_DUT/U_XPM_FIFO_ASYNC/gnuram_async_fifo.xpm_fifo_base_inst/xpm_fifo_rst_inst/power_on_rst,array,2,VCD+WDB,hierarchy,11,0,2,3200,9600,0,3,0
/tb_rtds_rx_fifo/U_DUT/U_XPM_FIFO_ASYNC/gnuram_async_fifo.xpm_fifo_base_inst/xpm_fifo_rst_inst/rst_i,logic,1,VCD+WDB,hierarchy,1,0,1,9600,9600,0,1,0
/tb_rtds_rx_fifo/U_DUT/U_XPM_FIFO_ASYNC/gnuram_async_fifo.xpm_fifo_base_inst/xpm_fifo_rst_inst/gen_rst_ic.fifo_wr_rst_rd,logic,1,VCD+WDB,hierarchy,0,0,4,106000,214000,0,1,0
/tb_rtds_rx_fifo/U_DUT/U_XPM_FIFO_ASYNC/gnuram_async_fifo.xpm_fifo_base_inst/xpm_fifo_rst_inst/gen_rst_ic.fifo_rd_rst_wr_i,logic,1,VCD+WDB,hierarchy,0,0,4,118400,233600,0,1,0
/tb_rtds_rx_fifo/U_DUT/U_XPM_FIFO_ASYNC/gnuram_async_fifo.xpm_fifo_base_inst/xpm_fifo_rst_inst/gen_rst_ic.fifo_wr_rst_i,logic,1,VCD+WDB,hierarchy,1,0,3,124800,201600,0,1,0
/tb_rtds_rx_fifo/U_DUT/U_XPM_FIFO_ASYNC/gnuram_async_fifo.xpm_fifo_base_inst/xpm_fifo_rst_inst/gen_rst_ic.wr_rst_busy_i,logic,1,VCD+WDB,hierarchy,1,0,1,246400,246400,0,1,0
/tb_rtds_rx_fifo/U_DUT/U_XPM_FIFO_ASYNC/gnuram_async_fifo.xpm_fifo_base_inst/xpm_fifo_rst_inst/gen_rst_ic.fifo_rd_rst_i,logic,1,VCD+WDB,hierarchy,0,0,4,106000,218000,0,1,0
/tb_rtds_rx_fifo/U_DUT/U_XPM_FIFO_ASYNC/gnuram_async_fifo.xpm_fifo_base_inst/xpm_fifo_rst_inst/gen_rst_ic.fifo_rd_rst_ic,logic,1,VCD+WDB,hierarchy,0,0,4,110000,222000,0,1,0
/tb_rtds_rx_fifo/U_DUT/U_XPM_FIFO_ASYNC/gnuram_async_fifo.xpm_fifo_base_inst/xpm_fifo_rst_inst/gen_rst_ic.fifo_wr_rst_ic,logic,1,VCD+WDB,hierarchy,0,0,4,3200,208000,0,1,0
/tb_rtds_rx_fifo/U_DUT/U_XPM_FIFO_ASYNC/gnuram_async_fifo.xpm_fifo_base_inst/xpm_fifo_rst_inst/gen_rst_ic.wr_rst_busy_ic,logic,1,VCD+WDB,hierarchy,0,0,2,3200,252800,0,1,0
/tb_rtds_rx_fifo/U_DUT/U_XPM_FIFO_ASYNC/gnuram_async_fifo.xpm_fifo_base_inst/xpm_fifo_rst_inst/gen_rst_ic.rst_seq_reentered,logic,1,VCD+WDB,hierarchy,0,1,1,176000,176000,0,1,0
/tb_rtds_rx_fifo/U_DUT/U_XPM_FIFO_ASYNC/gnuram_async_fifo.xpm_fifo_base_inst/xpm_fifo_rst_inst/gen_rst_ic.curr_wrst_state,array,3,VCD+WDB,hierarchy,0,0,8,3200,246400,0,7,0
/tb_rtds_rx_fifo/U_DUT/U_XPM_FIFO_ASYNC/gnuram_async_fifo.xpm_fifo_base_inst/xpm_fifo_rst_inst/gen_rst_ic.next_wrst_state,array,3,VCD+WDB,hierarchy,10,0,7,118400,240000,0,7,0
/tb_rtds_rx_fifo/U_DUT/U_XPM_FIFO_ASYNC/gnuram_async_fifo.xpm_fifo_base_inst/xpm_fifo_rst_inst/gen_rst_ic.curr_rrst_state,array,2,VCD+WDB,hierarchy,0,0,8,110000,222000,0,3,0
/tb_rtds_rx_fifo/U_DUT/U_XPM_FIFO_ASYNC/gnuram_async_fifo.xpm_fifo_base_inst/xpm_fifo_rst_inst/gen_rst_ic.next_rrst_state,array,2,VCD+WDB,hierarchy,0,0,8,106000,218000,0,3,0
/tb_rtds_rx_fifo/U_DUT/U_XPM_FIFO_ASYNC/gnuram_async_fifo.xpm_fifo_base_inst/xpm_fifo_rst_inst/COMMON_CLOCK,array,0,VCD+WDB,hierarchy,0,0,0,,,0,0,0
/tb_rtds_rx_fifo/U_DUT/U_XPM_FIFO_ASYNC/gnuram_async_fifo.xpm_fifo_base_inst/xpm_fifo_rst_inst/CDC_DEST_SYNC_FF,array,0,VCD+WDB,hierarchy,10,10,0,,,2,2,0
/tb_rtds_rx_fifo/U_DUT/U_XPM_FIFO_ASYNC/gnuram_async_fifo.xpm_fifo_base_inst/xpm_fifo_rst_inst/SIM_ASSERT_CHK,array,0,VCD+WDB,hierarchy,0,0,0,,,0,0,0
/tb_rtds_rx_fifo/U_DUT/U_XPM_FIFO_ASYNC/gnuram_async_fifo.xpm_fifo_base_inst/rst_d1_inst/rst,logic,1,VCD+WDB,hierarchy,0,0,0,,,0,0,0
/tb_rtds_rx_fifo/U_DUT/U_XPM_FIFO_ASYNC/gnuram_async_fifo.xpm_fifo_base_inst/rst_d1_inst/clk,logic,1,VCD+WDB,hierarchy,0,0,246,3200,787200,0,1,0
/tb_rtds_rx_fifo/U_DUT/U_XPM_FIFO_ASYNC/gnuram_async_fifo.xpm_fifo_base_inst/rst_d1_inst/d_in,logic,1,VCD+WDB,hierarchy,0,0,2,3200,252800,0,1,0
/tb_rtds_rx_fifo/U_DUT/U_XPM_FIFO_ASYNC/gnuram_async_fifo.xpm_fifo_base_inst/rst_d1_inst/d_out,logic,1,VCD+WDB,hierarchy,0,0,2,9600,259200,0,1,0
/tb_rtds_rx_fifo/U_DUT/U_XPM_FIFO_ASYNC/gnuram_async_fifo.xpm_fifo_base_inst/rst_d1_inst/RST_VALUE,array,0,VCD+WDB,hierarchy,0,0,0,,,0,0,0
/tb_rtds_rx_fifo/U_DUT/U_XPM_FIFO_ASYNC/gnuram_async_fifo.xpm_fifo_base_inst/rst_d2_inst/rst,logic,1,VCD+WDB,hierarchy,0,0,0,,,0,0,0
/tb_rtds_rx_fifo/U_DUT/U_XPM_FIFO_ASYNC/gnuram_async_fifo.xpm_fifo_base_inst/rst_d2_inst/clk,logic,1,VCD+WDB,hierarchy,0,0,246,3200,787200,0,1,0
/tb_rtds_rx_fifo/U_DUT/U_XPM_FIFO_ASYNC/gnuram_async_fifo.xpm_fifo_base_inst/rst_d2_inst/d_in,logic,1,VCD+WDB,hierarchy,0,0,2,9600,259200,0,1,0
/tb_rtds_rx_fifo/U_DUT/U_XPM_FIFO_ASYNC/gnuram_async_fifo.xpm_fifo_base_inst/rst_d2_inst/d_out,logic,1,VCD+WDB,hierarchy,0,0,2,16000,265600,0,1,0
/tb_rtds_rx_fifo/U_DUT/U_XPM_FIFO_ASYNC/gnuram_async_fifo.xpm_fifo_base_inst/rst_d2_inst/RST_VALUE,array,0,VCD+WDB,hierarchy,0,0,0,,,0,0,0
/tb_rtds_rx_fifo/U_DUT/U_XPM_FIFO_ASYNC/gnuram_async_fifo.xpm_fifo_base_inst/wrp_inst/rst,logic,1,VCD+WDB,hierarchy,0,0,2,3200,252800,0,1,0
/tb_rtds_rx_fifo/U_DUT/U_XPM_FIFO_ASYNC/gnuram_async_fifo.xpm_fifo_base_inst/wrp_inst/clk,logic,1,VCD+WDB,hierarchy,0,0,246,3200,787200,0,1,0
/tb_rtds_rx_fifo/U_DUT/U_XPM_FIFO_ASYNC/gnuram_async_fifo.xpm_fifo_base_inst/wrp_inst/cnt_en,logic,1,VCD+WDB,hierarchy,0,0,36,297600,758400,0,1,0
/tb_rtds_rx_fifo/U_DUT/U_XPM_FIFO_ASYNC/gnuram_async_fifo.xpm_fifo_base_inst/wrp_inst/cnt_up,logic,1,VCD+WDB,hierarchy,0,0,36,297600,758400,0,1,0
/tb_rtds_rx_fifo/U_DUT/U_XPM_FIFO_ASYNC/gnuram_async_fifo.xpm_fifo_base_inst/wrp_inst/cnt_down,logic,1,VCD+WDB,hierarchy,0,0,0,,,0,0,0
/tb_rtds_rx_fifo/U_DUT/U_XPM_FIFO_ASYNC/gnuram_async_fifo.xpm_fifo_base_inst/wrp_inst/count_value,array,5,VCD+WDB,hierarchy,0,10010,18,304000,758400,0,18,0
/tb_rtds_rx_fifo/U_DUT/U_XPM_FIFO_ASYNC/gnuram_async_fifo.xpm_fifo_base_inst/wrp_inst/count_value_i,array,5,VCD+WDB,hierarchy,0,10010,18,304000,758400,0,18,0
/tb_rtds_rx_fifo/U_DUT/U_XPM_FIFO_ASYNC/gnuram_async_fifo.xpm_fifo_base_inst/wrp_inst/COUNTER_WIDTH,array,0,VCD+WDB,hierarchy,101,101,0,,,5,5,0
/tb_rtds_rx_fifo/U_DUT/U_XPM_FIFO_ASYNC/gnuram_async_fifo.xpm_fifo_base_inst/wrp_inst/RESET_VALUE,array,0,VCD+WDB,hierarchy,0,0,0,,,0,0,0
/tb_rtds_rx_fifo/U_DUT/U_XPM_FIFO_ASYNC/gnuram_async_fifo.xpm_fifo_base_inst/wrpp1_inst/rst,logic,1,VCD+WDB,hierarchy,0,0,2,3200,252800,0,1,0
/tb_rtds_rx_fifo/U_DUT/U_XPM_FIFO_ASYNC/gnuram_async_fifo.xpm_fifo_base_inst/wrpp1_inst/clk,logic,1,VCD+WDB,hierarchy,0,0,246,3200,787200,0,1,0
/tb_rtds_rx_fifo/U_DUT/U_XPM_FIFO_ASYNC/gnuram_async_fifo.xpm_fifo_base_inst/wrpp1_inst/cnt_en,logic,1,VCD+WDB,hierarchy,0,0,36,297600,758400,0,1,0
/tb_rtds_rx_fifo/U_DUT/U_XPM_FIFO_ASYNC/gnuram_async_fifo.xpm_fifo_base_inst/wrpp1_inst/cnt_up,logic,1,VCD+WDB,hierarchy,0,0,36,297600,758400,0,1,0
/tb_rtds_rx_fifo/U_DUT/U_XPM_FIFO_ASYNC/gnuram_async_fifo.xpm_fifo_base_inst/wrpp1_inst/cnt_down,logic,1,VCD+WDB,hierarchy,0,0,0,,,0,0,0
/tb_rtds_rx_fifo/U_DUT/U_XPM_FIFO_ASYNC/gnuram_async_fifo.xpm_fifo_base_inst/wrpp1_inst/count_value,array,4,VCD+WDB,hierarchy,1,11,18,304000,758400,0,15,0
/tb_rtds_rx_fifo/U_DUT/U_XPM_FIFO_ASYNC/gnuram_async_fifo.xpm_fifo_base_inst/wrpp1_inst/count_value_i,array,4,VCD+WDB,hierarchy,1,11,18,304000,758400,0,15,0
/tb_rtds_rx_fifo/U_DUT/U_XPM_FIFO_ASYNC/gnuram_async_fifo.xpm_fifo_base_inst/wrpp1_inst/COUNTER_WIDTH,array,0,VCD+WDB,hierarchy,100,100,0,,,4,4,0
/tb_rtds_rx_fifo/U_DUT/U_XPM_FIFO_ASYNC/gnuram_async_fifo.xpm_fifo_base_inst/wrpp1_inst/RESET_VALUE,array,0,VCD+WDB,hierarchy,1,1,0,,,1,1,0
/tb_rtds_rx_fifo/U_DUT/U_XPM_FIFO_ASYNC/gnuram_async_fifo.xpm_fifo_base_inst/wrpp2_inst/rst,logic,1,VCD+WDB,hierarchy,0,0,2,3200,252800,0,1,0
/tb_rtds_rx_fifo/U_DUT/U_XPM_FIFO_ASYNC/gnuram_async_fifo.xpm_fifo_base_inst/wrpp2_inst/clk,logic,1,VCD+WDB,hierarchy,0,0,246,3200,787200,0,1,0
/tb_rtds_rx_fifo/U_DUT/U_XPM_FIFO_ASYNC/gnuram_async_fifo.xpm_fifo_base_inst/wrpp2_inst/cnt_en,logic,1,VCD+WDB,hierarchy,0,0,36,297600,758400,0,1,0
/tb_rtds_rx_fifo/U_DUT/U_XPM_FIFO_ASYNC/gnuram_async_fifo.xpm_fifo_base_inst/wrpp2_inst/cnt_up,logic,1,VCD+WDB,hierarchy,0,0,36,297600,758400,0,1,0
/tb_rtds_rx_fifo/U_DUT/U_XPM_FIFO_ASYNC/gnuram_async_fifo.xpm_fifo_base_inst/wrpp2_inst/cnt_down,logic,1,VCD+WDB,hierarchy,0,0,0,,,0,0,0
/tb_rtds_rx_fifo/U_DUT/U_XPM_FIFO_ASYNC/gnuram_async_fifo.xpm_fifo_base_inst/wrpp2_inst/count_value,array,4,VCD+WDB,hierarchy,10,100,18,304000,758400,0,15,0
/tb_rtds_rx_fifo/U_DUT/U_XPM_FIFO_ASYNC/gnuram_async_fifo.xpm_fifo_base_inst/wrpp2_inst/count_value_i,array,4,VCD+WDB,hierarchy,10,100,18,304000,758400,0,15,0
/tb_rtds_rx_fifo/U_DUT/U_XPM_FIFO_ASYNC/gnuram_async_fifo.xpm_fifo_base_inst/wrpp2_inst/COUNTER_WIDTH,array,0,VCD+WDB,hierarchy,100,100,0,,,4,4,0
/tb_rtds_rx_fifo/U_DUT/U_XPM_FIFO_ASYNC/gnuram_async_fifo.xpm_fifo_base_inst/wrpp2_inst/RESET_VALUE,array,0,VCD+WDB,hierarchy,10,10,0,,,2,2,0
/tb_rtds_rx_fifo/U_DUT/U_XPM_FIFO_ASYNC/gnuram_async_fifo.xpm_fifo_base_inst/rdp_inst/rst,logic,1,VCD+WDB,hierarchy,0,0,4,110000,222000,0,1,0
/tb_rtds_rx_fifo/U_DUT/U_XPM_FIFO_ASYNC/gnuram_async_fifo.xpm_fifo_base_inst/rdp_inst/clk,logic,1,VCD+WDB,hierarchy,0,1,395,2000,790000,0,1,0
/tb_rtds_rx_fifo/U_DUT/U_XPM_FIFO_ASYNC/gnuram_async_fifo.xpm_fifo_base_inst/rdp_inst/cnt_en,logic,1,VCD+WDB,hierarchy,0,0,8,326000,782000,0,1,0
/tb_rtds_rx_fifo/U_DUT/U_XPM_FIFO_ASYNC/gnuram_async_fifo.xpm_fifo_base_inst/rdp_inst/cnt_up,logic,1,VCD+WDB,hierarchy,0,0,8,326000,782000,0,1,0
/tb_rtds_rx_fifo/U_DUT/U_XPM_FIFO_ASYNC/gnuram_async_fifo.xpm_fifo_base_inst/rdp_inst/cnt_down,logic,1,VCD+WDB,hierarchy,0,0,0,,,0,0,0
/tb_rtds_rx_fifo/U_DUT/U_XPM_FIFO_ASYNC/gnuram_async_fifo.xpm_fifo_base_inst/rdp_inst/count_value,array,5,VCD+WDB,hierarchy,0,10010,18,330000,782000,0,18,0
/tb_rtds_rx_fifo/U_DUT/U_XPM_FIFO_ASYNC/gnuram_async_fifo.xpm_fifo_base_inst/rdp_inst/count_value_i,array,5,VCD+WDB,hierarchy,0,10010,18,330000,782000,0,18,0
/tb_rtds_rx_fifo/U_DUT/U_XPM_FIFO_ASYNC/gnuram_async_fifo.xpm_fifo_base_inst/rdp_inst/COUNTER_WIDTH,array,0,VCD+WDB,hierarchy,101,101,0,,,5,5,0
/tb_rtds_rx_fifo/U_DUT/U_XPM_FIFO_ASYNC/gnuram_async_fifo.xpm_fifo_base_inst/rdp_inst/RESET_VALUE,array,0,VCD+WDB,hierarchy,0,0,0,,,0,0,0
/tb_rtds_rx_fifo/U_DUT/U_XPM_FIFO_ASYNC/gnuram_async_fifo.xpm_fifo_base_inst/rdpp1_inst/rst,logic,1,VCD+WDB,hierarchy,0,0,4,110000,222000,0,1,0
/tb_rtds_rx_fifo/U_DUT/U_XPM_FIFO_ASYNC/gnuram_async_fifo.xpm_fifo_base_inst/rdpp1_inst/clk,logic,1,VCD+WDB,hierarchy,0,1,395,2000,790000,0,1,0
/tb_rtds_rx_fifo/U_DUT/U_XPM_FIFO_ASYNC/gnuram_async_fifo.xpm_fifo_base_inst/rdpp1_inst/cnt_en,logic,1,VCD+WDB,hierarchy,0,0,8,326000,782000,0,1,0
/tb_rtds_rx_fifo/U_DUT/U_XPM_FIFO_ASYNC/gnuram_async_fifo.xpm_fifo_base_inst/rdpp1_inst/cnt_up,logic,1,VCD+WDB,hierarchy,0,0,8,326000,782000,0,1,0
/tb_rtds_rx_fifo/U_DUT/U_XPM_FIFO_ASYNC/gnuram_async_fifo.xpm_fifo_base_inst/rdpp1_inst/cnt_down,logic,1,VCD+WDB,hierarchy,0,0,0,,,0,0,0
/tb_rtds_rx_fifo/U_DUT/U_XPM_FIFO_ASYNC/gnuram_async_fifo.xpm_fifo_base_inst/rdpp1_inst/count_value,array,4,VCD+WDB,hierarchy,1,11,18,330000,782000,0,15,0
/tb_rtds_rx_fifo/U_DUT/U_XPM_FIFO_ASYNC/gnuram_async_fifo.xpm_fifo_base_inst/rdpp1_inst/count_value_i,array,4,VCD+WDB,hierarchy,1,11,18,330000,782000,0,15,0
/tb_rtds_rx_fifo/U_DUT/U_XPM_FIFO_ASYNC/gnuram_async_fifo.xpm_fifo_base_inst/rdpp1_inst/COUNTER_WIDTH,array,0,VCD+WDB,hierarchy,100,100,0,,,4,4,0
/tb_rtds_rx_fifo/U_DUT/U_XPM_FIFO_ASYNC/gnuram_async_fifo.xpm_fifo_base_inst/rdpp1_inst/RESET_VALUE,array,0,VCD+WDB,hierarchy,1,1,0,,,1,1,0
/tb_rtds_rx_fifo/U_DUT/U_XPM_FIFO_ASYNC/gnuram_async_fifo.xpm_fifo_base_inst/gen_sdpram.xpm_memory_base_inst/config_drc/drc_err_flag,logic,1,VCD+WDB,hierarchy,0,0,0,,,0,0,0
/tb_rtds_rx_fifo/U_DUT/U_XPM_FIFO_ASYNC/gnuram_async_fifo.xpm_fifo_base_inst/gen_sdpram.xpm_memory_base_inst/init_zeroes/initword,array,32,VCD+WDB,hierarchy,10000,10000,0,,,16,16,0
/tb_rtds_rx_fifo/U_DUT/U_XPM_FIFO_ASYNC/gnuram_async_fifo.xpm_fifo_base_inst/gen_sdpram.xpm_memory_base_inst/Block2964_97/initstage,array,32,VCD+WDB,hierarchy,1,1,0,,,1,1,0
/tb_rtds_rx_fifo/U_DUT/U_XPM_FIFO_ASYNC/gnuram_async_fifo.xpm_fifo_base_inst/gen_sdpram.xpm_memory_base_inst/sleep,logic,1,VCD+WDB,hierarchy,0,0,0,,,0,0,0
/tb_rtds_rx_fifo/U_DUT/U_XPM_FIFO_ASYNC/gnuram_async_fifo.xpm_fifo_base_inst/gen_sdpram.xpm_memory_base_inst/clka,logic,1,VCD+WDB,hierarchy,0,0,246,3200,787200,0,1,0
/tb_rtds_rx_fifo/U_DUT/U_XPM_FIFO_ASYNC/gnuram_async_fifo.xpm_fifo_base_inst/gen_sdpram.xpm_memory_base_inst/rsta,logic,1,VCD+WDB,hierarchy,0,0,0,,,0,0,0
/tb_rtds_rx_fifo/U_DUT/U_XPM_FIFO_ASYNC/gnuram_async_fifo.xpm_fifo_base_inst/gen_sdpram.xpm_memory_base_inst/ena,logic,1,VCD+WDB,hierarchy,0,0,36,297600,758400,0,1,0
/tb_rtds_rx_fifo/U_DUT/U_XPM_FIFO_ASYNC/gnuram_async_fifo.xpm_fifo_base_inst/gen_sdpram.xpm_memory_base_inst/regcea,logic,1,VCD+WDB,hierarchy,0,0,0,,,0,0,0
/tb_rtds_rx_fifo/U_DUT/U_XPM_FIFO_ASYNC/gnuram_async_fifo.xpm_fifo_base_inst/gen_sdpram.xpm_memory_base_inst/wea,array,1,VCD+WDB,hierarchy,0,0,36,297600,758400,0,1,0
/tb_rtds_rx_fifo/U_DUT/U_XPM_FIFO_ASYNC/gnuram_async_fifo.xpm_fifo_base_inst/gen_sdpram.xpm_memory_base_inst/addra,array,4,VCD+WDB,hierarchy,0,10,18,304000,758400,0,15,0
/tb_rtds_rx_fifo/U_DUT/U_XPM_FIFO_ASYNC/gnuram_async_fifo.xpm_fifo_base_inst/gen_sdpram.xpm_memory_base_inst/dina,array,64,VCD+WDB,hierarchy,0,1001011010000010001001101011011100000000000000000000000001100011,19,297600,752000,0,12580584273754456064,0
/tb_rtds_rx_fifo/U_DUT/U_XPM_FIFO_ASYNC/gnuram_async_fifo.xpm_fifo_base_inst/gen_sdpram.xpm_memory_base_inst/injectsbiterra,logic,1,VCD+WDB,hierarchy,0,0,0,,,0,0,0
/tb_rtds_rx_fifo/U_DUT/U_XPM_FIFO_ASYNC/gnuram_async_fifo.xpm_fifo_base_inst/gen_sdpram.xpm_memory_base_inst/injectdbiterra,logic,1,VCD+WDB,hierarchy,0,0,0,,,0,0,0
/tb_rtds_rx_fifo/U_DUT/U_XPM_FIFO_ASYNC/gnuram_async_fifo.xpm_fifo_base_inst/gen_sdpram.xpm_memory_base_inst/douta,array,64,VCD+WDB,hierarchy,0,0,0,,,0,0,0
/tb_rtds_rx_fifo/U_DUT/U_XPM_FIFO_ASYNC/gnuram_async_fifo.xpm_fifo_base_inst/gen_sdpram.xpm_memory_base_inst/sbiterra,logic,1,VCD+WDB,hierarchy,0,0,0,,,0,0,0
/tb_rtds_rx_fifo/U_DUT/U_XPM_FIFO_ASYNC/gnuram_async_fifo.xpm_fifo_base_inst/gen_sdpram.xpm_memory_base_inst/dbiterra,logic,1,VCD+WDB,hierarchy,0,0,0,,,0,0,0
/tb_rtds_rx_fifo/U_DUT/U_XPM_FIFO_ASYNC/gnuram_async_fifo.xpm_fifo_base_inst/gen_sdpram.xpm_memory_base_inst/clkb,logic,1,VCD+WDB,hierarchy,0,1,395,2000,790000,0,1,0
/tb_rtds_rx_fifo/U_DUT/U_XPM_FIFO_ASYNC/gnuram_async_fifo.xpm_fifo_base_inst/gen_sdpram.xpm_memory_base_inst/rstb,logic,1,VCD+WDB,hierarchy,0,0,4,110000,222000,0,1,0
/tb_rtds_rx_fifo/U_DUT/U_XPM_FIFO_ASYNC/gnuram_async_fifo.xpm_fifo_base_inst/gen_sdpram.xpm_memory_base_inst/enb,logic,1,VCD+WDB,hierarchy,0,0,8,326000,782000,0,1,0
/tb_rtds_rx_fifo/U_DUT/U_XPM_FIFO_ASYNC/gnuram_async_fifo.xpm_fifo_base_inst/gen_sdpram.xpm_memory_base_inst/regceb,logic,1,VCD+WDB,hierarchy,0,0,6,330000,786000,0,1,0
/tb_rtds_rx_fifo/U_DUT/U_XPM_FIFO_ASYNC/gnuram_async_fifo.xpm_fifo_base_inst/gen_sdpram.xpm_memory_base_inst/web,array,1,VCD+WDB,hierarchy,0,0,0,,,0,0,0
/tb_rtds_rx_fifo/U_DUT/U_XPM_FIFO_ASYNC/gnuram_async_fifo.xpm_fifo_base_inst/gen_sdpram.xpm_memory_base_inst/addrb,array,4,VCD+WDB,hierarchy,0,10,18,330000,782000,0,15,0
/tb_rtds_rx_fifo/U_DUT/U_XPM_FIFO_ASYNC/gnuram_async_fifo.xpm_fifo_base_inst/gen_sdpram.xpm_memory_base_inst/dinb,array,64,VCD+WDB,hierarchy,0,0,0,,,0,0,0
/tb_rtds_rx_fifo/U_DUT/U_XPM_FIFO_ASYNC/gnuram_async_fifo.xpm_fifo_base_inst/gen_sdpram.xpm_memory_base_inst/injectsbiterrb,logic,1,VCD+WDB,hierarchy,0,0,0,,,0,0,0
/tb_rtds_rx_fifo/U_DUT/U_XPM_FIFO_ASYNC/gnuram_async_fifo.xpm_fifo_base_inst/gen_sdpram.xpm_memory_base_inst/injectdbiterrb,logic,1,VCD+WDB,hierarchy,0,0,0,,,0,0,0
/tb_rtds_rx_fifo/U_DUT/U_XPM_FIFO_ASYNC/gnuram_async_fifo.xpm_fifo_base_inst/gen_sdpram.xpm_memory_base_inst/doutb,array,64,VCD+WDB,hierarchy,0,1001011010000010001001101011011100000000000000000000000001100011,18,334000,786000,0,12580584273754456064,0
/tb_rtds_rx_fifo/U_DUT/U_XPM_FIFO_ASYNC/gnuram_async_fifo.xpm_fifo_base_inst/gen_sdpram.xpm_memory_base_inst/sbiterrb,logic,1,VCD+WDB,hierarchy,0,0,0,,,0,0,0
/tb_rtds_rx_fifo/U_DUT/U_XPM_FIFO_ASYNC/gnuram_async_fifo.xpm_fifo_base_inst/gen_sdpram.xpm_memory_base_inst/dbiterrb,logic,1,VCD+WDB,hierarchy,0,0,0,,,0,0,0
/tb_rtds_rx_fifo/U_DUT/U_XPM_FIFO_ASYNC/gnuram_async_fifo.xpm_fifo_base_inst/gen_sdpram.xpm_memory_base_inst/mem,array,,WDB object; no VCD scalar/vector,hierarchy,,,,,,,,
/tb_rtds_rx_fifo/U_DUT/U_XPM_FIFO_ASYNC/gnuram_async_fifo.xpm_fifo_base_inst/gen_sdpram.xpm_memory_base_inst/num_char_in_param,array,32,VCD+WDB,hierarchy,0,0,0,,,0,0,0
/tb_rtds_rx_fifo/U_DUT/U_XPM_FIFO_ASYNC/gnuram_async_fifo.xpm_fifo_base_inst/gen_sdpram.xpm_memory_base_inst/douta_bb,array,64,VCD+WDB,hierarchy,z,z,0,,,,,1
/tb_rtds_rx_fifo/U_DUT/U_XPM_FIFO_ASYNC/gnuram_async_fifo.xpm_fifo_base_inst/gen_sdpram.xpm_memory_base_inst/doutb_bb,array,64,VCD+WDB,hierarchy,z,z,0,,,,,1
/tb_rtds_rx_fifo/U_DUT/U_XPM_FIFO_ASYNC/gnuram_async_fifo.xpm_fifo_base_inst/gen_sdpram.xpm_memory_base_inst/ena_i,logic,1,VCD+WDB,hierarchy,0,0,36,297600,758400,0,1,0
/tb_rtds_rx_fifo/U_DUT/U_XPM_FIFO_ASYNC/gnuram_async_fifo.xpm_fifo_base_inst/gen_sdpram.xpm_memory_base_inst/wea_i,array,1,VCD+WDB,hierarchy,0,0,36,297600,758400,0,1,0
/tb_rtds_rx_fifo/U_DUT/U_XPM_FIFO_ASYNC/gnuram_async_fifo.xpm_fifo_base_inst/gen_sdpram.xpm_memory_base_inst/addra_i,array,4,VCD+WDB,hierarchy,0,10,18,304000,758400,0,15,0
/tb_rtds_rx_fifo/U_DUT/U_XPM_FIFO_ASYNC/gnuram_async_fifo.xpm_fifo_base_inst/gen_sdpram.xpm_memory_base_inst/dina_i,array,64,VCD+WDB,hierarchy,0,1001011010000010001001101011011100000000000000000000000001100011,19,297600,752000,0,12580584273754456064,0
/tb_rtds_rx_fifo/U_DUT/U_XPM_FIFO_ASYNC/gnuram_async_fifo.xpm_fifo_base_inst/gen_sdpram.xpm_memory_base_inst/ena_o_pipe_ctrl,logic,1,VCD+WDB,hierarchy,0,0,36,297600,758400,0,1,0
/tb_rtds_rx_fifo/U_DUT/U_XPM_FIFO_ASYNC/gnuram_async_fifo.xpm_fifo_base_inst/gen_sdpram.xpm_memory_base_inst/regcea_i,logic,1,VCD+WDB,hierarchy,0,0,0,,,0,0,0
/tb_rtds_rx_fifo/U_DUT/U_XPM_FIFO_ASYNC/gnuram_async_fifo.xpm_fifo_base_inst/gen_sdpram.xpm_memory_base_inst/gen_wr_a.addra_int,array,4,VCD+WDB,hierarchy,0,10,18,304000,758400,0,15,0
/tb_rtds_rx_fifo/U_DUT/U_XPM_FIFO_ASYNC/gnuram_async_fifo.xpm_fifo_base_inst/gen_sdpram.xpm_memory_base_inst/enb_i,logic,1,VCD+WDB,hierarchy,0,0,8,326000,782000,0,1,0
/tb_rtds_rx_fifo/U_DUT/U_XPM_FIFO_ASYNC/gnuram_async_fifo.xpm_fifo_base_inst/gen_sdpram.xpm_memory_base_inst/web_i,array,1,VCD+WDB,hierarchy,0,0,0,,,0,0,0
/tb_rtds_rx_fifo/U_DUT/U_XPM_FIFO_ASYNC/gnuram_async_fifo.xpm_fifo_base_inst/gen_sdpram.xpm_memory_base_inst/addrb_i,array,4,VCD+WDB,hierarchy,0,10,18,330000,782000,0,15,0
/tb_rtds_rx_fifo/U_DUT/U_XPM_FIFO_ASYNC/gnuram_async_fifo.xpm_fifo_base_inst/gen_sdpram.xpm_memory_base_inst/dinb_i,array,64,VCD+WDB,hierarchy,0,0,0,,,0,0,0
/tb_rtds_rx_fifo/U_DUT/U_XPM_FIFO_ASYNC/gnuram_async_fifo.xpm_fifo_base_inst/gen_sdpram.xpm_memory_base_inst/enb_o_pipe_ctrl,logic,1,VCD+WDB,hierarchy,0,0,8,326000,782000,0,1,0
/tb_rtds_rx_fifo/U_DUT/U_XPM_FIFO_ASYNC/gnuram_async_fifo.xpm_fifo_base_inst/gen_sdpram.xpm_memory_base_inst/regceb_i,logic,1,VCD+WDB,hierarchy,0,0,6,330000,786000,0,1,0
/tb_rtds_rx_fifo/U_DUT/U_XPM_FIFO_ASYNC/gnuram_async_fifo.xpm_fifo_base_inst/gen_sdpram.xpm_memory_base_inst/gen_rd_b.clkb_int,logic,1,VCD+WDB,hierarchy,0,1,395,2000,790000,0,1,0
/tb_rtds_rx_fifo/U_DUT/U_XPM_FIFO_ASYNC/gnuram_async_fifo.xpm_fifo_base_inst/gen_sdpram.xpm_memory_base_inst/gen_rd_b.addrb_int,array,4,VCD+WDB,hierarchy,0,10,18,330000,782000,0,15,0
/tb_rtds_rx_fifo/U_DUT/U_XPM_FIFO_ASYNC/gnuram_async_fifo.xpm_fifo_base_inst/gen_sdpram.xpm_memory_base_inst/gen_rd_b.doutb_reg,array,64,VCD+WDB,hierarchy,0,1001011010000010001001101011011100000000000000000000000001100011,18,330000,782000,0,12580584273754456064,0
/tb_rtds_rx_fifo/U_DUT/U_XPM_FIFO_ASYNC/gnuram_async_fifo.xpm_fifo_base_inst/gen_sdpram.xpm_memory_base_inst/gen_rd_b.sbiterrb_i,logic,1,VCD+WDB,hierarchy,0,0,0,,,0,0,0
/tb_rtds_rx_fifo/U_DUT/U_XPM_FIFO_ASYNC/gnuram_async_fifo.xpm_fifo_base_inst/gen_sdpram.xpm_memory_base_inst/gen_rd_b.dbiterrb_i,logic,1,VCD+WDB,hierarchy,0,0,0,,,0,0,0
/tb_rtds_rx_fifo/U_DUT/U_XPM_FIFO_ASYNC/gnuram_async_fifo.xpm_fifo_base_inst/gen_sdpram.xpm_memory_base_inst/gen_rd_b.gen_doutb_pipe.enb_pipe,array,,WDB object; no VCD scalar/vector,hierarchy,,,,,,,,
/tb_rtds_rx_fifo/U_DUT/U_XPM_FIFO_ASYNC/gnuram_async_fifo.xpm_fifo_base_inst/gen_sdpram.xpm_memory_base_inst/gen_rd_b.gen_doutb_pipe.doutb_pipe,array,,WDB object; no VCD scalar/vector,hierarchy,,,,,,,,
/tb_rtds_rx_fifo/U_DUT/U_XPM_FIFO_ASYNC/gnuram_async_fifo.xpm_fifo_base_inst/gen_sdpram.xpm_memory_base_inst/sleep_int_a,logic,1,VCD+WDB,hierarchy,0,0,0,,,0,0,0
/tb_rtds_rx_fifo/U_DUT/U_XPM_FIFO_ASYNC/gnuram_async_fifo.xpm_fifo_base_inst/gen_sdpram.xpm_memory_base_inst/sleep_int_b,logic,1,VCD+WDB,hierarchy,0,0,0,,,0,0,0
/tb_rtds_rx_fifo/U_DUT/U_XPM_FIFO_ASYNC/gnuram_async_fifo.xpm_fifo_base_inst/gen_sdpram.xpm_memory_base_inst/addra_aslp_sim,array,4,VCD+WDB,hierarchy,0,10,18,304000,758400,0,15,0
/tb_rtds_rx_fifo/U_DUT/U_XPM_FIFO_ASYNC/gnuram_async_fifo.xpm_fifo_base_inst/gen_sdpram.xpm_memory_base_inst/addrb_aslp_sim,array,4,VCD+WDB,hierarchy,0,10,18,330000,782000,0,15,0
/tb_rtds_rx_fifo/U_DUT/U_XPM_FIFO_ASYNC/gnuram_async_fifo.xpm_fifo_base_inst/gen_sdpram.xpm_memory_base_inst/injectsbiterra_sim,logic,1,VCD+WDB,hierarchy,0,0,0,,,0,0,0
/tb_rtds_rx_fifo/U_DUT/U_XPM_FIFO_ASYNC/gnuram_async_fifo.xpm_fifo_base_inst/gen_sdpram.xpm_memory_base_inst/injectdbiterra_sim,logic,1,VCD+WDB,hierarchy,0,0,0,,,0,0,0
/tb_rtds_rx_fifo/U_DUT/U_XPM_FIFO_ASYNC/gnuram_async_fifo.xpm_fifo_base_inst/gen_sdpram.xpm_memory_base_inst/injectsbiterrb_sim,logic,1,VCD+WDB,hierarchy,0,0,0,,,0,0,0
/tb_rtds_rx_fifo/U_DUT/U_XPM_FIFO_ASYNC/gnuram_async_fifo.xpm_fifo_base_inst/gen_sdpram.xpm_memory_base_inst/injectdbiterrb_sim,logic,1,VCD+WDB,hierarchy,0,0,0,,,0,0,0
/tb_rtds_rx_fifo/U_DUT/U_XPM_FIFO_ASYNC/gnuram_async_fifo.xpm_fifo_base_inst/gen_sdpram.xpm_memory_base_inst/gen_assert_coll_ww.wra,logic,1,VCD+WDB,hierarchy,0,0,36,304000,764800,0,1,0
/tb_rtds_rx_fifo/U_DUT/U_XPM_FIFO_ASYNC/gnuram_async_fifo.xpm_fifo_base_inst/gen_sdpram.xpm_memory_base_inst/gen_assert_coll_ww.wrb,logic,1,VCD+WDB,hierarchy,0,0,0,,,0,0,0
/tb_rtds_rx_fifo/U_DUT/U_XPM_FIFO_ASYNC/gnuram_async_fifo.xpm_fifo_base_inst/gen_sdpram.xpm_memory_base_inst/gen_assert_coll_ww.rda_cap,logic,1,VCD+WDB,hierarchy,0,0,0,,,0,0,0
/tb_rtds_rx_fifo/U_DUT/U_XPM_FIFO_ASYNC/gnuram_async_fifo.xpm_fifo_base_inst/gen_sdpram.xpm_memory_base_inst/gen_assert_coll_ww.rdb_cap,logic,1,VCD+WDB,hierarchy,0,0,8,330000,786000,0,1,0
/tb_rtds_rx_fifo/U_DUT/U_XPM_FIFO_ASYNC/gnuram_async_fifo.xpm_fifo_base_inst/gen_sdpram.xpm_memory_base_inst/gen_assert_coll_ww.wea_cap,array,1,VCD+WDB,hierarchy,0,1,1,304000,304000,0,1,0
/tb_rtds_rx_fifo/U_DUT/U_XPM_FIFO_ASYNC/gnuram_async_fifo.xpm_fifo_base_inst/gen_sdpram.xpm_memory_base_inst/gen_assert_coll_ww.web_cap,array,1,VCD+WDB,hierarchy,0,0,0,,,0,0,0
/tb_rtds_rx_fifo/U_DUT/U_XPM_FIFO_ASYNC/gnuram_async_fifo.xpm_fifo_base_inst/gen_sdpram.xpm_memory_base_inst/gen_assert_coll_ww.addra_cap,array,4,VCD+WDB,hierarchy,0,1,17,316800,758400,0,15,0
/tb_rtds_rx_fifo/U_DUT/U_XPM_FIFO_ASYNC/gnuram_async_fifo.xpm_fifo_base_inst/gen_sdpram.xpm_memory_base_inst/gen_assert_coll_ww.addra_rd_cap,array,4,VCD+WDB,hierarchy,0,0,0,,,0,0,0
/tb_rtds_rx_fifo/U_DUT/U_XPM_FIFO_ASYNC/gnuram_async_fifo.xpm_fifo_base_inst/gen_sdpram.xpm_memory_base_inst/gen_assert_coll_ww.addrb_cap,array,4,VCD+WDB,hierarchy,0,0,0,,,0,0,0
/tb_rtds_rx_fifo/U_DUT/U_XPM_FIFO_ASYNC/gnuram_async_fifo.xpm_fifo_base_inst/gen_sdpram.xpm_memory_base_inst/gen_assert_coll_ww.addrb_rd_cap,array,4,VCD+WDB,hierarchy,0,1,17,342000,782000,0,15,0
/tb_rtds_rx_fifo/U_DUT/U_XPM_FIFO_ASYNC/gnuram_async_fifo.xpm_fifo_base_inst/gen_sdpram.xpm_memory_base_inst/gen_assert_coll_ww.t_half_period_a,array,32,VCD+WDB,hierarchy,101110111000,110010000000,1,3200,3200,3000,3200,0
/tb_rtds_rx_fifo/U_DUT/U_XPM_FIFO_ASYNC/gnuram_async_fifo.xpm_fifo_base_inst/gen_sdpram.xpm_memory_base_inst/gen_assert_coll_ww.t_half_period_b,array,32,VCD+WDB,hierarchy,101110111000,11111010000,1,2000,2000,2000,3000,0
/tb_rtds_rx_fifo/U_DUT/U_XPM_FIFO_ASYNC/gnuram_async_fifo.xpm_fifo_base_inst/gen_sdpram.xpm_memory_base_inst/gen_assert_coll_ww.clk_prd_det_a,logic,1,VCD+WDB,hierarchy,0,1,1,6400,6400,0,1,0
/tb_rtds_rx_fifo/U_DUT/U_XPM_FIFO_ASYNC/gnuram_async_fifo.xpm_fifo_base_inst/gen_sdpram.xpm_memory_base_inst/gen_assert_coll_ww.clk_prd_det_b,logic,1,VCD+WDB,hierarchy,0,1,1,4000,4000,0,1,0
/tb_rtds_rx_fifo/U_DUT/U_XPM_FIFO_ASYNC/gnuram_async_fifo.xpm_fifo_base_inst/gen_sdpram.xpm_memory_base_inst/gen_assert_coll_ww.col_win_max,array,32,VCD+WDB,hierarchy,101110111000,101110111000,0,,,3000,3000,0
/tb_rtds_rx_fifo/U_DUT/U_XPM_FIFO_ASYNC/gnuram_async_fifo.xpm_fifo_base_inst/gen_sdpram.xpm_memory_base_inst/gen_assert_coll_ww.col_win_wr_a,logic,1,VCD+WDB,hierarchy,0,0,36,304000,761400,0,1,0
/tb_rtds_rx_fifo/U_DUT/U_XPM_FIFO_ASYNC/gnuram_async_fifo.xpm_fifo_base_inst/gen_sdpram.xpm_memory_base_inst/gen_assert_coll_ww.col_win_rd_a,logic,1,VCD+WDB,hierarchy,0,0,0,,,0,0,0
/tb_rtds_rx_fifo/U_DUT/U_XPM_FIFO_ASYNC/gnuram_async_fifo.xpm_fifo_base_inst/gen_sdpram.xpm_memory_base_inst/gen_assert_coll_ww.col_win_wr_b,logic,1,VCD+WDB,hierarchy,0,0,0,,,0,0,0
/tb_rtds_rx_fifo/U_DUT/U_XPM_FIFO_ASYNC/gnuram_async_fifo.xpm_fifo_base_inst/gen_sdpram.xpm_memory_base_inst/gen_assert_coll_ww.col_win_rd_b,logic,1,VCD+WDB,hierarchy,0,0,36,330000,785000,0,1,0
/tb_rtds_rx_fifo/U_DUT/U_XPM_FIFO_ASYNC/gnuram_async_fifo.xpm_fifo_base_inst/gen_sdpram.xpm_memory_base_inst/gen_assert_coll_ww.async_clk_sym.wr_wr_col_asym_a,logic,1,VCD+WDB,hierarchy,0,0,0,,,0,0,0
/tb_rtds_rx_fifo/U_DUT/U_XPM_FIFO_ASYNC/gnuram_async_fifo.xpm_fifo_base_inst/gen_sdpram.xpm_memory_base_inst/gen_assert_coll_ww.async_clk_sym.wr_wr_col_asym_b,logic,1,VCD+WDB,hierarchy,0,0,0,,,0,0,0
/tb_rtds_rx_fifo/U_DUT/U_XPM_FIFO_ASYNC/gnuram_async_fifo.xpm_fifo_base_inst/gen_sdpram.xpm_memory_base_inst/MEMORY_TYPE,array,0,VCD+WDB,hierarchy,1,1,0,,,1,1,0
/tb_rtds_rx_fifo/U_DUT/U_XPM_FIFO_ASYNC/gnuram_async_fifo.xpm_fifo_base_inst/gen_sdpram.xpm_memory_base_inst/MEMORY_SIZE,array,0,VCD+WDB,hierarchy,10000000000,10000000000,0,,,1024,1024,0
/tb_rtds_rx_fifo/U_DUT/U_XPM_FIFO_ASYNC/gnuram_async_fifo.xpm_fifo_base_inst/gen_sdpram.xpm_memory_base_inst/MEMORY_PRIMITIVE,array,0,VCD+WDB,hierarchy,10,10,0,,,2,2,0
/tb_rtds_rx_fifo/U_DUT/U_XPM_FIFO_ASYNC/gnuram_async_fifo.xpm_fifo_base_inst/gen_sdpram.xpm_memory_base_inst/CLOCKING_MODE,array,0,VCD+WDB,hierarchy,1,1,0,,,1,1,0
/tb_rtds_rx_fifo/U_DUT/U_XPM_FIFO_ASYNC/gnuram_async_fifo.xpm_fifo_base_inst/gen_sdpram.xpm_memory_base_inst/ECC_MODE,array,0,VCD+WDB,hierarchy,0,0,0,,,0,0,0
/tb_rtds_rx_fifo/U_DUT/U_XPM_FIFO_ASYNC/gnuram_async_fifo.xpm_fifo_base_inst/gen_sdpram.xpm_memory_base_inst/MEMORY_INIT_FILE,array,32,VCD+WDB,hierarchy,1101110011011110110111001100101,1101110011011110110111001100101,0,,,1852796517,1852796517,0
/tb_rtds_rx_fifo/U_DUT/U_XPM_FIFO_ASYNC/gnuram_async_fifo.xpm_fifo_base_inst/gen_sdpram.xpm_memory_base_inst/MEMORY_INIT_PARAM,array,8,VCD+WDB,hierarchy,0,0,0,,,0,0,0
/tb_rtds_rx_fifo/U_DUT/U_XPM_FIFO_ASYNC/gnuram_async_fifo.xpm_fifo_base_inst/gen_sdpram.xpm_memory_base_inst/USE_MEM_INIT_MMI,array,0,VCD+WDB,hierarchy,0,0,0,,,0,0,0
/tb_rtds_rx_fifo/U_DUT/U_XPM_FIFO_ASYNC/gnuram_async_fifo.xpm_fifo_base_inst/gen_sdpram.xpm_memory_base_inst/USE_MEM_INIT,array,0,VCD+WDB,hierarchy,0,0,0,,,0,0,0
/tb_rtds_rx_fifo/U_DUT/U_XPM_FIFO_ASYNC/gnuram_async_fifo.xpm_fifo_base_inst/gen_sdpram.xpm_memory_base_inst/MEMORY_OPTIMIZATION,array,32,VCD+WDB,hierarchy,1110100011100100111010101100101,1110100011100100111010101100101,0,,,1953658213,1953658213,0
/tb_rtds_rx_fifo/U_DUT/U_XPM_FIFO_ASYNC/gnuram_async_fifo.xpm_fifo_base_inst/gen_sdpram.xpm_memory_base_inst/WAKEUP_TIME,array,0,VCD+WDB,hierarchy,0,0,0,,,0,0,0
/tb_rtds_rx_fifo/U_DUT/U_XPM_FIFO_ASYNC/gnuram_async_fifo.xpm_fifo_base_inst/gen_sdpram.xpm_memory_base_inst/AUTO_SLEEP_TIME,array,0,VCD+WDB,hierarchy,0,0,0,,,0,0,0
/tb_rtds_rx_fifo/U_DUT/U_XPM_FIFO_ASYNC/gnuram_async_fifo.xpm_fifo_base_inst/gen_sdpram.xpm_memory_base_inst/MESSAGE_CONTROL,array,0,VCD+WDB,hierarchy,0,0,0,,,0,0,0
/tb_rtds_rx_fifo/U_DUT/U_XPM_FIFO_ASYNC/gnuram_async_fifo.xpm_fifo_base_inst/gen_sdpram.xpm_memory_base_inst/VERSION,array,0,VCD+WDB,hierarchy,0,0,0,,,0,0,0
/tb_rtds_rx_fifo/U_DUT/U_XPM_FIFO_ASYNC/gnuram_async_fifo.xpm_fifo_base_inst/gen_sdpram.xpm_memory_base_inst/USE_EMBEDDED_CONSTRAINT,array,0,VCD+WDB,hierarchy,0,0,0,,,0,0,0
/tb_rtds_rx_fifo/U_DUT/U_XPM_FIFO_ASYNC/gnuram_async_fifo.xpm_fifo_base_inst/gen_sdpram.xpm_memory_base_inst/CASCADE_HEIGHT,array,0,VCD+WDB,hierarchy,0,0,0,,,0,0,0
/tb_rtds_rx_fifo/U_DUT/U_XPM_FIFO_ASYNC/gnuram_async_fifo.xpm_fifo_base_inst/gen_sdpram.xpm_memory_base_inst/SIM_ASSERT_CHK,array,0,VCD+WDB,hierarchy,0,0,0,,,0,0,0
/tb_rtds_rx_fifo/U_DUT/U_XPM_FIFO_ASYNC/gnuram_async_fifo.xpm_fifo_base_inst/gen_sdpram.xpm_memory_base_inst/WRITE_PROTECT,array,0,VCD+WDB,hierarchy,1,1,0,,,1,1,0
/tb_rtds_rx_fifo/U_DUT/U_XPM_FIFO_ASYNC/gnuram_async_fifo.xpm_fifo_base_inst/gen_sdpram.xpm_memory_base_inst/WRITE_DATA_WIDTH_A,array,0,VCD+WDB,hierarchy,1000000,1000000,0,,,64,64,0
/tb_rtds_rx_fifo/U_DUT/U_XPM_FIFO_ASYNC/gnuram_async_fifo.xpm_fifo_base_inst/gen_sdpram.xpm_memory_base_inst/READ_DATA_WIDTH_A,array,0,VCD+WDB,hierarchy,1000000,1000000,0,,,64,64,0
/tb_rtds_rx_fifo/U_DUT/U_XPM_FIFO_ASYNC/gnuram_async_fifo.xpm_fifo_base_inst/gen_sdpram.xpm_memory_base_inst/BYTE_WRITE_WIDTH_A,array,0,VCD+WDB,hierarchy,1000000,1000000,0,,,64,64,0
/tb_rtds_rx_fifo/U_DUT/U_XPM_FIFO_ASYNC/gnuram_async_fifo.xpm_fifo_base_inst/gen_sdpram.xpm_memory_base_inst/ADDR_WIDTH_A,array,0,VCD+WDB,hierarchy,100,100,0,,,4,4,0
/tb_rtds_rx_fifo/U_DUT/U_XPM_FIFO_ASYNC/gnuram_async_fifo.xpm_fifo_base_inst/gen_sdpram.xpm_memory_base_inst/READ_RESET_VALUE_A,array,8,VCD+WDB,hierarchy,110000,110000,0,,,48,48,0
/tb_rtds_rx_fifo/U_DUT/U_XPM_FIFO_ASYNC/gnuram_async_fifo.xpm_fifo_base_inst/gen_sdpram.xpm_memory_base_inst/READ_LATENCY_A,array,0,VCD+WDB,hierarchy,10,10,0,,,2,2,0
/tb_rtds_rx_fifo/U_DUT/U_XPM_FIFO_ASYNC/gnuram_async_fifo.xpm_fifo_base_inst/gen_sdpram.xpm_memory_base_inst/WRITE_MODE_A,array,0,VCD+WDB,hierarchy,10,10,0,,,2,2,0
/tb_rtds_rx_fifo/U_DUT/U_XPM_FIFO_ASYNC/gnuram_async_fifo.xpm_fifo_base_inst/gen_sdpram.xpm_memory_base_inst/RST_MODE_A,array,32,VCD+WDB,hierarchy,1010011010110010100111001000011,1010011010110010100111001000011,0,,,1398361667,1398361667,0
/tb_rtds_rx_fifo/U_DUT/U_XPM_FIFO_ASYNC/gnuram_async_fifo.xpm_fifo_base_inst/gen_sdpram.xpm_memory_base_inst/WRITE_DATA_WIDTH_B,array,0,VCD+WDB,hierarchy,1000000,1000000,0,,,64,64,0
/tb_rtds_rx_fifo/U_DUT/U_XPM_FIFO_ASYNC/gnuram_async_fifo.xpm_fifo_base_inst/gen_sdpram.xpm_memory_base_inst/READ_DATA_WIDTH_B,array,0,VCD+WDB,hierarchy,1000000,1000000,0,,,64,64,0
/tb_rtds_rx_fifo/U_DUT/U_XPM_FIFO_ASYNC/gnuram_async_fifo.xpm_fifo_base_inst/gen_sdpram.xpm_memory_base_inst/BYTE_WRITE_WIDTH_B,array,0,VCD+WDB,hierarchy,1000000,1000000,0,,,64,64,0
/tb_rtds_rx_fifo/U_DUT/U_XPM_FIFO_ASYNC/gnuram_async_fifo.xpm_fifo_base_inst/gen_sdpram.xpm_memory_base_inst/ADDR_WIDTH_B,array,0,VCD+WDB,hierarchy,100,100,0,,,4,4,0
/tb_rtds_rx_fifo/U_DUT/U_XPM_FIFO_ASYNC/gnuram_async_fifo.xpm_fifo_base_inst/gen_sdpram.xpm_memory_base_inst/READ_RESET_VALUE_B,array,8,VCD+WDB,hierarchy,110000,110000,0,,,48,48,0
/tb_rtds_rx_fifo/U_DUT/U_XPM_FIFO_ASYNC/gnuram_async_fifo.xpm_fifo_base_inst/gen_sdpram.xpm_memory_base_inst/READ_LATENCY_B,array,0,VCD+WDB,hierarchy,10,10,0,,,2,2,0
/tb_rtds_rx_fifo/U_DUT/U_XPM_FIFO_ASYNC/gnuram_async_fifo.xpm_fifo_base_inst/gen_sdpram.xpm_memory_base_inst/WRITE_MODE_B,array,0,VCD+WDB,hierarchy,10,10,0,,,2,2,0
/tb_rtds_rx_fifo/U_DUT/U_XPM_FIFO_ASYNC/gnuram_async_fifo.xpm_fifo_base_inst/gen_sdpram.xpm_memory_base_inst/RST_MODE_B,array,32,VCD+WDB,hierarchy,1010011010110010100111001000011,1010011010110010100111001000011,0,,,1398361667,1398361667,0
/tb_rtds_rx_fifo/U_DUT/U_XPM_FIFO_ASYNC/gnuram_async_fifo.xpm_fifo_base_inst/gen_sdpram.xpm_memory_base_inst/P_MEMORY_PRIMITIVE,array,40,VCD+WDB,hierarchy,110001001101100011011110110001101101011,110001001101100011011110110001101101011,0,,,422726034283,422726034283,0
/tb_rtds_rx_fifo/U_DUT/U_XPM_FIFO_ASYNC/gnuram_async_fifo.xpm_fifo_base_inst/gen_sdpram.xpm_memory_base_inst/P_MIN_WIDTH_DATA_A,array,0,VCD+WDB,hierarchy,1000000,1000000,0,,,64,64,0
/tb_rtds_rx_fifo/U_DUT/U_XPM_FIFO_ASYNC/gnuram_async_fifo.xpm_fifo_base_inst/gen_sdpram.xpm_memory_base_inst/P_MIN_WIDTH_DATA_B,array,0,VCD+WDB,hierarchy,1000000,1000000,0,,,64,64,0
/tb_rtds_rx_fifo/U_DUT/U_XPM_FIFO_ASYNC/gnuram_async_fifo.xpm_fifo_base_inst/gen_sdpram.xpm_memory_base_inst/P_MIN_WIDTH_DATA,array,0,VCD+WDB,hierarchy,1000000,1000000,0,,,64,64,0
/tb_rtds_rx_fifo/U_DUT/U_XPM_FIFO_ASYNC/gnuram_async_fifo.xpm_fifo_base_inst/gen_sdpram.xpm_memory_base_inst/P_MIN_WIDTH_DATA_ECC,array,0,VCD+WDB,hierarchy,1000000,1000000,0,,,64,64,0
/tb_rtds_rx_fifo/U_DUT/U_XPM_FIFO_ASYNC/gnuram_async_fifo.xpm_fifo_base_inst/gen_sdpram.xpm_memory_base_inst/P_MAX_DEPTH_DATA,array,0,VCD+WDB,hierarchy,10000,10000,0,,,16,16,0
/tb_rtds_rx_fifo/U_DUT/U_XPM_FIFO_ASYNC/gnuram_async_fifo.xpm_fifo_base_inst/gen_sdpram.xpm_memory_base_inst/P_ECC_MODE,array,48,VCD+WDB,hierarchy,11011100110111101011111011001010110001101100011,11011100110111101011111011001010110001101100011,0,,,121424620905315,121424620905315,0
/tb_rtds_rx_fifo/U_DUT/U_XPM_FIFO_ASYNC/gnuram_async_fifo.xpm_fifo_base_inst/gen_sdpram.xpm_memory_base_inst/P_MEMORY_OPT,array,24,VCD+WDB,hierarchy,11110010110010101110011,11110010110010101110011,0,,,7955827,7955827,0
/tb_rtds_rx_fifo/U_DUT/U_XPM_FIFO_ASYNC/gnuram_async_fifo.xpm_fifo_base_inst/gen_sdpram.xpm_memory_base_inst/P_WIDTH_COL_WRITE_A,array,0,VCD+WDB,hierarchy,1000000,1000000,0,,,64,64,0
/tb_rtds_rx_fifo/U_DUT/U_XPM_FIFO_ASYNC/gnuram_async_fifo.xpm_fifo_base_inst/gen_sdpram.xpm_memory_base_inst/P_WIDTH_COL_WRITE_B,array,0,VCD+WDB,hierarchy,1000000,1000000,0,,,64,64,0
/tb_rtds_rx_fifo/U_DUT/U_XPM_FIFO_ASYNC/gnuram_async_fifo.xpm_fifo_base_inst/gen_sdpram.xpm_memory_base_inst/P_NUM_COLS_WRITE_A,array,0,VCD+WDB,hierarchy,1,1,0,,,1,1,0
/tb_rtds_rx_fifo/U_DUT/U_XPM_FIFO_ASYNC/gnuram_async_fifo.xpm_fifo_base_inst/gen_sdpram.xpm_memory_base_inst/P_NUM_COLS_WRITE_B,array,0,VCD+WDB,hierarchy,1,1,0,,,1,1,0
/tb_rtds_rx_fifo/U_DUT/U_XPM_FIFO_ASYNC/gnuram_async_fifo.xpm_fifo_base_inst/gen_sdpram.xpm_memory_base_inst/P_NUM_ROWS_WRITE_A,array,0,VCD+WDB,hierarchy,1,1,0,,,1,1,0
/tb_rtds_rx_fifo/U_DUT/U_XPM_FIFO_ASYNC/gnuram_async_fifo.xpm_fifo_base_inst/gen_sdpram.xpm_memory_base_inst/P_NUM_ROWS_WRITE_B,array,0,VCD+WDB,hierarchy,1,1,0,,,1,1,0
/tb_rtds_rx_fifo/U_DUT/U_XPM_FIFO_ASYNC/gnuram_async_fifo.xpm_fifo_base_inst/gen_sdpram.xpm_memory_base_inst/P_NUM_ROWS_READ_A,array,0,VCD+WDB,hierarchy,1,1,0,,,1,1,0
/tb_rtds_rx_fifo/U_DUT/U_XPM_FIFO_ASYNC/gnuram_async_fifo.xpm_fifo_base_inst/gen_sdpram.xpm_memory_base_inst/P_NUM_ROWS_READ_B,array,0,VCD+WDB,hierarchy,1,1,0,,,1,1,0
/tb_rtds_rx_fifo/U_DUT/U_XPM_FIFO_ASYNC/gnuram_async_fifo.xpm_fifo_base_inst/gen_sdpram.xpm_memory_base_inst/P_WIDTH_ADDR_WRITE_A,array,0,VCD+WDB,hierarchy,100,100,0,,,4,4,0
/tb_rtds_rx_fifo/U_DUT/U_XPM_FIFO_ASYNC/gnuram_async_fifo.xpm_fifo_base_inst/gen_sdpram.xpm_memory_base_inst/P_WIDTH_ADDR_WRITE_B,array,0,VCD+WDB,hierarchy,100,100,0,,,4,4,0
/tb_rtds_rx_fifo/U_DUT/U_XPM_FIFO_ASYNC/gnuram_async_fifo.xpm_fifo_base_inst/gen_sdpram.xpm_memory_base_inst/P_WIDTH_ADDR_READ_A,array,0,VCD+WDB,hierarchy,100,100,0,,,4,4,0
/tb_rtds_rx_fifo/U_DUT/U_XPM_FIFO_ASYNC/gnuram_async_fifo.xpm_fifo_base_inst/gen_sdpram.xpm_memory_base_inst/P_WIDTH_ADDR_READ_B,array,0,VCD+WDB,hierarchy,100,100,0,,,4,4,0
/tb_rtds_rx_fifo/U_DUT/U_XPM_FIFO_ASYNC/gnuram_async_fifo.xpm_fifo_base_inst/gen_sdpram.xpm_memory_base_inst/P_WIDTH_ADDR_LSB_WRITE_A,array,0,VCD+WDB,hierarchy,0,0,0,,,0,0,0
/tb_rtds_rx_fifo/U_DUT/U_XPM_FIFO_ASYNC/gnuram_async_fifo.xpm_fifo_base_inst/gen_sdpram.xpm_memory_base_inst/P_WIDTH_ADDR_LSB_WRITE_B,array,0,VCD+WDB,hierarchy,0,0,0,,,0,0,0
/tb_rtds_rx_fifo/U_DUT/U_XPM_FIFO_ASYNC/gnuram_async_fifo.xpm_fifo_base_inst/gen_sdpram.xpm_memory_base_inst/P_WIDTH_ADDR_LSB_READ_A,array,0,VCD+WDB,hierarchy,0,0,0,,,0,0,0
/tb_rtds_rx_fifo/U_DUT/U_XPM_FIFO_ASYNC/gnuram_async_fifo.xpm_fifo_base_inst/gen_sdpram.xpm_memory_base_inst/P_WIDTH_ADDR_LSB_READ_B,array,0,VCD+WDB,hierarchy,0,0,0,,,0,0,0
/tb_rtds_rx_fifo/U_DUT/U_XPM_FIFO_ASYNC/gnuram_async_fifo.xpm_fifo_base_inst/gen_sdpram.xpm_memory_base_inst/P_ENABLE_BYTE_WRITE_A,array,0,VCD+WDB,hierarchy,0,0,0,,,0,0,0
/tb_rtds_rx_fifo/U_DUT/U_XPM_FIFO_ASYNC/gnuram_async_fifo.xpm_fifo_base_inst/gen_sdpram.xpm_memory_base_inst/P_ENABLE_BYTE_WRITE_B,array,0,VCD+WDB,hierarchy,0,0,0,,,0,0,0
/tb_rtds_rx_fifo/U_DUT/U_XPM_FIFO_ASYNC/gnuram_async_fifo.xpm_fifo_base_inst/gen_sdpram.xpm_memory_base_inst/P_SDP_WRITE_MODE,array,16,VCD+WDB,hierarchy,110111001101111,110111001101111,0,,,28271,28271,0
/tb_rtds_rx_fifo/U_DUT/U_XPM_FIFO_ASYNC/gnuram_async_fifo.xpm_fifo_base_inst/gen_sdpram.xpm_memory_base_inst/rsta_loop_iter,array,0,VCD+WDB,hierarchy,1000000,1000000,0,,,64,64,0
/tb_rtds_rx_fifo/U_DUT/U_XPM_FIFO_ASYNC/gnuram_async_fifo.xpm_fifo_base_inst/gen_sdpram.xpm_memory_base_inst/rstb_loop_iter,array,0,VCD+WDB,hierarchy,1000000,1000000,0,,,64,64,0
/tb_rtds_rx_fifo/U_DUT/U_XPM_FIFO_ASYNC/gnuram_async_fifo.xpm_fifo_base_inst/gen_sdpram.xpm_memory_base_inst/NUM_CHAR_LOC,array,32,VCD+WDB,hierarchy,0,0,0,,,0,0,0
/tb_rtds_rx_fifo/U_DUT/U_XPM_FIFO_ASYNC/gnuram_async_fifo.xpm_fifo_base_inst/gen_sdpram.xpm_memory_base_inst/MAX_NUM_CHAR,array,32,VCD+WDB,hierarchy,0,0,0,,,0,0,0
/tb_rtds_rx_fifo/U_DUT/U_XPM_FIFO_ASYNC/gnuram_async_fifo.xpm_fifo_base_inst/gen_sdpram.xpm_memory_base_inst/P_MIN_WIDTH_DATA_SHFT,array,32,VCD+WDB,hierarchy,1000000,1000000,0,,,64,64,0
/tb_rtds_rx_fifo/U_DUT/U_XPM_FIFO_ASYNC/gnuram_async_fifo.xpm_fifo_base_inst/gen_sdpram.xpm_memory_base_inst/P_MIN_WIDTH_DATA_LDW,array,32,VCD+WDB,hierarchy,100,100,0,,,4,4,0
/tb_rtds_rx_fifo/U_DUT/U_XPM_FIFO_ASYNC/gnuram_async_fifo.xpm_fifo_base_inst/gen_sdpram.xpm_memory_base_inst/gen_rd_b.READ_DATA_WIDTH_B_ECC,array,32,VCD+WDB,hierarchy,1000000,1000000,0,,,64,64,0
/tb_rtds_rx_fifo/U_DUT/U_XPM_FIFO_ASYNC/gnuram_async_fifo.xpm_fifo_base_inst/gen_sdpram.xpm_memory_base_inst/gen_rd_b.EMB_XDC,array,16,VCD+WDB,hierarchy,110111001101111,110111001101111,0,,,28271,28271,0
/tb_rtds_rx_fifo/U_DUT/U_XPM_FIFO_ASYNC/gnuram_async_fifo.xpm_fifo_base_inst/gen_sdpram.xpm_memory_base_inst/gen_rd_b.rstb_val,array,64,VCD+WDB,hierarchy,0,0,0,,,0,0,0
/tb_rtds_rx_fifo/U_DUT/U_XPM_FIFO_ASYNC/gnuram_async_fifo.xpm_fifo_base_inst/gen_cdc_pntr.wr_pntr_cdc_inst/config_drc_gray/drc_err_flag,logic,1,VCD+WDB,hierarchy,0,0,0,,,0,0,0
/tb_rtds_rx_fifo/U_DUT/U_XPM_FIFO_ASYNC/gnuram_async_fifo.xpm_fifo_base_inst/gen_cdc_pntr.wr_pntr_cdc_inst/Block381_117/syncstage,array,32,VCD+WDB,hierarchy,0,10,1,2000,2000,0,2,0
/tb_rtds_rx_fifo/U_DUT/U_XPM_FIFO_ASYNC/gnuram_async_fifo.xpm_fifo_base_inst/gen_cdc_pntr.wr_pntr_cdc_inst/Block393_119/j,array,32,VCD+WDB,hierarchy,11111111111111111111111111111111,11111111111111111111111111111111,0,,,4294967295,4294967295,0
/tb_rtds_rx_fifo/U_DUT/U_XPM_FIFO_ASYNC/gnuram_async_fifo.xpm_fifo_base_inst/gen_cdc_pntr.wr_pntr_cdc_inst/src_clk,logic,1,VCD+WDB,hierarchy,0,0,246,3200,787200,0,1,0
/tb_rtds_rx_fifo/U_DUT/U_XPM_FIFO_ASYNC/gnuram_async_fifo.xpm_fifo_base_inst/gen_cdc_pntr.wr_pntr_cdc_inst/src_in_bin,array,4,VCD+WDB,hierarchy,0,10,18,304000,758400,0,15,0
/tb_rtds_rx_fifo/U_DUT/U_XPM_FIFO_ASYNC/gnuram_async_fifo.xpm_fifo_base_inst/gen_cdc_pntr.wr_pntr_cdc_inst/dest_clk,logic,1,VCD+WDB,hierarchy,0,1,395,2000,790000,0,1,0
/tb_rtds_rx_fifo/U_DUT/U_XPM_FIFO_ASYNC/gnuram_async_fifo.xpm_fifo_base_inst/gen_cdc_pntr.wr_pntr_cdc_inst/dest_out_bin,array,4,VCD+WDB,hierarchy,0,10,18,318000,770000,0,15,0
/tb_rtds_rx_fifo/U_DUT/U_XPM_FIFO_ASYNC/gnuram_async_fifo.xpm_fifo_base_inst/gen_cdc_pntr.wr_pntr_cdc_inst/glblGSR_xpmcdc,logic,1,VCD+WDB,hierarchy,1,0,1,100000,100000,0,1,0
/tb_rtds_rx_fifo/U_DUT/U_XPM_FIFO_ASYNC/gnuram_async_fifo.xpm_fifo_base_inst/gen_cdc_pntr.wr_pntr_cdc_inst/dest_graysync_ff,array,,WDB object; no VCD scalar/vector,hierarchy,,,,,,,,
/tb_rtds_rx_fifo/U_DUT/U_XPM_FIFO_ASYNC/gnuram_async_fifo.xpm_fifo_base_inst/gen_cdc_pntr.wr_pntr_cdc_inst/gray_enc,array,4,VCD+WDB,hierarchy,0,11,18,304000,758400,0,15,0
/tb_rtds_rx_fifo/U_DUT/U_XPM_FIFO_ASYNC/gnuram_async_fifo.xpm_fifo_base_inst/gen_cdc_pntr.wr_pntr_cdc_inst/binval,array,4,VCD+WDB,hierarchy,0,10,18,318000,770000,0,15,0
/tb_rtds_rx_fifo/U_DUT/U_XPM_FIFO_ASYNC/gnuram_async_fifo.xpm_fifo_base_inst/gen_cdc_pntr.wr_pntr_cdc_inst/src_gray_ff,array,4,VCD+WDB,hierarchy,0,11,18,310400,764800,0,15,0
/tb_rtds_rx_fifo/U_DUT/U_XPM_FIFO_ASYNC/gnuram_async_fifo.xpm_fifo_base_inst/gen_cdc_pntr.wr_pntr_cdc_inst/synco_gray,array,4,VCD+WDB,hierarchy,0,11,18,318000,770000,0,15,0
/tb_rtds_rx_fifo/U_DUT/U_XPM_FIFO_ASYNC/gnuram_async_fifo.xpm_fifo_base_inst/gen_cdc_pntr.wr_pntr_cdc_inst/async_path,array,4,VCD+WDB,hierarchy,0,11,18,310400,764800,0,15,0
/tb_rtds_rx_fifo/U_DUT/U_XPM_FIFO_ASYNC/gnuram_async_fifo.xpm_fifo_base_inst/gen_cdc_pntr.wr_pntr_cdc_inst/dest_out_bin_ff,array,4,VCD+WDB,hierarchy,0,10,18,322000,774000,0,15,0
/tb_rtds_rx_fifo/U_DUT/U_XPM_FIFO_ASYNC/gnuram_async_fifo.xpm_fifo_base_inst/gen_cdc_pntr.wr_pntr_cdc_inst/DEST_SYNC_FF,array,0,VCD+WDB,hierarchy,10,10,0,,,2,2,0
/tb_rtds_rx_fifo/U_DUT/U_XPM_FIFO_ASYNC/gnuram_async_fifo.xpm_fifo_base_inst/gen_cdc_pntr.wr_pntr_cdc_inst/INIT_SYNC_FF,array,0,VCD+WDB,hierarchy,1,1,0,,,1,1,0
/tb_rtds_rx_fifo/U_DUT/U_XPM_FIFO_ASYNC/gnuram_async_fifo.xpm_fifo_base_inst/gen_cdc_pntr.wr_pntr_cdc_inst/REG_OUTPUT,array,0,VCD+WDB,hierarchy,0,0,0,,,0,0,0
/tb_rtds_rx_fifo/U_DUT/U_XPM_FIFO_ASYNC/gnuram_async_fifo.xpm_fifo_base_inst/gen_cdc_pntr.wr_pntr_cdc_inst/SIM_ASSERT_CHK,array,0,VCD+WDB,hierarchy,0,0,0,,,0,0,0
/tb_rtds_rx_fifo/U_DUT/U_XPM_FIFO_ASYNC/gnuram_async_fifo.xpm_fifo_base_inst/gen_cdc_pntr.wr_pntr_cdc_inst/SIM_LOSSLESS_GRAY_CHK,array,0,VCD+WDB,hierarchy,0,0,0,,,0,0,0
/tb_rtds_rx_fifo/U_DUT/U_XPM_FIFO_ASYNC/gnuram_async_fifo.xpm_fifo_base_inst/gen_cdc_pntr.wr_pntr_cdc_inst/VERSION,array,0,VCD+WDB,hierarchy,0,0,0,,,0,0,0
/tb_rtds_rx_fifo/U_DUT/U_XPM_FIFO_ASYNC/gnuram_async_fifo.xpm_fifo_base_inst/gen_cdc_pntr.wr_pntr_cdc_inst/WIDTH,array,0,VCD+WDB,hierarchy,100,100,0,,,4,4,0
/tb_rtds_rx_fifo/U_DUT/U_XPM_FIFO_ASYNC/gnuram_async_fifo.xpm_fifo_base_inst/gen_cdc_pntr.wr_pntr_cdc_inst/VALONE,array,4,VCD+WDB,hierarchy,1,1,0,,,1,1,0
/tb_rtds_rx_fifo/U_DUT/U_XPM_FIFO_ASYNC/gnuram_async_fifo.xpm_fifo_base_inst/gen_cdc_pntr.wpr_gray_reg/rst,logic,1,VCD+WDB,hierarchy,0,0,4,110000,222000,0,1,0
/tb_rtds_rx_fifo/U_DUT/U_XPM_FIFO_ASYNC/gnuram_async_fifo.xpm_fifo_base_inst/gen_cdc_pntr.wpr_gray_reg/clk,logic,1,VCD+WDB,hierarchy,0,1,395,2000,790000,0,1,0
/tb_rtds_rx_fifo/U_DUT/U_XPM_FIFO_ASYNC/gnuram_async_fifo.xpm_fifo_base_inst/gen_cdc_pntr.wpr_gray_reg/reg_in,array,4,VCD+WDB,hierarchy,0,10,18,318000,770000,0,15,0
/tb_rtds_rx_fifo/U_DUT/U_XPM_FIFO_ASYNC/gnuram_async_fifo.xpm_fifo_base_inst/gen_cdc_pntr.wpr_gray_reg/reg_out,array,4,VCD+WDB,hierarchy,0,10,18,322000,774000,0,15,0
/tb_rtds_rx_fifo/U_DUT/U_XPM_FIFO_ASYNC/gnuram_async_fifo.xpm_fifo_base_inst/gen_cdc_pntr.wpr_gray_reg/reg_out_i,array,4,VCD+WDB,hierarchy,0,10,18,322000,774000,0,15,0
/tb_rtds_rx_fifo/U_DUT/U_XPM_FIFO_ASYNC/gnuram_async_fifo.xpm_fifo_base_inst/gen_cdc_pntr.wpr_gray_reg/REG_WIDTH,array,0,VCD+WDB,hierarchy,100,100,0,,,4,4,0
/tb_rtds_rx_fifo/U_DUT/U_XPM_FIFO_ASYNC/gnuram_async_fifo.xpm_fifo_base_inst/gen_cdc_pntr.wr_pntr_cdc_dc_inst/config_drc_gray/drc_err_flag,logic,1,VCD+WDB,hierarchy,0,0,0,,,0,0,0
/tb_rtds_rx_fifo/U_DUT/U_XPM_FIFO_ASYNC/gnuram_async_fifo.xpm_fifo_base_inst/gen_cdc_pntr.wr_pntr_cdc_dc_inst/Block381_129/syncstage,array,32,VCD+WDB,hierarchy,0,100,1,2000,2000,0,4,0
/tb_rtds_rx_fifo/U_DUT/U_XPM_FIFO_ASYNC/gnuram_async_fifo.xpm_fifo_base_inst/gen_cdc_pntr.wr_pntr_cdc_dc_inst/Block393_131/j,array,32,VCD+WDB,hierarchy,11111111111111111111111111111111,11111111111111111111111111111111,0,,,4294967295,4294967295,0
/tb_rtds_rx_fifo/U_DUT/U_XPM_FIFO_ASYNC/gnuram_async_fifo.xpm_fifo_base_inst/gen_cdc_pntr.wr_pntr_cdc_dc_inst/src_clk,logic,1,VCD+WDB,hierarchy,0,0,246,3200,787200,0,1,0
/tb_rtds_rx_fifo/U_DUT/U_XPM_FIFO_ASYNC/gnuram_async_fifo.xpm_fifo_base_inst/gen_cdc_pntr.wr_pntr_cdc_dc_inst/src_in_bin,array,5,VCD+WDB,hierarchy,0,10010,18,304000,758400,0,18,0
/tb_rtds_rx_fifo/U_DUT/U_XPM_FIFO_ASYNC/gnuram_async_fifo.xpm_fifo_base_inst/gen_cdc_pntr.wr_pntr_cdc_dc_inst/dest_clk,logic,1,VCD+WDB,hierarchy,0,1,395,2000,790000,0,1,0
/tb_rtds_rx_fifo/U_DUT/U_XPM_FIFO_ASYNC/gnuram_async_fifo.xpm_fifo_base_inst/gen_cdc_pntr.wr_pntr_cdc_dc_inst/dest_out_bin,array,5,VCD+WDB,hierarchy,0,10010,18,326000,778000,0,18,0
/tb_rtds_rx_fifo/U_DUT/U_XPM_FIFO_ASYNC/gnuram_async_fifo.xpm_fifo_base_inst/gen_cdc_pntr.wr_pntr_cdc_dc_inst/glblGSR_xpmcdc,logic,1,VCD+WDB,hierarchy,1,0,1,100000,100000,0,1,0
/tb_rtds_rx_fifo/U_DUT/U_XPM_FIFO_ASYNC/gnuram_async_fifo.xpm_fifo_base_inst/gen_cdc_pntr.wr_pntr_cdc_dc_inst/dest_graysync_ff,array,,WDB object; no VCD scalar/vector,hierarchy,,,,,,,,
/tb_rtds_rx_fifo/U_DUT/U_XPM_FIFO_ASYNC/gnuram_async_fifo.xpm_fifo_base_inst/gen_cdc_pntr.wr_pntr_cdc_dc_inst/gray_enc,array,5,VCD+WDB,hierarchy,0,11011,18,304000,758400,0,27,0
/tb_rtds_rx_fifo/U_DUT/U_XPM_FIFO_ASYNC/gnuram_async_fifo.xpm_fifo_base_inst/gen_cdc_pntr.wr_pntr_cdc_dc_inst/binval,array,5,VCD+WDB,hierarchy,0,10010,18,326000,778000,0,18,0
/tb_rtds_rx_fifo/U_DUT/U_XPM_FIFO_ASYNC/gnuram_async_fifo.xpm_fifo_base_inst/gen_cdc_pntr.wr_pntr_cdc_dc_inst/src_gray_ff,array,5,VCD+WDB,hierarchy,0,11011,18,310400,764800,0,27,0
/tb_rtds_rx_fifo/U_DUT/U_XPM_FIFO_ASYNC/gnuram_async_fifo.xpm_fifo_base_inst/gen_cdc_pntr.wr_pntr_cdc_dc_inst/synco_gray,array,5,VCD+WDB,hierarchy,0,11011,18,326000,778000,0,27,0
/tb_rtds_rx_fifo/U_DUT/U_XPM_FIFO_ASYNC/gnuram_async_fifo.xpm_fifo_base_inst/gen_cdc_pntr.wr_pntr_cdc_dc_inst/async_path,array,5,VCD+WDB,hierarchy,0,11011,18,310400,764800,0,27,0
/tb_rtds_rx_fifo/U_DUT/U_XPM_FIFO_ASYNC/gnuram_async_fifo.xpm_fifo_base_inst/gen_cdc_pntr.wr_pntr_cdc_dc_inst/dest_out_bin_ff,array,5,VCD+WDB,hierarchy,0,10010,18,330000,782000,0,18,0
/tb_rtds_rx_fifo/U_DUT/U_XPM_FIFO_ASYNC/gnuram_async_fifo.xpm_fifo_base_inst/gen_cdc_pntr.wr_pntr_cdc_dc_inst/DEST_SYNC_FF,array,0,VCD+WDB,hierarchy,100,100,0,,,4,4,0
/tb_rtds_rx_fifo/U_DUT/U_XPM_FIFO_ASYNC/gnuram_async_fifo.xpm_fifo_base_inst/gen_cdc_pntr.wr_pntr_cdc_dc_inst/INIT_SYNC_FF,array,0,VCD+WDB,hierarchy,1,1,0,,,1,1,0
/tb_rtds_rx_fifo/U_DUT/U_XPM_FIFO_ASYNC/gnuram_async_fifo.xpm_fifo_base_inst/gen_cdc_pntr.wr_pntr_cdc_dc_inst/REG_OUTPUT,array,0,VCD+WDB,hierarchy,0,0,0,,,0,0,0
/tb_rtds_rx_fifo/U_DUT/U_XPM_FIFO_ASYNC/gnuram_async_fifo.xpm_fifo_base_inst/gen_cdc_pntr.wr_pntr_cdc_dc_inst/SIM_ASSERT_CHK,array,0,VCD+WDB,hierarchy,0,0,0,,,0,0,0
/tb_rtds_rx_fifo/U_DUT/U_XPM_FIFO_ASYNC/gnuram_async_fifo.xpm_fifo_base_inst/gen_cdc_pntr.wr_pntr_cdc_dc_inst/SIM_LOSSLESS_GRAY_CHK,array,0,VCD+WDB,hierarchy,0,0,0,,,0,0,0
/tb_rtds_rx_fifo/U_DUT/U_XPM_FIFO_ASYNC/gnuram_async_fifo.xpm_fifo_base_inst/gen_cdc_pntr.wr_pntr_cdc_dc_inst/VERSION,array,0,VCD+WDB,hierarchy,0,0,0,,,0,0,0
/tb_rtds_rx_fifo/U_DUT/U_XPM_FIFO_ASYNC/gnuram_async_fifo.xpm_fifo_base_inst/gen_cdc_pntr.wr_pntr_cdc_dc_inst/WIDTH,array,0,VCD+WDB,hierarchy,101,101,0,,,5,5,0
/tb_rtds_rx_fifo/U_DUT/U_XPM_FIFO_ASYNC/gnuram_async_fifo.xpm_fifo_base_inst/gen_cdc_pntr.wr_pntr_cdc_dc_inst/VALONE,array,5,VCD+WDB,hierarchy,1,1,0,,,1,1,0
/tb_rtds_rx_fifo/U_DUT/U_XPM_FIFO_ASYNC/gnuram_async_fifo.xpm_fifo_base_inst/gen_cdc_pntr.wpr_gray_reg_dc/rst,logic,1,VCD+WDB,hierarchy,0,0,4,110000,222000,0,1,0
/tb_rtds_rx_fifo/U_DUT/U_XPM_FIFO_ASYNC/gnuram_async_fifo.xpm_fifo_base_inst/gen_cdc_pntr.wpr_gray_reg_dc/clk,logic,1,VCD+WDB,hierarchy,0,1,395,2000,790000,0,1,0
/tb_rtds_rx_fifo/U_DUT/U_XPM_FIFO_ASYNC/gnuram_async_fifo.xpm_fifo_base_inst/gen_cdc_pntr.wpr_gray_reg_dc/reg_in,array,5,VCD+WDB,hierarchy,0,10010,18,326000,778000,0,18,0
/tb_rtds_rx_fifo/U_DUT/U_XPM_FIFO_ASYNC/gnuram_async_fifo.xpm_fifo_base_inst/gen_cdc_pntr.wpr_gray_reg_dc/reg_out,array,5,VCD+WDB,hierarchy,0,10010,18,330000,782000,0,18,0
/tb_rtds_rx_fifo/U_DUT/U_XPM_FIFO_ASYNC/gnuram_async_fifo.xpm_fifo_base_inst/gen_cdc_pntr.wpr_gray_reg_dc/reg_out_i,array,5,VCD+WDB,hierarchy,0,10010,18,330000,782000,0,18,0
/tb_rtds_rx_fifo/U_DUT/U_XPM_FIFO_ASYNC/gnuram_async_fifo.xpm_fifo_base_inst/gen_cdc_pntr.wpr_gray_reg_dc/REG_WIDTH,array,0,VCD+WDB,hierarchy,101,101,0,,,5,5,0
/tb_rtds_rx_fifo/U_DUT/U_XPM_FIFO_ASYNC/gnuram_async_fifo.xpm_fifo_base_inst/gen_cdc_pntr.rd_pntr_cdc_inst/config_drc_gray/drc_err_flag,logic,1,VCD+WDB,hierarchy,0,0,0,,,0,0,0
/tb_rtds_rx_fifo/U_DUT/U_XPM_FIFO_ASYNC/gnuram_async_fifo.xpm_fifo_base_inst/gen_cdc_pntr.rd_pntr_cdc_inst/Block381_117/syncstage,array,32,VCD+WDB,hierarchy,0,10,1,3200,3200,0,2,0
/tb_rtds_rx_fifo/U_DUT/U_XPM_FIFO_ASYNC/gnuram_async_fifo.xpm_fifo_base_inst/gen_cdc_pntr.rd_pntr_cdc_inst/Block393_119/j,array,32,VCD+WDB,hierarchy,11111111111111111111111111111111,11111111111111111111111111111111,0,,,4294967295,4294967295,0
/tb_rtds_rx_fifo/U_DUT/U_XPM_FIFO_ASYNC/gnuram_async_fifo.xpm_fifo_base_inst/gen_cdc_pntr.rd_pntr_cdc_inst/src_clk,logic,1,VCD+WDB,hierarchy,0,1,395,2000,790000,0,1,0
/tb_rtds_rx_fifo/U_DUT/U_XPM_FIFO_ASYNC/gnuram_async_fifo.xpm_fifo_base_inst/gen_cdc_pntr.rd_pntr_cdc_inst/src_in_bin,array,4,VCD+WDB,hierarchy,0,10,18,330000,782000,0,15,0
/tb_rtds_rx_fifo/U_DUT/U_XPM_FIFO_ASYNC/gnuram_async_fifo.xpm_fifo_base_inst/gen_cdc_pntr.rd_pntr_cdc_inst/dest_clk,logic,1,VCD+WDB,hierarchy,0,0,246,3200,787200,0,1,0
/tb_rtds_rx_fifo/U_DUT/U_XPM_FIFO_ASYNC/gnuram_async_fifo.xpm_fifo_base_inst/gen_cdc_pntr.rd_pntr_cdc_inst/dest_out_bin,array,4,VCD+WDB,hierarchy,0,1,12,342400,752000,0,14,0
/tb_rtds_rx_fifo/U_DUT/U_XPM_FIFO_ASYNC/gnuram_async_fifo.xpm_fifo_base_inst/gen_cdc_pntr.rd_pntr_cdc_inst/glblGSR_xpmcdc,logic,1,VCD+WDB,hierarchy,1,0,1,100000,100000,0,1,0
/tb_rtds_rx_fifo/U_DUT/U_XPM_FIFO_ASYNC/gnuram_async_fifo.xpm_fifo_base_inst/gen_cdc_pntr.rd_pntr_cdc_inst/dest_graysync_ff,array,,WDB object; no VCD scalar/vector,hierarchy,,,,,,,,
/tb_rtds_rx_fifo/U_DUT/U_XPM_FIFO_ASYNC/gnuram_async_fifo.xpm_fifo_base_inst/gen_cdc_pntr.rd_pntr_cdc_inst/gray_enc,array,4,VCD+WDB,hierarchy,0,11,18,330000,782000,0,15,0
/tb_rtds_rx_fifo/U_DUT/U_XPM_FIFO_ASYNC/gnuram_async_fifo.xpm_fifo_base_inst/gen_cdc_pntr.rd_pntr_cdc_inst/binval,array,4,VCD+WDB,hierarchy,0,1,12,342400,752000,0,14,0
/tb_rtds_rx_fifo/U_DUT/U_XPM_FIFO_ASYNC/gnuram_async_fifo.xpm_fifo_base_inst/gen_cdc_pntr.rd_pntr_cdc_inst/src_gray_ff,array,4,VCD+WDB,hierarchy,0,11,18,334000,786000,0,15,0
/tb_rtds_rx_fifo/U_DUT/U_XPM_FIFO_ASYNC/gnuram_async_fifo.xpm_fifo_base_inst/gen_cdc_pntr.rd_pntr_cdc_inst/synco_gray,array,4,VCD+WDB,hierarchy,0,1,12,342400,752000,0,14,0
/tb_rtds_rx_fifo/U_DUT/U_XPM_FIFO_ASYNC/gnuram_async_fifo.xpm_fifo_base_inst/gen_cdc_pntr.rd_pntr_cdc_inst/async_path,array,4,VCD+WDB,hierarchy,0,11,18,334000,786000,0,15,0
/tb_rtds_rx_fifo/U_DUT/U_XPM_FIFO_ASYNC/gnuram_async_fifo.xpm_fifo_base_inst/gen_cdc_pntr.rd_pntr_cdc_inst/dest_out_bin_ff,array,4,VCD+WDB,hierarchy,0,1,12,348800,758400,0,14,0
/tb_rtds_rx_fifo/U_DUT/U_XPM_FIFO_ASYNC/gnuram_async_fifo.xpm_fifo_base_inst/gen_cdc_pntr.rd_pntr_cdc_inst/DEST_SYNC_FF,array,0,VCD+WDB,hierarchy,10,10,0,,,2,2,0
/tb_rtds_rx_fifo/U_DUT/U_XPM_FIFO_ASYNC/gnuram_async_fifo.xpm_fifo_base_inst/gen_cdc_pntr.rd_pntr_cdc_inst/INIT_SYNC_FF,array,0,VCD+WDB,hierarchy,1,1,0,,,1,1,0
/tb_rtds_rx_fifo/U_DUT/U_XPM_FIFO_ASYNC/gnuram_async_fifo.xpm_fifo_base_inst/gen_cdc_pntr.rd_pntr_cdc_inst/REG_OUTPUT,array,0,VCD+WDB,hierarchy,0,0,0,,,0,0,0
/tb_rtds_rx_fifo/U_DUT/U_XPM_FIFO_ASYNC/gnuram_async_fifo.xpm_fifo_base_inst/gen_cdc_pntr.rd_pntr_cdc_inst/SIM_ASSERT_CHK,array,0,VCD+WDB,hierarchy,0,0,0,,,0,0,0
/tb_rtds_rx_fifo/U_DUT/U_XPM_FIFO_ASYNC/gnuram_async_fifo.xpm_fifo_base_inst/gen_cdc_pntr.rd_pntr_cdc_inst/SIM_LOSSLESS_GRAY_CHK,array,0,VCD+WDB,hierarchy,0,0,0,,,0,0,0
/tb_rtds_rx_fifo/U_DUT/U_XPM_FIFO_ASYNC/gnuram_async_fifo.xpm_fifo_base_inst/gen_cdc_pntr.rd_pntr_cdc_inst/VERSION,array,0,VCD+WDB,hierarchy,0,0,0,,,0,0,0
/tb_rtds_rx_fifo/U_DUT/U_XPM_FIFO_ASYNC/gnuram_async_fifo.xpm_fifo_base_inst/gen_cdc_pntr.rd_pntr_cdc_inst/WIDTH,array,0,VCD+WDB,hierarchy,100,100,0,,,4,4,0
/tb_rtds_rx_fifo/U_DUT/U_XPM_FIFO_ASYNC/gnuram_async_fifo.xpm_fifo_base_inst/gen_cdc_pntr.rd_pntr_cdc_inst/VALONE,array,4,VCD+WDB,hierarchy,1,1,0,,,1,1,0
/tb_rtds_rx_fifo/U_DUT/U_XPM_FIFO_ASYNC/gnuram_async_fifo.xpm_fifo_base_inst/gen_cdc_pntr.rpw_gray_reg/rst,logic,1,VCD+WDB,hierarchy,0,0,2,3200,252800,0,1,0
/tb_rtds_rx_fifo/U_DUT/U_XPM_FIFO_ASYNC/gnuram_async_fifo.xpm_fifo_base_inst/gen_cdc_pntr.rpw_gray_reg/clk,logic,1,VCD+WDB,hierarchy,0,0,246,3200,787200,0,1,0
/tb_rtds_rx_fifo/U_DUT/U_XPM_FIFO_ASYNC/gnuram_async_fifo.xpm_fifo_base_inst/gen_cdc_pntr.rpw_gray_reg/reg_in,array,4,VCD+WDB,hierarchy,0,1,12,342400,752000,0,14,0
/tb_rtds_rx_fifo/U_DUT/U_XPM_FIFO_ASYNC/gnuram_async_fifo.xpm_fifo_base_inst/gen_cdc_pntr.rpw_gray_reg/reg_out,array,4,VCD+WDB,hierarchy,0,1,12,348800,758400,0,14,0
/tb_rtds_rx_fifo/U_DUT/U_XPM_FIFO_ASYNC/gnuram_async_fifo.xpm_fifo_base_inst/gen_cdc_pntr.rpw_gray_reg/reg_out_i,array,4,VCD+WDB,hierarchy,0,1,12,348800,758400,0,14,0
/tb_rtds_rx_fifo/U_DUT/U_XPM_FIFO_ASYNC/gnuram_async_fifo.xpm_fifo_base_inst/gen_cdc_pntr.rpw_gray_reg/REG_WIDTH,array,0,VCD+WDB,hierarchy,100,100,0,,,4,4,0
/tb_rtds_rx_fifo/U_DUT/U_XPM_FIFO_ASYNC/gnuram_async_fifo.xpm_fifo_base_inst/gen_cdc_pntr.rd_pntr_cdc_dc_inst/config_drc_gray/drc_err_flag,logic,1,VCD+WDB,hierarchy,0,0,0,,,0,0,0
/tb_rtds_rx_fifo/U_DUT/U_XPM_FIFO_ASYNC/gnuram_async_fifo.xpm_fifo_base_inst/gen_cdc_pntr.rd_pntr_cdc_dc_inst/Block381_151/syncstage,array,32,VCD+WDB,hierarchy,0,10,1,3200,3200,0,2,0
/tb_rtds_rx_fifo/U_DUT/U_XPM_FIFO_ASYNC/gnuram_async_fifo.xpm_fifo_base_inst/gen_cdc_pntr.rd_pntr_cdc_dc_inst/Block393_153/j,array,32,VCD+WDB,hierarchy,11111111111111111111111111111111,11111111111111111111111111111111,0,,,4294967295,4294967295,0
/tb_rtds_rx_fifo/U_DUT/U_XPM_FIFO_ASYNC/gnuram_async_fifo.xpm_fifo_base_inst/gen_cdc_pntr.rd_pntr_cdc_dc_inst/src_clk,logic,1,VCD+WDB,hierarchy,0,1,395,2000,790000,0,1,0
/tb_rtds_rx_fifo/U_DUT/U_XPM_FIFO_ASYNC/gnuram_async_fifo.xpm_fifo_base_inst/gen_cdc_pntr.rd_pntr_cdc_dc_inst/src_in_bin,array,5,VCD+WDB,hierarchy,0,10010,18,682000,790000,0,18,0
/tb_rtds_rx_fifo/U_DUT/U_XPM_FIFO_ASYNC/gnuram_async_fifo.xpm_fifo_base_inst/gen_cdc_pntr.rd_pntr_cdc_dc_inst/dest_clk,logic,1,VCD+WDB,hierarchy,0,0,246,3200,787200,0,1,0
/tb_rtds_rx_fifo/U_DUT/U_XPM_FIFO_ASYNC/gnuram_async_fifo.xpm_fifo_base_inst/gen_cdc_pntr.rd_pntr_cdc_dc_inst/dest_out_bin,array,5,VCD+WDB,hierarchy,0,10001,11,694400,758400,0,17,0
/tb_rtds_rx_fifo/U_DUT/U_XPM_FIFO_ASYNC/gnuram_async_fifo.xpm_fifo_base_inst/gen_cdc_pntr.rd_pntr_cdc_dc_inst/glblGSR_xpmcdc,logic,1,VCD+WDB,hierarchy,1,0,1,100000,100000,0,1,0
/tb_rtds_rx_fifo/U_DUT/U_XPM_FIFO_ASYNC/gnuram_async_fifo.xpm_fifo_base_inst/gen_cdc_pntr.rd_pntr_cdc_dc_inst/dest_graysync_ff,array,,WDB object; no VCD scalar/vector,hierarchy,,,,,,,,
/tb_rtds_rx_fifo/U_DUT/U_XPM_FIFO_ASYNC/gnuram_async_fifo.xpm_fifo_base_inst/gen_cdc_pntr.rd_pntr_cdc_dc_inst/gray_enc,array,5,VCD+WDB,hierarchy,0,11001,17,682000,746000,0,25,0
/tb_rtds_rx_fifo/U_DUT/U_XPM_FIFO_ASYNC/gnuram_async_fifo.xpm_fifo_base_inst/gen_cdc_pntr.rd_pntr_cdc_dc_inst/binval,array,5,VCD+WDB,hierarchy,0,10001,11,694400,758400,0,17,0
/tb_rtds_rx_fifo/U_DUT/U_XPM_FIFO_ASYNC/gnuram_async_fifo.xpm_fifo_base_inst/gen_cdc_pntr.rd_pntr_cdc_dc_inst/src_gray_ff,array,5,VCD+WDB,hierarchy,0,11001,17,686000,750000,0,25,0
/tb_rtds_rx_fifo/U_DUT/U_XPM_FIFO_ASYNC/gnuram_async_fifo.xpm_fifo_base_inst/gen_cdc_pntr.rd_pntr_cdc_dc_inst/synco_gray,array,5,VCD+WDB,hierarchy,0,11001,11,694400,758400,0,25,0
/tb_rtds_rx_fifo/U_DUT/U_XPM_FIFO_ASYNC/gnuram_async_fifo.xpm_fifo_base_inst/gen_cdc_pntr.rd_pntr_cdc_dc_inst/async_path,array,5,VCD+WDB,hierarchy,0,11001,17,686000,750000,0,25,0
/tb_rtds_rx_fifo/U_DUT/U_XPM_FIFO_ASYNC/gnuram_async_fifo.xpm_fifo_base_inst/gen_cdc_pntr.rd_pntr_cdc_dc_inst/dest_out_bin_ff,array,5,VCD+WDB,hierarchy,0,10001,11,700800,764800,0,17,0
/tb_rtds_rx_fifo/U_DUT/U_XPM_FIFO_ASYNC/gnuram_async_fifo.xpm_fifo_base_inst/gen_cdc_pntr.rd_pntr_cdc_dc_inst/DEST_SYNC_FF,array,0,VCD+WDB,hierarchy,10,10,0,,,2,2,0
/tb_rtds_rx_fifo/U_DUT/U_XPM_FIFO_ASYNC/gnuram_async_fifo.xpm_fifo_base_inst/gen_cdc_pntr.rd_pntr_cdc_dc_inst/INIT_SYNC_FF,array,0,VCD+WDB,hierarchy,1,1,0,,,1,1,0
/tb_rtds_rx_fifo/U_DUT/U_XPM_FIFO_ASYNC/gnuram_async_fifo.xpm_fifo_base_inst/gen_cdc_pntr.rd_pntr_cdc_dc_inst/REG_OUTPUT,array,0,VCD+WDB,hierarchy,0,0,0,,,0,0,0
/tb_rtds_rx_fifo/U_DUT/U_XPM_FIFO_ASYNC/gnuram_async_fifo.xpm_fifo_base_inst/gen_cdc_pntr.rd_pntr_cdc_dc_inst/SIM_ASSERT_CHK,array,0,VCD+WDB,hierarchy,0,0,0,,,0,0,0
/tb_rtds_rx_fifo/U_DUT/U_XPM_FIFO_ASYNC/gnuram_async_fifo.xpm_fifo_base_inst/gen_cdc_pntr.rd_pntr_cdc_dc_inst/SIM_LOSSLESS_GRAY_CHK,array,0,VCD+WDB,hierarchy,0,0,0,,,0,0,0
/tb_rtds_rx_fifo/U_DUT/U_XPM_FIFO_ASYNC/gnuram_async_fifo.xpm_fifo_base_inst/gen_cdc_pntr.rd_pntr_cdc_dc_inst/VERSION,array,0,VCD+WDB,hierarchy,0,0,0,,,0,0,0
/tb_rtds_rx_fifo/U_DUT/U_XPM_FIFO_ASYNC/gnuram_async_fifo.xpm_fifo_base_inst/gen_cdc_pntr.rd_pntr_cdc_dc_inst/WIDTH,array,0,VCD+WDB,hierarchy,101,101,0,,,5,5,0
/tb_rtds_rx_fifo/U_DUT/U_XPM_FIFO_ASYNC/gnuram_async_fifo.xpm_fifo_base_inst/gen_cdc_pntr.rd_pntr_cdc_dc_inst/VALONE,array,5,VCD+WDB,hierarchy,1,1,0,,,1,1,0
/tb_rtds_rx_fifo/U_DUT/U_XPM_FIFO_ASYNC/gnuram_async_fifo.xpm_fifo_base_inst/gen_cdc_pntr.rpw_gray_reg_dc/rst,logic,1,VCD+WDB,hierarchy,0,0,2,3200,252800,0,1,0
/tb_rtds_rx_fifo/U_DUT/U_XPM_FIFO_ASYNC/gnuram_async_fifo.xpm_fifo_base_inst/gen_cdc_pntr.rpw_gray_reg_dc/clk,logic,1,VCD+WDB,hierarchy,0,0,246,3200,787200,0,1,0
/tb_rtds_rx_fifo/U_DUT/U_XPM_FIFO_ASYNC/gnuram_async_fifo.xpm_fifo_base_inst/gen_cdc_pntr.rpw_gray_reg_dc/reg_in,array,5,VCD+WDB,hierarchy,0,10001,11,694400,758400,0,17,0
/tb_rtds_rx_fifo/U_DUT/U_XPM_FIFO_ASYNC/gnuram_async_fifo.xpm_fifo_base_inst/gen_cdc_pntr.rpw_gray_reg_dc/reg_out,array,5,VCD+WDB,hierarchy,0,10001,11,700800,764800,0,17,0
/tb_rtds_rx_fifo/U_DUT/U_XPM_FIFO_ASYNC/gnuram_async_fifo.xpm_fifo_base_inst/gen_cdc_pntr.rpw_gray_reg_dc/reg_out_i,array,5,VCD+WDB,hierarchy,0,10001,11,700800,764800,0,17,0
/tb_rtds_rx_fifo/U_DUT/U_XPM_FIFO_ASYNC/gnuram_async_fifo.xpm_fifo_base_inst/gen_cdc_pntr.rpw_gray_reg_dc/REG_WIDTH,array,0,VCD+WDB,hierarchy,101,101,0,,,5,5,0
/tb_rtds_rx_fifo/U_DUT/U_XPM_FIFO_ASYNC/gnuram_async_fifo.xpm_fifo_base_inst/gen_fwft.next_state_d1_inst/rst,logic,1,VCD+WDB,hierarchy,0,0,0,,,0,0,0
/tb_rtds_rx_fifo/U_DUT/U_XPM_FIFO_ASYNC/gnuram_async_fifo.xpm_fifo_base_inst/gen_fwft.next_state_d1_inst/clk,logic,1,VCD+WDB,hierarchy,0,1,395,2000,790000,0,1,0
/tb_rtds_rx_fifo/U_DUT/U_XPM_FIFO_ASYNC/gnuram_async_fifo.xpm_fifo_base_inst/gen_fwft.next_state_d1_inst/d_in,logic,1,VCD+WDB,hierarchy,0,0,4,330000,786000,0,1,0
/tb_rtds_rx_fifo/U_DUT/U_XPM_FIFO_ASYNC/gnuram_async_fifo.xpm_fifo_base_inst/gen_fwft.next_state_d1_inst/d_out,logic,1,VCD+WDB,hierarchy,0,0,4,334000,790000,0,1,0
/tb_rtds_rx_fifo/U_DUT/U_XPM_FIFO_ASYNC/gnuram_async_fifo.xpm_fifo_base_inst/gen_fwft.next_state_d1_inst/RST_VALUE,array,0,VCD+WDB,hierarchy,0,0,0,,,0,0,0
/tb_rtds_rx_fifo/U_DUT/U_XPM_FIFO_ASYNC/gnuram_async_fifo.xpm_fifo_base_inst/gen_fwft.empty_fwft_d1_inst/rst,logic,1,VCD+WDB,hierarchy,0,0,0,,,0,0,0
/tb_rtds_rx_fifo/U_DUT/U_XPM_FIFO_ASYNC/gnuram_async_fifo.xpm_fifo_base_inst/gen_fwft.empty_fwft_d1_inst/clk,logic,1,VCD+WDB,hierarchy,0,1,395,2000,790000,0,1,0
/tb_rtds_rx_fifo/U_DUT/U_XPM_FIFO_ASYNC/gnuram_async_fifo.xpm_fifo_base_inst/gen_fwft.empty_fwft_d1_inst/d_in,logic,1,VCD+WDB,hierarchy,0,0,4,330000,786000,0,1,0
/tb_rtds_rx_fifo/U_DUT/U_XPM_FIFO_ASYNC/gnuram_async_fifo.xpm_fifo_base_inst/gen_fwft.empty_fwft_d1_inst/d_out,logic,1,VCD+WDB,hierarchy,0,0,4,334000,790000,0,1,0
/tb_rtds_rx_fifo/U_DUT/U_XPM_FIFO_ASYNC/gnuram_async_fifo.xpm_fifo_base_inst/gen_fwft.empty_fwft_d1_inst/RST_VALUE,array,0,VCD+WDB,hierarchy,0,0,0,,,0,0,0
/tb_rtds_rx_fifo/U_DUT/U_XPM_FIFO_ASYNC/gnuram_async_fifo.xpm_fifo_base_inst/gen_fwft.ge_fwft_d1_inst/rst,logic,1,VCD+WDB,hierarchy,0,0,0,,,0,0,0
/tb_rtds_rx_fifo/U_DUT/U_XPM_FIFO_ASYNC/gnuram_async_fifo.xpm_fifo_base_inst/gen_fwft.ge_fwft_d1_inst/clk,logic,1,VCD+WDB,hierarchy,0,1,395,2000,790000,0,1,0
/tb_rtds_rx_fifo/U_DUT/U_XPM_FIFO_ASYNC/gnuram_async_fifo.xpm_fifo_base_inst/gen_fwft.ge_fwft_d1_inst/d_in,logic,1,VCD+WDB,hierarchy,0,0,4,742000,790000,0,1,0
/tb_rtds_rx_fifo/U_DUT/U_XPM_FIFO_ASYNC/gnuram_async_fifo.xpm_fifo_base_inst/gen_fwft.ge_fwft_d1_inst/d_out,logic,1,VCD+WDB,hierarchy,0,1,3,746000,790000,0,1,0
/tb_rtds_rx_fifo/U_DUT/U_XPM_FIFO_ASYNC/gnuram_async_fifo.xpm_fifo_base_inst/gen_fwft.ge_fwft_d1_inst/RST_VALUE,array,0,VCD+WDB,hierarchy,0,0,0,,,0,0,0
/tb_rtds_rx_fifo/U_DUT/U_XPM_FIFO_ASYNC/gnuram_async_fifo.xpm_fifo_base_inst/gen_fwft.rdpp1_inst/rst,logic,1,VCD+WDB,hierarchy,1,1,4,326000,790000,0,1,0
/tb_rtds_rx_fifo/U_DUT/U_XPM_FIFO_ASYNC/gnuram_async_fifo.xpm_fifo_base_inst/gen_fwft.rdpp1_inst/clk,logic,1,VCD+WDB,hierarchy,0,1,395,2000,790000,0,1,0
/tb_rtds_rx_fifo/U_DUT/U_XPM_FIFO_ASYNC/gnuram_async_fifo.xpm_fifo_base_inst/gen_fwft.rdpp1_inst/cnt_en,logic,1,VCD+WDB,hierarchy,0,0,10,326000,790000,0,1,0
/tb_rtds_rx_fifo/U_DUT/U_XPM_FIFO_ASYNC/gnuram_async_fifo.xpm_fifo_base_inst/gen_fwft.rdpp1_inst/cnt_up,logic,1,VCD+WDB,hierarchy,0,0,6,326000,782000,0,1,0
/tb_rtds_rx_fifo/U_DUT/U_XPM_FIFO_ASYNC/gnuram_async_fifo.xpm_fifo_base_inst/gen_fwft.rdpp1_inst/cnt_down,logic,1,VCD+WDB,hierarchy,0,0,4,738000,790000,0,1,0
/tb_rtds_rx_fifo/U_DUT/U_XPM_FIFO_ASYNC/gnuram_async_fifo.xpm_fifo_base_inst/gen_fwft.rdpp1_inst/count_value,array,2,VCD+WDB,hierarchy,0,0,6,330000,790000,0,2,0
/tb_rtds_rx_fifo/U_DUT/U_XPM_FIFO_ASYNC/gnuram_async_fifo.xpm_fifo_base_inst/gen_fwft.rdpp1_inst/count_value_i,array,2,VCD+WDB,hierarchy,0,0,6,330000,790000,0,2,0
/tb_rtds_rx_fifo/U_DUT/U_XPM_FIFO_ASYNC/gnuram_async_fifo.xpm_fifo_base_inst/gen_fwft.rdpp1_inst/COUNTER_WIDTH,array,0,VCD+WDB,hierarchy,10,10,0,,,2,2,0
/tb_rtds_rx_fifo/U_DUT/U_XPM_FIFO_ASYNC/gnuram_async_fifo.xpm_fifo_base_inst/gen_fwft.rdpp1_inst/RESET_VALUE,array,0,VCD+WDB,hierarchy,0,0,0,,,0,0,0
/tb_rtds_rx_fifo/U_DUT/U_XPM_FIFO_ASYNC/gnuram_async_fifo.xpm_fifo_base_inst/sleep,logic,1,VCD+WDB,hierarchy,0,0,0,,,0,0,0
/tb_rtds_rx_fifo/U_DUT/U_XPM_FIFO_ASYNC/gnuram_async_fifo.xpm_fifo_base_inst/rst,logic,1,VCD+WDB,hierarchy,0,0,0,,,0,0,0
/tb_rtds_rx_fifo/U_DUT/U_XPM_FIFO_ASYNC/gnuram_async_fifo.xpm_fifo_base_inst/wr_clk,logic,1,VCD+WDB,hierarchy,0,0,246,3200,787200,0,1,0
/tb_rtds_rx_fifo/U_DUT/U_XPM_FIFO_ASYNC/gnuram_async_fifo.xpm_fifo_base_inst/wr_en,logic,1,VCD+WDB,hierarchy,0,0,36,297600,758400,0,1,0
/tb_rtds_rx_fifo/U_DUT/U_XPM_FIFO_ASYNC/gnuram_async_fifo.xpm_fifo_base_inst/din,array,64,VCD+WDB,hierarchy,0,1001011010000010001001101011011100000000000000000000000001100011,19,297600,752000,0,12580584273754456064,0
/tb_rtds_rx_fifo/U_DUT/U_XPM_FIFO_ASYNC/gnuram_async_fifo.xpm_fifo_base_inst/full,logic,1,VCD+WDB,hierarchy,0,0,2,508800,707200,0,1,0
/tb_rtds_rx_fifo/U_DUT/U_XPM_FIFO_ASYNC/gnuram_async_fifo.xpm_fifo_base_inst/full_n,logic,1,VCD+WDB,hierarchy,1,1,2,508800,707200,0,1,0
/tb_rtds_rx_fifo/U_DUT/U_XPM_FIFO_ASYNC/gnuram_async_fifo.xpm_fifo_base_inst/prog_full,logic,1,VCD+WDB,hierarchy,0,0,2,438400,739200,0,1,0
/tb_rtds_rx_fifo/U_DUT/U_XPM_FIFO_ASYNC/gnuram_async_fifo.xpm_fifo_base_inst/wr_data_count,array,5,VCD+WDB,hierarchy,x,1,28,3200,771200,0,17,1
/tb_rtds_rx_fifo/U_DUT/U_XPM_FIFO_ASYNC/gnuram_async_fifo.xpm_fifo_base_inst/overflow,logic,1,VCD+WDB,hierarchy,0,0,0,,,0,0,0
/tb_rtds_rx_fifo/U_DUT/U_XPM_FIFO_ASYNC/gnuram_async_fifo.xpm_fifo_base_inst/wr_rst_busy,logic,1,VCD+WDB,hierarchy,0,0,2,3200,259200,0,1,0
/tb_rtds_rx_fifo/U_DUT/U_XPM_FIFO_ASYNC/gnuram_async_fifo.xpm_fifo_base_inst/almost_full,logic,1,VCD+WDB,hierarchy,0,0,0,,,0,0,0
/tb_rtds_rx_fifo/U_DUT/U_XPM_FIFO_ASYNC/gnuram_async_fifo.xpm_fifo_base_inst/wr_ack,logic,1,VCD+WDB,hierarchy,0,0,0,,,0,0,0
/tb_rtds_rx_fifo/U_DUT/U_XPM_FIFO_ASYNC/gnuram_async_fifo.xpm_fifo_base_inst/rd_clk,logic,1,VCD+WDB,hierarchy,0,1,395,2000,790000,0,1,0
/tb_rtds_rx_fifo/U_DUT/U_XPM_FIFO_ASYNC/gnuram_async_fifo.xpm_fifo_base_inst/rd_en,logic,1,VCD+WDB,hierarchy,0,1,3,678000,786000,0,1,0
/tb_rtds_rx_fifo/U_DUT/U_XPM_FIFO_ASYNC/gnuram_async_fifo.xpm_fifo_base_inst/dout,array,64,VCD+WDB,hierarchy,0,1001011010000010001001101011011100000000000000000000000001100011,18,334000,786000,0,12580584273754456064,0
/tb_rtds_rx_fifo/U_DUT/U_XPM_FIFO_ASYNC/gnuram_async_fifo.xpm_fifo_base_inst/empty,logic,1,VCD+WDB,hierarchy,1,1,4,334000,790000,0,1,0
/tb_rtds_rx_fifo/U_DUT/U_XPM_FIFO_ASYNC/gnuram_async_fifo.xpm_fifo_base_inst/prog_empty,logic,1,VCD+WDB,hierarchy,1,1,2,394000,730000,0,1,0
/tb_rtds_rx_fifo/U_DUT/U_XPM_FIFO_ASYNC/gnuram_async_fifo.xpm_fifo_base_inst/rd_data_count,array,5,VCD+WDB,hierarchy,x,1,36,2000,786000,0,17,1
/tb_rtds_rx_fifo/U_DUT/U_XPM_FIFO_ASYNC/gnuram_async_fifo.xpm_fifo_base_inst/underflow,logic,1,VCD+WDB,hierarchy,0,0,0,,,0,0,0
/tb_rtds_rx_fifo/U_DUT/U_XPM_FIFO_ASYNC/gnuram_async_fifo.xpm_fifo_base_inst/rd_rst_busy,logic,1,VCD+WDB,hierarchy,0,0,4,110000,222000,0,1,0
/tb_rtds_rx_fifo/U_DUT/U_XPM_FIFO_ASYNC/gnuram_async_fifo.xpm_fifo_base_inst/almost_empty,logic,1,VCD+WDB,hierarchy,0,0,0,,,0,0,0
/tb_rtds_rx_fifo/U_DUT/U_XPM_FIFO_ASYNC/gnuram_async_fifo.xpm_fifo_base_inst/data_valid,logic,1,VCD+WDB,hierarchy,0,0,0,,,0,0,0
/tb_rtds_rx_fifo/U_DUT/U_XPM_FIFO_ASYNC/gnuram_async_fifo.xpm_fifo_base_inst/injectsbiterr,logic,1,VCD+WDB,hierarchy,0,0,0,,,0,0,0
/tb_rtds_rx_fifo/U_DUT/U_XPM_FIFO_ASYNC/gnuram_async_fifo.xpm_fifo_base_inst/injectdbiterr,logic,1,VCD+WDB,hierarchy,0,0,0,,,0,0,0
/tb_rtds_rx_fifo/U_DUT/U_XPM_FIFO_ASYNC/gnuram_async_fifo.xpm_fifo_base_inst/sbiterr,logic,1,VCD+WDB,hierarchy,0,0,0,,,0,0,0
/tb_rtds_rx_fifo/U_DUT/U_XPM_FIFO_ASYNC/gnuram_async_fifo.xpm_fifo_base_inst/dbiterr,logic,1,VCD+WDB,hierarchy,0,0,0,,,0,0,0
/tb_rtds_rx_fifo/U_DUT/U_XPM_FIFO_ASYNC/gnuram_async_fifo.xpm_fifo_base_inst/curr_fwft_state,array,2,VCD+WDB,hierarchy,0,0,8,330000,790000,0,3,0
/tb_rtds_rx_fifo/U_DUT/U_XPM_FIFO_ASYNC/gnuram_async_fifo.xpm_fifo_base_inst/next_fwft_state,array,2,VCD+WDB,hierarchy,0,0,8,326000,786000,0,3,0
/tb_rtds_rx_fifo/U_DUT/U_XPM_FIFO_ASYNC/gnuram_async_fifo.xpm_fifo_base_inst/wrst_busy,logic,1,VCD+WDB,hierarchy,0,0,2,3200,252800,0,1,0
/tb_rtds_rx_fifo/U_DUT/U_XPM_FIFO_ASYNC/gnuram_async_fifo.xpm_fifo_base_inst/wr_pntr,array,4,VCD+WDB,hierarchy,0,10,18,304000,758400,0,15,0
/tb_rtds_rx_fifo/U_DUT/U_XPM_FIFO_ASYNC/gnuram_async_fifo.xpm_fifo_base_inst/wr_pntr_ext,array,5,VCD+WDB,hierarchy,0,10010,18,304000,758400,0,18,0
/tb_rtds_rx_fifo/U_DUT/U_XPM_FIFO_ASYNC/gnuram_async_fifo.xpm_fifo_base_inst/wr_pntr_rd_cdc,array,4,VCD+WDB,hierarchy,0,10,18,318000,770000,0,15,0
/tb_rtds_rx_fifo/U_DUT/U_XPM_FIFO_ASYNC/gnuram_async_fifo.xpm_fifo_base_inst/wr_pntr_rd_cdc_dc,array,5,VCD+WDB,hierarchy,0,10010,18,326000,778000,0,18,0
/tb_rtds_rx_fifo/U_DUT/U_XPM_FIFO_ASYNC/gnuram_async_fifo.xpm_fifo_base_inst/wr_pntr_rd,array,4,VCD+WDB,hierarchy,0,10,18,322000,774000,0,15,0
/tb_rtds_rx_fifo/U_DUT/U_XPM_FIFO_ASYNC/gnuram_async_fifo.xpm_fifo_base_inst/wr_pntr_rd_dc,array,5,VCD+WDB,hierarchy,0,10010,18,330000,782000,0,18,0
/tb_rtds_rx_fifo/U_DUT/U_XPM_FIFO_ASYNC/gnuram_async_fifo.xpm_fifo_base_inst/rd_pntr_wr_adj,array,4,VCD+WDB,hierarchy,0,1,12,348800,758400,0,14,0
/tb_rtds_rx_fifo/U_DUT/U_XPM_FIFO_ASYNC/gnuram_async_fifo.xpm_fifo_base_inst/rd_pntr_wr_adj_dc,array,5,VCD+WDB,hierarchy,0,10001,11,700800,764800,0,17,0
/tb_rtds_rx_fifo/U_DUT/U_XPM_FIFO_ASYNC/gnuram_async_fifo.xpm_fifo_base_inst/wr_pntr_plus1,array,4,VCD+WDB,hierarchy,1,11,18,304000,758400,0,15,0
/tb_rtds_rx_fifo/U_DUT/U_XPM_FIFO_ASYNC/gnuram_async_fifo.xpm_fifo_base_inst/wr_pntr_plus2,array,4,VCD+WDB,hierarchy,10,100,18,304000,758400,0,15,0
/tb_rtds_rx_fifo/U_DUT/U_XPM_FIFO_ASYNC/gnuram_async_fifo.xpm_fifo_base_inst/wr_pntr_plus3,array,4,VCD+WDB,hierarchy,z,z,0,,,,,1
/tb_rtds_rx_fifo/U_DUT/U_XPM_FIFO_ASYNC/gnuram_async_fifo.xpm_fifo_base_inst/wr_pntr_plus1_pf,array,5,VCD+WDB,hierarchy,10,110,36,297600,758400,0,31,0
/tb_rtds_rx_fifo/U_DUT/U_XPM_FIFO_ASYNC/gnuram_async_fifo.xpm_fifo_base_inst/rd_pntr_wr_adj_inv_pf,array,5,VCD+WDB,hierarchy,11110,11100,44,297600,758400,2,31,0
/tb_rtds_rx_fifo/U_DUT/U_XPM_FIFO_ASYNC/gnuram_async_fifo.xpm_fifo_base_inst/diff_pntr_pf_q,array,5,VCD+WDB,hierarchy,0,10,25,304000,764800,0,30,0
/tb_rtds_rx_fifo/U_DUT/U_XPM_FIFO_ASYNC/gnuram_async_fifo.xpm_fifo_base_inst/diff_pntr_pf,array,4,VCD+WDB,hierarchy,0,1,25,304000,764800,0,15,0
/tb_rtds_rx_fifo/U_DUT/U_XPM_FIFO_ASYNC/gnuram_async_fifo.xpm_fifo_base_inst/rd_pntr,array,4,VCD+WDB,hierarchy,0,10,18,330000,782000,0,15,0
/tb_rtds_rx_fifo/U_DUT/U_XPM_FIFO_ASYNC/gnuram_async_fifo.xpm_fifo_base_inst/rd_pntr_ext,array,5,VCD+WDB,hierarchy,0,10010,18,330000,782000,0,18,0
/tb_rtds_rx_fifo/U_DUT/U_XPM_FIFO_ASYNC/gnuram_async_fifo.xpm_fifo_base_inst/rd_pntr_wr_cdc,array,4,VCD+WDB,hierarchy,0,1,12,342400,752000,0,14,0
/tb_rtds_rx_fifo/U_DUT/U_XPM_FIFO_ASYNC/gnuram_async_fifo.xpm_fifo_base_inst/rd_pntr_wr,array,4,VCD+WDB,hierarchy,0,1,12,348800,758400,0,14,0
/tb_rtds_rx_fifo/U_DUT/U_XPM_FIFO_ASYNC/gnuram_async_fifo.xpm_fifo_base_inst/rd_pntr_wr_cdc_dc,array,5,VCD+WDB,hierarchy,0,10001,11,694400,758400,0,17,0
/tb_rtds_rx_fifo/U_DUT/U_XPM_FIFO_ASYNC/gnuram_async_fifo.xpm_fifo_base_inst/rd_pntr_wr_dc,array,5,VCD+WDB,hierarchy,0,10001,11,700800,764800,0,17,0
/tb_rtds_rx_fifo/U_DUT/U_XPM_FIFO_ASYNC/gnuram_async_fifo.xpm_fifo_base_inst/wr_pntr_rd_adj,array,4,VCD+WDB,hierarchy,0,10,18,322000,774000,0,15,0
/tb_rtds_rx_fifo/U_DUT/U_XPM_FIFO_ASYNC/gnuram_async_fifo.xpm_fifo_base_inst/wr_pntr_rd_adj_dc,array,5,VCD+WDB,hierarchy,0,10010,18,330000,782000,0,18,0
/tb_rtds_rx_fifo/U_DUT/U_XPM_FIFO_ASYNC/gnuram_async_fifo.xpm_fifo_base_inst/rd_pntr_plus1,array,4,VCD+WDB,hierarchy,1,11,18,330000,782000,0,15,0
/tb_rtds_rx_fifo/U_DUT/U_XPM_FIFO_ASYNC/gnuram_async_fifo.xpm_fifo_base_inst/rd_pntr_plus2,array,4,VCD+WDB,hierarchy,z,z,0,,,,,1
/tb_rtds_rx_fifo/U_DUT/U_XPM_FIFO_ASYNC/gnuram_async_fifo.xpm_fifo_base_inst/invalid_state,logic,1,VCD+WDB,hierarchy,1,1,4,330000,790000,0,1,0
/tb_rtds_rx_fifo/U_DUT/U_XPM_FIFO_ASYNC/gnuram_async_fifo.xpm_fifo_base_inst/valid_fwft,logic,1,VCD+WDB,hierarchy,0,1,3,334000,786000,0,1,0
/tb_rtds_rx_fifo/U_DUT/U_XPM_FIFO_ASYNC/gnuram_async_fifo.xpm_fifo_base_inst/ram_valid_fwft,logic,1,VCD+WDB,hierarchy,0,0,6,330000,786000,0,1,0
/tb_rtds_rx_fifo/U_DUT/U_XPM_FIFO_ASYNC/gnuram_async_fifo.xpm_fifo_base_inst/going_empty,logic,1,VCD+WDB,hierarchy,0,0,8,326000,782000,0,1,0
/tb_rtds_rx_fifo/U_DUT/U_XPM_FIFO_ASYNC/gnuram_async_fifo.xpm_fifo_base_inst/leaving_empty,logic,1,VCD+WDB,hierarchy,1,1,8,322000,782000,0,1,0
/tb_rtds_rx_fifo/U_DUT/U_XPM_FIFO_ASYNC/gnuram_async_fifo.xpm_fifo_base_inst/going_aempty,logic,1,VCD+WDB,hierarchy,0,0,8,326000,782000,0,0,4
/tb_rtds_rx_fifo/U_DUT/U_XPM_FIFO_ASYNC/gnuram_async_fifo.xpm_fifo_base_inst/leaving_aempty,logic,1,VCD+WDB,hierarchy,0,0,10,322000,782000,0,1,0
/tb_rtds_rx_fifo/U_DUT/U_XPM_FIFO_ASYNC/gnuram_async_fifo.xpm_fifo_base_inst/ram_empty_i,logic,1,VCD+WDB,hierarchy,1,1,8,326000,782000,0,1,0
/tb_rtds_rx_fifo/U_DUT/U_XPM_FIFO_ASYNC/gnuram_async_fifo.xpm_fifo_base_inst/ram_aempty_i,logic,1,VCD+WDB,hierarchy,1,1,0,,,1,1,0
/tb_rtds_rx_fifo/U_DUT/U_XPM_FIFO_ASYNC/gnuram_async_fifo.xpm_fifo_base_inst/empty_i,logic,1,VCD+WDB,hierarchy,1,1,4,334000,790000,0,1,0
/tb_rtds_rx_fifo/U_DUT/U_XPM_FIFO_ASYNC/gnuram_async_fifo.xpm_fifo_base_inst/going_full,logic,1,VCD+WDB,hierarchy,0,0,2,502400,508800,0,1,0
/tb_rtds_rx_fifo/U_DUT/U_XPM_FIFO_ASYNC/gnuram_async_fifo.xpm_fifo_base_inst/leaving_full,logic,1,VCD+WDB,hierarchy,0,0,2,508800,700800,0,1,0
/tb_rtds_rx_fifo/U_DUT/U_XPM_FIFO_ASYNC/gnuram_async_fifo.xpm_fifo_base_inst/going_afull,logic,1,VCD+WDB,hierarchy,0,0,36,297600,758400,0,0,18
/tb_rtds_rx_fifo/U_DUT/U_XPM_FIFO_ASYNC/gnuram_async_fifo.xpm_fifo_base_inst/leaving_afull,logic,1,VCD+WDB,hierarchy,0,0,4,496000,707200,0,1,0
/tb_rtds_rx_fifo/U_DUT/U_XPM_FIFO_ASYNC/gnuram_async_fifo.xpm_fifo_base_inst/prog_full_i,logic,1,VCD+WDB,hierarchy,0,0,2,438400,739200,0,1,0
/tb_rtds_rx_fifo/U_DUT/U_XPM_FIFO_ASYNC/gnuram_async_fifo.xpm_fifo_base_inst/ram_full_i,logic,1,VCD+WDB,hierarchy,0,0,2,508800,707200,0,1,0
/tb_rtds_rx_fifo/U_DUT/U_XPM_FIFO_ASYNC/gnuram_async_fifo.xpm_fifo_base_inst/ram_afull_i,logic,1,VCD+WDB,hierarchy,0,0,0,,,0,0,0
/tb_rtds_rx_fifo/U_DUT/U_XPM_FIFO_ASYNC/gnuram_async_fifo.xpm_fifo_base_inst/ram_full_n,logic,1,VCD+WDB,hierarchy,1,1,2,508800,707200,0,1,0
/tb_rtds_rx_fifo/U_DUT/U_XPM_FIFO_ASYNC/gnuram_async_fifo.xpm_fifo_base_inst/ram_wr_en_i,logic,1,VCD+WDB,hierarchy,0,0,36,297600,758400,0,1,0
/tb_rtds_rx_fifo/U_DUT/U_XPM_FIFO_ASYNC/gnuram_async_fifo.xpm_fifo_base_inst/ram_rd_en_i,logic,1,VCD+WDB,hierarchy,0,0,8,326000,782000,0,1,0
/tb_rtds_rx_fifo/U_DUT/U_XPM_FIFO_ASYNC/gnuram_async_fifo.xpm_fifo_base_inst/wr_ack_i,logic,1,VCD+WDB,hierarchy,0,0,0,,,0,0,0
/tb_rtds_rx_fifo/U_DUT/U_XPM_FIFO_ASYNC/gnuram_async_fifo.xpm_fifo_base_inst/rd_en_i,logic,1,VCD+WDB,hierarchy,0,0,8,326000,782000,0,1,0
/tb_rtds_rx_fifo/U_DUT/U_XPM_FIFO_ASYNC/gnuram_async_fifo.xpm_fifo_base_inst/rd_en_fwft,logic,1,VCD+WDB,hierarchy,0,0,8,326000,782000,0,1,0
/tb_rtds_rx_fifo/U_DUT/U_XPM_FIFO_ASYNC/gnuram_async_fifo.xpm_fifo_base_inst/ram_regce,logic,1,VCD+WDB,hierarchy,0,0,6,330000,786000,0,1,0
/tb_rtds_rx_fifo/U_DUT/U_XPM_FIFO_ASYNC/gnuram_async_fifo.xpm_fifo_base_inst/ram_regce_pipe,logic,1,VCD+WDB,hierarchy,0,0,0,,,0,0,0
/tb_rtds_rx_fifo/U_DUT/U_XPM_FIFO_ASYNC/gnuram_async_fifo.xpm_fifo_base_inst/dout_i,array,64,VCD+WDB,hierarchy,0,1001011010000010001001101011011100000000000000000000000001100011,18,334000,786000,0,12580584273754456064,0
/tb_rtds_rx_fifo/U_DUT/U_XPM_FIFO_ASYNC/gnuram_async_fifo.xpm_fifo_base_inst/empty_fwft_i,logic,1,VCD+WDB,hierarchy,1,1,4,334000,790000,0,1,0
/tb_rtds_rx_fifo/U_DUT/U_XPM_FIFO_ASYNC/gnuram_async_fifo.xpm_fifo_base_inst/aempty_fwft_i,logic,1,VCD+WDB,hierarchy,1,1,0,,,1,1,0
/tb_rtds_rx_fifo/U_DUT/U_XPM_FIFO_ASYNC/gnuram_async_fifo.xpm_fifo_base_inst/empty_fwft_fb,logic,1,VCD+WDB,hierarchy,1,1,4,334000,790000,0,1,0
/tb_rtds_rx_fifo/U_DUT/U_XPM_FIFO_ASYNC/gnuram_async_fifo.xpm_fifo_base_inst/overflow_i,logic,1,VCD+WDB,hierarchy,0,0,0,,,0,0,0
/tb_rtds_rx_fifo/U_DUT/U_XPM_FIFO_ASYNC/gnuram_async_fifo.xpm_fifo_base_inst/underflow_i,logic,1,VCD+WDB,hierarchy,0,0,0,,,0,0,0
/tb_rtds_rx_fifo/U_DUT/U_XPM_FIFO_ASYNC/gnuram_async_fifo.xpm_fifo_base_inst/data_valid_fwft,logic,1,VCD+WDB,hierarchy,0,0,0,,,0,0,0
/tb_rtds_rx_fifo/U_DUT/U_XPM_FIFO_ASYNC/gnuram_async_fifo.xpm_fifo_base_inst/data_valid_std,logic,1,VCD+WDB,hierarchy,0,0,0,,,0,0,0
/tb_rtds_rx_fifo/U_DUT/U_XPM_FIFO_ASYNC/gnuram_async_fifo.xpm_fifo_base_inst/data_vld_std,logic,1,VCD+WDB,hierarchy,z,z,0,,,,,1
/tb_rtds_rx_fifo/U_DUT/U_XPM_FIFO_ASYNC/gnuram_async_fifo.xpm_fifo_base_inst/wrp_gt_rdp_and_red,logic,1,VCD+WDB,hierarchy,z,z,0,,,,,1
/tb_rtds_rx_fifo/U_DUT/U_XPM_FIFO_ASYNC/gnuram_async_fifo.xpm_fifo_base_inst/wrp_lt_rdp_and_red,logic,1,VCD+WDB,hierarchy,z,z,0,,,,,1
/tb_rtds_rx_fifo/U_DUT/U_XPM_FIFO_ASYNC/gnuram_async_fifo.xpm_fifo_base_inst/ram_wr_en_pf_q,logic,1,VCD+WDB,hierarchy,0,0,0,,,0,0,0
/tb_rtds_rx_fifo/U_DUT/U_XPM_FIFO_ASYNC/gnuram_async_fifo.xpm_fifo_base_inst/ram_rd_en_pf_q,logic,1,VCD+WDB,hierarchy,0,0,0,,,0,0,0
/tb_rtds_rx_fifo/U_DUT/U_XPM_FIFO_ASYNC/gnuram_async_fifo.xpm_fifo_base_inst/ram_wr_en_pf,logic,1,VCD+WDB,hierarchy,z,z,0,,,,,1
/tb_rtds_rx_fifo/U_DUT/U_XPM_FIFO_ASYNC/gnuram_async_fifo.xpm_fifo_base_inst/ram_rd_en_pf,logic,1,VCD+WDB,hierarchy,z,z,0,,,,,1
/tb_rtds_rx_fifo/U_DUT/U_XPM_FIFO_ASYNC/gnuram_async_fifo.xpm_fifo_base_inst/wr_pntr_plus1_pf_carry,logic,1,VCD+WDB,hierarchy,0,0,36,297600,758400,0,1,0
/tb_rtds_rx_fifo/U_DUT/U_XPM_FIFO_ASYNC/gnuram_async_fifo.xpm_fifo_base_inst/rd_pntr_wr_adj_pf_carry,logic,1,VCD+WDB,hierarchy,0,0,36,297600,758400,0,1,0
/tb_rtds_rx_fifo/U_DUT/U_XPM_FIFO_ASYNC/gnuram_async_fifo.xpm_fifo_base_inst/write_allow,logic,1,VCD+WDB,hierarchy,z,z,0,,,,,1
/tb_rtds_rx_fifo/U_DUT/U_XPM_FIFO_ASYNC/gnuram_async_fifo.xpm_fifo_base_inst/read_allow,logic,1,VCD+WDB,hierarchy,z,z,0,,,,,1
/tb_rtds_rx_fifo/U_DUT/U_XPM_FIFO_ASYNC/gnuram_async_fifo.xpm_fifo_base_inst/read_only,logic,1,VCD+WDB,hierarchy,z,z,0,,,,,1
/tb_rtds_rx_fifo/U_DUT/U_XPM_FIFO_ASYNC/gnuram_async_fifo.xpm_fifo_base_inst/write_only,logic,1,VCD+WDB,hierarchy,z,z,0,,,,,1
/tb_rtds_rx_fifo/U_DUT/U_XPM_FIFO_ASYNC/gnuram_async_fifo.xpm_fifo_base_inst/write_only_q,logic,1,VCD+WDB,hierarchy,x,x,0,,,,,1
/tb_rtds_rx_fifo/U_DUT/U_XPM_FIFO_ASYNC/gnuram_async_fifo.xpm_fifo_base_inst/read_only_q,logic,1,VCD+WDB,hierarchy,x,x,0,,,,,1
/tb_rtds_rx_fifo/U_DUT/U_XPM_FIFO_ASYNC/gnuram_async_fifo.xpm_fifo_base_inst/diff_pntr_pe_reg1,array,4,VCD+WDB,hierarchy,x,x,0,,,,,1
/tb_rtds_rx_fifo/U_DUT/U_XPM_FIFO_ASYNC/gnuram_async_fifo.xpm_fifo_base_inst/diff_pntr_pe_reg2,array,4,VCD+WDB,hierarchy,x,x,0,,,,,1
/tb_rtds_rx_fifo/U_DUT/U_XPM_FIFO_ASYNC/gnuram_async_fifo.xpm_fifo_base_inst/diff_pntr_pe,array,4,VCD+WDB,hierarchy,0,0,36,326000,782000,0,15,0
/tb_rtds_rx_fifo/U_DUT/U_XPM_FIFO_ASYNC/gnuram_async_fifo.xpm_fifo_base_inst/prog_empty_i,logic,1,VCD+WDB,hierarchy,1,1,2,394000,730000,0,1,0
/tb_rtds_rx_fifo/U_DUT/U_XPM_FIFO_ASYNC/gnuram_async_fifo.xpm_fifo_base_inst/ram_empty_i_d1,logic,1,VCD+WDB,hierarchy,1,1,0,,,1,1,0
/tb_rtds_rx_fifo/U_DUT/U_XPM_FIFO_ASYNC/gnuram_async_fifo.xpm_fifo_base_inst/fe_of_empty,logic,1,VCD+WDB,hierarchy,z,z,0,,,,,1
/tb_rtds_rx_fifo/U_DUT/U_XPM_FIFO_ASYNC/gnuram_async_fifo.xpm_fifo_base_inst/wr_en_i,logic,1,VCD+WDB,hierarchy,z,z,0,,,,,1
/tb_rtds_rx_fifo/U_DUT/U_XPM_FIFO_ASYNC/gnuram_async_fifo.xpm_fifo_base_inst/wr_rst_i,logic,1,VCD+WDB,hierarchy,0,0,2,3200,252800,0,1,0
/tb_rtds_rx_fifo/U_DUT/U_XPM_FIFO_ASYNC/gnuram_async_fifo.xpm_fifo_base_inst/rd_rst_i,logic,1,VCD+WDB,hierarchy,0,0,4,110000,222000,0,1,0
/tb_rtds_rx_fifo/U_DUT/U_XPM_FIFO_ASYNC/gnuram_async_fifo.xpm_fifo_base_inst/rd_rst_d2,logic,1,VCD+WDB,hierarchy,0,0,0,,,0,0,0
/tb_rtds_rx_fifo/U_DUT/U_XPM_FIFO_ASYNC/gnuram_async_fifo.xpm_fifo_base_inst/rst_d1,logic,1,VCD+WDB,hierarchy,0,0,2,9600,259200,0,1,0
/tb_rtds_rx_fifo/U_DUT/U_XPM_FIFO_ASYNC/gnuram_async_fifo.xpm_fifo_base_inst/rst_d2,logic,1,VCD+WDB,hierarchy,0,0,2,16000,265600,0,1,0
/tb_rtds_rx_fifo/U_DUT/U_XPM_FIFO_ASYNC/gnuram_async_fifo.xpm_fifo_base_inst/clr_full,logic,1,VCD+WDB,hierarchy,0,0,2,252800,259200,0,1,0
/tb_rtds_rx_fifo/U_DUT/U_XPM_FIFO_ASYNC/gnuram_async_fifo.xpm_fifo_base_inst/empty_fwft_d1,logic,1,VCD+WDB,hierarchy,0,1,3,334000,786000,0,1,0
/tb_rtds_rx_fifo/U_DUT/U_XPM_FIFO_ASYNC/gnuram_async_fifo.xpm_fifo_base_inst/leaving_empty_fwft_fe,logic,1,VCD+WDB,hierarchy,z,z,0,,,,,1
/tb_rtds_rx_fifo/U_DUT/U_XPM_FIFO_ASYNC/gnuram_async_fifo.xpm_fifo_base_inst/leaving_empty_fwft_re,logic,1,VCD+WDB,hierarchy,z,z,0,,,,,1
/tb_rtds_rx_fifo/U_DUT/U_XPM_FIFO_ASYNC/gnuram_async_fifo.xpm_fifo_base_inst/le_fwft_re,logic,1,VCD+WDB,hierarchy,z,z,0,,,,,1
/tb_rtds_rx_fifo/U_DUT/U_XPM_FIFO_ASYNC/gnuram_async_fifo.xpm_fifo_base_inst/le_fwft_fe,logic,1,VCD+WDB,hierarchy,z,z,0,,,,,1
/tb_rtds_rx_fifo/U_DUT/U_XPM_FIFO_ASYNC/gnuram_async_fifo.xpm_fifo_base_inst/extra_words_fwft,array,2,VCD+WDB,hierarchy,0,0,6,330000,790000,0,2,0
/tb_rtds_rx_fifo/U_DUT/U_XPM_FIFO_ASYNC/gnuram_async_fifo.xpm_fifo_base_inst/le_fwft_re_wr,logic,1,VCD+WDB,hierarchy,z,z,0,,,,,1
/tb_rtds_rx_fifo/U_DUT/U_XPM_FIFO_ASYNC/gnuram_async_fifo.xpm_fifo_base_inst/le_fwft_fe_wr,logic,1,VCD+WDB,hierarchy,z,z,0,,,,,1
/tb_rtds_rx_fifo/U_DUT/U_XPM_FIFO_ASYNC/gnuram_async_fifo.xpm_fifo_base_inst/gen_sdpram.rst_int,logic,1,VCD+WDB,hierarchy,0,0,4,110000,222000,0,1,0
/tb_rtds_rx_fifo/U_DUT/U_XPM_FIFO_ASYNC/gnuram_async_fifo.xpm_fifo_base_inst/gen_fwft.next_fwft_state_d1,logic,1,VCD+WDB,hierarchy,0,1,3,334000,786000,0,1,0
/tb_rtds_rx_fifo/U_DUT/U_XPM_FIFO_ASYNC/gnuram_async_fifo.xpm_fifo_base_inst/gen_fwft.ram_regout_en,logic,1,VCD+WDB,hierarchy,0,0,6,330000,786000,0,1,0
/tb_rtds_rx_fifo/U_DUT/U_XPM_FIFO_ASYNC/gnuram_async_fifo.xpm_fifo_base_inst/gen_fwft.going_empty_fwft,logic,1,VCD+WDB,hierarchy,0,0,4,742000,790000,0,1,0
/tb_rtds_rx_fifo/U_DUT/U_XPM_FIFO_ASYNC/gnuram_async_fifo.xpm_fifo_base_inst/gen_fwft.leaving_empty_fwft,logic,1,VCD+WDB,hierarchy,0,0,4,330000,786000,0,1,0
/tb_rtds_rx_fifo/U_DUT/U_XPM_FIFO_ASYNC/gnuram_async_fifo.xpm_fifo_base_inst/gen_fwft.ge_fwft_d1,logic,1,VCD+WDB,hierarchy,0,0,2,746000,750000,0,1,0
/tb_rtds_rx_fifo/U_DUT/U_XPM_FIFO_ASYNC/gnuram_async_fifo.xpm_fifo_base_inst/gen_fwft.count_up,logic,1,VCD+WDB,hierarchy,0,0,6,326000,782000,0,1,0
/tb_rtds_rx_fifo/U_DUT/U_XPM_FIFO_ASYNC/gnuram_async_fifo.xpm_fifo_base_inst/gen_fwft.count_down,logic,1,VCD+WDB,hierarchy,0,0,4,738000,790000,0,1,0
/tb_rtds_rx_fifo/U_DUT/U_XPM_FIFO_ASYNC/gnuram_async_fifo.xpm_fifo_base_inst/gen_fwft.count_en,logic,1,VCD+WDB,hierarchy,0,0,10,326000,790000,0,1,0
/tb_rtds_rx_fifo/U_DUT/U_XPM_FIFO_ASYNC/gnuram_async_fifo.xpm_fifo_base_inst/gen_fwft.count_rst,logic,1,VCD+WDB,hierarchy,1,1,4,326000,790000,0,1,0
/tb_rtds_rx_fifo/U_DUT/U_XPM_FIFO_ASYNC/gnuram_async_fifo.xpm_fifo_base_inst/gwdc.wr_data_count_i,array,5,VCD+WDB,hierarchy,x,1,28,3200,771200,0,17,1
/tb_rtds_rx_fifo/U_DUT/U_XPM_FIFO_ASYNC/gnuram_async_fifo.xpm_fifo_base_inst/gwdc.diff_wr_rd_pntr,array,5,VCD+WDB,hierarchy,0,1,27,304000,764800,0,17,0
/tb_rtds_rx_fifo/U_DUT/U_XPM_FIFO_ASYNC/gnuram_async_fifo.xpm_fifo_base_inst/grdc.rd_data_count_i,array,5,VCD+WDB,hierarchy,x,1,36,2000,786000,0,17,1
/tb_rtds_rx_fifo/U_DUT/U_XPM_FIFO_ASYNC/gnuram_async_fifo.xpm_fifo_base_inst/grdc.diff_wr_rd_pntr_rdc,array,5,VCD+WDB,hierarchy,0,0,36,330000,790000,0,17,0
/tb_rtds_rx_fifo/U_DUT/U_XPM_FIFO_ASYNC/gnuram_async_fifo.xpm_fifo_base_inst/COMMON_CLOCK,array,0,VCD+WDB,hierarchy,0,0,0,,,0,0,0
/tb_rtds_rx_fifo/U_DUT/U_XPM_FIFO_ASYNC/gnuram_async_fifo.xpm_fifo_base_inst/RELATED_CLOCKS,array,0,VCD+WDB,hierarchy,0,0,0,,,0,0,0
/tb_rtds_rx_fifo/U_DUT/U_XPM_FIFO_ASYNC/gnuram_async_fifo.xpm_fifo_base_inst/FIFO_MEMORY_TYPE,array,0,VCD+WDB,hierarchy,10,10,0,,,2,2,0
/tb_rtds_rx_fifo/U_DUT/U_XPM_FIFO_ASYNC/gnuram_async_fifo.xpm_fifo_base_inst/ECC_MODE,array,0,VCD+WDB,hierarchy,0,0,0,,,0,0,0
/tb_rtds_rx_fifo/U_DUT/U_XPM_FIFO_ASYNC/gnuram_async_fifo.xpm_fifo_base_inst/SIM_ASSERT_CHK,array,0,VCD+WDB,hierarchy,0,0,0,,,0,0,0
/tb_rtds_rx_fifo/U_DUT/U_XPM_FIFO_ASYNC/gnuram_async_fifo.xpm_fifo_base_inst/CASCADE_HEIGHT,array,0,VCD+WDB,hierarchy,0,0,0,,,0,0,0
/tb_rtds_rx_fifo/U_DUT/U_XPM_FIFO_ASYNC/gnuram_async_fifo.xpm_fifo_base_inst/FIFO_WRITE_DEPTH,array,0,VCD+WDB,hierarchy,10000,10000,0,,,16,16,0
/tb_rtds_rx_fifo/U_DUT/U_XPM_FIFO_ASYNC/gnuram_async_fifo.xpm_fifo_base_inst/WRITE_DATA_WIDTH,array,0,VCD+WDB,hierarchy,1000000,1000000,0,,,64,64,0
/tb_rtds_rx_fifo/U_DUT/U_XPM_FIFO_ASYNC/gnuram_async_fifo.xpm_fifo_base_inst/WR_DATA_COUNT_WIDTH,array,0,VCD+WDB,hierarchy,101,101,0,,,5,5,0
/tb_rtds_rx_fifo/U_DUT/U_XPM_FIFO_ASYNC/gnuram_async_fifo.xpm_fifo_base_inst/PROG_FULL_THRESH,array,0,VCD+WDB,hierarchy,1011,1011,0,,,11,11,0
/tb_rtds_rx_fifo/U_DUT/U_XPM_FIFO_ASYNC/gnuram_async_fifo.xpm_fifo_base_inst/USE_ADV_FEATURES,array,32,VCD+WDB,hierarchy,110000001101110011000000110111,110000001101110011000000110111,0,,,808923191,808923191,0
/tb_rtds_rx_fifo/U_DUT/U_XPM_FIFO_ASYNC/gnuram_async_fifo.xpm_fifo_base_inst/READ_MODE,array,32,VCD+WDB,hierarchy,1,1,0,,,1,1,0
/tb_rtds_rx_fifo/U_DUT/U_XPM_FIFO_ASYNC/gnuram_async_fifo.xpm_fifo_base_inst/FIFO_READ_LATENCY,array,32,VCD+WDB,hierarchy,0,0,0,,,0,0,0
/tb_rtds_rx_fifo/U_DUT/U_XPM_FIFO_ASYNC/gnuram_async_fifo.xpm_fifo_base_inst/READ_DATA_WIDTH,array,0,VCD+WDB,hierarchy,1000000,1000000,0,,,64,64,0
/tb_rtds_rx_fifo/U_DUT/U_XPM_FIFO_ASYNC/gnuram_async_fifo.xpm_fifo_base_inst/RD_DATA_COUNT_WIDTH,array,0,VCD+WDB,hierarchy,101,101,0,,,5,5,0
/tb_rtds_rx_fifo/U_DUT/U_XPM_FIFO_ASYNC/gnuram_async_fifo.xpm_fifo_base_inst/PROG_EMPTY_THRESH,array,0,VCD+WDB,hierarchy,101,101,0,,,5,5,0
/tb_rtds_rx_fifo/U_DUT/U_XPM_FIFO_ASYNC/gnuram_async_fifo.xpm_fifo_base_inst/DOUT_RESET_VALUE,array,8,VCD+WDB,hierarchy,110000,110000,0,,,48,48,0
/tb_rtds_rx_fifo/U_DUT/U_XPM_FIFO_ASYNC/gnuram_async_fifo.xpm_fifo_base_inst/CDC_DEST_SYNC_FF,array,0,VCD+WDB,hierarchy,10,10,0,,,2,2,0
/tb_rtds_rx_fifo/U_DUT/U_XPM_FIFO_ASYNC/gnuram_async_fifo.xpm_fifo_base_inst/FULL_RESET_VALUE,array,0,VCD+WDB,hierarchy,0,0,0,,,0,0,0
/tb_rtds_rx_fifo/U_DUT/U_XPM_FIFO_ASYNC/gnuram_async_fifo.xpm_fifo_base_inst/REMOVE_WR_RD_PROT_LOGIC,array,0,VCD+WDB,hierarchy,0,0,0,,,0,0,0
/tb_rtds_rx_fifo/U_DUT/U_XPM_FIFO_ASYNC/gnuram_async_fifo.xpm_fifo_base_inst/WAKEUP_TIME,array,0,VCD+WDB,hierarchy,0,0,0,,,0,0,0
/tb_rtds_rx_fifo/U_DUT/U_XPM_FIFO_ASYNC/gnuram_async_fifo.xpm_fifo_base_inst/VERSION,array,0,VCD+WDB,hierarchy,0,0,0,,,0,0,0
/tb_rtds_rx_fifo/U_DUT/U_XPM_FIFO_ASYNC/gnuram_async_fifo.xpm_fifo_base_inst/invalid,array,32,VCD+WDB,hierarchy,0,0,0,,,0,0,0
/tb_rtds_rx_fifo/U_DUT/U_XPM_FIFO_ASYNC/gnuram_async_fifo.xpm_fifo_base_inst/stage1_valid,array,32,VCD+WDB,hierarchy,10,10,0,,,2,2,0
/tb_rtds_rx_fifo/U_DUT/U_XPM_FIFO_ASYNC/gnuram_async_fifo.xpm_fifo_base_inst/stage2_valid,array,32,VCD+WDB,hierarchy,1,1,0,,,1,1,0
/tb_rtds_rx_fifo/U_DUT/U_XPM_FIFO_ASYNC/gnuram_async_fifo.xpm_fifo_base_inst/both_stages_valid,array,32,VCD+WDB,hierarchy,11,11,0,,,3,3,0
/tb_rtds_rx_fifo/U_DUT/U_XPM_FIFO_ASYNC/gnuram_async_fifo.xpm_fifo_base_inst/FIFO_MEM_TYPE,array,32,VCD+WDB,hierarchy,10,10,0,,,2,2,0
/tb_rtds_rx_fifo/U_DUT/U_XPM_FIFO_ASYNC/gnuram_async_fifo.xpm_fifo_base_inst/RD_MODE,array,32,VCD+WDB,hierarchy,1,1,0,,,1,1,0
/tb_rtds_rx_fifo/U_DUT/U_XPM_FIFO_ASYNC/gnuram_async_fifo.xpm_fifo_base_inst/ENABLE_ECC,array,32,VCD+WDB,hierarchy,0,0,0,,,0,0,0
/tb_rtds_rx_fifo/U_DUT/U_XPM_FIFO_ASYNC/gnuram_async_fifo.xpm_fifo_base_inst/FIFO_READ_DEPTH,array,32,VCD+WDB,hierarchy,10000,10000,0,,,16,16,0
/tb_rtds_rx_fifo/U_DUT/U_XPM_FIFO_ASYNC/gnuram_async_fifo.xpm_fifo_base_inst/FIFO_SIZE,array,32,VCD+WDB,hierarchy,10000000000,10000000000,0,,,1024,1024,0
/tb_rtds_rx_fifo/U_DUT/U_XPM_FIFO_ASYNC/gnuram_async_fifo.xpm_fifo_base_inst/WR_WIDTH_LOG,array,32,VCD+WDB,hierarchy,110,110,0,,,6,6,0
/tb_rtds_rx_fifo/U_DUT/U_XPM_FIFO_ASYNC/gnuram_async_fifo.xpm_fifo_base_inst/WR_DEPTH_LOG,array,32,VCD+WDB,hierarchy,100,100,0,,,4,4,0
/tb_rtds_rx_fifo/U_DUT/U_XPM_FIFO_ASYNC/gnuram_async_fifo.xpm_fifo_base_inst/WR_PNTR_WIDTH,array,32,VCD+WDB,hierarchy,100,100,0,,,4,4,0
/tb_rtds_rx_fifo/U_DUT/U_XPM_FIFO_ASYNC/gnuram_async_fifo.xpm_fifo_base_inst/RD_PNTR_WIDTH,array,32,VCD+WDB,hierarchy,100,100,0,,,4,4,0
/tb_rtds_rx_fifo/U_DUT/U_XPM_FIFO_ASYNC/gnuram_async_fifo.xpm_fifo_base_inst/FULL_RST_VAL,logic,0,VCD+WDB,hierarchy,0,0,0,,,0,0,0
/tb_rtds_rx_fifo/U_DUT/U_XPM_FIFO_ASYNC/gnuram_async_fifo.xpm_fifo_base_inst/WR_RD_RATIO,array,32,VCD+WDB,hierarchy,0,0,0,,,0,0,0
/tb_rtds_rx_fifo/U_DUT/U_XPM_FIFO_ASYNC/gnuram_async_fifo.xpm_fifo_base_inst/READ_MODE_LL,array,32,VCD+WDB,hierarchy,1,1,0,,,1,1,0
/tb_rtds_rx_fifo/U_DUT/U_XPM_FIFO_ASYNC/gnuram_async_fifo.xpm_fifo_base_inst/PF_THRESH_ADJ,array,32,VCD+WDB,hierarchy,1001,1001,0,,,9,9,0
/tb_rtds_rx_fifo/U_DUT/U_XPM_FIFO_ASYNC/gnuram_async_fifo.xpm_fifo_base_inst/PE_THRESH_ADJ,array,32,VCD+WDB,hierarchy,11,11,0,,,3,3,0
/tb_rtds_rx_fifo/U_DUT/U_XPM_FIFO_ASYNC/gnuram_async_fifo.xpm_fifo_base_inst/PF_THRESH_MIN,array,32,VCD+WDB,hierarchy,111,111,0,,,7,7,0
/tb_rtds_rx_fifo/U_DUT/U_XPM_FIFO_ASYNC/gnuram_async_fifo.xpm_fifo_base_inst/PF_THRESH_MAX,array,32,VCD+WDB,hierarchy,1011,1011,0,,,11,11,0
/tb_rtds_rx_fifo/U_DUT/U_XPM_FIFO_ASYNC/gnuram_async_fifo.xpm_fifo_base_inst/PE_THRESH_MIN,array,32,VCD+WDB,hierarchy,101,101,0,,,5,5,0
/tb_rtds_rx_fifo/U_DUT/U_XPM_FIFO_ASYNC/gnuram_async_fifo.xpm_fifo_base_inst/PE_THRESH_MAX,array,32,VCD+WDB,hierarchy,1011,1011,0,,,11,11,0
/tb_rtds_rx_fifo/U_DUT/U_XPM_FIFO_ASYNC/gnuram_async_fifo.xpm_fifo_base_inst/WR_DC_WIDTH_EXT,array,32,VCD+WDB,hierarchy,101,101,0,,,5,5,0
/tb_rtds_rx_fifo/U_DUT/U_XPM_FIFO_ASYNC/gnuram_async_fifo.xpm_fifo_base_inst/RD_DC_WIDTH_EXT,array,32,VCD+WDB,hierarchy,101,101,0,,,5,5,0
/tb_rtds_rx_fifo/U_DUT/U_XPM_FIFO_ASYNC/gnuram_async_fifo.xpm_fifo_base_inst/RD_LATENCY,array,32,VCD+WDB,hierarchy,10,10,0,,,2,2,0
/tb_rtds_rx_fifo/U_DUT/U_XPM_FIFO_ASYNC/gnuram_async_fifo.xpm_fifo_base_inst/WIDTH_RATIO,array,32,VCD+WDB,hierarchy,1,1,0,,,1,1,0
/tb_rtds_rx_fifo/U_DUT/U_XPM_FIFO_ASYNC/gnuram_async_fifo.xpm_fifo_base_inst/EN_ADV_FEATURE,array,16,VCD+WDB,hierarchy,11100000111,11100000111,0,,,1799,1799,0
/tb_rtds_rx_fifo/U_DUT/U_XPM_FIFO_ASYNC/gnuram_async_fifo.xpm_fifo_base_inst/EN_OF,logic,0,VCD+WDB,hierarchy,1,1,0,,,1,1,0
/tb_rtds_rx_fifo/U_DUT/U_XPM_FIFO_ASYNC/gnuram_async_fifo.xpm_fifo_base_inst/EN_PF,logic,0,VCD+WDB,hierarchy,1,1,0,,,1,1,0
/tb_rtds_rx_fifo/U_DUT/U_XPM_FIFO_ASYNC/gnuram_async_fifo.xpm_fifo_base_inst/EN_WDC,logic,0,VCD+WDB,hierarchy,1,1,0,,,1,1,0
/tb_rtds_rx_fifo/U_DUT/U_XPM_FIFO_ASYNC/gnuram_async_fifo.xpm_fifo_base_inst/EN_AF,logic,0,VCD+WDB,hierarchy,0,0,0,,,0,0,0
/tb_rtds_rx_fifo/U_DUT/U_XPM_FIFO_ASYNC/gnuram_async_fifo.xpm_fifo_base_inst/EN_WACK,logic,0,VCD+WDB,hierarchy,0,0,0,,,0,0,0
/tb_rtds_rx_fifo/U_DUT/U_XPM_FIFO_ASYNC/gnuram_async_fifo.xpm_fifo_base_inst/FG_EQ_ASYM_DOUT,logic,0,VCD+WDB,hierarchy,0,0,0,,,0,0,0
/tb_rtds_rx_fifo/U_DUT/U_XPM_FIFO_ASYNC/gnuram_async_fifo.xpm_fifo_base_inst/EN_UF,logic,0,VCD+WDB,hierarchy,1,1,0,,,1,1,0
/tb_rtds_rx_fifo/U_DUT/U_XPM_FIFO_ASYNC/gnuram_async_fifo.xpm_fifo_base_inst/EN_PE,logic,0,VCD+WDB,hierarchy,1,1,0,,,1,1,0
/tb_rtds_rx_fifo/U_DUT/U_XPM_FIFO_ASYNC/gnuram_async_fifo.xpm_fifo_base_inst/EN_RDC,logic,0,VCD+WDB,hierarchy,1,1,0,,,1,1,0
/tb_rtds_rx_fifo/U_DUT/U_XPM_FIFO_ASYNC/gnuram_async_fifo.xpm_fifo_base_inst/EN_AE,logic,0,VCD+WDB,hierarchy,0,0,0,,,0,0,0
/tb_rtds_rx_fifo/U_DUT/U_XPM_FIFO_ASYNC/gnuram_async_fifo.xpm_fifo_base_inst/EN_DVLD,logic,0,VCD+WDB,hierarchy,0,0,0,,,0,0,0
/tb_rtds_rx_fifo/U_DUT/U_XPM_FIFO_ASYNC/gnuram_async_fifo.xpm_fifo_base_inst/gen_sdpram.USE_DRAM_CONSTRAINT,array,32,VCD+WDB,hierarchy,0,0,0,,,0,0,0
/tb_rtds_rx_fifo/U_DUT/U_XPM_FIFO_ASYNC/gnuram_async_fifo.xpm_fifo_base_inst/gen_sdpram.WR_MODE_B,array,32,VCD+WDB,hierarchy,10,10,0,,,2,2,0
/tb_rtds_rx_fifo/U_DUT/U_XPM_FIFO_ASYNC/sleep,logic,1,VCD+WDB,hierarchy,0,0,0,,,0,0,0
/tb_rtds_rx_fifo/U_DUT/U_XPM_FIFO_ASYNC/rst,logic,1,VCD+WDB,hierarchy,0,0,0,,,0,0,0
/tb_rtds_rx_fifo/U_DUT/U_XPM_FIFO_ASYNC/wr_clk,logic,1,VCD+WDB,hierarchy,0,0,246,3200,787200,0,1,0
/tb_rtds_rx_fifo/U_DUT/U_XPM_FIFO_ASYNC/wr_en,logic,1,VCD+WDB,hierarchy,0,0,36,297600,758400,0,1,0
/tb_rtds_rx_fifo/U_DUT/U_XPM_FIFO_ASYNC/din,array,64,VCD+WDB,hierarchy,0,1001011010000010001001101011011100000000000000000000000001100011,19,297600,752000,0,12580584273754456064,0
/tb_rtds_rx_fifo/U_DUT/U_XPM_FIFO_ASYNC/full,logic,1,VCD+WDB,hierarchy,0,0,2,508800,707200,0,1,0
/tb_rtds_rx_fifo/U_DUT/U_XPM_FIFO_ASYNC/prog_full,logic,1,VCD+WDB,hierarchy,0,0,2,438400,739200,0,1,0
/tb_rtds_rx_fifo/U_DUT/U_XPM_FIFO_ASYNC/wr_data_count,array,5,VCD+WDB,hierarchy,x,1,28,3200,771200,0,17,1
/tb_rtds_rx_fifo/U_DUT/U_XPM_FIFO_ASYNC/overflow,logic,1,VCD+WDB,hierarchy,0,0,0,,,0,0,0
/tb_rtds_rx_fifo/U_DUT/U_XPM_FIFO_ASYNC/wr_rst_busy,logic,1,VCD+WDB,hierarchy,0,0,2,3200,259200,0,1,0
/tb_rtds_rx_fifo/U_DUT/U_XPM_FIFO_ASYNC/almost_full,logic,1,VCD+WDB,hierarchy,0,0,0,,,0,0,0
/tb_rtds_rx_fifo/U_DUT/U_XPM_FIFO_ASYNC/wr_ack,logic,1,VCD+WDB,hierarchy,0,0,0,,,0,0,0
/tb_rtds_rx_fifo/U_DUT/U_XPM_FIFO_ASYNC/rd_clk,logic,1,VCD+WDB,hierarchy,0,1,395,2000,790000,0,1,0
/tb_rtds_rx_fifo/U_DUT/U_XPM_FIFO_ASYNC/rd_en,logic,1,VCD+WDB,hierarchy,0,1,3,678000,786000,0,1,0
/tb_rtds_rx_fifo/U_DUT/U_XPM_FIFO_ASYNC/dout,array,64,VCD+WDB,hierarchy,0,1001011010000010001001101011011100000000000000000000000001100011,18,334000,786000,0,12580584273754456064,0
/tb_rtds_rx_fifo/U_DUT/U_XPM_FIFO_ASYNC/empty,logic,1,VCD+WDB,hierarchy,1,1,4,334000,790000,0,1,0
/tb_rtds_rx_fifo/U_DUT/U_XPM_FIFO_ASYNC/prog_empty,logic,1,VCD+WDB,hierarchy,1,1,2,394000,730000,0,1,0
/tb_rtds_rx_fifo/U_DUT/U_XPM_FIFO_ASYNC/rd_data_count,array,5,VCD+WDB,hierarchy,x,1,36,2000,786000,0,17,1
/tb_rtds_rx_fifo/U_DUT/U_XPM_FIFO_ASYNC/underflow,logic,1,VCD+WDB,hierarchy,0,0,0,,,0,0,0
/tb_rtds_rx_fifo/U_DUT/U_XPM_FIFO_ASYNC/rd_rst_busy,logic,1,VCD+WDB,hierarchy,0,0,4,110000,222000,0,1,0
/tb_rtds_rx_fifo/U_DUT/U_XPM_FIFO_ASYNC/almost_empty,logic,1,VCD+WDB,hierarchy,0,0,0,,,0,0,0
/tb_rtds_rx_fifo/U_DUT/U_XPM_FIFO_ASYNC/data_valid,logic,1,VCD+WDB,hierarchy,0,0,0,,,0,0,0
/tb_rtds_rx_fifo/U_DUT/U_XPM_FIFO_ASYNC/injectsbiterr,logic,1,VCD+WDB,hierarchy,0,0,0,,,0,0,0
/tb_rtds_rx_fifo/U_DUT/U_XPM_FIFO_ASYNC/injectdbiterr,logic,1,VCD+WDB,hierarchy,0,0,0,,,0,0,0
/tb_rtds_rx_fifo/U_DUT/U_XPM_FIFO_ASYNC/sbiterr,logic,1,VCD+WDB,hierarchy,0,0,0,,,0,0,0
/tb_rtds_rx_fifo/U_DUT/U_XPM_FIFO_ASYNC/dbiterr,logic,1,VCD+WDB,hierarchy,0,0,0,,,0,0,0
/tb_rtds_rx_fifo/U_DUT/U_XPM_FIFO_ASYNC/FIFO_MEMORY_TYPE,array,40,VCD+WDB,hierarchy,110001001101100011011110110001101101011,110001001101100011011110110001101101011,0,,,422726034283,422726034283,0
/tb_rtds_rx_fifo/U_DUT/U_XPM_FIFO_ASYNC/ECC_MODE,array,48,VCD+WDB,hierarchy,11011100110111101011111011001010110001101100011,11011100110111101011111011001010110001101100011,0,,,121424620905315,121424620905315,0
/tb_rtds_rx_fifo/U_DUT/U_XPM_FIFO_ASYNC/RELATED_CLOCKS,array,0,VCD+WDB,hierarchy,0,0,0,,,0,0,0
/tb_rtds_rx_fifo/U_DUT/U_XPM_FIFO_ASYNC/SIM_ASSERT_CHK,array,0,VCD+WDB,hierarchy,0,0,0,,,0,0,0
/tb_rtds_rx_fifo/U_DUT/U_XPM_FIFO_ASYNC/CASCADE_HEIGHT,array,0,VCD+WDB,hierarchy,0,0,0,,,0,0,0
/tb_rtds_rx_fifo/U_DUT/U_XPM_FIFO_ASYNC/FIFO_WRITE_DEPTH,array,0,VCD+WDB,hierarchy,10000,10000,0,,,16,16,0
/tb_rtds_rx_fifo/U_DUT/U_XPM_FIFO_ASYNC/WRITE_DATA_WIDTH,array,0,VCD+WDB,hierarchy,1000000,1000000,0,,,64,64,0
/tb_rtds_rx_fifo/U_DUT/U_XPM_FIFO_ASYNC/WR_DATA_COUNT_WIDTH,array,0,VCD+WDB,hierarchy,101,101,0,,,5,5,0
/tb_rtds_rx_fifo/U_DUT/U_XPM_FIFO_ASYNC/PROG_FULL_THRESH,array,0,VCD+WDB,hierarchy,1011,1011,0,,,11,11,0
/tb_rtds_rx_fifo/U_DUT/U_XPM_FIFO_ASYNC/FULL_RESET_VALUE,array,0,VCD+WDB,hierarchy,0,0,0,,,0,0,0
/tb_rtds_rx_fifo/U_DUT/U_XPM_FIFO_ASYNC/USE_ADV_FEATURES,array,32,VCD+WDB,hierarchy,110000001101110011000000110111,110000001101110011000000110111,0,,,808923191,808923191,0
/tb_rtds_rx_fifo/U_DUT/U_XPM_FIFO_ASYNC/READ_MODE,array,32,VCD+WDB,hierarchy,1100110011101110110011001110100,1100110011101110110011001110100,0,,,1719101044,1719101044,0
/tb_rtds_rx_fifo/U_DUT/U_XPM_FIFO_ASYNC/FIFO_READ_LATENCY,array,0,VCD+WDB,hierarchy,0,0,0,,,0,0,0
/tb_rtds_rx_fifo/U_DUT/U_XPM_FIFO_ASYNC/READ_DATA_WIDTH,array,0,VCD+WDB,hierarchy,1000000,1000000,0,,,64,64,0
/tb_rtds_rx_fifo/U_DUT/U_XPM_FIFO_ASYNC/RD_DATA_COUNT_WIDTH,array,0,VCD+WDB,hierarchy,101,101,0,,,5,5,0
/tb_rtds_rx_fifo/U_DUT/U_XPM_FIFO_ASYNC/PROG_EMPTY_THRESH,array,0,VCD+WDB,hierarchy,101,101,0,,,5,5,0
/tb_rtds_rx_fifo/U_DUT/U_XPM_FIFO_ASYNC/DOUT_RESET_VALUE,array,8,VCD+WDB,hierarchy,110000,110000,0,,,48,48,0
/tb_rtds_rx_fifo/U_DUT/U_XPM_FIFO_ASYNC/CDC_SYNC_STAGES,array,0,VCD+WDB,hierarchy,10,10,0,,,2,2,0
/tb_rtds_rx_fifo/U_DUT/U_XPM_FIFO_ASYNC/WAKEUP_TIME,array,32,VCD+WDB,hierarchy,0,0,0,,,0,0,0
/tb_rtds_rx_fifo/U_DUT/U_XPM_FIFO_ASYNC/EN_ADV_FEATURE_ASYNC,array,16,VCD+WDB,hierarchy,11100000111,11100000111,0,,,1799,1799,0
/tb_rtds_rx_fifo/U_DUT/U_XPM_FIFO_ASYNC/P_FIFO_MEMORY_TYPE,array,0,VCD+WDB,hierarchy,10,10,0,,,2,2,0
/tb_rtds_rx_fifo/U_DUT/U_XPM_FIFO_ASYNC/P_COMMON_CLOCK,array,0,VCD+WDB,hierarchy,0,0,0,,,0,0,0
/tb_rtds_rx_fifo/U_DUT/U_XPM_FIFO_ASYNC/P_ECC_MODE,array,0,VCD+WDB,hierarchy,0,0,0,,,0,0,0
/tb_rtds_rx_fifo/U_DUT/U_XPM_FIFO_ASYNC/P_READ_MODE,array,0,VCD+WDB,hierarchy,1,1,0,,,1,1,0
/tb_rtds_rx_fifo/U_DUT/U_XPM_FIFO_ASYNC/P_WAKEUP_TIME,array,0,VCD+WDB,hierarchy,10,10,0,,,2,2,0
/tb_rtds_rx_fifo/monitor/value,array,64,VCD+WDB,core,x,1001011010000010001001101011011100000000000000000000000001100011,18,682000,790000,157005733550882820,12580584273754456064,1
/tb_rtds_rx_fifo/stimulus/Block57_186/n,array,32,VCD+WDB,hierarchy,0,10001,17,304000,508800,0,17,0
