
****** Vivado v2020.2 (64-bit)
  **** SW Build 3064766 on Wed Nov 18 09:12:45 MST 2020
  **** IP Build 3064653 on Wed Nov 18 14:17:31 MST 2020
    ** Copyright 1986-2020 Xilinx, Inc. All Rights Reserved.

source {c:\project\RTDS\DDR\RTDS_test_DDR4_64bit_batch_dev\scripts\resume_rootport_v201_step2.tcl} -notrace
V201_STEP2_BEGIN compile
"xvlog --incr --relax -L uvm -L xdma_v4_1_8 -prj board_vlog.prj"
INFO: [VRFC 10-2263] Analyzing Verilog file "C:/project/RTDS/DDR/RTDS_test_DDR4_64bit_batch_dev/RTDS_test_DDR4_64bit.srcs/sources_1/new/CONV_DMA.v" into library xil_defaultlib
INFO: [VRFC 10-311] analyzing module CONV_DMA
INFO: [VRFC 10-2263] Analyzing Verilog file "C:/project/RTDS/DDR/RTDS_test_DDR4_64bit_batch_dev/RTDS_test_DDR4_64bit.srcs/sources_1/new/INFO_EXCH.v" into library xil_defaultlib
INFO: [VRFC 10-311] analyzing module INFO_EXCH
INFO: [VRFC 10-2263] Analyzing Verilog file "C:/project/RTDS/DDR/RTDS_test_DDR4_64bit_batch_dev/RTDS_test_DDR4_64bit.ip_user_files/bd/design_1/ip/design_1_CONV_DMA_0_0/sim/design_1_CONV_DMA_0_0.v" into library xil_defaultlib
INFO: [VRFC 10-311] analyzing module design_1_CONV_DMA_0_0
INFO: [VRFC 10-2263] Analyzing Verilog file "C:/project/RTDS/DDR/RTDS_test_DDR4_64bit_batch_dev/RTDS_test_DDR4_64bit.ip_user_files/bd/design_1/ip/design_1_xdma_0_0/ip_0/ip_0/sim/gtwizard_ultrascale_v1_7_gthe3_channel.v" into library xil_defaultlib
INFO: [VRFC 10-311] analyzing module gtwizard_ultrascale_v1_7_9_gthe3_channel
INFO: [VRFC 10-2263] Analyzing Verilog file "C:/project/RTDS/DDR/RTDS_test_DDR4_64bit_batch_dev/RTDS_test_DDR4_64bit.ip_user_files/bd/design_1/ip/design_1_xdma_0_0/ip_0/ip_0/sim/design_1_xdma_0_0_pcie3_ip_gt_gthe3_channel_wrapper.v" into library xil_defaultlib
INFO: [VRFC 10-311] analyzing module design_1_xdma_0_0_pcie3_ip_gt_gthe3_channel_wrapper
INFO: [VRFC 10-2263] Analyzing Verilog file "C:/project/RTDS/DDR/RTDS_test_DDR4_64bit_batch_dev/RTDS_test_DDR4_64bit.ip_user_files/bd/design_1/ip/design_1_xdma_0_0/ip_0/ip_0/sim/gtwizard_ultrascale_v1_7_gthe3_common.v" into library xil_defaultlib
INFO: [VRFC 10-311] analyzing module gtwizard_ultrascale_v1_7_9_gthe3_common
INFO: [VRFC 10-2263] Analyzing Verilog file "C:/project/RTDS/DDR/RTDS_test_DDR4_64bit_batch_dev/RTDS_test_DDR4_64bit.ip_user_files/bd/design_1/ip/design_1_xdma_0_0/ip_0/ip_0/sim/design_1_xdma_0_0_pcie3_ip_gt_gthe3_common_wrapper.v" into library xil_defaultlib
INFO: [VRFC 10-311] analyzing module design_1_xdma_0_0_pcie3_ip_gt_gthe3_common_wrapper
INFO: [VRFC 10-2263] Analyzing Verilog file "C:/project/RTDS/DDR/RTDS_test_DDR4_64bit_batch_dev/RTDS_test_DDR4_64bit.ip_user_files/bd/design_1/ip/design_1_xdma_0_0/ip_0/ip_0/sim/design_1_xdma_0_0_pcie3_ip_gt_gtwizard_gthe3.v" into library xil_defaultlib
INFO: [VRFC 10-311] analyzing module design_1_xdma_0_0_pcie3_ip_gt_gtwizard_gthe3
INFO: [VRFC 10-2263] Analyzing Verilog file "C:/project/RTDS/DDR/RTDS_test_DDR4_64bit_batch_dev/RTDS_test_DDR4_64bit.ip_user_files/bd/design_1/ip/design_1_xdma_0_0/ip_0/ip_0/sim/design_1_xdma_0_0_pcie3_ip_gt_gtwizard_top.v" into library xil_defaultlib
INFO: [VRFC 10-311] analyzing module design_1_xdma_0_0_pcie3_ip_gt_gtwizard_top
INFO: [VRFC 10-2263] Analyzing Verilog file "C:/project/RTDS/DDR/RTDS_test_DDR4_64bit_batch_dev/RTDS_test_DDR4_64bit.ip_user_files/bd/design_1/ip/design_1_xdma_0_0/ip_0/ip_0/sim/design_1_xdma_0_0_pcie3_ip_gt.v" into library xil_defaultlib
INFO: [VRFC 10-311] analyzing module design_1_xdma_0_0_pcie3_ip_gt
INFO: [VRFC 10-2263] Analyzing Verilog file "C:/project/RTDS/DDR/RTDS_test_DDR4_64bit_batch_dev/RTDS_test_DDR4_64bit.ip_user_files/bd/design_1/ip/design_1_xdma_0_0/ip_0/source/design_1_xdma_0_0_pcie3_ip_tph_tbl.v" into library xil_defaultlib
INFO: [VRFC 10-311] analyzing module design_1_xdma_0_0_pcie3_ip_tph_tbl
INFO: [VRFC 10-2263] Analyzing Verilog file "C:/project/RTDS/DDR/RTDS_test_DDR4_64bit_batch_dev/RTDS_test_DDR4_64bit.ip_user_files/bd/design_1/ip/design_1_xdma_0_0/ip_0/source/design_1_xdma_0_0_pcie3_ip_pipe_lane.v" into library xil_defaultlib
INFO: [VRFC 10-311] analyzing module design_1_xdma_0_0_pcie3_ip_pipe_lane
INFO: [VRFC 10-2263] Analyzing Verilog file "C:/project/RTDS/DDR/RTDS_test_DDR4_64bit_batch_dev/RTDS_test_DDR4_64bit.ip_user_files/bd/design_1/ip/design_1_xdma_0_0/ip_0/source/design_1_xdma_0_0_pcie3_ip_bram_16k.v" into library xil_defaultlib
INFO: [VRFC 10-311] analyzing module design_1_xdma_0_0_pcie3_ip_bram_16k
INFO: [VRFC 10-2263] Analyzing Verilog file "C:/project/RTDS/DDR/RTDS_test_DDR4_64bit_batch_dev/RTDS_test_DDR4_64bit.ip_user_files/bd/design_1/ip/design_1_xdma_0_0/ip_0/source/design_1_xdma_0_0_pcie3_ip_bram_rep_8k.v" into library xil_defaultlib
INFO: [VRFC 10-311] analyzing module design_1_xdma_0_0_pcie3_ip_bram_rep_8k
INFO: [VRFC 10-2263] Analyzing Verilog file "C:/project/RTDS/DDR/RTDS_test_DDR4_64bit_batch_dev/RTDS_test_DDR4_64bit.ip_user_files/bd/design_1/ip/design_1_xdma_0_0/ip_0/source/design_1_xdma_0_0_pcie3_ip_bram_req_8k.v" into library xil_defaultlib
INFO: [VRFC 10-311] analyzing module design_1_xdma_0_0_pcie3_ip_bram_req_8k
INFO: [VRFC 10-2263] Analyzing Verilog file "C:/project/RTDS/DDR/RTDS_test_DDR4_64bit_batch_dev/RTDS_test_DDR4_64bit.ip_user_files/bd/design_1/ip/design_1_xdma_0_0/ip_0/source/design_1_xdma_0_0_pcie3_ip_gt_channel.v" into library xil_defaultlib
INFO: [VRFC 10-311] analyzing module design_1_xdma_0_0_pcie3_ip_gt_channel
INFO: [VRFC 10-2263] Analyzing Verilog file "C:/project/RTDS/DDR/RTDS_test_DDR4_64bit_batch_dev/RTDS_test_DDR4_64bit.ip_user_files/bd/design_1/ip/design_1_xdma_0_0/ip_0/source/design_1_xdma_0_0_pcie3_ip_pipe_pipeline.v" into library xil_defaultlib
INFO: [VRFC 10-311] analyzing module design_1_xdma_0_0_pcie3_ip_pipe_pipeline
INFO: [VRFC 10-2263] Analyzing Verilog file "C:/project/RTDS/DDR/RTDS_test_DDR4_64bit_batch_dev/RTDS_test_DDR4_64bit.ip_user_files/bd/design_1/ip/design_1_xdma_0_0/ip_0/source/design_1_xdma_0_0_pcie3_ip_pipe_misc.v" into library xil_defaultlib
INFO: [VRFC 10-311] analyzing module design_1_xdma_0_0_pcie3_ip_pipe_misc
INFO: [VRFC 10-2263] Analyzing Verilog file "C:/project/RTDS/DDR/RTDS_test_DDR4_64bit_batch_dev/RTDS_test_DDR4_64bit.ip_user_files/bd/design_1/ip/design_1_xdma_0_0/ip_0/source/design_1_xdma_0_0_pcie3_ip_init_ctrl.v" into library xil_defaultlib
INFO: [VRFC 10-311] analyzing module design_1_xdma_0_0_pcie3_ip_init_ctrl
INFO: [VRFC 10-2263] Analyzing Verilog file "C:/project/RTDS/DDR/RTDS_test_DDR4_64bit_batch_dev/RTDS_test_DDR4_64bit.ip_user_files/bd/design_1/ip/design_1_xdma_0_0/ip_0/source/design_1_xdma_0_0_pcie3_ip_gt_common.v" into library xil_defaultlib
INFO: [VRFC 10-311] analyzing module design_1_xdma_0_0_pcie3_ip_gt_common
INFO: [VRFC 10-2263] Analyzing Verilog file "C:/project/RTDS/DDR/RTDS_test_DDR4_64bit_batch_dev/RTDS_test_DDR4_64bit.ip_user_files/bd/design_1/ip/design_1_xdma_0_0/ip_0/source/design_1_xdma_0_0_pcie3_ip_bram_8k.v" into library xil_defaultlib
INFO: [VRFC 10-311] analyzing module design_1_xdma_0_0_pcie3_ip_bram_8k
INFO: [VRFC 10-2263] Analyzing Verilog file "C:/project/RTDS/DDR/RTDS_test_DDR4_64bit_batch_dev/RTDS_test_DDR4_64bit.ip_user_files/bd/design_1/ip/design_1_xdma_0_0/ip_0/source/design_1_xdma_0_0_pcie3_ip_bram_rep.v" into library xil_defaultlib
INFO: [VRFC 10-311] analyzing module design_1_xdma_0_0_pcie3_ip_bram_rep
INFO: [VRFC 10-2263] Analyzing Verilog file "C:/project/RTDS/DDR/RTDS_test_DDR4_64bit_batch_dev/RTDS_test_DDR4_64bit.ip_user_files/bd/design_1/ip/design_1_xdma_0_0/ip_0/source/design_1_xdma_0_0_pcie3_ip_bram_req.v" into library xil_defaultlib
INFO: [VRFC 10-311] analyzing module design_1_xdma_0_0_pcie3_ip_bram_req
INFO: [VRFC 10-2263] Analyzing Verilog file "C:/project/RTDS/DDR/RTDS_test_DDR4_64bit_batch_dev/RTDS_test_DDR4_64bit.ip_user_files/bd/design_1/ip/design_1_xdma_0_0/ip_0/source/design_1_xdma_0_0_pcie3_ip_phy_sync.v" into library xil_defaultlib
INFO: [VRFC 10-311] analyzing module design_1_xdma_0_0_pcie3_ip_phy_sync
INFO: [VRFC 10-2263] Analyzing Verilog file "C:/project/RTDS/DDR/RTDS_test_DDR4_64bit_batch_dev/RTDS_test_DDR4_64bit.ip_user_files/bd/design_1/ip/design_1_xdma_0_0/ip_0/source/design_1_xdma_0_0_pcie3_ip_bram_cpl.v" into library xil_defaultlib
INFO: [VRFC 10-311] analyzing module design_1_xdma_0_0_pcie3_ip_bram_cpl
INFO: [VRFC 10-2263] Analyzing Verilog file "C:/project/RTDS/DDR/RTDS_test_DDR4_64bit_batch_dev/RTDS_test_DDR4_64bit.ip_user_files/bd/design_1/ip/design_1_xdma_0_0/ip_0/source/design_1_xdma_0_0_pcie3_ip_sys_clk_gen.v" into library xil_defaultlib
INFO: [VRFC 10-311] analyzing module design_1_xdma_0_0_pcie3_ip_sys_clk_gen_ps
INFO: [VRFC 10-2263] Analyzing Verilog file "C:/project/RTDS/DDR/RTDS_test_DDR4_64bit_batch_dev/RTDS_test_DDR4_64bit.ip_user_files/bd/design_1/ip/design_1_xdma_0_0/ip_0/source/design_1_xdma_0_0_pcie3_ip_phy_rst.v" into library xil_defaultlib
INFO: [VRFC 10-311] analyzing module design_1_xdma_0_0_pcie3_ip_phy_rst
INFO: [VRFC 10-2263] Analyzing Verilog file "C:/project/RTDS/DDR/RTDS_test_DDR4_64bit_batch_dev/RTDS_test_DDR4_64bit.ip_user_files/bd/design_1/ip/design_1_xdma_0_0/ip_0/source/design_1_xdma_0_0_pcie3_ip_phy_txeq.v" into library xil_defaultlib
INFO: [VRFC 10-311] analyzing module design_1_xdma_0_0_pcie3_ip_phy_txeq
INFO: [VRFC 10-2263] Analyzing Verilog file "C:/project/RTDS/DDR/RTDS_test_DDR4_64bit_batch_dev/RTDS_test_DDR4_64bit.ip_user_files/bd/design_1/ip/design_1_xdma_0_0/ip_0/source/design_1_xdma_0_0_pcie3_ip_phy_clk.v" into library xil_defaultlib
INFO: [VRFC 10-311] analyzing module design_1_xdma_0_0_pcie3_ip_phy_clk
INFO: [VRFC 10-2263] Analyzing Verilog file "C:/project/RTDS/DDR/RTDS_test_DDR4_64bit_batch_dev/RTDS_test_DDR4_64bit.ip_user_files/bd/design_1/ip/design_1_xdma_0_0/ip_0/source/design_1_xdma_0_0_pcie3_ip_bram.v" into library xil_defaultlib
INFO: [VRFC 10-311] analyzing module design_1_xdma_0_0_pcie3_ip_bram
INFO: [VRFC 10-2263] Analyzing Verilog file "C:/project/RTDS/DDR/RTDS_test_DDR4_64bit_batch_dev/RTDS_test_DDR4_64bit.ip_user_files/bd/design_1/ip/design_1_xdma_0_0/ip_0/source/design_1_xdma_0_0_pcie3_ip_phy_rxeq.v" into library xil_defaultlib
INFO: [VRFC 10-311] analyzing module design_1_xdma_0_0_pcie3_ip_phy_rxeq
INFO: [VRFC 10-2263] Analyzing Verilog file "C:/project/RTDS/DDR/RTDS_test_DDR4_64bit_batch_dev/RTDS_test_DDR4_64bit.ip_user_files/bd/design_1/ip/design_1_xdma_0_0/ip_0/source/design_1_xdma_0_0_pcie3_ip_gtwizard_top.v" into library xil_defaultlib
INFO: [VRFC 10-311] analyzing module design_1_xdma_0_0_pcie3_ip_gtwizard_top
INFO: [VRFC 10-2263] Analyzing Verilog file "C:/project/RTDS/DDR/RTDS_test_DDR4_64bit_batch_dev/RTDS_test_DDR4_64bit.ip_user_files/bd/design_1/ip/design_1_xdma_0_0/ip_0/source/design_1_xdma_0_0_pcie3_ip_phy_wrapper.v" into library xil_defaultlib
INFO: [VRFC 10-311] analyzing module design_1_xdma_0_0_pcie3_ip_phy_wrapper
INFO: [VRFC 10-2263] Analyzing Verilog file "C:/project/RTDS/DDR/RTDS_test_DDR4_64bit_batch_dev/RTDS_test_DDR4_64bit.ip_user_files/bd/design_1/ip/design_1_xdma_0_0/ip_0/source/design_1_xdma_0_0_pcie3_ip_pcie3_uscale_wrapper.v" into library xil_defaultlib
INFO: [VRFC 10-311] analyzing module design_1_xdma_0_0_pcie3_ip_pcie3_uscale_wrapper
INFO: [VRFC 10-2263] Analyzing Verilog file "C:/project/RTDS/DDR/RTDS_test_DDR4_64bit_batch_dev/RTDS_test_DDR4_64bit.ip_user_files/bd/design_1/ip/design_1_xdma_0_0/ip_0/source/design_1_xdma_0_0_pcie3_ip_pcie3_uscale_top.v" into library xil_defaultlib
INFO: [VRFC 10-311] analyzing module design_1_xdma_0_0_pcie3_ip_pcie3_uscale_top
INFO: [VRFC 10-2263] Analyzing Verilog file "C:/project/RTDS/DDR/RTDS_test_DDR4_64bit_batch_dev/RTDS_test_DDR4_64bit.ip_user_files/bd/design_1/ip/design_1_xdma_0_0/ip_0/source/design_1_xdma_0_0_pcie3_ip_phy_sync_cell.v" into library xil_defaultlib
INFO: [VRFC 10-311] analyzing module design_1_xdma_0_0_pcie3_ip_phy_sync_cell
INFO: [VRFC 10-2263] Analyzing Verilog file "C:/project/RTDS/DDR/RTDS_test_DDR4_64bit_batch_dev/RTDS_test_DDR4_64bit.ip_user_files/bd/design_1/ip/design_1_xdma_0_0/ip_0/source/design_1_xdma_0_0_pcie3_ip_rxcdrhold.v" into library xil_defaultlib
INFO: [VRFC 10-311] analyzing module design_1_xdma_0_0_pcie3_ip_rxcdrhold
INFO: [VRFC 10-2263] Analyzing Verilog file "C:/project/RTDS/DDR/RTDS_test_DDR4_64bit_batch_dev/RTDS_test_DDR4_64bit.ip_user_files/bd/design_1/ip/design_1_xdma_0_0/ip_0/source/design_1_xdma_0_0_pcie3_ip_pcie3_uscale_core_top.v" into library xil_defaultlib
INFO: [VRFC 10-311] analyzing module design_1_xdma_0_0_pcie3_ip_pcie3_uscale_core_top
INFO: [VRFC 10-2263] Analyzing Verilog file "C:/project/RTDS/DDR/RTDS_test_DDR4_64bit_batch_dev/RTDS_test_DDR4_64bit.ip_user_files/bd/design_1/ip/design_1_xdma_0_0/ip_0/sim/design_1_xdma_0_0_pcie3_ip.v" into library xil_defaultlib
INFO: [VRFC 10-311] analyzing module design_1_xdma_0_0_pcie3_ip
INFO: [VRFC 10-2263] Analyzing Verilog file "C:/project/RTDS/DDR/RTDS_test_DDR4_64bit_batch_dev/RTDS_test_DDR4_64bit.ip_user_files/bd/design_1/ip/design_1_xdma_0_0/ip_1/sim/xdma_v4_1_8_blk_mem_64_reg_be.v" into library xil_defaultlib
INFO: [VRFC 10-311] analyzing module xdma_v4_1_8_blk_mem_64_reg_be
INFO: [VRFC 10-2263] Analyzing Verilog file "C:/project/RTDS/DDR/RTDS_test_DDR4_64bit_batch_dev/RTDS_test_DDR4_64bit.ip_user_files/bd/design_1/ip/design_1_xdma_0_0/ip_2/sim/xdma_v4_1_8_blk_mem_64_noreg_be.v" into library xil_defaultlib
INFO: [VRFC 10-311] analyzing module xdma_v4_1_8_blk_mem_64_noreg_be
INFO: [VRFC 10-2263] Analyzing SystemVerilog file "C:/project/RTDS/DDR/RTDS_test_DDR4_64bit_batch_dev/regression/sim_xdma_rootport/tb/rtds_rootport_pkg.sv" into library xil_defaultlib
INFO: [VRFC 10-2263] Analyzing SystemVerilog file "C:/project/RTDS/DDR/RTDS_test_DDR4_64bit_batch_dev/regression/sim_xdma_rootport/tb/aurora_ll_peer_bfm.sv" into library xil_defaultlib
INFO: [VRFC 10-311] analyzing module aurora_ll_peer_bfm
INFO: [VRFC 10-2263] Analyzing SystemVerilog file "C:/project/RTDS/DDR/RTDS_test_DDR4_64bit_batch_dev/regression/sim_xdma_rootport/tb/pcie_cq_host_memory_monitor.sv" into library xil_defaultlib
INFO: [VRFC 10-311] analyzing module pcie_cq_host_memory_monitor
INFO: [VRFC 10-2263] Analyzing SystemVerilog file "C:/project/RTDS/DDR/RTDS_test_DDR4_64bit_batch_dev/rtl/ddr4/rtds_axi_ram_model.sv" into library xil_defaultlib
INFO: [VRFC 10-311] analyzing module rtds_axi_ram_model
INFO: [VRFC 10-2263] Analyzing SystemVerilog file "C:/project/RTDS/DDR/RTDS_test_DDR4_64bit_batch_dev/rtl/ddr4/rtds_ddr4_backend.sv" into library xil_defaultlib
INFO: [VRFC 10-311] analyzing module rtds_ddr4_backend
INFO: [VRFC 10-2263] Analyzing SystemVerilog file "C:/project/RTDS/DDR/RTDS_test_DDR4_64bit_batch_dev/regression/sim_xdma_rootport/tb/rtds_pcie_ep_sim_wrapper.sv" into library xil_defaultlib
INFO: [VRFC 10-311] analyzing module rtds_pcie_ep_sim_wrapper
INFO: [VRFC 10-2263] Analyzing SystemVerilog file "C:/project/RTDS/DDR/RTDS_test_DDR4_64bit_batch_dev/regression/sim_xdma_rootport/tb/rtds_rootport_assertions.sv" into library xil_defaultlib
INFO: [VRFC 10-311] analyzing module rtds_rootport_assertions
INFO: [VRFC 10-2263] Analyzing SystemVerilog file "C:/project/RTDS/DDR/RTDS_test_DDR4_64bit_batch_dev/regression/sim_xdma_rootport/tb/board.sv" into library xil_defaultlib
INFO: [VRFC 10-311] analyzing module xdma_irq_monitor
INFO: [VRFC 10-311] analyzing module conv_dma_axi_monitor
INFO: [VRFC 10-311] analyzing module xdma_axi_activity_monitor
INFO: [VRFC 10-311] analyzing module board
"xvhdl --incr --relax -prj board_vhdl.prj"
V201_STEP2_BEGIN elaborate
"xelab -wto 6685dc9037bc45bd8dc34b12c53cbeb6 --incr --debug off --relax --mt 2 -d "XILINX_SIMULATOR=" -d "DDR4_SIM_RAM=" -L xil_defaultlib -L gtwizard_ultrascale_v1_7_9 -L blk_mem_gen_v8_4_4 -L xdma_v4_1_8 -L generic_baseblocks_v2_1_0 -L axi_infrastructure_v1_1_0 -L axi_register_slice_v2_1_22 -L fifo_generator_v13_2_5 -L axi_data_fifo_v2_1_21 -L axi_crossbar_v2_1_23 -L axi_clock_converter_v2_1_21 -L uvm -L unisims_ver -L unimacro_ver -L secureip -L xpm --snapshot board_behav xil_defaultlib.board xil_defaultlib.glbl -log elaborate.log"
Vivado Simulator 2020.2
Copyright 1986-1999, 2001-2020 Xilinx, Inc. All Rights Reserved.
Running: C:/Xilinx/Vivado/2020.2/bin/unwrapped/win64.o/xelab.exe -wto 6685dc9037bc45bd8dc34b12c53cbeb6 --incr --debug off --relax --mt 2 -d XILINX_SIMULATOR= -d DDR4_SIM_RAM= -L xil_defaultlib -L gtwizard_ultrascale_v1_7_9 -L blk_mem_gen_v8_4_4 -L xdma_v4_1_8 -L generic_baseblocks_v2_1_0 -L axi_infrastructure_v1_1_0 -L axi_register_slice_v2_1_22 -L fifo_generator_v13_2_5 -L axi_data_fifo_v2_1_21 -L axi_crossbar_v2_1_23 -L axi_clock_converter_v2_1_21 -L uvm -L unisims_ver -L unimacro_ver -L secureip -L xpm --snapshot board_behav xil_defaultlib.board xil_defaultlib.glbl -log elaborate.log 
Using 2 slave threads.
Starting static elaboration
Pass Through NonSizing Optimizer
ERROR: [VRFC 10-2991] 'u_pcie' is not declared under prefix 'DUT' [C:/project/RTDS/DDR/RTDS_test_DDR4_64bit_batch_dev/regression/sim_xdma_rootport/tb/board.sv:830]
WARNING: [VRFC 10-3091] actual bit length 1 differs from formal bit length 10 for port 'count_value' [C:/Xilinx/Vivado/2020.2/data/ip/xpm/xpm_fifo/hdl/xpm_fifo.sv:485]
WARNING: [VRFC 10-3091] actual bit length 2 differs from formal bit length 9 for port 'count_value' [C:/Xilinx/Vivado/2020.2/data/ip/xpm/xpm_fifo/hdl/xpm_fifo.sv:489]
WARNING: [VRFC 10-3091] actual bit length 2 differs from formal bit length 9 for port 'count_value' [C:/Xilinx/Vivado/2020.2/data/ip/xpm/xpm_fifo/hdl/xpm_fifo.sv:492]
WARNING: [VRFC 10-3091] actual bit length 2 differs from formal bit length 9 for port 'count_value' [C:/Xilinx/Vivado/2020.2/data/ip/xpm/xpm_fifo/hdl/xpm_fifo.sv:496]
WARNING: [VRFC 10-3091] actual bit length 1 differs from formal bit length 10 for port 'count_value' [C:/Xilinx/Vivado/2020.2/data/ip/xpm/xpm_fifo/hdl/xpm_fifo.sv:501]
WARNING: [VRFC 10-3091] actual bit length 2 differs from formal bit length 9 for port 'count_value' [C:/Xilinx/Vivado/2020.2/data/ip/xpm/xpm_fifo/hdl/xpm_fifo.sv:505]
WARNING: [VRFC 10-3091] actual bit length 2 differs from formal bit length 9 for port 'count_value' [C:/Xilinx/Vivado/2020.2/data/ip/xpm/xpm_fifo/hdl/xpm_fifo.sv:509]
WARNING: [VRFC 10-3091] actual bit length 2 differs from formal bit length 9 for port 'addra' [C:/Xilinx/Vivado/2020.2/data/ip/xpm/xpm_fifo/hdl/xpm_fifo.sv:606]
WARNING: [VRFC 10-3091] actual bit length 2 differs from formal bit length 9 for port 'addrb' [C:/Xilinx/Vivado/2020.2/data/ip/xpm/xpm_fifo/hdl/xpm_fifo.sv:620]
WARNING: [VRFC 10-3091] actual bit length 2 differs from formal bit length 9 for port 'src_in_bin' [C:/Xilinx/Vivado/2020.2/data/ip/xpm/xpm_fifo/hdl/xpm_fifo.sv:664]
WARNING: [VRFC 10-3091] actual bit length 2 differs from formal bit length 9 for port 'dest_out_bin' [C:/Xilinx/Vivado/2020.2/data/ip/xpm/xpm_fifo/hdl/xpm_fifo.sv:666]
WARNING: [VRFC 10-3091] actual bit length 2 differs from formal bit length 9 for port 'reg_in' [C:/Xilinx/Vivado/2020.2/data/ip/xpm/xpm_fifo/hdl/xpm_fifo.sv:670]
WARNING: [VRFC 10-3091] actual bit length 1 differs from formal bit length 10 for port 'src_in_bin' [C:/Xilinx/Vivado/2020.2/data/ip/xpm/xpm_fifo/hdl/xpm_fifo.sv:679]
WARNING: [VRFC 10-3091] actual bit length 1 differs from formal bit length 10 for port 'dest_out_bin' [C:/Xilinx/Vivado/2020.2/data/ip/xpm/xpm_fifo/hdl/xpm_fifo.sv:681]
WARNING: [VRFC 10-3091] actual bit length 1 differs from formal bit length 10 for port 'reg_in' [C:/Xilinx/Vivado/2020.2/data/ip/xpm/xpm_fifo/hdl/xpm_fifo.sv:685]
WARNING: [VRFC 10-3091] actual bit length 2 differs from formal bit length 9 for port 'src_in_bin' [C:/Xilinx/Vivado/2020.2/data/ip/xpm/xpm_fifo/hdl/xpm_fifo.sv:694]
WARNING: [VRFC 10-3091] actual bit length 2 differs from formal bit length 9 for port 'dest_out_bin' [C:/Xilinx/Vivado/2020.2/data/ip/xpm/xpm_fifo/hdl/xpm_fifo.sv:696]
WARNING: [VRFC 10-3091] actual bit length 2 differs from formal bit length 9 for port 'reg_in' [C:/Xilinx/Vivado/2020.2/data/ip/xpm/xpm_fifo/hdl/xpm_fifo.sv:700]
WARNING: [VRFC 10-3091] actual bit length 2 differs from formal bit length 10 for port 'src_in_bin' [C:/Xilinx/Vivado/2020.2/data/ip/xpm/xpm_fifo/hdl/xpm_fifo.sv:709]
WARNING: [VRFC 10-3091] actual bit length 1 differs from formal bit length 10 for port 'dest_out_bin' [C:/Xilinx/Vivado/2020.2/data/ip/xpm/xpm_fifo/hdl/xpm_fifo.sv:711]
WARNING: [VRFC 10-3091] actual bit length 1 differs from formal bit length 10 for port 'reg_in' [C:/Xilinx/Vivado/2020.2/data/ip/xpm/xpm_fifo/hdl/xpm_fifo.sv:715]
WARNING: [VRFC 10-3091] actual bit length 2 differs from formal bit length 1 for port 'M_GRANT_ENC' [c:/project/RTDS/pcie_07/RTDS_test-1ch/RTDS_test-1ch/RTDS_test.srcs/sources_1/bd/design_1/ipshared/bc0a/hdl/axi_crossbar_v2_1_vl_rfs.v:4265]
WARNING: [VRFC 10-3091] actual bit length 2 differs from formal bit length 1 for port 'S' [c:/project/RTDS/pcie_07/RTDS_test-1ch/RTDS_test-1ch/RTDS_test.srcs/sources_1/bd/design_1/ipshared/bc0a/hdl/axi_crossbar_v2_1_vl_rfs.v:4278]
WARNING: [VRFC 10-1220] part-select has a negative or zero size [c:/project/RTDS/pcie_07/RTDS_test-1ch/RTDS_test-1ch/RTDS_test.srcs/sources_1/bd/design_1/ipshared/bc0a/hdl/axi_crossbar_v2_1_vl_rfs.v:2915]
WARNING: [VRFC 10-3091] actual bit length 2 differs from formal bit length 1 for port 'TARGET_ENC' [c:/project/RTDS/pcie_07/RTDS_test-1ch/RTDS_test-1ch/RTDS_test.srcs/sources_1/bd/design_1/ipshared/bc0a/hdl/axi_crossbar_v2_1_vl_rfs.v:2915]
WARNING: [VRFC 10-1220] part-select has a negative or zero size [c:/project/RTDS/pcie_07/RTDS_test-1ch/RTDS_test-1ch/RTDS_test.srcs/sources_1/bd/design_1/ipshared/bc0a/hdl/axi_crossbar_v2_1_vl_rfs.v:2956]
WARNING: [VRFC 10-3091] actual bit length 2 differs from formal bit length 1 for port 'TARGET_ENC' [c:/project/RTDS/pcie_07/RTDS_test-1ch/RTDS_test-1ch/RTDS_test.srcs/sources_1/bd/design_1/ipshared/bc0a/hdl/axi_crossbar_v2_1_vl_rfs.v:2956]
WARNING: [VRFC 10-3091] actual bit length 2 differs from formal bit length 1 for port 'S_ASELECT' [c:/project/RTDS/pcie_07/RTDS_test-1ch/RTDS_test-1ch/RTDS_test.srcs/sources_1/bd/design_1/ipshared/bc0a/hdl/axi_crossbar_v2_1_vl_rfs.v:2988]
WARNING: [VRFC 10-3091] actual bit length 2 differs from formal bit length 1 for port 'M_GRANT_ENC' [c:/project/RTDS/pcie_07/RTDS_test-1ch/RTDS_test-1ch/RTDS_test.srcs/sources_1/bd/design_1/ipshared/bc0a/hdl/axi_crossbar_v2_1_vl_rfs.v:3265]
WARNING: [VRFC 10-3091] actual bit length 2 differs from formal bit length 1 for port 'M_GRANT_ENC' [c:/project/RTDS/pcie_07/RTDS_test-1ch/RTDS_test-1ch/RTDS_test.srcs/sources_1/bd/design_1/ipshared/bc0a/hdl/axi_crossbar_v2_1_vl_rfs.v:3306]
WARNING: [VRFC 10-3091] actual bit length 7 differs from formal bit length 6 for port 'rbar_bar_size_sd' [C:/project/RTDS/DDR/RTDS_test_DDR4_64bit_batch_dev/RTDS_test_DDR4_64bit.ip_user_files/bd/design_1/ip/design_1_xdma_0_0/sim/design_1_xdma_0_0.sv:1606]
WARNING: [VRFC 10-3091] actual bit length 9 differs from formal bit length 8 for port 'rbar_function_number_sd' [C:/project/RTDS/DDR/RTDS_test_DDR4_64bit_batch_dev/RTDS_test_DDR4_64bit.ip_user_files/bd/design_1/ip/design_1_xdma_0_0/sim/design_1_xdma_0_0.sv:1607]
WARNING: [VRFC 10-3091] actual bit length 3 differs from formal bit length 2 for port 'cfg_max_payload_sd' [C:/project/RTDS/DDR/RTDS_test_DDR4_64bit_batch_dev/RTDS_test_DDR4_64bit.ip_user_files/bd/design_1/ip/design_1_xdma_0_0/sim/design_1_xdma_0_0.sv:1619]
WARNING: [VRFC 10-3091] actual bit length 1 differs from formal bit length 252 for port 'cfg_vf_flr_done' [c:/project/RTDS/pcie_07/RTDS_test-1ch/RTDS_test-1ch/RTDS_test.srcs/sources_1/bd/design_1/ipshared/cc3e/hdl/xdma_v4_1_vl_rfs.sv:45506]
WARNING: [VRFC 10-3091] actual bit length 256 differs from formal bit length 64 for port 'cfg_interrupt_msix_address' [c:/project/RTDS/pcie_07/RTDS_test-1ch/RTDS_test-1ch/RTDS_test.srcs/sources_1/bd/design_1/ipshared/cc3e/hdl/xdma_v4_1_vl_rfs.sv:45897]
WARNING: [VRFC 10-3091] actual bit length 4 differs from formal bit length 1 for port 'm_axis_rq_tready' [c:/project/RTDS/pcie_07/RTDS_test-1ch/RTDS_test-1ch/RTDS_test.srcs/sources_1/bd/design_1/ipshared/cc3e/hdl/xdma_v4_1_vl_rfs.sv:44087]
WARNING: [VRFC 10-3091] actual bit length 1 differs from formal bit length 4 for port 'CFG_MSIEN_IN' [c:/project/RTDS/pcie_07/RTDS_test-1ch/RTDS_test-1ch/RTDS_test.srcs/sources_1/bd/design_1/ipshared/cc3e/hdl/xdma_v4_1_vl_rfs.sv:44394]
WARNING: [VRFC 10-3091] actual bit length 256 differs from formal bit length 4 for port 'cfg_flr_done' [c:/project/RTDS/pcie_07/RTDS_test-1ch/RTDS_test-1ch/RTDS_test.srcs/sources_1/bd/design_1/ipshared/cc3e/hdl/xdma_v4_1_vl_rfs.sv:44449]
WARNING: [VRFC 10-3091] actual bit length 1 differs from formal bit length 2 for port 'GTHE3_CHANNEL_CFGRESET' [C:/project/RTDS/DDR/RTDS_test_DDR4_64bit_batch_dev/RTDS_test_DDR4_64bit.ip_user_files/bd/design_1/ip/design_1_xdma_0_0/ip_0/ip_0/sim/design_1_xdma_0_0_pcie3_ip_gt_gtwizard_gthe3.v:1850]
WARNING: [VRFC 10-3091] actual bit length 1 differs from formal bit length 2 for port 'GTHE3_CHANNEL_CLKRSVD0' [C:/project/RTDS/DDR/RTDS_test_DDR4_64bit_batch_dev/RTDS_test_DDR4_64bit.ip_user_files/bd/design_1/ip/design_1_xdma_0_0/ip_0/ip_0/sim/design_1_xdma_0_0_pcie3_ip_gt_gtwizard_gthe3.v:1851]
WARNING: [VRFC 10-3091] actual bit length 1 differs from formal bit length 2 for port 'GTHE3_CHANNEL_CLKRSVD1' [C:/project/RTDS/DDR/RTDS_test_DDR4_64bit_batch_dev/RTDS_test_DDR4_64bit.ip_user_files/bd/design_1/ip/design_1_xdma_0_0/ip_0/ip_0/sim/design_1_xdma_0_0_pcie3_ip_gt_gtwizard_gthe3.v:1852]
WARNING: [VRFC 10-3091] actual bit length 1 differs from formal bit length 2 for port 'GTHE3_CHANNEL_CPLLLOCKDETCLK' [C:/project/RTDS/DDR/RTDS_test_DDR4_64bit_batch_dev/RTDS_test_DDR4_64bit.ip_user_files/bd/design_1/ip/design_1_xdma_0_0/ip_0/ip_0/sim/design_1_xdma_0_0_pcie3_ip_gt_gtwizard_gthe3.v:1853]
WARNING: [VRFC 10-3091] actual bit length 1 differs from formal bit length 2 for port 'GTHE3_CHANNEL_CPLLLOCKEN' [C:/project/RTDS/DDR/RTDS_test_DDR4_64bit_batch_dev/RTDS_test_DDR4_64bit.ip_user_files/bd/design_1/ip/design_1_xdma_0_0/ip_0/ip_0/sim/design_1_xdma_0_0_pcie3_ip_gt_gtwizard_gthe3.v:1854]
WARNING: [VRFC 10-3091] actual bit length 1 differs from formal bit length 2 for port 'GTHE3_CHANNEL_CPLLPD' [C:/project/RTDS/DDR/RTDS_test_DDR4_64bit_batch_dev/RTDS_test_DDR4_64bit.ip_user_files/bd/design_1/ip/design_1_xdma_0_0/ip_0/ip_0/sim/design_1_xdma_0_0_pcie3_ip_gt_gtwizard_gthe3.v:1855]
WARNING: [VRFC 10-3091] actual bit length 3 differs from formal bit length 6 for port 'GTHE3_CHANNEL_CPLLREFCLKSEL' [C:/project/RTDS/DDR/RTDS_test_DDR4_64bit_batch_dev/RTDS_test_DDR4_64bit.ip_user_files/bd/design_1/ip/design_1_xdma_0_0/ip_0/ip_0/sim/design_1_xdma_0_0_pcie3_ip_gt_gtwizard_gthe3.v:1856]
WARNING: [VRFC 10-3091] actual bit length 1 differs from formal bit length 2 for port 'GTHE3_CHANNEL_CPLLRESET' [C:/project/RTDS/DDR/RTDS_test_DDR4_64bit_batch_dev/RTDS_test_DDR4_64bit.ip_user_files/bd/design_1/ip/design_1_xdma_0_0/ip_0/ip_0/sim/design_1_xdma_0_0_pcie3_ip_gt_gtwizard_gthe3.v:1857]
WARNING: [VRFC 10-3091] actual bit length 1 differs from formal bit length 2 for port 'GTHE3_CHANNEL_DMONFIFORESET' [C:/project/RTDS/DDR/RTDS_test_DDR4_64bit_batch_dev/RTDS_test_DDR4_64bit.ip_user_files/bd/design_1/ip/design_1_xdma_0_0/ip_0/ip_0/sim/design_1_xdma_0_0_pcie3_ip_gt_gtwizard_gthe3.v:1858]
WARNING: [VRFC 10-3091] actual bit length 1 differs from formal bit length 2 for port 'GTHE3_CHANNEL_DMONITORCLK' [C:/project/RTDS/DDR/RTDS_test_DDR4_64bit_batch_dev/RTDS_test_DDR4_64bit.ip_user_files/bd/design_1/ip/design_1_xdma_0_0/ip_0/ip_0/sim/design_1_xdma_0_0_pcie3_ip_gt_gtwizard_gthe3.v:1859]
WARNING: [VRFC 10-3091] actual bit length 9 differs from formal bit length 18 for port 'GTHE3_CHANNEL_DRPADDR' [C:/project/RTDS/DDR/RTDS_test_DDR4_64bit_batch_dev/RTDS_test_DDR4_64bit.ip_user_files/bd/design_1/ip/design_1_xdma_0_0/ip_0/ip_0/sim/design_1_xdma_0_0_pcie3_ip_gt_gtwizard_gthe3.v:1860]
WARNING: [VRFC 10-3091] actual bit length 1 differs from formal bit length 2 for port 'GTHE3_CHANNEL_DRPCLK' [C:/project/RTDS/DDR/RTDS_test_DDR4_64bit_batch_dev/RTDS_test_DDR4_64bit.ip_user_files/bd/design_1/ip/design_1_xdma_0_0/ip_0/ip_0/sim/design_1_xdma_0_0_pcie3_ip_gt_gtwizard_gthe3.v:1861]
WARNING: [VRFC 10-3091] actual bit length 16 differs from formal bit length 32 for port 'GTHE3_CHANNEL_DRPDI' [C:/project/RTDS/DDR/RTDS_test_DDR4_64bit_batch_dev/RTDS_test_DDR4_64bit.ip_user_files/bd/design_1/ip/design_1_xdma_0_0/ip_0/ip_0/sim/design_1_xdma_0_0_pcie3_ip_gt_gtwizard_gthe3.v:1862]
WARNING: [VRFC 10-3091] actual bit length 1 differs from formal bit length 2 for port 'GTHE3_CHANNEL_DRPEN' [C:/project/RTDS/DDR/RTDS_test_DDR4_64bit_batch_dev/RTDS_test_DDR4_64bit.ip_user_files/bd/design_1/ip/design_1_xdma_0_0/ip_0/ip_0/sim/design_1_xdma_0_0_pcie3_ip_gt_gtwizard_gthe3.v:1863]
WARNING: [VRFC 10-3091] actual bit length 1 differs from formal bit length 2 for port 'GTHE3_CHANNEL_DRPWE' [C:/project/RTDS/DDR/RTDS_test_DDR4_64bit_batch_dev/RTDS_test_DDR4_64bit.ip_user_files/bd/design_1/ip/design_1_xdma_0_0/ip_0/ip_0/sim/design_1_xdma_0_0_pcie3_ip_gt_gtwizard_gthe3.v:1864]
WARNING: [VRFC 10-3091] actual bit length 1 differs from formal bit length 2 for port 'GTHE3_CHANNEL_EVODDPHICALDONE' [C:/project/RTDS/DDR/RTDS_test_DDR4_64bit_batch_dev/RTDS_test_DDR4_64bit.ip_user_files/bd/design_1/ip/design_1_xdma_0_0/ip_0/ip_0/sim/design_1_xdma_0_0_pcie3_ip_gt_gtwizard_gthe3.v:1865]
WARNING: [VRFC 10-3091] actual bit length 1 differs from formal bit length 2 for port 'GTHE3_CHANNEL_EVODDPHICALSTART' [C:/project/RTDS/DDR/RTDS_test_DDR4_64bit_batch_dev/RTDS_test_DDR4_64bit.ip_user_files/bd/design_1/ip/design_1_xdma_0_0/ip_0/ip_0/sim/design_1_xdma_0_0_pcie3_ip_gt_gtwizard_gthe3.v:1866]
WARNING: [VRFC 10-3091] actual bit length 1 differs from formal bit length 2 for port 'GTHE3_CHANNEL_EVODDPHIDRDEN' [C:/project/RTDS/DDR/RTDS_test_DDR4_64bit_batch_dev/RTDS_test_DDR4_64bit.ip_user_files/bd/design_1/ip/design_1_xdma_0_0/ip_0/ip_0/sim/design_1_xdma_0_0_pcie3_ip_gt_gtwizard_gthe3.v:1867]
WARNING: [VRFC 10-3091] actual bit length 1 differs from formal bit length 2 for port 'GTHE3_CHANNEL_EVODDPHIDWREN' [C:/project/RTDS/DDR/RTDS_test_DDR4_64bit_batch_dev/RTDS_test_DDR4_64bit.ip_user_files/bd/design_1/ip/design_1_xdma_0_0/ip_0/ip_0/sim/design_1_xdma_0_0_pcie3_ip_gt_gtwizard_gthe3.v:1868]
WARNING: [VRFC 10-3091] actual bit length 1 differs from formal bit length 2 for port 'GTHE3_CHANNEL_EVODDPHIXRDEN' [C:/project/RTDS/DDR/RTDS_test_DDR4_64bit_batch_dev/RTDS_test_DDR4_64bit.ip_user_files/bd/design_1/ip/design_1_xdma_0_0/ip_0/ip_0/sim/design_1_xdma_0_0_pcie3_ip_gt_gtwizard_gthe3.v:1869]
WARNING: [VRFC 10-3091] actual bit length 1 differs from formal bit length 2 for port 'GTHE3_CHANNEL_EVODDPHIXWREN' [C:/project/RTDS/DDR/RTDS_test_DDR4_64bit_batch_dev/RTDS_test_DDR4_64bit.ip_user_files/bd/design_1/ip/design_1_xdma_0_0/ip_0/ip_0/sim/design_1_xdma_0_0_pcie3_ip_gt_gtwizard_gthe3.v:1870]
WARNING: [VRFC 10-3091] actual bit length 1 differs from formal bit length 2 for port 'GTHE3_CHANNEL_EYESCANMODE' [C:/project/RTDS/DDR/RTDS_test_DDR4_64bit_batch_dev/RTDS_test_DDR4_64bit.ip_user_files/bd/design_1/ip/design_1_xdma_0_0/ip_0/ip_0/sim/design_1_xdma_0_0_pcie3_ip_gt_gtwizard_gthe3.v:1871]
WARNING: [VRFC 10-3091] actual bit length 1 differs from formal bit length 2 for port 'GTHE3_CHANNEL_EYESCANRESET' [C:/project/RTDS/DDR/RTDS_test_DDR4_64bit_batch_dev/RTDS_test_DDR4_64bit.ip_user_files/bd/design_1/ip/design_1_xdma_0_0/ip_0/ip_0/sim/design_1_xdma_0_0_pcie3_ip_gt_gtwizard_gthe3.v:1872]
WARNING: [VRFC 10-3091] actual bit length 1 differs from formal bit length 2 for port 'GTHE3_CHANNEL_EYESCANTRIGGER' [C:/project/RTDS/DDR/RTDS_test_DDR4_64bit_batch_dev/RTDS_test_DDR4_64bit.ip_user_files/bd/design_1/ip/design_1_xdma_0_0/ip_0/ip_0/sim/design_1_xdma_0_0_pcie3_ip_gt_gtwizard_gthe3.v:1873]
WARNING: [VRFC 10-3091] actual bit length 1 differs from formal bit length 2 for port 'GTHE3_CHANNEL_GTGREFCLK' [C:/project/RTDS/DDR/RTDS_test_DDR4_64bit_batch_dev/RTDS_test_DDR4_64bit.ip_user_files/bd/design_1/ip/design_1_xdma_0_0/ip_0/ip_0/sim/design_1_xdma_0_0_pcie3_ip_gt_gtwizard_gthe3.v:1874]
WARNING: [VRFC 10-3091] actual bit length 1 differs from formal bit length 2 for port 'GTHE3_CHANNEL_GTHRXN' [C:/project/RTDS/DDR/RTDS_test_DDR4_64bit_batch_dev/RTDS_test_DDR4_64bit.ip_user_files/bd/design_1/ip/design_1_xdma_0_0/ip_0/ip_0/sim/design_1_xdma_0_0_pcie3_ip_gt_gtwizard_gthe3.v:1875]
WARNING: [VRFC 10-3091] actual bit length 1 differs from formal bit length 2 for port 'GTHE3_CHANNEL_GTHRXP' [C:/project/RTDS/DDR/RTDS_test_DDR4_64bit_batch_dev/RTDS_test_DDR4_64bit.ip_user_files/bd/design_1/ip/design_1_xdma_0_0/ip_0/ip_0/sim/design_1_xdma_0_0_pcie3_ip_gt_gtwizard_gthe3.v:1876]
WARNING: [VRFC 10-3091] actual bit length 1 differs from formal bit length 2 for port 'GTHE3_CHANNEL_GTNORTHREFCLK0' [C:/project/RTDS/DDR/RTDS_test_DDR4_64bit_batch_dev/RTDS_test_DDR4_64bit.ip_user_files/bd/design_1/ip/design_1_xdma_0_0/ip_0/ip_0/sim/design_1_xdma_0_0_pcie3_ip_gt_gtwizard_gthe3.v:1877]
WARNING: [VRFC 10-3091] actual bit length 1 differs from formal bit length 2 for port 'GTHE3_CHANNEL_GTNORTHREFCLK1' [C:/project/RTDS/DDR/RTDS_test_DDR4_64bit_batch_dev/RTDS_test_DDR4_64bit.ip_user_files/bd/design_1/ip/design_1_xdma_0_0/ip_0/ip_0/sim/design_1_xdma_0_0_pcie3_ip_gt_gtwizard_gthe3.v:1878]
WARNING: [VRFC 10-3091] actual bit length 1 differs from formal bit length 2 for port 'GTHE3_CHANNEL_GTREFCLK0' [C:/project/RTDS/DDR/RTDS_test_DDR4_64bit_batch_dev/RTDS_test_DDR4_64bit.ip_user_files/bd/design_1/ip/design_1_xdma_0_0/ip_0/ip_0/sim/design_1_xdma_0_0_pcie3_ip_gt_gtwizard_gthe3.v:1879]
WARNING: [VRFC 10-3091] actual bit length 1 differs from formal bit length 2 for port 'GTHE3_CHANNEL_GTREFCLK1' [C:/project/RTDS/DDR/RTDS_test_DDR4_64bit_batch_dev/RTDS_test_DDR4_64bit.ip_user_files/bd/design_1/ip/design_1_xdma_0_0/ip_0/ip_0/sim/design_1_xdma_0_0_pcie3_ip_gt_gtwizard_gthe3.v:1880]
WARNING: [VRFC 10-3091] actual bit length 1 differs from formal bit length 2 for port 'GTHE3_CHANNEL_GTRESETSEL' [C:/project/RTDS/DDR/RTDS_test_DDR4_64bit_batch_dev/RTDS_test_DDR4_64bit.ip_user_files/bd/design_1/ip/design_1_xdma_0_0/ip_0/ip_0/sim/design_1_xdma_0_0_pcie3_ip_gt_gtwizard_gthe3.v:1881]
WARNING: [VRFC 10-3091] actual bit length 16 differs from formal bit length 32 for port 'GTHE3_CHANNEL_GTRSVD' [C:/project/RTDS/DDR/RTDS_test_DDR4_64bit_batch_dev/RTDS_test_DDR4_64bit.ip_user_files/bd/design_1/ip/design_1_xdma_0_0/ip_0/ip_0/sim/design_1_xdma_0_0_pcie3_ip_gt_gtwizard_gthe3.v:1882]
WARNING: [VRFC 10-3091] actual bit length 1 differs from formal bit length 2 for port 'GTHE3_CHANNEL_GTRXRESET' [C:/project/RTDS/DDR/RTDS_test_DDR4_64bit_batch_dev/RTDS_test_DDR4_64bit.ip_user_files/bd/design_1/ip/design_1_xdma_0_0/ip_0/ip_0/sim/design_1_xdma_0_0_pcie3_ip_gt_gtwizard_gthe3.v:1883]
WARNING: [VRFC 10-3091] actual bit length 1 differs from formal bit length 2 for port 'GTHE3_CHANNEL_GTSOUTHREFCLK0' [C:/project/RTDS/DDR/RTDS_test_DDR4_64bit_batch_dev/RTDS_test_DDR4_64bit.ip_user_files/bd/design_1/ip/design_1_xdma_0_0/ip_0/ip_0/sim/design_1_xdma_0_0_pcie3_ip_gt_gtwizard_gthe3.v:1884]
WARNING: [VRFC 10-3091] actual bit length 1 differs from formal bit length 2 for port 'GTHE3_CHANNEL_GTSOUTHREFCLK1' [C:/project/RTDS/DDR/RTDS_test_DDR4_64bit_batch_dev/RTDS_test_DDR4_64bit.ip_user_files/bd/design_1/ip/design_1_xdma_0_0/ip_0/ip_0/sim/design_1_xdma_0_0_pcie3_ip_gt_gtwizard_gthe3.v:1885]
WARNING: [VRFC 10-3091] actual bit length 1 differs from formal bit length 2 for port 'GTHE3_CHANNEL_GTTXRESET' [C:/project/RTDS/DDR/RTDS_test_DDR4_64bit_batch_dev/RTDS_test_DDR4_64bit.ip_user_files/bd/design_1/ip/design_1_xdma_0_0/ip_0/ip_0/sim/design_1_xdma_0_0_pcie3_ip_gt_gtwizard_gthe3.v:1886]
WARNING: [VRFC 10-3091] actual bit length 3 differs from formal bit length 6 for port 'GTHE3_CHANNEL_LOOPBACK' [C:/project/RTDS/DDR/RTDS_test_DDR4_64bit_batch_dev/RTDS_test_DDR4_64bit.ip_user_files/bd/design_1/ip/design_1_xdma_0_0/ip_0/ip_0/sim/design_1_xdma_0_0_pcie3_ip_gt_gtwizard_gthe3.v:1887]
WARNING: [VRFC 10-3091] actual bit length 1 differs from formal bit length 2 for port 'GTHE3_CHANNEL_LPBKRXTXSEREN' [C:/project/RTDS/DDR/RTDS_test_DDR4_64bit_batch_dev/RTDS_test_DDR4_64bit.ip_user_files/bd/design_1/ip/design_1_xdma_0_0/ip_0/ip_0/sim/design_1_xdma_0_0_pcie3_ip_gt_gtwizard_gthe3.v:1888]
WARNING: [VRFC 10-3091] actual bit length 1 differs from formal bit length 2 for port 'GTHE3_CHANNEL_LPBKTXRXSEREN' [C:/project/RTDS/DDR/RTDS_test_DDR4_64bit_batch_dev/RTDS_test_DDR4_64bit.ip_user_files/bd/design_1/ip/design_1_xdma_0_0/ip_0/ip_0/sim/design_1_xdma_0_0_pcie3_ip_gt_gtwizard_gthe3.v:1889]
WARNING: [VRFC 10-3091] actual bit length 1 differs from formal bit length 2 for port 'GTHE3_CHANNEL_PCIEEQRXEQADAPTDONE' [C:/project/RTDS/DDR/RTDS_test_DDR4_64bit_batch_dev/RTDS_test_DDR4_64bit.ip_user_files/bd/design_1/ip/design_1_xdma_0_0/ip_0/ip_0/sim/design_1_xdma_0_0_pcie3_ip_gt_gtwizard_gthe3.v:1890]
WARNING: [VRFC 10-3091] actual bit length 1 differs from formal bit length 2 for port 'GTHE3_CHANNEL_PCIERSTIDLE' [C:/project/RTDS/DDR/RTDS_test_DDR4_64bit_batch_dev/RTDS_test_DDR4_64bit.ip_user_files/bd/design_1/ip/design_1_xdma_0_0/ip_0/ip_0/sim/design_1_xdma_0_0_pcie3_ip_gt_gtwizard_gthe3.v:1891]
WARNING: [VRFC 10-3091] actual bit length 1 differs from formal bit length 2 for port 'GTHE3_CHANNEL_PCIERSTTXSYNCSTART' [C:/project/RTDS/DDR/RTDS_test_DDR4_64bit_batch_dev/RTDS_test_DDR4_64bit.ip_user_files/bd/design_1/ip/design_1_xdma_0_0/ip_0/ip_0/sim/design_1_xdma_0_0_pcie3_ip_gt_gtwizard_gthe3.v:1892]
WARNING: [VRFC 10-3091] actual bit length 1 differs from formal bit length 2 for port 'GTHE3_CHANNEL_PCIEUSERRATEDONE' [C:/project/RTDS/DDR/RTDS_test_DDR4_64bit_batch_dev/RTDS_test_DDR4_64bit.ip_user_files/bd/design_1/ip/design_1_xdma_0_0/ip_0/ip_0/sim/design_1_xdma_0_0_pcie3_ip_gt_gtwizard_gthe3.v:1893]
WARNING: [VRFC 10-3091] actual bit length 16 differs from formal bit length 32 for port 'GTHE3_CHANNEL_PCSRSVDIN' [C:/project/RTDS/DDR/RTDS_test_DDR4_64bit_batch_dev/RTDS_test_DDR4_64bit.ip_user_files/bd/design_1/ip/design_1_xdma_0_0/ip_0/ip_0/sim/design_1_xdma_0_0_pcie3_ip_gt_gtwizard_gthe3.v:1894]
WARNING: [VRFC 10-3091] actual bit length 5 differs from formal bit length 10 for port 'GTHE3_CHANNEL_PCSRSVDIN2' [C:/project/RTDS/DDR/RTDS_test_DDR4_64bit_batch_dev/RTDS_test_DDR4_64bit.ip_user_files/bd/design_1/ip/design_1_xdma_0_0/ip_0/ip_0/sim/design_1_xdma_0_0_pcie3_ip_gt_gtwizard_gthe3.v:1895]
WARNING: [VRFC 10-3091] actual bit length 5 differs from formal bit length 10 for port 'GTHE3_CHANNEL_PMARSVDIN' [C:/project/RTDS/DDR/RTDS_test_DDR4_64bit_batch_dev/RTDS_test_DDR4_64bit.ip_user_files/bd/design_1/ip/design_1_xdma_0_0/ip_0/ip_0/sim/design_1_xdma_0_0_pcie3_ip_gt_gtwizard_gthe3.v:1896]
WARNING: [VRFC 10-3091] actual bit length 1 differs from formal bit length 2 for port 'GTHE3_CHANNEL_QPLL0CLK' [C:/project/RTDS/DDR/RTDS_test_DDR4_64bit_batch_dev/RTDS_test_DDR4_64bit.ip_user_files/bd/design_1/ip/design_1_xdma_0_0/ip_0/ip_0/sim/design_1_xdma_0_0_pcie3_ip_gt_gtwizard_gthe3.v:1897]
WARNING: [VRFC 10-3091] actual bit length 1 differs from formal bit length 2 for port 'GTHE3_CHANNEL_QPLL0REFCLK' [C:/project/RTDS/DDR/RTDS_test_DDR4_64bit_batch_dev/RTDS_test_DDR4_64bit.ip_user_files/bd/design_1/ip/design_1_xdma_0_0/ip_0/ip_0/sim/design_1_xdma_0_0_pcie3_ip_gt_gtwizard_gthe3.v:1898]
WARNING: [VRFC 10-3091] actual bit length 1 differs from formal bit length 2 for port 'GTHE3_CHANNEL_QPLL1CLK' [C:/project/RTDS/DDR/RTDS_test_DDR4_64bit_batch_dev/RTDS_test_DDR4_64bit.ip_user_files/bd/design_1/ip/design_1_xdma_0_0/ip_0/ip_0/sim/design_1_xdma_0_0_pcie3_ip_gt_gtwizard_gthe3.v:1899]
WARNING: [VRFC 10-3091] actual bit length 1 differs from formal bit length 2 for port 'GTHE3_CHANNEL_QPLL1REFCLK' [C:/project/RTDS/DDR/RTDS_test_DDR4_64bit_batch_dev/RTDS_test_DDR4_64bit.ip_user_files/bd/design_1/ip/design_1_xdma_0_0/ip_0/ip_0/sim/design_1_xdma_0_0_pcie3_ip_gt_gtwizard_gthe3.v:1900]
WARNING: [VRFC 10-3091] actual bit length 1 differs from formal bit length 2 for port 'GTHE3_CHANNEL_RESETOVRD' [C:/project/RTDS/DDR/RTDS_test_DDR4_64bit_batch_dev/RTDS_test_DDR4_64bit.ip_user_files/bd/design_1/ip/design_1_xdma_0_0/ip_0/ip_0/sim/design_1_xdma_0_0_pcie3_ip_gt_gtwizard_gthe3.v:1901]
WARNING: [VRFC 10-3091] actual bit length 1 differs from formal bit length 2 for port 'GTHE3_CHANNEL_RSTCLKENTX' [C:/project/RTDS/DDR/RTDS_test_DDR4_64bit_batch_dev/RTDS_test_DDR4_64bit.ip_user_files/bd/design_1/ip/design_1_xdma_0_0/ip_0/ip_0/sim/design_1_xdma_0_0_pcie3_ip_gt_gtwizard_gthe3.v:1902]
WARNING: [VRFC 10-3091] actual bit length 1 differs from formal bit length 2 for port 'GTHE3_CHANNEL_RX8B10BEN' [C:/project/RTDS/DDR/RTDS_test_DDR4_64bit_batch_dev/RTDS_test_DDR4_64bit.ip_user_files/bd/design_1/ip/design_1_xdma_0_0/ip_0/ip_0/sim/design_1_xdma_0_0_pcie3_ip_gt_gtwizard_gthe3.v:1903]
WARNING: [VRFC 10-3091] actual bit length 1 differs from formal bit length 2 for port 'GTHE3_CHANNEL_RXBUFRESET' [C:/project/RTDS/DDR/RTDS_test_DDR4_64bit_batch_dev/RTDS_test_DDR4_64bit.ip_user_files/bd/design_1/ip/design_1_xdma_0_0/ip_0/ip_0/sim/design_1_xdma_0_0_pcie3_ip_gt_gtwizard_gthe3.v:1904]
WARNING: [VRFC 10-3091] actual bit length 1 differs from formal bit length 2 for port 'GTHE3_CHANNEL_RXCDRFREQRESET' [C:/project/RTDS/DDR/RTDS_test_DDR4_64bit_batch_dev/RTDS_test_DDR4_64bit.ip_user_files/bd/design_1/ip/design_1_xdma_0_0/ip_0/ip_0/sim/design_1_xdma_0_0_pcie3_ip_gt_gtwizard_gthe3.v:1905]
WARNING: [VRFC 10-3091] actual bit length 1 differs from formal bit length 2 for port 'GTHE3_CHANNEL_RXCDRHOLD' [C:/project/RTDS/DDR/RTDS_test_DDR4_64bit_batch_dev/RTDS_test_DDR4_64bit.ip_user_files/bd/design_1/ip/design_1_xdma_0_0/ip_0/ip_0/sim/design_1_xdma_0_0_pcie3_ip_gt_gtwizard_gthe3.v:1906]
WARNING: [VRFC 10-3091] actual bit length 1 differs from formal bit length 2 for port 'GTHE3_CHANNEL_RXCDROVRDEN' [C:/project/RTDS/DDR/RTDS_test_DDR4_64bit_batch_dev/RTDS_test_DDR4_64bit.ip_user_files/bd/design_1/ip/design_1_xdma_0_0/ip_0/ip_0/sim/design_1_xdma_0_0_pcie3_ip_gt_gtwizard_gthe3.v:1907]
WARNING: [VRFC 10-3091] actual bit length 1 differs from formal bit length 2 for port 'GTHE3_CHANNEL_RXCDRRESET' [C:/project/RTDS/DDR/RTDS_test_DDR4_64bit_batch_dev/RTDS_test_DDR4_64bit.ip_user_files/bd/design_1/ip/design_1_xdma_0_0/ip_0/ip_0/sim/design_1_xdma_0_0_pcie3_ip_gt_gtwizard_gthe3.v:1908]
WARNING: [VRFC 10-3091] actual bit length 1 differs from formal bit length 2 for port 'GTHE3_CHANNEL_RXCDRRESETRSV' [C:/project/RTDS/DDR/RTDS_test_DDR4_64bit_batch_dev/RTDS_test_DDR4_64bit.ip_user_files/bd/design_1/ip/design_1_xdma_0_0/ip_0/ip_0/sim/design_1_xdma_0_0_pcie3_ip_gt_gtwizard_gthe3.v:1909]
WARNING: [VRFC 10-3091] actual bit length 1 differs from formal bit length 2 for port 'GTHE3_CHANNEL_RXCHBONDEN' [C:/project/RTDS/DDR/RTDS_test_DDR4_64bit_batch_dev/RTDS_test_DDR4_64bit.ip_user_files/bd/design_1/ip/design_1_xdma_0_0/ip_0/ip_0/sim/design_1_xdma_0_0_pcie3_ip_gt_gtwizard_gthe3.v:1910]
WARNING: [VRFC 10-3091] actual bit length 5 differs from formal bit length 10 for port 'GTHE3_CHANNEL_RXCHBONDI' [C:/project/RTDS/DDR/RTDS_test_DDR4_64bit_batch_dev/RTDS_test_DDR4_64bit.ip_user_files/bd/design_1/ip/design_1_xdma_0_0/ip_0/ip_0/sim/design_1_xdma_0_0_pcie3_ip_gt_gtwizard_gthe3.v:1911]
WARNING: [VRFC 10-3091] actual bit length 3 differs from formal bit length 6 for port 'GTHE3_CHANNEL_RXCHBONDLEVEL' [C:/project/RTDS/DDR/RTDS_test_DDR4_64bit_batch_dev/RTDS_test_DDR4_64bit.ip_user_files/bd/design_1/ip/design_1_xdma_0_0/ip_0/ip_0/sim/design_1_xdma_0_0_pcie3_ip_gt_gtwizard_gthe3.v:1912]
WARNING: [VRFC 10-3091] actual bit length 1 differs from formal bit length 2 for port 'GTHE3_CHANNEL_RXCHBONDMASTER' [C:/project/RTDS/DDR/RTDS_test_DDR4_64bit_batch_dev/RTDS_test_DDR4_64bit.ip_user_files/bd/design_1/ip/design_1_xdma_0_0/ip_0/ip_0/sim/design_1_xdma_0_0_pcie3_ip_gt_gtwizard_gthe3.v:1913]
WARNING: [VRFC 10-3091] actual bit length 1 differs from formal bit length 2 for port 'GTHE3_CHANNEL_RXCHBONDSLAVE' [C:/project/RTDS/DDR/RTDS_test_DDR4_64bit_batch_dev/RTDS_test_DDR4_64bit.ip_user_files/bd/design_1/ip/design_1_xdma_0_0/ip_0/ip_0/sim/design_1_xdma_0_0_pcie3_ip_gt_gtwizard_gthe3.v:1914]
WARNING: [VRFC 10-3091] actual bit length 1 differs from formal bit length 2 for port 'GTHE3_CHANNEL_RXCOMMADETEN' [C:/project/RTDS/DDR/RTDS_test_DDR4_64bit_batch_dev/RTDS_test_DDR4_64bit.ip_user_files/bd/design_1/ip/design_1_xdma_0_0/ip_0/ip_0/sim/design_1_xdma_0_0_pcie3_ip_gt_gtwizard_gthe3.v:1915]
WARNING: [VRFC 10-3091] actual bit length 2 differs from formal bit length 4 for port 'GTHE3_CHANNEL_RXDFEAGCCTRL' [C:/project/RTDS/DDR/RTDS_test_DDR4_64bit_batch_dev/RTDS_test_DDR4_64bit.ip_user_files/bd/design_1/ip/design_1_xdma_0_0/ip_0/ip_0/sim/design_1_xdma_0_0_pcie3_ip_gt_gtwizard_gthe3.v:1916]
WARNING: [VRFC 10-3091] actual bit length 1 differs from formal bit length 2 for port 'GTHE3_CHANNEL_RXDFEAGCHOLD' [C:/project/RTDS/DDR/RTDS_test_DDR4_64bit_batch_dev/RTDS_test_DDR4_64bit.ip_user_files/bd/design_1/ip/design_1_xdma_0_0/ip_0/ip_0/sim/design_1_xdma_0_0_pcie3_ip_gt_gtwizard_gthe3.v:1917]
WARNING: [VRFC 10-3091] actual bit length 1 differs from formal bit length 2 for port 'GTHE3_CHANNEL_RXDFEAGCOVRDEN' [C:/project/RTDS/DDR/RTDS_test_DDR4_64bit_batch_dev/RTDS_test_DDR4_64bit.ip_user_files/bd/design_1/ip/design_1_xdma_0_0/ip_0/ip_0/sim/design_1_xdma_0_0_pcie3_ip_gt_gtwizard_gthe3.v:1918]
WARNING: [VRFC 10-3091] actual bit length 1 differs from formal bit length 2 for port 'GTHE3_CHANNEL_RXDFELFHOLD' [C:/project/RTDS/DDR/RTDS_test_DDR4_64bit_batch_dev/RTDS_test_DDR4_64bit.ip_user_files/bd/design_1/ip/design_1_xdma_0_0/ip_0/ip_0/sim/design_1_xdma_0_0_pcie3_ip_gt_gtwizard_gthe3.v:1919]
WARNING: [VRFC 10-3091] actual bit length 1 differs from formal bit length 2 for port 'GTHE3_CHANNEL_RXDFELFOVRDEN' [C:/project/RTDS/DDR/RTDS_test_DDR4_64bit_batch_dev/RTDS_test_DDR4_64bit.ip_user_files/bd/design_1/ip/design_1_xdma_0_0/ip_0/ip_0/sim/design_1_xdma_0_0_pcie3_ip_gt_gtwizard_gthe3.v:1920]
WARNING: [VRFC 10-3091] actual bit length 1 differs from formal bit length 2 for port 'GTHE3_CHANNEL_RXDFELPMRESET' [C:/project/RTDS/DDR/RTDS_test_DDR4_64bit_batch_dev/RTDS_test_DDR4_64bit.ip_user_files/bd/design_1/ip/design_1_xdma_0_0/ip_0/ip_0/sim/design_1_xdma_0_0_pcie3_ip_gt_gtwizard_gthe3.v:1921]
WARNING: [VRFC 10-3091] actual bit length 1 differs from formal bit length 2 for port 'GTHE3_CHANNEL_RXDFETAP10HOLD' [C:/project/RTDS/DDR/RTDS_test_DDR4_64bit_batch_dev/RTDS_test_DDR4_64bit.ip_user_files/bd/design_1/ip/design_1_xdma_0_0/ip_0/ip_0/sim/design_1_xdma_0_0_pcie3_ip_gt_gtwizard_gthe3.v:1922]
WARNING: [VRFC 10-3091] actual bit length 1 differs from formal bit length 2 for port 'GTHE3_CHANNEL_RXDFETAP10OVRDEN' [C:/project/RTDS/DDR/RTDS_test_DDR4_64bit_batch_dev/RTDS_test_DDR4_64bit.ip_user_files/bd/design_1/ip/design_1_xdma_0_0/ip_0/ip_0/sim/design_1_xdma_0_0_pcie3_ip_gt_gtwizard_gthe3.v:1923]
WARNING: [VRFC 10-3091] actual bit length 1 differs from formal bit length 2 for port 'GTHE3_CHANNEL_RXDFETAP11HOLD' [C:/project/RTDS/DDR/RTDS_test_DDR4_64bit_batch_dev/RTDS_test_DDR4_64bit.ip_user_files/bd/design_1/ip/design_1_xdma_0_0/ip_0/ip_0/sim/design_1_xdma_0_0_pcie3_ip_gt_gtwizard_gthe3.v:1924]
WARNING: [VRFC 10-3091] actual bit length 1 differs from formal bit length 2 for port 'GTHE3_CHANNEL_RXDFETAP11OVRDEN' [C:/project/RTDS/DDR/RTDS_test_DDR4_64bit_batch_dev/RTDS_test_DDR4_64bit.ip_user_files/bd/design_1/ip/design_1_xdma_0_0/ip_0/ip_0/sim/design_1_xdma_0_0_pcie3_ip_gt_gtwizard_gthe3.v:1925]
WARNING: [VRFC 10-3091] actual bit length 1 differs from formal bit length 2 for port 'GTHE3_CHANNEL_RXDFETAP12HOLD' [C:/project/RTDS/DDR/RTDS_test_DDR4_64bit_batch_dev/RTDS_test_DDR4_64bit.ip_user_files/bd/design_1/ip/design_1_xdma_0_0/ip_0/ip_0/sim/design_1_xdma_0_0_pcie3_ip_gt_gtwizard_gthe3.v:1926]
WARNING: [VRFC 10-3091] actual bit length 1 differs from formal bit length 2 for port 'GTHE3_CHANNEL_RXDFETAP12OVRDEN' [C:/project/RTDS/DDR/RTDS_test_DDR4_64bit_batch_dev/RTDS_test_DDR4_64bit.ip_user_files/bd/design_1/ip/design_1_xdma_0_0/ip_0/ip_0/sim/design_1_xdma_0_0_pcie3_ip_gt_gtwizard_gthe3.v:1927]
WARNING: [VRFC 10-3091] actual bit length 1 differs from formal bit length 2 for port 'GTHE3_CHANNEL_RXDFETAP13HOLD' [C:/project/RTDS/DDR/RTDS_test_DDR4_64bit_batch_dev/RTDS_test_DDR4_64bit.ip_user_files/bd/design_1/ip/design_1_xdma_0_0/ip_0/ip_0/sim/design_1_xdma_0_0_pcie3_ip_gt_gtwizard_gthe3.v:1928]
WARNING: [VRFC 10-3091] actual bit length 1 differs from formal bit length 2 for port 'GTHE3_CHANNEL_RXDFETAP13OVRDEN' [C:/project/RTDS/DDR/RTDS_test_DDR4_64bit_batch_dev/RTDS_test_DDR4_64bit.ip_user_files/bd/design_1/ip/design_1_xdma_0_0/ip_0/ip_0/sim/design_1_xdma_0_0_pcie3_ip_gt_gtwizard_gthe3.v:1929]
WARNING: [VRFC 10-3091] actual bit length 1 differs from formal bit length 2 for port 'GTHE3_CHANNEL_RXDFETAP14HOLD' [C:/project/RTDS/DDR/RTDS_test_DDR4_64bit_batch_dev/RTDS_test_DDR4_64bit.ip_user_files/bd/design_1/ip/design_1_xdma_0_0/ip_0/ip_0/sim/design_1_xdma_0_0_pcie3_ip_gt_gtwizard_gthe3.v:1930]
WARNING: [VRFC 10-3091] actual bit length 1 differs from formal bit length 2 for port 'GTHE3_CHANNEL_RXDFETAP14OVRDEN' [C:/project/RTDS/DDR/RTDS_test_DDR4_64bit_batch_dev/RTDS_test_DDR4_64bit.ip_user_files/bd/design_1/ip/design_1_xdma_0_0/ip_0/ip_0/sim/design_1_xdma_0_0_pcie3_ip_gt_gtwizard_gthe3.v:1931]
WARNING: [VRFC 10-3091] actual bit length 1 differs from formal bit length 2 for port 'GTHE3_CHANNEL_RXDFETAP15HOLD' [C:/project/RTDS/DDR/RTDS_test_DDR4_64bit_batch_dev/RTDS_test_DDR4_64bit.ip_user_files/bd/design_1/ip/design_1_xdma_0_0/ip_0/ip_0/sim/design_1_xdma_0_0_pcie3_ip_gt_gtwizard_gthe3.v:1932]
WARNING: [VRFC 10-3091] actual bit length 1 differs from formal bit length 2 for port 'GTHE3_CHANNEL_RXDFETAP15OVRDEN' [C:/project/RTDS/DDR/RTDS_test_DDR4_64bit_batch_dev/RTDS_test_DDR4_64bit.ip_user_files/bd/design_1/ip/design_1_xdma_0_0/ip_0/ip_0/sim/design_1_xdma_0_0_pcie3_ip_gt_gtwizard_gthe3.v:1933]
WARNING: [VRFC 10-3091] actual bit length 1 differs from formal bit length 2 for port 'GTHE3_CHANNEL_RXDFETAP2HOLD' [C:/project/RTDS/DDR/RTDS_test_DDR4_64bit_batch_dev/RTDS_test_DDR4_64bit.ip_user_files/bd/design_1/ip/design_1_xdma_0_0/ip_0/ip_0/sim/design_1_xdma_0_0_pcie3_ip_gt_gtwizard_gthe3.v:1934]
WARNING: [VRFC 10-3091] actual bit length 1 differs from formal bit length 2 for port 'GTHE3_CHANNEL_RXDFETAP2OVRDEN' [C:/project/RTDS/DDR/RTDS_test_DDR4_64bit_batch_dev/RTDS_test_DDR4_64bit.ip_user_files/bd/design_1/ip/design_1_xdma_0_0/ip_0/ip_0/sim/design_1_xdma_0_0_pcie3_ip_gt_gtwizard_gthe3.v:1935]
WARNING: [VRFC 10-3091] actual bit length 1 differs from formal bit length 2 for port 'GTHE3_CHANNEL_RXDFETAP3HOLD' [C:/project/RTDS/DDR/RTDS_test_DDR4_64bit_batch_dev/RTDS_test_DDR4_64bit.ip_user_files/bd/design_1/ip/design_1_xdma_0_0/ip_0/ip_0/sim/design_1_xdma_0_0_pcie3_ip_gt_gtwizard_gthe3.v:1936]
WARNING: [VRFC 10-3091] actual bit length 1 differs from formal bit length 2 for port 'GTHE3_CHANNEL_RXDFETAP3OVRDEN' [C:/project/RTDS/DDR/RTDS_test_DDR4_64bit_batch_dev/RTDS_test_DDR4_64bit.ip_user_files/bd/design_1/ip/design_1_xdma_0_0/ip_0/ip_0/sim/design_1_xdma_0_0_pcie3_ip_gt_gtwizard_gthe3.v:1937]
WARNING: [VRFC 10-3091] actual bit length 1 differs from formal bit length 2 for port 'GTHE3_CHANNEL_RXDFETAP4HOLD' [C:/project/RTDS/DDR/RTDS_test_DDR4_64bit_batch_dev/RTDS_test_DDR4_64bit.ip_user_files/bd/design_1/ip/design_1_xdma_0_0/ip_0/ip_0/sim/design_1_xdma_0_0_pcie3_ip_gt_gtwizard_gthe3.v:1938]
WARNING: [VRFC 10-3091] actual bit length 1 differs from formal bit length 2 for port 'GTHE3_CHANNEL_RXDFETAP4OVRDEN' [C:/project/RTDS/DDR/RTDS_test_DDR4_64bit_batch_dev/RTDS_test_DDR4_64bit.ip_user_files/bd/design_1/ip/design_1_xdma_0_0/ip_0/ip_0/sim/design_1_xdma_0_0_pcie3_ip_gt_gtwizard_gthe3.v:1939]
WARNING: [VRFC 10-3091] actual bit length 1 differs from formal bit length 2 for port 'GTHE3_CHANNEL_RXDFETAP5HOLD' [C:/project/RTDS/DDR/RTDS_test_DDR4_64bit_batch_dev/RTDS_test_DDR4_64bit.ip_user_files/bd/design_1/ip/design_1_xdma_0_0/ip_0/ip_0/sim/design_1_xdma_0_0_pcie3_ip_gt_gtwizard_gthe3.v:1940]
WARNING: [VRFC 10-3091] actual bit length 1 differs from formal bit length 2 for port 'GTHE3_CHANNEL_RXDFETAP5OVRDEN' [C:/project/RTDS/DDR/RTDS_test_DDR4_64bit_batch_dev/RTDS_test_DDR4_64bit.ip_user_files/bd/design_1/ip/design_1_xdma_0_0/ip_0/ip_0/sim/design_1_xdma_0_0_pcie3_ip_gt_gtwizard_gthe3.v:1941]
WARNING: [VRFC 10-3091] actual bit length 1 differs from formal bit length 2 for port 'GTHE3_CHANNEL_RXDFETAP6HOLD' [C:/project/RTDS/DDR/RTDS_test_DDR4_64bit_batch_dev/RTDS_test_DDR4_64bit.ip_user_files/bd/design_1/ip/design_1_xdma_0_0/ip_0/ip_0/sim/design_1_xdma_0_0_pcie3_ip_gt_gtwizard_gthe3.v:1942]
WARNING: [VRFC 10-3091] actual bit length 1 differs from formal bit length 2 for port 'GTHE3_CHANNEL_RXDFETAP6OVRDEN' [C:/project/RTDS/DDR/RTDS_test_DDR4_64bit_batch_dev/RTDS_test_DDR4_64bit.ip_user_files/bd/design_1/ip/design_1_xdma_0_0/ip_0/ip_0/sim/design_1_xdma_0_0_pcie3_ip_gt_gtwizard_gthe3.v:1943]
WARNING: [VRFC 10-3091] actual bit length 1 differs from formal bit length 2 for port 'GTHE3_CHANNEL_RXDFETAP7HOLD' [C:/project/RTDS/DDR/RTDS_test_DDR4_64bit_batch_dev/RTDS_test_DDR4_64bit.ip_user_files/bd/design_1/ip/design_1_xdma_0_0/ip_0/ip_0/sim/design_1_xdma_0_0_pcie3_ip_gt_gtwizard_gthe3.v:1944]
WARNING: [VRFC 10-3091] actual bit length 1 differs from formal bit length 2 for port 'GTHE3_CHANNEL_RXDFETAP7OVRDEN' [C:/project/RTDS/DDR/RTDS_test_DDR4_64bit_batch_dev/RTDS_test_DDR4_64bit.ip_user_files/bd/design_1/ip/design_1_xdma_0_0/ip_0/ip_0/sim/design_1_xdma_0_0_pcie3_ip_gt_gtwizard_gthe3.v:1945]
WARNING: [VRFC 10-3091] actual bit length 1 differs from formal bit length 2 for port 'GTHE3_CHANNEL_RXDFETAP8HOLD' [C:/project/RTDS/DDR/RTDS_test_DDR4_64bit_batch_dev/RTDS_test_DDR4_64bit.ip_user_files/bd/design_1/ip/design_1_xdma_0_0/ip_0/ip_0/sim/design_1_xdma_0_0_pcie3_ip_gt_gtwizard_gthe3.v:1946]
WARNING: [VRFC 10-3091] actual bit length 1 differs from formal bit length 2 for port 'GTHE3_CHANNEL_RXDFETAP8OVRDEN' [C:/project/RTDS/DDR/RTDS_test_DDR4_64bit_batch_dev/RTDS_test_DDR4_64bit.ip_user_files/bd/design_1/ip/design_1_xdma_0_0/ip_0/ip_0/sim/design_1_xdma_0_0_pcie3_ip_gt_gtwizard_gthe3.v:1947]
WARNING: [VRFC 10-3091] actual bit length 1 differs from formal bit length 2 for port 'GTHE3_CHANNEL_RXDFETAP9HOLD' [C:/project/RTDS/DDR/RTDS_test_DDR4_64bit_batch_dev/RTDS_test_DDR4_64bit.ip_user_files/bd/design_1/ip/design_1_xdma_0_0/ip_0/ip_0/sim/design_1_xdma_0_0_pcie3_ip_gt_gtwizard_gthe3.v:1948]
WARNING: [VRFC 10-3091] actual bit length 1 differs from formal bit length 2 for port 'GTHE3_CHANNEL_RXDFETAP9OVRDEN' [C:/project/RTDS/DDR/RTDS_test_DDR4_64bit_batch_dev/RTDS_test_DDR4_64bit.ip_user_files/bd/design_1/ip/design_1_xdma_0_0/ip_0/ip_0/sim/design_1_xdma_0_0_pcie3_ip_gt_gtwizard_gthe3.v:1949]
WARNING: [VRFC 10-3091] actual bit length 1 differs from formal bit length 2 for port 'GTHE3_CHANNEL_RXDFEUTHOLD' [C:/project/RTDS/DDR/RTDS_test_DDR4_64bit_batch_dev/RTDS_test_DDR4_64bit.ip_user_files/bd/design_1/ip/design_1_xdma_0_0/ip_0/ip_0/sim/design_1_xdma_0_0_pcie3_ip_gt_gtwizard_gthe3.v:1950]
WARNING: [VRFC 10-3091] actual bit length 1 differs from formal bit length 2 for port 'GTHE3_CHANNEL_RXDFEUTOVRDEN' [C:/project/RTDS/DDR/RTDS_test_DDR4_64bit_batch_dev/RTDS_test_DDR4_64bit.ip_user_files/bd/design_1/ip/design_1_xdma_0_0/ip_0/ip_0/sim/design_1_xdma_0_0_pcie3_ip_gt_gtwizard_gthe3.v:1951]
WARNING: [VRFC 10-3091] actual bit length 1 differs from formal bit length 2 for port 'GTHE3_CHANNEL_RXDFEVPHOLD' [C:/project/RTDS/DDR/RTDS_test_DDR4_64bit_batch_dev/RTDS_test_DDR4_64bit.ip_user_files/bd/design_1/ip/design_1_xdma_0_0/ip_0/ip_0/sim/design_1_xdma_0_0_pcie3_ip_gt_gtwizard_gthe3.v:1952]
WARNING: [VRFC 10-3091] actual bit length 1 differs from formal bit length 2 for port 'GTHE3_CHANNEL_RXDFEVPOVRDEN' [C:/project/RTDS/DDR/RTDS_test_DDR4_64bit_batch_dev/RTDS_test_DDR4_64bit.ip_user_files/bd/design_1/ip/design_1_xdma_0_0/ip_0/ip_0/sim/design_1_xdma_0_0_pcie3_ip_gt_gtwizard_gthe3.v:1953]
WARNING: [VRFC 10-3091] actual bit length 1 differs from formal bit length 2 for port 'GTHE3_CHANNEL_RXDFEVSEN' [C:/project/RTDS/DDR/RTDS_test_DDR4_64bit_batch_dev/RTDS_test_DDR4_64bit.ip_user_files/bd/design_1/ip/design_1_xdma_0_0/ip_0/ip_0/sim/design_1_xdma_0_0_pcie3_ip_gt_gtwizard_gthe3.v:1954]
WARNING: [VRFC 10-3091] actual bit length 1 differs from formal bit length 2 for port 'GTHE3_CHANNEL_RXDFEXYDEN' [C:/project/RTDS/DDR/RTDS_test_DDR4_64bit_batch_dev/RTDS_test_DDR4_64bit.ip_user_files/bd/design_1/ip/design_1_xdma_0_0/ip_0/ip_0/sim/design_1_xdma_0_0_pcie3_ip_gt_gtwizard_gthe3.v:1955]
WARNING: [VRFC 10-3091] actual bit length 1 differs from formal bit length 2 for port 'GTHE3_CHANNEL_RXDLYBYPASS' [C:/project/RTDS/DDR/RTDS_test_DDR4_64bit_batch_dev/RTDS_test_DDR4_64bit.ip_user_files/bd/design_1/ip/design_1_xdma_0_0/ip_0/ip_0/sim/design_1_xdma_0_0_pcie3_ip_gt_gtwizard_gthe3.v:1956]
WARNING: [VRFC 10-3091] actual bit length 1 differs from formal bit length 2 for port 'GTHE3_CHANNEL_RXDLYEN' [C:/project/RTDS/DDR/RTDS_test_DDR4_64bit_batch_dev/RTDS_test_DDR4_64bit.ip_user_files/bd/design_1/ip/design_1_xdma_0_0/ip_0/ip_0/sim/design_1_xdma_0_0_pcie3_ip_gt_gtwizard_gthe3.v:1957]
WARNING: [VRFC 10-3091] actual bit length 1 differs from formal bit length 2 for port 'GTHE3_CHANNEL_RXDLYOVRDEN' [C:/project/RTDS/DDR/RTDS_test_DDR4_64bit_batch_dev/RTDS_test_DDR4_64bit.ip_user_files/bd/design_1/ip/design_1_xdma_0_0/ip_0/ip_0/sim/design_1_xdma_0_0_pcie3_ip_gt_gtwizard_gthe3.v:1958]
WARNING: [VRFC 10-3091] actual bit length 1 differs from formal bit length 2 for port 'GTHE3_CHANNEL_RXDLYSRESET' [C:/project/RTDS/DDR/RTDS_test_DDR4_64bit_batch_dev/RTDS_test_DDR4_64bit.ip_user_files/bd/design_1/ip/design_1_xdma_0_0/ip_0/ip_0/sim/design_1_xdma_0_0_pcie3_ip_gt_gtwizard_gthe3.v:1959]
WARNING: [VRFC 10-3091] actual bit length 2 differs from formal bit length 4 for port 'GTHE3_CHANNEL_RXELECIDLEMODE' [C:/project/RTDS/DDR/RTDS_test_DDR4_64bit_batch_dev/RTDS_test_DDR4_64bit.ip_user_files/bd/design_1/ip/design_1_xdma_0_0/ip_0/ip_0/sim/design_1_xdma_0_0_pcie3_ip_gt_gtwizard_gthe3.v:1960]
WARNING: [VRFC 10-3091] actual bit length 1 differs from formal bit length 2 for port 'GTHE3_CHANNEL_RXGEARBOXSLIP' [C:/project/RTDS/DDR/RTDS_test_DDR4_64bit_batch_dev/RTDS_test_DDR4_64bit.ip_user_files/bd/design_1/ip/design_1_xdma_0_0/ip_0/ip_0/sim/design_1_xdma_0_0_pcie3_ip_gt_gtwizard_gthe3.v:1961]
WARNING: [VRFC 10-3091] actual bit length 1 differs from formal bit length 2 for port 'GTHE3_CHANNEL_RXLATCLK' [C:/project/RTDS/DDR/RTDS_test_DDR4_64bit_batch_dev/RTDS_test_DDR4_64bit.ip_user_files/bd/design_1/ip/design_1_xdma_0_0/ip_0/ip_0/sim/design_1_xdma_0_0_pcie3_ip_gt_gtwizard_gthe3.v:1962]
WARNING: [VRFC 10-3091] actual bit length 1 differs from formal bit length 2 for port 'GTHE3_CHANNEL_RXLPMEN' [C:/project/RTDS/DDR/RTDS_test_DDR4_64bit_batch_dev/RTDS_test_DDR4_64bit.ip_user_files/bd/design_1/ip/design_1_xdma_0_0/ip_0/ip_0/sim/design_1_xdma_0_0_pcie3_ip_gt_gtwizard_gthe3.v:1963]
WARNING: [VRFC 10-3091] actual bit length 1 differs from formal bit length 2 for port 'GTHE3_CHANNEL_RXLPMGCHOLD' [C:/project/RTDS/DDR/RTDS_test_DDR4_64bit_batch_dev/RTDS_test_DDR4_64bit.ip_user_files/bd/design_1/ip/design_1_xdma_0_0/ip_0/ip_0/sim/design_1_xdma_0_0_pcie3_ip_gt_gtwizard_gthe3.v:1964]
WARNING: [VRFC 10-3091] actual bit length 1 differs from formal bit length 2 for port 'GTHE3_CHANNEL_RXLPMGCOVRDEN' [C:/project/RTDS/DDR/RTDS_test_DDR4_64bit_batch_dev/RTDS_test_DDR4_64bit.ip_user_files/bd/design_1/ip/design_1_xdma_0_0/ip_0/ip_0/sim/design_1_xdma_0_0_pcie3_ip_gt_gtwizard_gthe3.v:1965]
WARNING: [VRFC 10-3091] actual bit length 1 differs from formal bit length 2 for port 'GTHE3_CHANNEL_RXLPMHFHOLD' [C:/project/RTDS/DDR/RTDS_test_DDR4_64bit_batch_dev/RTDS_test_DDR4_64bit.ip_user_files/bd/design_1/ip/design_1_xdma_0_0/ip_0/ip_0/sim/design_1_xdma_0_0_pcie3_ip_gt_gtwizard_gthe3.v:1966]
WARNING: [VRFC 10-3091] actual bit length 1 differs from formal bit length 2 for port 'GTHE3_CHANNEL_RXLPMHFOVRDEN' [C:/project/RTDS/DDR/RTDS_test_DDR4_64bit_batch_dev/RTDS_test_DDR4_64bit.ip_user_files/bd/design_1/ip/design_1_xdma_0_0/ip_0/ip_0/sim/design_1_xdma_0_0_pcie3_ip_gt_gtwizard_gthe3.v:1967]
WARNING: [VRFC 10-3091] actual bit length 1 differs from formal bit length 2 for port 'GTHE3_CHANNEL_RXLPMLFHOLD' [C:/project/RTDS/DDR/RTDS_test_DDR4_64bit_batch_dev/RTDS_test_DDR4_64bit.ip_user_files/bd/design_1/ip/design_1_xdma_0_0/ip_0/ip_0/sim/design_1_xdma_0_0_pcie3_ip_gt_gtwizard_gthe3.v:1968]
WARNING: [VRFC 10-3091] actual bit length 1 differs from formal bit length 2 for port 'GTHE3_CHANNEL_RXLPMLFKLOVRDEN' [C:/project/RTDS/DDR/RTDS_test_DDR4_64bit_batch_dev/RTDS_test_DDR4_64bit.ip_user_files/bd/design_1/ip/design_1_xdma_0_0/ip_0/ip_0/sim/design_1_xdma_0_0_pcie3_ip_gt_gtwizard_gthe3.v:1969]
WARNING: [VRFC 10-3091] actual bit length 1 differs from formal bit length 2 for port 'GTHE3_CHANNEL_RXLPMOSHOLD' [C:/project/RTDS/DDR/RTDS_test_DDR4_64bit_batch_dev/RTDS_test_DDR4_64bit.ip_user_files/bd/design_1/ip/design_1_xdma_0_0/ip_0/ip_0/sim/design_1_xdma_0_0_pcie3_ip_gt_gtwizard_gthe3.v:1970]
WARNING: [VRFC 10-3091] actual bit length 1 differs from formal bit length 2 for port 'GTHE3_CHANNEL_RXLPMOSOVRDEN' [C:/project/RTDS/DDR/RTDS_test_DDR4_64bit_batch_dev/RTDS_test_DDR4_64bit.ip_user_files/bd/design_1/ip/design_1_xdma_0_0/ip_0/ip_0/sim/design_1_xdma_0_0_pcie3_ip_gt_gtwizard_gthe3.v:1971]
WARNING: [VRFC 10-3091] actual bit length 1 differs from formal bit length 2 for port 'GTHE3_CHANNEL_RXMCOMMAALIGNEN' [C:/project/RTDS/DDR/RTDS_test_DDR4_64bit_batch_dev/RTDS_test_DDR4_64bit.ip_user_files/bd/design_1/ip/design_1_xdma_0_0/ip_0/ip_0/sim/design_1_xdma_0_0_pcie3_ip_gt_gtwizard_gthe3.v:1972]
WARNING: [VRFC 10-3091] actual bit length 2 differs from formal bit length 4 for port 'GTHE3_CHANNEL_RXMONITORSEL' [C:/project/RTDS/DDR/RTDS_test_DDR4_64bit_batch_dev/RTDS_test_DDR4_64bit.ip_user_files/bd/design_1/ip/design_1_xdma_0_0/ip_0/ip_0/sim/design_1_xdma_0_0_pcie3_ip_gt_gtwizard_gthe3.v:1973]
WARNING: [VRFC 10-3091] actual bit length 1 differs from formal bit length 2 for port 'GTHE3_CHANNEL_RXOOBRESET' [C:/project/RTDS/DDR/RTDS_test_DDR4_64bit_batch_dev/RTDS_test_DDR4_64bit.ip_user_files/bd/design_1/ip/design_1_xdma_0_0/ip_0/ip_0/sim/design_1_xdma_0_0_pcie3_ip_gt_gtwizard_gthe3.v:1974]
WARNING: [VRFC 10-3091] actual bit length 1 differs from formal bit length 2 for port 'GTHE3_CHANNEL_RXOSCALRESET' [C:/project/RTDS/DDR/RTDS_test_DDR4_64bit_batch_dev/RTDS_test_DDR4_64bit.ip_user_files/bd/design_1/ip/design_1_xdma_0_0/ip_0/ip_0/sim/design_1_xdma_0_0_pcie3_ip_gt_gtwizard_gthe3.v:1975]
WARNING: [VRFC 10-3091] actual bit length 1 differs from formal bit length 2 for port 'GTHE3_CHANNEL_RXOSHOLD' [C:/project/RTDS/DDR/RTDS_test_DDR4_64bit_batch_dev/RTDS_test_DDR4_64bit.ip_user_files/bd/design_1/ip/design_1_xdma_0_0/ip_0/ip_0/sim/design_1_xdma_0_0_pcie3_ip_gt_gtwizard_gthe3.v:1976]
WARNING: [VRFC 10-3091] actual bit length 4 differs from formal bit length 8 for port 'GTHE3_CHANNEL_RXOSINTCFG' [C:/project/RTDS/DDR/RTDS_test_DDR4_64bit_batch_dev/RTDS_test_DDR4_64bit.ip_user_files/bd/design_1/ip/design_1_xdma_0_0/ip_0/ip_0/sim/design_1_xdma_0_0_pcie3_ip_gt_gtwizard_gthe3.v:1977]
WARNING: [VRFC 10-3091] actual bit length 1 differs from formal bit length 2 for port 'GTHE3_CHANNEL_RXOSINTEN' [C:/project/RTDS/DDR/RTDS_test_DDR4_64bit_batch_dev/RTDS_test_DDR4_64bit.ip_user_files/bd/design_1/ip/design_1_xdma_0_0/ip_0/ip_0/sim/design_1_xdma_0_0_pcie3_ip_gt_gtwizard_gthe3.v:1978]
WARNING: [VRFC 10-3091] actual bit length 1 differs from formal bit length 2 for port 'GTHE3_CHANNEL_RXOSINTHOLD' [C:/project/RTDS/DDR/RTDS_test_DDR4_64bit_batch_dev/RTDS_test_DDR4_64bit.ip_user_files/bd/design_1/ip/design_1_xdma_0_0/ip_0/ip_0/sim/design_1_xdma_0_0_pcie3_ip_gt_gtwizard_gthe3.v:1979]
WARNING: [VRFC 10-3091] actual bit length 1 differs from formal bit length 2 for port 'GTHE3_CHANNEL_RXOSINTOVRDEN' [C:/project/RTDS/DDR/RTDS_test_DDR4_64bit_batch_dev/RTDS_test_DDR4_64bit.ip_user_files/bd/design_1/ip/design_1_xdma_0_0/ip_0/ip_0/sim/design_1_xdma_0_0_pcie3_ip_gt_gtwizard_gthe3.v:1980]
WARNING: [VRFC 10-3091] actual bit length 1 differs from formal bit length 2 for port 'GTHE3_CHANNEL_RXOSINTSTROBE' [C:/project/RTDS/DDR/RTDS_test_DDR4_64bit_batch_dev/RTDS_test_DDR4_64bit.ip_user_files/bd/design_1/ip/design_1_xdma_0_0/ip_0/ip_0/sim/design_1_xdma_0_0_pcie3_ip_gt_gtwizard_gthe3.v:1981]
WARNING: [VRFC 10-3091] actual bit length 1 differs from formal bit length 2 for port 'GTHE3_CHANNEL_RXOSINTTESTOVRDEN' [C:/project/RTDS/DDR/RTDS_test_DDR4_64bit_batch_dev/RTDS_test_DDR4_64bit.ip_user_files/bd/design_1/ip/design_1_xdma_0_0/ip_0/ip_0/sim/design_1_xdma_0_0_pcie3_ip_gt_gtwizard_gthe3.v:1982]
WARNING: [VRFC 10-3091] actual bit length 1 differs from formal bit length 2 for port 'GTHE3_CHANNEL_RXOSOVRDEN' [C:/project/RTDS/DDR/RTDS_test_DDR4_64bit_batch_dev/RTDS_test_DDR4_64bit.ip_user_files/bd/design_1/ip/design_1_xdma_0_0/ip_0/ip_0/sim/design_1_xdma_0_0_pcie3_ip_gt_gtwizard_gthe3.v:1983]
WARNING: [VRFC 10-3091] actual bit length 3 differs from formal bit length 6 for port 'GTHE3_CHANNEL_RXOUTCLKSEL' [C:/project/RTDS/DDR/RTDS_test_DDR4_64bit_batch_dev/RTDS_test_DDR4_64bit.ip_user_files/bd/design_1/ip/design_1_xdma_0_0/ip_0/ip_0/sim/design_1_xdma_0_0_pcie3_ip_gt_gtwizard_gthe3.v:1984]
WARNING: [VRFC 10-3091] actual bit length 1 differs from formal bit length 2 for port 'GTHE3_CHANNEL_RXPCOMMAALIGNEN' [C:/project/RTDS/DDR/RTDS_test_DDR4_64bit_batch_dev/RTDS_test_DDR4_64bit.ip_user_files/bd/design_1/ip/design_1_xdma_0_0/ip_0/ip_0/sim/design_1_xdma_0_0_pcie3_ip_gt_gtwizard_gthe3.v:1985]
WARNING: [VRFC 10-3091] actual bit length 1 differs from formal bit length 2 for port 'GTHE3_CHANNEL_RXPCSRESET' [C:/project/RTDS/DDR/RTDS_test_DDR4_64bit_batch_dev/RTDS_test_DDR4_64bit.ip_user_files/bd/design_1/ip/design_1_xdma_0_0/ip_0/ip_0/sim/design_1_xdma_0_0_pcie3_ip_gt_gtwizard_gthe3.v:1986]
WARNING: [VRFC 10-3091] actual bit length 2 differs from formal bit length 4 for port 'GTHE3_CHANNEL_RXPD' [C:/project/RTDS/DDR/RTDS_test_DDR4_64bit_batch_dev/RTDS_test_DDR4_64bit.ip_user_files/bd/design_1/ip/design_1_xdma_0_0/ip_0/ip_0/sim/design_1_xdma_0_0_pcie3_ip_gt_gtwizard_gthe3.v:1987]
WARNING: [VRFC 10-3091] actual bit length 1 differs from formal bit length 2 for port 'GTHE3_CHANNEL_RXPHALIGN' [C:/project/RTDS/DDR/RTDS_test_DDR4_64bit_batch_dev/RTDS_test_DDR4_64bit.ip_user_files/bd/design_1/ip/design_1_xdma_0_0/ip_0/ip_0/sim/design_1_xdma_0_0_pcie3_ip_gt_gtwizard_gthe3.v:1988]
WARNING: [VRFC 10-3091] actual bit length 1 differs from formal bit length 2 for port 'GTHE3_CHANNEL_RXPHALIGNEN' [C:/project/RTDS/DDR/RTDS_test_DDR4_64bit_batch_dev/RTDS_test_DDR4_64bit.ip_user_files/bd/design_1/ip/design_1_xdma_0_0/ip_0/ip_0/sim/design_1_xdma_0_0_pcie3_ip_gt_gtwizard_gthe3.v:1989]
WARNING: [VRFC 10-3091] actual bit length 1 differs from formal bit length 2 for port 'GTHE3_CHANNEL_RXPHDLYPD' [C:/project/RTDS/DDR/RTDS_test_DDR4_64bit_batch_dev/RTDS_test_DDR4_64bit.ip_user_files/bd/design_1/ip/design_1_xdma_0_0/ip_0/ip_0/sim/design_1_xdma_0_0_pcie3_ip_gt_gtwizard_gthe3.v:1990]
WARNING: [VRFC 10-3091] actual bit length 1 differs from formal bit length 2 for port 'GTHE3_CHANNEL_RXPHDLYRESET' [C:/project/RTDS/DDR/RTDS_test_DDR4_64bit_batch_dev/RTDS_test_DDR4_64bit.ip_user_files/bd/design_1/ip/design_1_xdma_0_0/ip_0/ip_0/sim/design_1_xdma_0_0_pcie3_ip_gt_gtwizard_gthe3.v:1991]
WARNING: [VRFC 10-3091] actual bit length 1 differs from formal bit length 2 for port 'GTHE3_CHANNEL_RXPHOVRDEN' [C:/project/RTDS/DDR/RTDS_test_DDR4_64bit_batch_dev/RTDS_test_DDR4_64bit.ip_user_files/bd/design_1/ip/design_1_xdma_0_0/ip_0/ip_0/sim/design_1_xdma_0_0_pcie3_ip_gt_gtwizard_gthe3.v:1992]
WARNING: [VRFC 10-3091] actual bit length 2 differs from formal bit length 4 for port 'GTHE3_CHANNEL_RXPLLCLKSEL' [C:/project/RTDS/DDR/RTDS_test_DDR4_64bit_batch_dev/RTDS_test_DDR4_64bit.ip_user_files/bd/design_1/ip/design_1_xdma_0_0/ip_0/ip_0/sim/design_1_xdma_0_0_pcie3_ip_gt_gtwizard_gthe3.v:1993]
WARNING: [VRFC 10-3091] actual bit length 1 differs from formal bit length 2 for port 'GTHE3_CHANNEL_RXPMARESET' [C:/project/RTDS/DDR/RTDS_test_DDR4_64bit_batch_dev/RTDS_test_DDR4_64bit.ip_user_files/bd/design_1/ip/design_1_xdma_0_0/ip_0/ip_0/sim/design_1_xdma_0_0_pcie3_ip_gt_gtwizard_gthe3.v:1994]
WARNING: [VRFC 10-3091] actual bit length 1 differs from formal bit length 2 for port 'GTHE3_CHANNEL_RXPOLARITY' [C:/project/RTDS/DDR/RTDS_test_DDR4_64bit_batch_dev/RTDS_test_DDR4_64bit.ip_user_files/bd/design_1/ip/design_1_xdma_0_0/ip_0/ip_0/sim/design_1_xdma_0_0_pcie3_ip_gt_gtwizard_gthe3.v:1995]
WARNING: [VRFC 10-3091] actual bit length 1 differs from formal bit length 2 for port 'GTHE3_CHANNEL_RXPRBSCNTRESET' [C:/project/RTDS/DDR/RTDS_test_DDR4_64bit_batch_dev/RTDS_test_DDR4_64bit.ip_user_files/bd/design_1/ip/design_1_xdma_0_0/ip_0/ip_0/sim/design_1_xdma_0_0_pcie3_ip_gt_gtwizard_gthe3.v:1996]
WARNING: [VRFC 10-3091] actual bit length 4 differs from formal bit length 8 for port 'GTHE3_CHANNEL_RXPRBSSEL' [C:/project/RTDS/DDR/RTDS_test_DDR4_64bit_batch_dev/RTDS_test_DDR4_64bit.ip_user_files/bd/design_1/ip/design_1_xdma_0_0/ip_0/ip_0/sim/design_1_xdma_0_0_pcie3_ip_gt_gtwizard_gthe3.v:1997]
WARNING: [VRFC 10-3091] actual bit length 1 differs from formal bit length 2 for port 'GTHE3_CHANNEL_RXPROGDIVRESET' [C:/project/RTDS/DDR/RTDS_test_DDR4_64bit_batch_dev/RTDS_test_DDR4_64bit.ip_user_files/bd/design_1/ip/design_1_xdma_0_0/ip_0/ip_0/sim/design_1_xdma_0_0_pcie3_ip_gt_gtwizard_gthe3.v:1998]
WARNING: [VRFC 10-3091] actual bit length 1 differs from formal bit length 2 for port 'GTHE3_CHANNEL_RXQPIEN' [C:/project/RTDS/DDR/RTDS_test_DDR4_64bit_batch_dev/RTDS_test_DDR4_64bit.ip_user_files/bd/design_1/ip/design_1_xdma_0_0/ip_0/ip_0/sim/design_1_xdma_0_0_pcie3_ip_gt_gtwizard_gthe3.v:1999]
WARNING: [VRFC 10-3091] actual bit length 3 differs from formal bit length 6 for port 'GTHE3_CHANNEL_RXRATE' [C:/project/RTDS/DDR/RTDS_test_DDR4_64bit_batch_dev/RTDS_test_DDR4_64bit.ip_user_files/bd/design_1/ip/design_1_xdma_0_0/ip_0/ip_0/sim/design_1_xdma_0_0_pcie3_ip_gt_gtwizard_gthe3.v:2000]
WARNING: [VRFC 10-3091] actual bit length 1 differs from formal bit length 2 for port 'GTHE3_CHANNEL_RXRATEMODE' [C:/project/RTDS/DDR/RTDS_test_DDR4_64bit_batch_dev/RTDS_test_DDR4_64bit.ip_user_files/bd/design_1/ip/design_1_xdma_0_0/ip_0/ip_0/sim/design_1_xdma_0_0_pcie3_ip_gt_gtwizard_gthe3.v:2001]
WARNING: [VRFC 10-3091] actual bit length 1 differs from formal bit length 2 for port 'GTHE3_CHANNEL_RXSLIDE' [C:/project/RTDS/DDR/RTDS_test_DDR4_64bit_batch_dev/RTDS_test_DDR4_64bit.ip_user_files/bd/design_1/ip/design_1_xdma_0_0/ip_0/ip_0/sim/design_1_xdma_0_0_pcie3_ip_gt_gtwizard_gthe3.v:2002]
WARNING: [VRFC 10-3091] actual bit length 1 differs from formal bit length 2 for port 'GTHE3_CHANNEL_RXSLIPOUTCLK' [C:/project/RTDS/DDR/RTDS_test_DDR4_64bit_batch_dev/RTDS_test_DDR4_64bit.ip_user_files/bd/design_1/ip/design_1_xdma_0_0/ip_0/ip_0/sim/design_1_xdma_0_0_pcie3_ip_gt_gtwizard_gthe3.v:2003]
WARNING: [VRFC 10-3091] actual bit length 1 differs from formal bit length 2 for port 'GTHE3_CHANNEL_RXSLIPPMA' [C:/project/RTDS/DDR/RTDS_test_DDR4_64bit_batch_dev/RTDS_test_DDR4_64bit.ip_user_files/bd/design_1/ip/design_1_xdma_0_0/ip_0/ip_0/sim/design_1_xdma_0_0_pcie3_ip_gt_gtwizard_gthe3.v:2004]
WARNING: [VRFC 10-3091] actual bit length 1 differs from formal bit length 2 for port 'GTHE3_CHANNEL_RXSYNCALLIN' [C:/project/RTDS/DDR/RTDS_test_DDR4_64bit_batch_dev/RTDS_test_DDR4_64bit.ip_user_files/bd/design_1/ip/design_1_xdma_0_0/ip_0/ip_0/sim/design_1_xdma_0_0_pcie3_ip_gt_gtwizard_gthe3.v:2005]
WARNING: [VRFC 10-3091] actual bit length 1 differs from formal bit length 2 for port 'GTHE3_CHANNEL_RXSYNCIN' [C:/project/RTDS/DDR/RTDS_test_DDR4_64bit_batch_dev/RTDS_test_DDR4_64bit.ip_user_files/bd/design_1/ip/design_1_xdma_0_0/ip_0/ip_0/sim/design_1_xdma_0_0_pcie3_ip_gt_gtwizard_gthe3.v:2006]
WARNING: [VRFC 10-3091] actual bit length 1 differs from formal bit length 2 for port 'GTHE3_CHANNEL_RXSYNCMODE' [C:/project/RTDS/DDR/RTDS_test_DDR4_64bit_batch_dev/RTDS_test_DDR4_64bit.ip_user_files/bd/design_1/ip/design_1_xdma_0_0/ip_0/ip_0/sim/design_1_xdma_0_0_pcie3_ip_gt_gtwizard_gthe3.v:2007]
WARNING: [VRFC 10-3091] actual bit length 2 differs from formal bit length 4 for port 'GTHE3_CHANNEL_RXSYSCLKSEL' [C:/project/RTDS/DDR/RTDS_test_DDR4_64bit_batch_dev/RTDS_test_DDR4_64bit.ip_user_files/bd/design_1/ip/design_1_xdma_0_0/ip_0/ip_0/sim/design_1_xdma_0_0_pcie3_ip_gt_gtwizard_gthe3.v:2008]
WARNING: [VRFC 10-3091] actual bit length 1 differs from formal bit length 2 for port 'GTHE3_CHANNEL_RXUSERRDY' [C:/project/RTDS/DDR/RTDS_test_DDR4_64bit_batch_dev/RTDS_test_DDR4_64bit.ip_user_files/bd/design_1/ip/design_1_xdma_0_0/ip_0/ip_0/sim/design_1_xdma_0_0_pcie3_ip_gt_gtwizard_gthe3.v:2009]
WARNING: [VRFC 10-3091] actual bit length 1 differs from formal bit length 2 for port 'GTHE3_CHANNEL_RXUSRCLK' [C:/project/RTDS/DDR/RTDS_test_DDR4_64bit_batch_dev/RTDS_test_DDR4_64bit.ip_user_files/bd/design_1/ip/design_1_xdma_0_0/ip_0/ip_0/sim/design_1_xdma_0_0_pcie3_ip_gt_gtwizard_gthe3.v:2010]
WARNING: [VRFC 10-3091] actual bit length 1 differs from formal bit length 2 for port 'GTHE3_CHANNEL_RXUSRCLK2' [C:/project/RTDS/DDR/RTDS_test_DDR4_64bit_batch_dev/RTDS_test_DDR4_64bit.ip_user_files/bd/design_1/ip/design_1_xdma_0_0/ip_0/ip_0/sim/design_1_xdma_0_0_pcie3_ip_gt_gtwizard_gthe3.v:2011]
WARNING: [VRFC 10-3091] actual bit length 1 differs from formal bit length 2 for port 'GTHE3_CHANNEL_SIGVALIDCLK' [C:/project/RTDS/DDR/RTDS_test_DDR4_64bit_batch_dev/RTDS_test_DDR4_64bit.ip_user_files/bd/design_1/ip/design_1_xdma_0_0/ip_0/ip_0/sim/design_1_xdma_0_0_pcie3_ip_gt_gtwizard_gthe3.v:2012]
WARNING: [VRFC 10-3091] actual bit length 20 differs from formal bit length 40 for port 'GTHE3_CHANNEL_TSTIN' [C:/project/RTDS/DDR/RTDS_test_DDR4_64bit_batch_dev/RTDS_test_DDR4_64bit.ip_user_files/bd/design_1/ip/design_1_xdma_0_0/ip_0/ip_0/sim/design_1_xdma_0_0_pcie3_ip_gt_gtwizard_gthe3.v:2013]
WARNING: [VRFC 10-3091] actual bit length 8 differs from formal bit length 16 for port 'GTHE3_CHANNEL_TX8B10BBYPASS' [C:/project/RTDS/DDR/RTDS_test_DDR4_64bit_batch_dev/RTDS_test_DDR4_64bit.ip_user_files/bd/design_1/ip/design_1_xdma_0_0/ip_0/ip_0/sim/design_1_xdma_0_0_pcie3_ip_gt_gtwizard_gthe3.v:2014]
WARNING: [VRFC 10-3091] actual bit length 1 differs from formal bit length 2 for port 'GTHE3_CHANNEL_TX8B10BEN' [C:/project/RTDS/DDR/RTDS_test_DDR4_64bit_batch_dev/RTDS_test_DDR4_64bit.ip_user_files/bd/design_1/ip/design_1_xdma_0_0/ip_0/ip_0/sim/design_1_xdma_0_0_pcie3_ip_gt_gtwizard_gthe3.v:2015]
WARNING: [VRFC 10-3091] actual bit length 3 differs from formal bit length 6 for port 'GTHE3_CHANNEL_TXBUFDIFFCTRL' [C:/project/RTDS/DDR/RTDS_test_DDR4_64bit_batch_dev/RTDS_test_DDR4_64bit.ip_user_files/bd/design_1/ip/design_1_xdma_0_0/ip_0/ip_0/sim/design_1_xdma_0_0_pcie3_ip_gt_gtwizard_gthe3.v:2016]
WARNING: [VRFC 10-3091] actual bit length 1 differs from formal bit length 2 for port 'GTHE3_CHANNEL_TXCOMINIT' [C:/project/RTDS/DDR/RTDS_test_DDR4_64bit_batch_dev/RTDS_test_DDR4_64bit.ip_user_files/bd/design_1/ip/design_1_xdma_0_0/ip_0/ip_0/sim/design_1_xdma_0_0_pcie3_ip_gt_gtwizard_gthe3.v:2017]
WARNING: [VRFC 10-3091] actual bit length 1 differs from formal bit length 2 for port 'GTHE3_CHANNEL_TXCOMSAS' [C:/project/RTDS/DDR/RTDS_test_DDR4_64bit_batch_dev/RTDS_test_DDR4_64bit.ip_user_files/bd/design_1/ip/design_1_xdma_0_0/ip_0/ip_0/sim/design_1_xdma_0_0_pcie3_ip_gt_gtwizard_gthe3.v:2018]
WARNING: [VRFC 10-3091] actual bit length 1 differs from formal bit length 2 for port 'GTHE3_CHANNEL_TXCOMWAKE' [C:/project/RTDS/DDR/RTDS_test_DDR4_64bit_batch_dev/RTDS_test_DDR4_64bit.ip_user_files/bd/design_1/ip/design_1_xdma_0_0/ip_0/ip_0/sim/design_1_xdma_0_0_pcie3_ip_gt_gtwizard_gthe3.v:2019]
WARNING: [VRFC 10-3091] actual bit length 16 differs from formal bit length 32 for port 'GTHE3_CHANNEL_TXCTRL0' [C:/project/RTDS/DDR/RTDS_test_DDR4_64bit_batch_dev/RTDS_test_DDR4_64bit.ip_user_files/bd/design_1/ip/design_1_xdma_0_0/ip_0/ip_0/sim/design_1_xdma_0_0_pcie3_ip_gt_gtwizard_gthe3.v:2020]
WARNING: [VRFC 10-3091] actual bit length 16 differs from formal bit length 32 for port 'GTHE3_CHANNEL_TXCTRL1' [C:/project/RTDS/DDR/RTDS_test_DDR4_64bit_batch_dev/RTDS_test_DDR4_64bit.ip_user_files/bd/design_1/ip/design_1_xdma_0_0/ip_0/ip_0/sim/design_1_xdma_0_0_pcie3_ip_gt_gtwizard_gthe3.v:2021]
WARNING: [VRFC 10-3091] actual bit length 8 differs from formal bit length 16 for port 'GTHE3_CHANNEL_TXCTRL2' [C:/project/RTDS/DDR/RTDS_test_DDR4_64bit_batch_dev/RTDS_test_DDR4_64bit.ip_user_files/bd/design_1/ip/design_1_xdma_0_0/ip_0/ip_0/sim/design_1_xdma_0_0_pcie3_ip_gt_gtwizard_gthe3.v:2022]
WARNING: [VRFC 10-3091] actual bit length 128 differs from formal bit length 256 for port 'GTHE3_CHANNEL_TXDATA' [C:/project/RTDS/DDR/RTDS_test_DDR4_64bit_batch_dev/RTDS_test_DDR4_64bit.ip_user_files/bd/design_1/ip/design_1_xdma_0_0/ip_0/ip_0/sim/design_1_xdma_0_0_pcie3_ip_gt_gtwizard_gthe3.v:2023]
WARNING: [VRFC 10-3091] actual bit length 8 differs from formal bit length 16 for port 'GTHE3_CHANNEL_TXDATAEXTENDRSVD' [C:/project/RTDS/DDR/RTDS_test_DDR4_64bit_batch_dev/RTDS_test_DDR4_64bit.ip_user_files/bd/design_1/ip/design_1_xdma_0_0/ip_0/ip_0/sim/design_1_xdma_0_0_pcie3_ip_gt_gtwizard_gthe3.v:2024]
WARNING: [VRFC 10-3091] actual bit length 1 differs from formal bit length 2 for port 'GTHE3_CHANNEL_TXDEEMPH' [C:/project/RTDS/DDR/RTDS_test_DDR4_64bit_batch_dev/RTDS_test_DDR4_64bit.ip_user_files/bd/design_1/ip/design_1_xdma_0_0/ip_0/ip_0/sim/design_1_xdma_0_0_pcie3_ip_gt_gtwizard_gthe3.v:2025]
WARNING: [VRFC 10-3091] actual bit length 1 differs from formal bit length 2 for port 'GTHE3_CHANNEL_TXDETECTRX' [C:/project/RTDS/DDR/RTDS_test_DDR4_64bit_batch_dev/RTDS_test_DDR4_64bit.ip_user_files/bd/design_1/ip/design_1_xdma_0_0/ip_0/ip_0/sim/design_1_xdma_0_0_pcie3_ip_gt_gtwizard_gthe3.v:2026]
WARNING: [VRFC 10-3091] actual bit length 4 differs from formal bit length 8 for port 'GTHE3_CHANNEL_TXDIFFCTRL' [C:/project/RTDS/DDR/RTDS_test_DDR4_64bit_batch_dev/RTDS_test_DDR4_64bit.ip_user_files/bd/design_1/ip/design_1_xdma_0_0/ip_0/ip_0/sim/design_1_xdma_0_0_pcie3_ip_gt_gtwizard_gthe3.v:2027]
WARNING: [VRFC 10-3091] actual bit length 1 differs from formal bit length 2 for port 'GTHE3_CHANNEL_TXDIFFPD' [C:/project/RTDS/DDR/RTDS_test_DDR4_64bit_batch_dev/RTDS_test_DDR4_64bit.ip_user_files/bd/design_1/ip/design_1_xdma_0_0/ip_0/ip_0/sim/design_1_xdma_0_0_pcie3_ip_gt_gtwizard_gthe3.v:2028]
WARNING: [VRFC 10-3091] actual bit length 1 differs from formal bit length 2 for port 'GTHE3_CHANNEL_TXDLYBYPASS' [C:/project/RTDS/DDR/RTDS_test_DDR4_64bit_batch_dev/RTDS_test_DDR4_64bit.ip_user_files/bd/design_1/ip/design_1_xdma_0_0/ip_0/ip_0/sim/design_1_xdma_0_0_pcie3_ip_gt_gtwizard_gthe3.v:2029]
WARNING: [VRFC 10-3091] actual bit length 1 differs from formal bit length 2 for port 'GTHE3_CHANNEL_TXDLYEN' [C:/project/RTDS/DDR/RTDS_test_DDR4_64bit_batch_dev/RTDS_test_DDR4_64bit.ip_user_files/bd/design_1/ip/design_1_xdma_0_0/ip_0/ip_0/sim/design_1_xdma_0_0_pcie3_ip_gt_gtwizard_gthe3.v:2030]
WARNING: [VRFC 10-3091] actual bit length 1 differs from formal bit length 2 for port 'GTHE3_CHANNEL_TXDLYHOLD' [C:/project/RTDS/DDR/RTDS_test_DDR4_64bit_batch_dev/RTDS_test_DDR4_64bit.ip_user_files/bd/design_1/ip/design_1_xdma_0_0/ip_0/ip_0/sim/design_1_xdma_0_0_pcie3_ip_gt_gtwizard_gthe3.v:2031]
WARNING: [VRFC 10-3091] actual bit length 1 differs from formal bit length 2 for port 'GTHE3_CHANNEL_TXDLYOVRDEN' [C:/project/RTDS/DDR/RTDS_test_DDR4_64bit_batch_dev/RTDS_test_DDR4_64bit.ip_user_files/bd/design_1/ip/design_1_xdma_0_0/ip_0/ip_0/sim/design_1_xdma_0_0_pcie3_ip_gt_gtwizard_gthe3.v:2032]
WARNING: [VRFC 10-3091] actual bit length 1 differs from formal bit length 2 for port 'GTHE3_CHANNEL_TXDLYSRESET' [C:/project/RTDS/DDR/RTDS_test_DDR4_64bit_batch_dev/RTDS_test_DDR4_64bit.ip_user_files/bd/design_1/ip/design_1_xdma_0_0/ip_0/ip_0/sim/design_1_xdma_0_0_pcie3_ip_gt_gtwizard_gthe3.v:2033]
WARNING: [VRFC 10-3091] actual bit length 1 differs from formal bit length 2 for port 'GTHE3_CHANNEL_TXDLYUPDOWN' [C:/project/RTDS/DDR/RTDS_test_DDR4_64bit_batch_dev/RTDS_test_DDR4_64bit.ip_user_files/bd/design_1/ip/design_1_xdma_0_0/ip_0/ip_0/sim/design_1_xdma_0_0_pcie3_ip_gt_gtwizard_gthe3.v:2034]
WARNING: [VRFC 10-3091] actual bit length 1 differs from formal bit length 2 for port 'GTHE3_CHANNEL_TXELECIDLE' [C:/project/RTDS/DDR/RTDS_test_DDR4_64bit_batch_dev/RTDS_test_DDR4_64bit.ip_user_files/bd/design_1/ip/design_1_xdma_0_0/ip_0/ip_0/sim/design_1_xdma_0_0_pcie3_ip_gt_gtwizard_gthe3.v:2035]
WARNING: [VRFC 10-3091] actual bit length 6 differs from formal bit length 12 for port 'GTHE3_CHANNEL_TXHEADER' [C:/project/RTDS/DDR/RTDS_test_DDR4_64bit_batch_dev/RTDS_test_DDR4_64bit.ip_user_files/bd/design_1/ip/design_1_xdma_0_0/ip_0/ip_0/sim/design_1_xdma_0_0_pcie3_ip_gt_gtwizard_gthe3.v:2036]
WARNING: [VRFC 10-3091] actual bit length 1 differs from formal bit length 2 for port 'GTHE3_CHANNEL_TXINHIBIT' [C:/project/RTDS/DDR/RTDS_test_DDR4_64bit_batch_dev/RTDS_test_DDR4_64bit.ip_user_files/bd/design_1/ip/design_1_xdma_0_0/ip_0/ip_0/sim/design_1_xdma_0_0_pcie3_ip_gt_gtwizard_gthe3.v:2037]
WARNING: [VRFC 10-3091] actual bit length 1 differs from formal bit length 2 for port 'GTHE3_CHANNEL_TXLATCLK' [C:/project/RTDS/DDR/RTDS_test_DDR4_64bit_batch_dev/RTDS_test_DDR4_64bit.ip_user_files/bd/design_1/ip/design_1_xdma_0_0/ip_0/ip_0/sim/design_1_xdma_0_0_pcie3_ip_gt_gtwizard_gthe3.v:2038]
WARNING: [VRFC 10-3091] actual bit length 7 differs from formal bit length 14 for port 'GTHE3_CHANNEL_TXMAINCURSOR' [C:/project/RTDS/DDR/RTDS_test_DDR4_64bit_batch_dev/RTDS_test_DDR4_64bit.ip_user_files/bd/design_1/ip/design_1_xdma_0_0/ip_0/ip_0/sim/design_1_xdma_0_0_pcie3_ip_gt_gtwizard_gthe3.v:2039]
WARNING: [VRFC 10-3091] actual bit length 3 differs from formal bit length 6 for port 'GTHE3_CHANNEL_TXMARGIN' [C:/project/RTDS/DDR/RTDS_test_DDR4_64bit_batch_dev/RTDS_test_DDR4_64bit.ip_user_files/bd/design_1/ip/design_1_xdma_0_0/ip_0/ip_0/sim/design_1_xdma_0_0_pcie3_ip_gt_gtwizard_gthe3.v:2040]
WARNING: [VRFC 10-3091] actual bit length 3 differs from formal bit length 6 for port 'GTHE3_CHANNEL_TXOUTCLKSEL' [C:/project/RTDS/DDR/RTDS_test_DDR4_64bit_batch_dev/RTDS_test_DDR4_64bit.ip_user_files/bd/design_1/ip/design_1_xdma_0_0/ip_0/ip_0/sim/design_1_xdma_0_0_pcie3_ip_gt_gtwizard_gthe3.v:2041]
WARNING: [VRFC 10-3091] actual bit length 1 differs from formal bit length 2 for port 'GTHE3_CHANNEL_TXPCSRESET' [C:/project/RTDS/DDR/RTDS_test_DDR4_64bit_batch_dev/RTDS_test_DDR4_64bit.ip_user_files/bd/design_1/ip/design_1_xdma_0_0/ip_0/ip_0/sim/design_1_xdma_0_0_pcie3_ip_gt_gtwizard_gthe3.v:2042]
WARNING: [VRFC 10-3091] actual bit length 2 differs from formal bit length 4 for port 'GTHE3_CHANNEL_TXPD' [C:/project/RTDS/DDR/RTDS_test_DDR4_64bit_batch_dev/RTDS_test_DDR4_64bit.ip_user_files/bd/design_1/ip/design_1_xdma_0_0/ip_0/ip_0/sim/design_1_xdma_0_0_pcie3_ip_gt_gtwizard_gthe3.v:2043]
WARNING: [VRFC 10-3091] actual bit length 1 differs from formal bit length 2 for port 'GTHE3_CHANNEL_TXPDELECIDLEMODE' [C:/project/RTDS/DDR/RTDS_test_DDR4_64bit_batch_dev/RTDS_test_DDR4_64bit.ip_user_files/bd/design_1/ip/design_1_xdma_0_0/ip_0/ip_0/sim/design_1_xdma_0_0_pcie3_ip_gt_gtwizard_gthe3.v:2044]
WARNING: [VRFC 10-3091] actual bit length 1 differs from formal bit length 2 for port 'GTHE3_CHANNEL_TXPHALIGN' [C:/project/RTDS/DDR/RTDS_test_DDR4_64bit_batch_dev/RTDS_test_DDR4_64bit.ip_user_files/bd/design_1/ip/design_1_xdma_0_0/ip_0/ip_0/sim/design_1_xdma_0_0_pcie3_ip_gt_gtwizard_gthe3.v:2045]
WARNING: [VRFC 10-3091] actual bit length 1 differs from formal bit length 2 for port 'GTHE3_CHANNEL_TXPHALIGNEN' [C:/project/RTDS/DDR/RTDS_test_DDR4_64bit_batch_dev/RTDS_test_DDR4_64bit.ip_user_files/bd/design_1/ip/design_1_xdma_0_0/ip_0/ip_0/sim/design_1_xdma_0_0_pcie3_ip_gt_gtwizard_gthe3.v:2046]
WARNING: [VRFC 10-3091] actual bit length 1 differs from formal bit length 2 for port 'GTHE3_CHANNEL_TXPHDLYPD' [C:/project/RTDS/DDR/RTDS_test_DDR4_64bit_batch_dev/RTDS_test_DDR4_64bit.ip_user_files/bd/design_1/ip/design_1_xdma_0_0/ip_0/ip_0/sim/design_1_xdma_0_0_pcie3_ip_gt_gtwizard_gthe3.v:2047]
WARNING: [VRFC 10-3091] actual bit length 1 differs from formal bit length 2 for port 'GTHE3_CHANNEL_TXPHDLYRESET' [C:/project/RTDS/DDR/RTDS_test_DDR4_64bit_batch_dev/RTDS_test_DDR4_64bit.ip_user_files/bd/design_1/ip/design_1_xdma_0_0/ip_0/ip_0/sim/design_1_xdma_0_0_pcie3_ip_gt_gtwizard_gthe3.v:2048]
WARNING: [VRFC 10-3091] actual bit length 1 differs from formal bit length 2 for port 'GTHE3_CHANNEL_TXPHDLYTSTCLK' [C:/project/RTDS/DDR/RTDS_test_DDR4_64bit_batch_dev/RTDS_test_DDR4_64bit.ip_user_files/bd/design_1/ip/design_1_xdma_0_0/ip_0/ip_0/sim/design_1_xdma_0_0_pcie3_ip_gt_gtwizard_gthe3.v:2049]
WARNING: [VRFC 10-3091] actual bit length 1 differs from formal bit length 2 for port 'GTHE3_CHANNEL_TXPHINIT' [C:/project/RTDS/DDR/RTDS_test_DDR4_64bit_batch_dev/RTDS_test_DDR4_64bit.ip_user_files/bd/design_1/ip/design_1_xdma_0_0/ip_0/ip_0/sim/design_1_xdma_0_0_pcie3_ip_gt_gtwizard_gthe3.v:2050]
WARNING: [VRFC 10-3091] actual bit length 1 differs from formal bit length 2 for port 'GTHE3_CHANNEL_TXPHOVRDEN' [C:/project/RTDS/DDR/RTDS_test_DDR4_64bit_batch_dev/RTDS_test_DDR4_64bit.ip_user_files/bd/design_1/ip/design_1_xdma_0_0/ip_0/ip_0/sim/design_1_xdma_0_0_pcie3_ip_gt_gtwizard_gthe3.v:2051]
WARNING: [VRFC 10-3091] actual bit length 1 differs from formal bit length 2 for port 'GTHE3_CHANNEL_TXPIPPMEN' [C:/project/RTDS/DDR/RTDS_test_DDR4_64bit_batch_dev/RTDS_test_DDR4_64bit.ip_user_files/bd/design_1/ip/design_1_xdma_0_0/ip_0/ip_0/sim/design_1_xdma_0_0_pcie3_ip_gt_gtwizard_gthe3.v:2052]
WARNING: [VRFC 10-3091] actual bit length 1 differs from formal bit length 2 for port 'GTHE3_CHANNEL_TXPIPPMOVRDEN' [C:/project/RTDS/DDR/RTDS_test_DDR4_64bit_batch_dev/RTDS_test_DDR4_64bit.ip_user_files/bd/design_1/ip/design_1_xdma_0_0/ip_0/ip_0/sim/design_1_xdma_0_0_pcie3_ip_gt_gtwizard_gthe3.v:2053]
WARNING: [VRFC 10-3091] actual bit length 1 differs from formal bit length 2 for port 'GTHE3_CHANNEL_TXPIPPMPD' [C:/project/RTDS/DDR/RTDS_test_DDR4_64bit_batch_dev/RTDS_test_DDR4_64bit.ip_user_files/bd/design_1/ip/design_1_xdma_0_0/ip_0/ip_0/sim/design_1_xdma_0_0_pcie3_ip_gt_gtwizard_gthe3.v:2054]
WARNING: [VRFC 10-3091] actual bit length 1 differs from formal bit length 2 for port 'GTHE3_CHANNEL_TXPIPPMSEL' [C:/project/RTDS/DDR/RTDS_test_DDR4_64bit_batch_dev/RTDS_test_DDR4_64bit.ip_user_files/bd/design_1/ip/design_1_xdma_0_0/ip_0/ip_0/sim/design_1_xdma_0_0_pcie3_ip_gt_gtwizard_gthe3.v:2055]
WARNING: [VRFC 10-3091] actual bit length 5 differs from formal bit length 10 for port 'GTHE3_CHANNEL_TXPIPPMSTEPSIZE' [C:/project/RTDS/DDR/RTDS_test_DDR4_64bit_batch_dev/RTDS_test_DDR4_64bit.ip_user_files/bd/design_1/ip/design_1_xdma_0_0/ip_0/ip_0/sim/design_1_xdma_0_0_pcie3_ip_gt_gtwizard_gthe3.v:2056]
WARNING: [VRFC 10-3091] actual bit length 1 differs from formal bit length 2 for port 'GTHE3_CHANNEL_TXPISOPD' [C:/project/RTDS/DDR/RTDS_test_DDR4_64bit_batch_dev/RTDS_test_DDR4_64bit.ip_user_files/bd/design_1/ip/design_1_xdma_0_0/ip_0/ip_0/sim/design_1_xdma_0_0_pcie3_ip_gt_gtwizard_gthe3.v:2057]
WARNING: [VRFC 10-3091] actual bit length 2 differs from formal bit length 4 for port 'GTHE3_CHANNEL_TXPLLCLKSEL' [C:/project/RTDS/DDR/RTDS_test_DDR4_64bit_batch_dev/RTDS_test_DDR4_64bit.ip_user_files/bd/design_1/ip/design_1_xdma_0_0/ip_0/ip_0/sim/design_1_xdma_0_0_pcie3_ip_gt_gtwizard_gthe3.v:2058]
WARNING: [VRFC 10-3091] actual bit length 1 differs from formal bit length 2 for port 'GTHE3_CHANNEL_TXPMARESET' [C:/project/RTDS/DDR/RTDS_test_DDR4_64bit_batch_dev/RTDS_test_DDR4_64bit.ip_user_files/bd/design_1/ip/design_1_xdma_0_0/ip_0/ip_0/sim/design_1_xdma_0_0_pcie3_ip_gt_gtwizard_gthe3.v:2059]
WARNING: [VRFC 10-3091] actual bit length 1 differs from formal bit length 2 for port 'GTHE3_CHANNEL_TXPOLARITY' [C:/project/RTDS/DDR/RTDS_test_DDR4_64bit_batch_dev/RTDS_test_DDR4_64bit.ip_user_files/bd/design_1/ip/design_1_xdma_0_0/ip_0/ip_0/sim/design_1_xdma_0_0_pcie3_ip_gt_gtwizard_gthe3.v:2060]
WARNING: [VRFC 10-3091] actual bit length 5 differs from formal bit length 10 for port 'GTHE3_CHANNEL_TXPOSTCURSOR' [C:/project/RTDS/DDR/RTDS_test_DDR4_64bit_batch_dev/RTDS_test_DDR4_64bit.ip_user_files/bd/design_1/ip/design_1_xdma_0_0/ip_0/ip_0/sim/design_1_xdma_0_0_pcie3_ip_gt_gtwizard_gthe3.v:2061]
WARNING: [VRFC 10-3091] actual bit length 1 differs from formal bit length 2 for port 'GTHE3_CHANNEL_TXPOSTCURSORINV' [C:/project/RTDS/DDR/RTDS_test_DDR4_64bit_batch_dev/RTDS_test_DDR4_64bit.ip_user_files/bd/design_1/ip/design_1_xdma_0_0/ip_0/ip_0/sim/design_1_xdma_0_0_pcie3_ip_gt_gtwizard_gthe3.v:2062]
WARNING: [VRFC 10-3091] actual bit length 1 differs from formal bit length 2 for port 'GTHE3_CHANNEL_TXPRBSFORCEERR' [C:/project/RTDS/DDR/RTDS_test_DDR4_64bit_batch_dev/RTDS_test_DDR4_64bit.ip_user_files/bd/design_1/ip/design_1_xdma_0_0/ip_0/ip_0/sim/design_1_xdma_0_0_pcie3_ip_gt_gtwizard_gthe3.v:2063]
WARNING: [VRFC 10-3091] actual bit length 4 differs from formal bit length 8 for port 'GTHE3_CHANNEL_TXPRBSSEL' [C:/project/RTDS/DDR/RTDS_test_DDR4_64bit_batch_dev/RTDS_test_DDR4_64bit.ip_user_files/bd/design_1/ip/design_1_xdma_0_0/ip_0/ip_0/sim/design_1_xdma_0_0_pcie3_ip_gt_gtwizard_gthe3.v:2064]
WARNING: [VRFC 10-3091] actual bit length 5 differs from formal bit length 10 for port 'GTHE3_CHANNEL_TXPRECURSOR' [C:/project/RTDS/DDR/RTDS_test_DDR4_64bit_batch_dev/RTDS_test_DDR4_64bit.ip_user_files/bd/design_1/ip/design_1_xdma_0_0/ip_0/ip_0/sim/design_1_xdma_0_0_pcie3_ip_gt_gtwizard_gthe3.v:2065]
WARNING: [VRFC 10-3091] actual bit length 1 differs from formal bit length 2 for port 'GTHE3_CHANNEL_TXPRECURSORINV' [C:/project/RTDS/DDR/RTDS_test_DDR4_64bit_batch_dev/RTDS_test_DDR4_64bit.ip_user_files/bd/design_1/ip/design_1_xdma_0_0/ip_0/ip_0/sim/design_1_xdma_0_0_pcie3_ip_gt_gtwizard_gthe3.v:2066]
WARNING: [VRFC 10-3091] actual bit length 1 differs from formal bit length 2 for port 'GTHE3_CHANNEL_TXPROGDIVRESET' [C:/project/RTDS/DDR/RTDS_test_DDR4_64bit_batch_dev/RTDS_test_DDR4_64bit.ip_user_files/bd/design_1/ip/design_1_xdma_0_0/ip_0/ip_0/sim/design_1_xdma_0_0_pcie3_ip_gt_gtwizard_gthe3.v:2067]
WARNING: [VRFC 10-3091] actual bit length 1 differs from formal bit length 2 for port 'GTHE3_CHANNEL_TXQPIBIASEN' [C:/project/RTDS/DDR/RTDS_test_DDR4_64bit_batch_dev/RTDS_test_DDR4_64bit.ip_user_files/bd/design_1/ip/design_1_xdma_0_0/ip_0/ip_0/sim/design_1_xdma_0_0_pcie3_ip_gt_gtwizard_gthe3.v:2068]
WARNING: [VRFC 10-3091] actual bit length 1 differs from formal bit length 2 for port 'GTHE3_CHANNEL_TXQPISTRONGPDOWN' [C:/project/RTDS/DDR/RTDS_test_DDR4_64bit_batch_dev/RTDS_test_DDR4_64bit.ip_user_files/bd/design_1/ip/design_1_xdma_0_0/ip_0/ip_0/sim/design_1_xdma_0_0_pcie3_ip_gt_gtwizard_gthe3.v:2069]
WARNING: [VRFC 10-3091] actual bit length 1 differs from formal bit length 2 for port 'GTHE3_CHANNEL_TXQPIWEAKPUP' [C:/project/RTDS/DDR/RTDS_test_DDR4_64bit_batch_dev/RTDS_test_DDR4_64bit.ip_user_files/bd/design_1/ip/design_1_xdma_0_0/ip_0/ip_0/sim/design_1_xdma_0_0_pcie3_ip_gt_gtwizard_gthe3.v:2070]
WARNING: [VRFC 10-3091] actual bit length 3 differs from formal bit length 6 for port 'GTHE3_CHANNEL_TXRATE' [C:/project/RTDS/DDR/RTDS_test_DDR4_64bit_batch_dev/RTDS_test_DDR4_64bit.ip_user_files/bd/design_1/ip/design_1_xdma_0_0/ip_0/ip_0/sim/design_1_xdma_0_0_pcie3_ip_gt_gtwizard_gthe3.v:2071]
WARNING: [VRFC 10-3091] actual bit length 1 differs from formal bit length 2 for port 'GTHE3_CHANNEL_TXRATEMODE' [C:/project/RTDS/DDR/RTDS_test_DDR4_64bit_batch_dev/RTDS_test_DDR4_64bit.ip_user_files/bd/design_1/ip/design_1_xdma_0_0/ip_0/ip_0/sim/design_1_xdma_0_0_pcie3_ip_gt_gtwizard_gthe3.v:2072]
WARNING: [VRFC 10-3091] actual bit length 7 differs from formal bit length 14 for port 'GTHE3_CHANNEL_TXSEQUENCE' [C:/project/RTDS/DDR/RTDS_test_DDR4_64bit_batch_dev/RTDS_test_DDR4_64bit.ip_user_files/bd/design_1/ip/design_1_xdma_0_0/ip_0/ip_0/sim/design_1_xdma_0_0_pcie3_ip_gt_gtwizard_gthe3.v:2073]
WARNING: [VRFC 10-3091] actual bit length 1 differs from formal bit length 2 for port 'GTHE3_CHANNEL_TXSWING' [C:/project/RTDS/DDR/RTDS_test_DDR4_64bit_batch_dev/RTDS_test_DDR4_64bit.ip_user_files/bd/design_1/ip/design_1_xdma_0_0/ip_0/ip_0/sim/design_1_xdma_0_0_pcie3_ip_gt_gtwizard_gthe3.v:2074]
WARNING: [VRFC 10-3091] actual bit length 1 differs from formal bit length 2 for port 'GTHE3_CHANNEL_TXSYNCALLIN' [C:/project/RTDS/DDR/RTDS_test_DDR4_64bit_batch_dev/RTDS_test_DDR4_64bit.ip_user_files/bd/design_1/ip/design_1_xdma_0_0/ip_0/ip_0/sim/design_1_xdma_0_0_pcie3_ip_gt_gtwizard_gthe3.v:2075]
WARNING: [VRFC 10-3091] actual bit length 1 differs from formal bit length 2 for port 'GTHE3_CHANNEL_TXSYNCIN' [C:/project/RTDS/DDR/RTDS_test_DDR4_64bit_batch_dev/RTDS_test_DDR4_64bit.ip_user_files/bd/design_1/ip/design_1_xdma_0_0/ip_0/ip_0/sim/design_1_xdma_0_0_pcie3_ip_gt_gtwizard_gthe3.v:2076]
WARNING: [VRFC 10-3091] actual bit length 1 differs from formal bit length 2 for port 'GTHE3_CHANNEL_TXSYNCMODE' [C:/project/RTDS/DDR/RTDS_test_DDR4_64bit_batch_dev/RTDS_test_DDR4_64bit.ip_user_files/bd/design_1/ip/design_1_xdma_0_0/ip_0/ip_0/sim/design_1_xdma_0_0_pcie3_ip_gt_gtwizard_gthe3.v:2077]
WARNING: [VRFC 10-3091] actual bit length 2 differs from formal bit length 4 for port 'GTHE3_CHANNEL_TXSYSCLKSEL' [C:/project/RTDS/DDR/RTDS_test_DDR4_64bit_batch_dev/RTDS_test_DDR4_64bit.ip_user_files/bd/design_1/ip/design_1_xdma_0_0/ip_0/ip_0/sim/design_1_xdma_0_0_pcie3_ip_gt_gtwizard_gthe3.v:2078]
WARNING: [VRFC 10-3091] actual bit length 1 differs from formal bit length 2 for port 'GTHE3_CHANNEL_TXUSERRDY' [C:/project/RTDS/DDR/RTDS_test_DDR4_64bit_batch_dev/RTDS_test_DDR4_64bit.ip_user_files/bd/design_1/ip/design_1_xdma_0_0/ip_0/ip_0/sim/design_1_xdma_0_0_pcie3_ip_gt_gtwizard_gthe3.v:2079]
WARNING: [VRFC 10-3091] actual bit length 1 differs from formal bit length 2 for port 'GTHE3_CHANNEL_TXUSRCLK' [C:/project/RTDS/DDR/RTDS_test_DDR4_64bit_batch_dev/RTDS_test_DDR4_64bit.ip_user_files/bd/design_1/ip/design_1_xdma_0_0/ip_0/ip_0/sim/design_1_xdma_0_0_pcie3_ip_gt_gtwizard_gthe3.v:2080]
WARNING: [VRFC 10-3091] actual bit length 1 differs from formal bit length 2 for port 'GTHE3_CHANNEL_TXUSRCLK2' [C:/project/RTDS/DDR/RTDS_test_DDR4_64bit_batch_dev/RTDS_test_DDR4_64bit.ip_user_files/bd/design_1/ip/design_1_xdma_0_0/ip_0/ip_0/sim/design_1_xdma_0_0_pcie3_ip_gt_gtwizard_gthe3.v:2081]
WARNING: [VRFC 10-3091] actual bit length 3 differs from formal bit length 6 for port 'GTHE3_CHANNEL_BUFGTCE' [C:/project/RTDS/DDR/RTDS_test_DDR4_64bit_batch_dev/RTDS_test_DDR4_64bit.ip_user_files/bd/design_1/ip/design_1_xdma_0_0/ip_0/ip_0/sim/design_1_xdma_0_0_pcie3_ip_gt_gtwizard_gthe3.v:2082]
WARNING: [VRFC 10-3091] actual bit length 3 differs from formal bit length 6 for port 'GTHE3_CHANNEL_BUFGTCEMASK' [C:/project/RTDS/DDR/RTDS_test_DDR4_64bit_batch_dev/RTDS_test_DDR4_64bit.ip_user_files/bd/design_1/ip/design_1_xdma_0_0/ip_0/ip_0/sim/design_1_xdma_0_0_pcie3_ip_gt_gtwizard_gthe3.v:2083]
WARNING: [VRFC 10-3091] actual bit length 9 differs from formal bit length 18 for port 'GTHE3_CHANNEL_BUFGTDIV' [C:/project/RTDS/DDR/RTDS_test_DDR4_64bit_batch_dev/RTDS_test_DDR4_64bit.ip_user_files/bd/design_1/ip/design_1_xdma_0_0/ip_0/ip_0/sim/design_1_xdma_0_0_pcie3_ip_gt_gtwizard_gthe3.v:2084]
WARNING: [VRFC 10-3091] actual bit length 3 differs from formal bit length 6 for port 'GTHE3_CHANNEL_BUFGTRESET' [C:/project/RTDS/DDR/RTDS_test_DDR4_64bit_batch_dev/RTDS_test_DDR4_64bit.ip_user_files/bd/design_1/ip/design_1_xdma_0_0/ip_0/ip_0/sim/design_1_xdma_0_0_pcie3_ip_gt_gtwizard_gthe3.v:2085]
WARNING: [VRFC 10-3091] actual bit length 3 differs from formal bit length 6 for port 'GTHE3_CHANNEL_BUFGTRSTMASK' [C:/project/RTDS/DDR/RTDS_test_DDR4_64bit_batch_dev/RTDS_test_DDR4_64bit.ip_user_files/bd/design_1/ip/design_1_xdma_0_0/ip_0/ip_0/sim/design_1_xdma_0_0_pcie3_ip_gt_gtwizard_gthe3.v:2086]
WARNING: [VRFC 10-3091] actual bit length 1 differs from formal bit length 2 for port 'GTHE3_CHANNEL_CPLLFBCLKLOST' [C:/project/RTDS/DDR/RTDS_test_DDR4_64bit_batch_dev/RTDS_test_DDR4_64bit.ip_user_files/bd/design_1/ip/design_1_xdma_0_0/ip_0/ip_0/sim/design_1_xdma_0_0_pcie3_ip_gt_gtwizard_gthe3.v:2087]
WARNING: [VRFC 10-3091] actual bit length 1 differs from formal bit length 2 for port 'GTHE3_CHANNEL_CPLLLOCK' [C:/project/RTDS/DDR/RTDS_test_DDR4_64bit_batch_dev/RTDS_test_DDR4_64bit.ip_user_files/bd/design_1/ip/design_1_xdma_0_0/ip_0/ip_0/sim/design_1_xdma_0_0_pcie3_ip_gt_gtwizard_gthe3.v:2088]
WARNING: [VRFC 10-3091] actual bit length 1 differs from formal bit length 2 for port 'GTHE3_CHANNEL_CPLLREFCLKLOST' [C:/project/RTDS/DDR/RTDS_test_DDR4_64bit_batch_dev/RTDS_test_DDR4_64bit.ip_user_files/bd/design_1/ip/design_1_xdma_0_0/ip_0/ip_0/sim/design_1_xdma_0_0_pcie3_ip_gt_gtwizard_gthe3.v:2089]
WARNING: [VRFC 10-3091] actual bit length 17 differs from formal bit length 34 for port 'GTHE3_CHANNEL_DMONITOROUT' [C:/project/RTDS/DDR/RTDS_test_DDR4_64bit_batch_dev/RTDS_test_DDR4_64bit.ip_user_files/bd/design_1/ip/design_1_xdma_0_0/ip_0/ip_0/sim/design_1_xdma_0_0_pcie3_ip_gt_gtwizard_gthe3.v:2090]
WARNING: [VRFC 10-3091] actual bit length 16 differs from formal bit length 32 for port 'GTHE3_CHANNEL_DRPDO' [C:/project/RTDS/DDR/RTDS_test_DDR4_64bit_batch_dev/RTDS_test_DDR4_64bit.ip_user_files/bd/design_1/ip/design_1_xdma_0_0/ip_0/ip_0/sim/design_1_xdma_0_0_pcie3_ip_gt_gtwizard_gthe3.v:2091]
WARNING: [VRFC 10-3091] actual bit length 1 differs from formal bit length 2 for port 'GTHE3_CHANNEL_DRPRDY' [C:/project/RTDS/DDR/RTDS_test_DDR4_64bit_batch_dev/RTDS_test_DDR4_64bit.ip_user_files/bd/design_1/ip/design_1_xdma_0_0/ip_0/ip_0/sim/design_1_xdma_0_0_pcie3_ip_gt_gtwizard_gthe3.v:2092]
WARNING: [VRFC 10-3091] actual bit length 1 differs from formal bit length 2 for port 'GTHE3_CHANNEL_EYESCANDATAERROR' [C:/project/RTDS/DDR/RTDS_test_DDR4_64bit_batch_dev/RTDS_test_DDR4_64bit.ip_user_files/bd/design_1/ip/design_1_xdma_0_0/ip_0/ip_0/sim/design_1_xdma_0_0_pcie3_ip_gt_gtwizard_gthe3.v:2093]
WARNING: [VRFC 10-3091] actual bit length 1 differs from formal bit length 2 for port 'GTHE3_CHANNEL_GTHTXN' [C:/project/RTDS/DDR/RTDS_test_DDR4_64bit_batch_dev/RTDS_test_DDR4_64bit.ip_user_files/bd/design_1/ip/design_1_xdma_0_0/ip_0/ip_0/sim/design_1_xdma_0_0_pcie3_ip_gt_gtwizard_gthe3.v:2094]
WARNING: [VRFC 10-3091] actual bit length 1 differs from formal bit length 2 for port 'GTHE3_CHANNEL_GTHTXP' [C:/project/RTDS/DDR/RTDS_test_DDR4_64bit_batch_dev/RTDS_test_DDR4_64bit.ip_user_files/bd/design_1/ip/design_1_xdma_0_0/ip_0/ip_0/sim/design_1_xdma_0_0_pcie3_ip_gt_gtwizard_gthe3.v:2095]
WARNING: [VRFC 10-3091] actual bit length 1 differs from formal bit length 2 for port 'GTHE3_CHANNEL_GTPOWERGOOD' [C:/project/RTDS/DDR/RTDS_test_DDR4_64bit_batch_dev/RTDS_test_DDR4_64bit.ip_user_files/bd/design_1/ip/design_1_xdma_0_0/ip_0/ip_0/sim/design_1_xdma_0_0_pcie3_ip_gt_gtwizard_gthe3.v:2096]
WARNING: [VRFC 10-3091] actual bit length 1 differs from formal bit length 2 for port 'GTHE3_CHANNEL_GTREFCLKMONITOR' [C:/project/RTDS/DDR/RTDS_test_DDR4_64bit_batch_dev/RTDS_test_DDR4_64bit.ip_user_files/bd/design_1/ip/design_1_xdma_0_0/ip_0/ip_0/sim/design_1_xdma_0_0_pcie3_ip_gt_gtwizard_gthe3.v:2097]
WARNING: [VRFC 10-3091] actual bit length 1 differs from formal bit length 2 for port 'GTHE3_CHANNEL_PCIERATEGEN3' [C:/project/RTDS/DDR/RTDS_test_DDR4_64bit_batch_dev/RTDS_test_DDR4_64bit.ip_user_files/bd/design_1/ip/design_1_xdma_0_0/ip_0/ip_0/sim/design_1_xdma_0_0_pcie3_ip_gt_gtwizard_gthe3.v:2098]
WARNING: [VRFC 10-3091] actual bit length 1 differs from formal bit length 2 for port 'GTHE3_CHANNEL_PCIERATEIDLE' [C:/project/RTDS/DDR/RTDS_test_DDR4_64bit_batch_dev/RTDS_test_DDR4_64bit.ip_user_files/bd/design_1/ip/design_1_xdma_0_0/ip_0/ip_0/sim/design_1_xdma_0_0_pcie3_ip_gt_gtwizard_gthe3.v:2099]
WARNING: [VRFC 10-3091] actual bit length 2 differs from formal bit length 4 for port 'GTHE3_CHANNEL_PCIERATEQPLLPD' [C:/project/RTDS/DDR/RTDS_test_DDR4_64bit_batch_dev/RTDS_test_DDR4_64bit.ip_user_files/bd/design_1/ip/design_1_xdma_0_0/ip_0/ip_0/sim/design_1_xdma_0_0_pcie3_ip_gt_gtwizard_gthe3.v:2100]
WARNING: [VRFC 10-3091] actual bit length 2 differs from formal bit length 4 for port 'GTHE3_CHANNEL_PCIERATEQPLLRESET' [C:/project/RTDS/DDR/RTDS_test_DDR4_64bit_batch_dev/RTDS_test_DDR4_64bit.ip_user_files/bd/design_1/ip/design_1_xdma_0_0/ip_0/ip_0/sim/design_1_xdma_0_0_pcie3_ip_gt_gtwizard_gthe3.v:2101]
WARNING: [VRFC 10-3091] actual bit length 1 differs from formal bit length 2 for port 'GTHE3_CHANNEL_PCIESYNCTXSYNCDONE' [C:/project/RTDS/DDR/RTDS_test_DDR4_64bit_batch_dev/RTDS_test_DDR4_64bit.ip_user_files/bd/design_1/ip/design_1_xdma_0_0/ip_0/ip_0/sim/design_1_xdma_0_0_pcie3_ip_gt_gtwizard_gthe3.v:2102]
WARNING: [VRFC 10-3091] actual bit length 1 differs from formal bit length 2 for port 'GTHE3_CHANNEL_PCIEUSERGEN3RDY' [C:/project/RTDS/DDR/RTDS_test_DDR4_64bit_batch_dev/RTDS_test_DDR4_64bit.ip_user_files/bd/design_1/ip/design_1_xdma_0_0/ip_0/ip_0/sim/design_1_xdma_0_0_pcie3_ip_gt_gtwizard_gthe3.v:2103]
WARNING: [VRFC 10-3091] actual bit length 1 differs from formal bit length 2 for port 'GTHE3_CHANNEL_PCIEUSERPHYSTATUSRST' [C:/project/RTDS/DDR/RTDS_test_DDR4_64bit_batch_dev/RTDS_test_DDR4_64bit.ip_user_files/bd/design_1/ip/design_1_xdma_0_0/ip_0/ip_0/sim/design_1_xdma_0_0_pcie3_ip_gt_gtwizard_gthe3.v:2104]
WARNING: [VRFC 10-3091] actual bit length 1 differs from formal bit length 2 for port 'GTHE3_CHANNEL_PCIEUSERRATESTART' [C:/project/RTDS/DDR/RTDS_test_DDR4_64bit_batch_dev/RTDS_test_DDR4_64bit.ip_user_files/bd/design_1/ip/design_1_xdma_0_0/ip_0/ip_0/sim/design_1_xdma_0_0_pcie3_ip_gt_gtwizard_gthe3.v:2105]
WARNING: [VRFC 10-3091] actual bit length 12 differs from formal bit length 24 for port 'GTHE3_CHANNEL_PCSRSVDOUT' [C:/project/RTDS/DDR/RTDS_test_DDR4_64bit_batch_dev/RTDS_test_DDR4_64bit.ip_user_files/bd/design_1/ip/design_1_xdma_0_0/ip_0/ip_0/sim/design_1_xdma_0_0_pcie3_ip_gt_gtwizard_gthe3.v:2106]
WARNING: [VRFC 10-3091] actual bit length 1 differs from formal bit length 2 for port 'GTHE3_CHANNEL_PHYSTATUS' [C:/project/RTDS/DDR/RTDS_test_DDR4_64bit_batch_dev/RTDS_test_DDR4_64bit.ip_user_files/bd/design_1/ip/design_1_xdma_0_0/ip_0/ip_0/sim/design_1_xdma_0_0_pcie3_ip_gt_gtwizard_gthe3.v:2107]
WARNING: [VRFC 10-3091] actual bit length 8 differs from formal bit length 16 for port 'GTHE3_CHANNEL_PINRSRVDAS' [C:/project/RTDS/DDR/RTDS_test_DDR4_64bit_batch_dev/RTDS_test_DDR4_64bit.ip_user_files/bd/design_1/ip/design_1_xdma_0_0/ip_0/ip_0/sim/design_1_xdma_0_0_pcie3_ip_gt_gtwizard_gthe3.v:2108]
WARNING: [VRFC 10-3091] actual bit length 1 differs from formal bit length 2 for port 'GTHE3_CHANNEL_RESETEXCEPTION' [C:/project/RTDS/DDR/RTDS_test_DDR4_64bit_batch_dev/RTDS_test_DDR4_64bit.ip_user_files/bd/design_1/ip/design_1_xdma_0_0/ip_0/ip_0/sim/design_1_xdma_0_0_pcie3_ip_gt_gtwizard_gthe3.v:2109]
WARNING: [VRFC 10-3091] actual bit length 3 differs from formal bit length 6 for port 'GTHE3_CHANNEL_RXBUFSTATUS' [C:/project/RTDS/DDR/RTDS_test_DDR4_64bit_batch_dev/RTDS_test_DDR4_64bit.ip_user_files/bd/design_1/ip/design_1_xdma_0_0/ip_0/ip_0/sim/design_1_xdma_0_0_pcie3_ip_gt_gtwizard_gthe3.v:2110]
WARNING: [VRFC 10-3091] actual bit length 1 differs from formal bit length 2 for port 'GTHE3_CHANNEL_RXBYTEISALIGNED' [C:/project/RTDS/DDR/RTDS_test_DDR4_64bit_batch_dev/RTDS_test_DDR4_64bit.ip_user_files/bd/design_1/ip/design_1_xdma_0_0/ip_0/ip_0/sim/design_1_xdma_0_0_pcie3_ip_gt_gtwizard_gthe3.v:2111]
WARNING: [VRFC 10-3091] actual bit length 1 differs from formal bit length 2 for port 'GTHE3_CHANNEL_RXBYTEREALIGN' [C:/project/RTDS/DDR/RTDS_test_DDR4_64bit_batch_dev/RTDS_test_DDR4_64bit.ip_user_files/bd/design_1/ip/design_1_xdma_0_0/ip_0/ip_0/sim/design_1_xdma_0_0_pcie3_ip_gt_gtwizard_gthe3.v:2112]
WARNING: [VRFC 10-3091] actual bit length 1 differs from formal bit length 2 for port 'GTHE3_CHANNEL_RXCDRLOCK' [C:/project/RTDS/DDR/RTDS_test_DDR4_64bit_batch_dev/RTDS_test_DDR4_64bit.ip_user_files/bd/design_1/ip/design_1_xdma_0_0/ip_0/ip_0/sim/design_1_xdma_0_0_pcie3_ip_gt_gtwizard_gthe3.v:2113]
WARNING: [VRFC 10-3091] actual bit length 1 differs from formal bit length 2 for port 'GTHE3_CHANNEL_RXCDRPHDONE' [C:/project/RTDS/DDR/RTDS_test_DDR4_64bit_batch_dev/RTDS_test_DDR4_64bit.ip_user_files/bd/design_1/ip/design_1_xdma_0_0/ip_0/ip_0/sim/design_1_xdma_0_0_pcie3_ip_gt_gtwizard_gthe3.v:2114]
WARNING: [VRFC 10-3091] actual bit length 1 differs from formal bit length 2 for port 'GTHE3_CHANNEL_RXCHANBONDSEQ' [C:/project/RTDS/DDR/RTDS_test_DDR4_64bit_batch_dev/RTDS_test_DDR4_64bit.ip_user_files/bd/design_1/ip/design_1_xdma_0_0/ip_0/ip_0/sim/design_1_xdma_0_0_pcie3_ip_gt_gtwizard_gthe3.v:2115]
WARNING: [VRFC 10-3091] actual bit length 1 differs from formal bit length 2 for port 'GTHE3_CHANNEL_RXCHANISALIGNED' [C:/project/RTDS/DDR/RTDS_test_DDR4_64bit_batch_dev/RTDS_test_DDR4_64bit.ip_user_files/bd/design_1/ip/design_1_xdma_0_0/ip_0/ip_0/sim/design_1_xdma_0_0_pcie3_ip_gt_gtwizard_gthe3.v:2116]
WARNING: [VRFC 10-3091] actual bit length 1 differs from formal bit length 2 for port 'GTHE3_CHANNEL_RXCHANREALIGN' [C:/project/RTDS/DDR/RTDS_test_DDR4_64bit_batch_dev/RTDS_test_DDR4_64bit.ip_user_files/bd/design_1/ip/design_1_xdma_0_0/ip_0/ip_0/sim/design_1_xdma_0_0_pcie3_ip_gt_gtwizard_gthe3.v:2117]
WARNING: [VRFC 10-3091] actual bit length 5 differs from formal bit length 10 for port 'GTHE3_CHANNEL_RXCHBONDO' [C:/project/RTDS/DDR/RTDS_test_DDR4_64bit_batch_dev/RTDS_test_DDR4_64bit.ip_user_files/bd/design_1/ip/design_1_xdma_0_0/ip_0/ip_0/sim/design_1_xdma_0_0_pcie3_ip_gt_gtwizard_gthe3.v:2118]
WARNING: [VRFC 10-3091] actual bit length 2 differs from formal bit length 4 for port 'GTHE3_CHANNEL_RXCLKCORCNT' [C:/project/RTDS/DDR/RTDS_test_DDR4_64bit_batch_dev/RTDS_test_DDR4_64bit.ip_user_files/bd/design_1/ip/design_1_xdma_0_0/ip_0/ip_0/sim/design_1_xdma_0_0_pcie3_ip_gt_gtwizard_gthe3.v:2119]
WARNING: [VRFC 10-3091] actual bit length 1 differs from formal bit length 2 for port 'GTHE3_CHANNEL_RXCOMINITDET' [C:/project/RTDS/DDR/RTDS_test_DDR4_64bit_batch_dev/RTDS_test_DDR4_64bit.ip_user_files/bd/design_1/ip/design_1_xdma_0_0/ip_0/ip_0/sim/design_1_xdma_0_0_pcie3_ip_gt_gtwizard_gthe3.v:2120]
WARNING: [VRFC 10-3091] actual bit length 1 differs from formal bit length 2 for port 'GTHE3_CHANNEL_RXCOMMADET' [C:/project/RTDS/DDR/RTDS_test_DDR4_64bit_batch_dev/RTDS_test_DDR4_64bit.ip_user_files/bd/design_1/ip/design_1_xdma_0_0/ip_0/ip_0/sim/design_1_xdma_0_0_pcie3_ip_gt_gtwizard_gthe3.v:2121]
WARNING: [VRFC 10-3091] actual bit length 1 differs from formal bit length 2 for port 'GTHE3_CHANNEL_RXCOMSASDET' [C:/project/RTDS/DDR/RTDS_test_DDR4_64bit_batch_dev/RTDS_test_DDR4_64bit.ip_user_files/bd/design_1/ip/design_1_xdma_0_0/ip_0/ip_0/sim/design_1_xdma_0_0_pcie3_ip_gt_gtwizard_gthe3.v:2122]
WARNING: [VRFC 10-3091] actual bit length 1 differs from formal bit length 2 for port 'GTHE3_CHANNEL_RXCOMWAKEDET' [C:/project/RTDS/DDR/RTDS_test_DDR4_64bit_batch_dev/RTDS_test_DDR4_64bit.ip_user_files/bd/design_1/ip/design_1_xdma_0_0/ip_0/ip_0/sim/design_1_xdma_0_0_pcie3_ip_gt_gtwizard_gthe3.v:2123]
WARNING: [VRFC 10-3091] actual bit length 16 differs from formal bit length 32 for port 'GTHE3_CHANNEL_RXCTRL0' [C:/project/RTDS/DDR/RTDS_test_DDR4_64bit_batch_dev/RTDS_test_DDR4_64bit.ip_user_files/bd/design_1/ip/design_1_xdma_0_0/ip_0/ip_0/sim/design_1_xdma_0_0_pcie3_ip_gt_gtwizard_gthe3.v:2124]
WARNING: [VRFC 10-3091] actual bit length 16 differs from formal bit length 32 for port 'GTHE3_CHANNEL_RXCTRL1' [C:/project/RTDS/DDR/RTDS_test_DDR4_64bit_batch_dev/RTDS_test_DDR4_64bit.ip_user_files/bd/design_1/ip/design_1_xdma_0_0/ip_0/ip_0/sim/design_1_xdma_0_0_pcie3_ip_gt_gtwizard_gthe3.v:2125]
WARNING: [VRFC 10-3091] actual bit length 8 differs from formal bit length 16 for port 'GTHE3_CHANNEL_RXCTRL2' [C:/project/RTDS/DDR/RTDS_test_DDR4_64bit_batch_dev/RTDS_test_DDR4_64bit.ip_user_files/bd/design_1/ip/design_1_xdma_0_0/ip_0/ip_0/sim/design_1_xdma_0_0_pcie3_ip_gt_gtwizard_gthe3.v:2126]
WARNING: [VRFC 10-3091] actual bit length 8 differs from formal bit length 16 for port 'GTHE3_CHANNEL_RXCTRL3' [C:/project/RTDS/DDR/RTDS_test_DDR4_64bit_batch_dev/RTDS_test_DDR4_64bit.ip_user_files/bd/design_1/ip/design_1_xdma_0_0/ip_0/ip_0/sim/design_1_xdma_0_0_pcie3_ip_gt_gtwizard_gthe3.v:2127]
WARNING: [VRFC 10-3091] actual bit length 128 differs from formal bit length 256 for port 'GTHE3_CHANNEL_RXDATA' [C:/project/RTDS/DDR/RTDS_test_DDR4_64bit_batch_dev/RTDS_test_DDR4_64bit.ip_user_files/bd/design_1/ip/design_1_xdma_0_0/ip_0/ip_0/sim/design_1_xdma_0_0_pcie3_ip_gt_gtwizard_gthe3.v:2128]
WARNING: [VRFC 10-3091] actual bit length 8 differs from formal bit length 16 for port 'GTHE3_CHANNEL_RXDATAEXTENDRSVD' [C:/project/RTDS/DDR/RTDS_test_DDR4_64bit_batch_dev/RTDS_test_DDR4_64bit.ip_user_files/bd/design_1/ip/design_1_xdma_0_0/ip_0/ip_0/sim/design_1_xdma_0_0_pcie3_ip_gt_gtwizard_gthe3.v:2129]
WARNING: [VRFC 10-3091] actual bit length 2 differs from formal bit length 4 for port 'GTHE3_CHANNEL_RXDATAVALID' [C:/project/RTDS/DDR/RTDS_test_DDR4_64bit_batch_dev/RTDS_test_DDR4_64bit.ip_user_files/bd/design_1/ip/design_1_xdma_0_0/ip_0/ip_0/sim/design_1_xdma_0_0_pcie3_ip_gt_gtwizard_gthe3.v:2130]
WARNING: [VRFC 10-3091] actual bit length 1 differs from formal bit length 2 for port 'GTHE3_CHANNEL_RXDLYSRESETDONE' [C:/project/RTDS/DDR/RTDS_test_DDR4_64bit_batch_dev/RTDS_test_DDR4_64bit.ip_user_files/bd/design_1/ip/design_1_xdma_0_0/ip_0/ip_0/sim/design_1_xdma_0_0_pcie3_ip_gt_gtwizard_gthe3.v:2131]
WARNING: [VRFC 10-3091] actual bit length 1 differs from formal bit length 2 for port 'GTHE3_CHANNEL_RXELECIDLE' [C:/project/RTDS/DDR/RTDS_test_DDR4_64bit_batch_dev/RTDS_test_DDR4_64bit.ip_user_files/bd/design_1/ip/design_1_xdma_0_0/ip_0/ip_0/sim/design_1_xdma_0_0_pcie3_ip_gt_gtwizard_gthe3.v:2132]
WARNING: [VRFC 10-3091] actual bit length 6 differs from formal bit length 12 for port 'GTHE3_CHANNEL_RXHEADER' [C:/project/RTDS/DDR/RTDS_test_DDR4_64bit_batch_dev/RTDS_test_DDR4_64bit.ip_user_files/bd/design_1/ip/design_1_xdma_0_0/ip_0/ip_0/sim/design_1_xdma_0_0_pcie3_ip_gt_gtwizard_gthe3.v:2133]
WARNING: [VRFC 10-3091] actual bit length 2 differs from formal bit length 4 for port 'GTHE3_CHANNEL_RXHEADERVALID' [C:/project/RTDS/DDR/RTDS_test_DDR4_64bit_batch_dev/RTDS_test_DDR4_64bit.ip_user_files/bd/design_1/ip/design_1_xdma_0_0/ip_0/ip_0/sim/design_1_xdma_0_0_pcie3_ip_gt_gtwizard_gthe3.v:2134]
WARNING: [VRFC 10-3091] actual bit length 7 differs from formal bit length 14 for port 'GTHE3_CHANNEL_RXMONITOROUT' [C:/project/RTDS/DDR/RTDS_test_DDR4_64bit_batch_dev/RTDS_test_DDR4_64bit.ip_user_files/bd/design_1/ip/design_1_xdma_0_0/ip_0/ip_0/sim/design_1_xdma_0_0_pcie3_ip_gt_gtwizard_gthe3.v:2135]
WARNING: [VRFC 10-3091] actual bit length 1 differs from formal bit length 2 for port 'GTHE3_CHANNEL_RXOSINTDONE' [C:/project/RTDS/DDR/RTDS_test_DDR4_64bit_batch_dev/RTDS_test_DDR4_64bit.ip_user_files/bd/design_1/ip/design_1_xdma_0_0/ip_0/ip_0/sim/design_1_xdma_0_0_pcie3_ip_gt_gtwizard_gthe3.v:2136]
WARNING: [VRFC 10-3091] actual bit length 1 differs from formal bit length 2 for port 'GTHE3_CHANNEL_RXOSINTSTARTED' [C:/project/RTDS/DDR/RTDS_test_DDR4_64bit_batch_dev/RTDS_test_DDR4_64bit.ip_user_files/bd/design_1/ip/design_1_xdma_0_0/ip_0/ip_0/sim/design_1_xdma_0_0_pcie3_ip_gt_gtwizard_gthe3.v:2137]
WARNING: [VRFC 10-3091] actual bit length 1 differs from formal bit length 2 for port 'GTHE3_CHANNEL_RXOSINTSTROBEDONE' [C:/project/RTDS/DDR/RTDS_test_DDR4_64bit_batch_dev/RTDS_test_DDR4_64bit.ip_user_files/bd/design_1/ip/design_1_xdma_0_0/ip_0/ip_0/sim/design_1_xdma_0_0_pcie3_ip_gt_gtwizard_gthe3.v:2138]
WARNING: [VRFC 10-3091] actual bit length 1 differs from formal bit length 2 for port 'GTHE3_CHANNEL_RXOSINTSTROBESTARTED' [C:/project/RTDS/DDR/RTDS_test_DDR4_64bit_batch_dev/RTDS_test_DDR4_64bit.ip_user_files/bd/design_1/ip/design_1_xdma_0_0/ip_0/ip_0/sim/design_1_xdma_0_0_pcie3_ip_gt_gtwizard_gthe3.v:2139]
WARNING: [VRFC 10-3091] actual bit length 1 differs from formal bit length 2 for port 'GTHE3_CHANNEL_RXOUTCLK' [C:/project/RTDS/DDR/RTDS_test_DDR4_64bit_batch_dev/RTDS_test_DDR4_64bit.ip_user_files/bd/design_1/ip/design_1_xdma_0_0/ip_0/ip_0/sim/design_1_xdma_0_0_pcie3_ip_gt_gtwizard_gthe3.v:2140]
WARNING: [VRFC 10-3091] actual bit length 1 differs from formal bit length 2 for port 'GTHE3_CHANNEL_RXOUTCLKFABRIC' [C:/project/RTDS/DDR/RTDS_test_DDR4_64bit_batch_dev/RTDS_test_DDR4_64bit.ip_user_files/bd/design_1/ip/design_1_xdma_0_0/ip_0/ip_0/sim/design_1_xdma_0_0_pcie3_ip_gt_gtwizard_gthe3.v:2141]
WARNING: [VRFC 10-3091] actual bit length 1 differs from formal bit length 2 for port 'GTHE3_CHANNEL_RXOUTCLKPCS' [C:/project/RTDS/DDR/RTDS_test_DDR4_64bit_batch_dev/RTDS_test_DDR4_64bit.ip_user_files/bd/design_1/ip/design_1_xdma_0_0/ip_0/ip_0/sim/design_1_xdma_0_0_pcie3_ip_gt_gtwizard_gthe3.v:2142]
WARNING: [VRFC 10-3091] actual bit length 1 differs from formal bit length 2 for port 'GTHE3_CHANNEL_RXPHALIGNDONE' [C:/project/RTDS/DDR/RTDS_test_DDR4_64bit_batch_dev/RTDS_test_DDR4_64bit.ip_user_files/bd/design_1/ip/design_1_xdma_0_0/ip_0/ip_0/sim/design_1_xdma_0_0_pcie3_ip_gt_gtwizard_gthe3.v:2143]
WARNING: [VRFC 10-3091] actual bit length 1 differs from formal bit length 2 for port 'GTHE3_CHANNEL_RXPHALIGNERR' [C:/project/RTDS/DDR/RTDS_test_DDR4_64bit_batch_dev/RTDS_test_DDR4_64bit.ip_user_files/bd/design_1/ip/design_1_xdma_0_0/ip_0/ip_0/sim/design_1_xdma_0_0_pcie3_ip_gt_gtwizard_gthe3.v:2144]
WARNING: [VRFC 10-3091] actual bit length 1 differs from formal bit length 2 for port 'GTHE3_CHANNEL_RXPMARESETDONE' [C:/project/RTDS/DDR/RTDS_test_DDR4_64bit_batch_dev/RTDS_test_DDR4_64bit.ip_user_files/bd/design_1/ip/design_1_xdma_0_0/ip_0/ip_0/sim/design_1_xdma_0_0_pcie3_ip_gt_gtwizard_gthe3.v:2145]
WARNING: [VRFC 10-3091] actual bit length 1 differs from formal bit length 2 for port 'GTHE3_CHANNEL_RXPRBSERR' [C:/project/RTDS/DDR/RTDS_test_DDR4_64bit_batch_dev/RTDS_test_DDR4_64bit.ip_user_files/bd/design_1/ip/design_1_xdma_0_0/ip_0/ip_0/sim/design_1_xdma_0_0_pcie3_ip_gt_gtwizard_gthe3.v:2146]
WARNING: [VRFC 10-3091] actual bit length 1 differs from formal bit length 2 for port 'GTHE3_CHANNEL_RXPRBSLOCKED' [C:/project/RTDS/DDR/RTDS_test_DDR4_64bit_batch_dev/RTDS_test_DDR4_64bit.ip_user_files/bd/design_1/ip/design_1_xdma_0_0/ip_0/ip_0/sim/design_1_xdma_0_0_pcie3_ip_gt_gtwizard_gthe3.v:2147]
WARNING: [VRFC 10-3091] actual bit length 1 differs from formal bit length 2 for port 'GTHE3_CHANNEL_RXPRGDIVRESETDONE' [C:/project/RTDS/DDR/RTDS_test_DDR4_64bit_batch_dev/RTDS_test_DDR4_64bit.ip_user_files/bd/design_1/ip/design_1_xdma_0_0/ip_0/ip_0/sim/design_1_xdma_0_0_pcie3_ip_gt_gtwizard_gthe3.v:2148]
WARNING: [VRFC 10-3091] actual bit length 1 differs from formal bit length 2 for port 'GTHE3_CHANNEL_RXQPISENN' [C:/project/RTDS/DDR/RTDS_test_DDR4_64bit_batch_dev/RTDS_test_DDR4_64bit.ip_user_files/bd/design_1/ip/design_1_xdma_0_0/ip_0/ip_0/sim/design_1_xdma_0_0_pcie3_ip_gt_gtwizard_gthe3.v:2149]
WARNING: [VRFC 10-3091] actual bit length 1 differs from formal bit length 2 for port 'GTHE3_CHANNEL_RXQPISENP' [C:/project/RTDS/DDR/RTDS_test_DDR4_64bit_batch_dev/RTDS_test_DDR4_64bit.ip_user_files/bd/design_1/ip/design_1_xdma_0_0/ip_0/ip_0/sim/design_1_xdma_0_0_pcie3_ip_gt_gtwizard_gthe3.v:2150]
WARNING: [VRFC 10-3091] actual bit length 1 differs from formal bit length 2 for port 'GTHE3_CHANNEL_RXRATEDONE' [C:/project/RTDS/DDR/RTDS_test_DDR4_64bit_batch_dev/RTDS_test_DDR4_64bit.ip_user_files/bd/design_1/ip/design_1_xdma_0_0/ip_0/ip_0/sim/design_1_xdma_0_0_pcie3_ip_gt_gtwizard_gthe3.v:2151]
WARNING: [VRFC 10-3091] actual bit length 1 differs from formal bit length 2 for port 'GTHE3_CHANNEL_RXRECCLKOUT' [C:/project/RTDS/DDR/RTDS_test_DDR4_64bit_batch_dev/RTDS_test_DDR4_64bit.ip_user_files/bd/design_1/ip/design_1_xdma_0_0/ip_0/ip_0/sim/design_1_xdma_0_0_pcie3_ip_gt_gtwizard_gthe3.v:2152]
WARNING: [VRFC 10-3091] actual bit length 1 differs from formal bit length 2 for port 'GTHE3_CHANNEL_RXRESETDONE' [C:/project/RTDS/DDR/RTDS_test_DDR4_64bit_batch_dev/RTDS_test_DDR4_64bit.ip_user_files/bd/design_1/ip/design_1_xdma_0_0/ip_0/ip_0/sim/design_1_xdma_0_0_pcie3_ip_gt_gtwizard_gthe3.v:2153]
WARNING: [VRFC 10-3091] actual bit length 1 differs from formal bit length 2 for port 'GTHE3_CHANNEL_RXSLIDERDY' [C:/project/RTDS/DDR/RTDS_test_DDR4_64bit_batch_dev/RTDS_test_DDR4_64bit.ip_user_files/bd/design_1/ip/design_1_xdma_0_0/ip_0/ip_0/sim/design_1_xdma_0_0_pcie3_ip_gt_gtwizard_gthe3.v:2154]
WARNING: [VRFC 10-3091] actual bit length 1 differs from formal bit length 2 for port 'GTHE3_CHANNEL_RXSLIPDONE' [C:/project/RTDS/DDR/RTDS_test_DDR4_64bit_batch_dev/RTDS_test_DDR4_64bit.ip_user_files/bd/design_1/ip/design_1_xdma_0_0/ip_0/ip_0/sim/design_1_xdma_0_0_pcie3_ip_gt_gtwizard_gthe3.v:2155]
WARNING: [VRFC 10-3091] actual bit length 1 differs from formal bit length 2 for port 'GTHE3_CHANNEL_RXSLIPOUTCLKRDY' [C:/project/RTDS/DDR/RTDS_test_DDR4_64bit_batch_dev/RTDS_test_DDR4_64bit.ip_user_files/bd/design_1/ip/design_1_xdma_0_0/ip_0/ip_0/sim/design_1_xdma_0_0_pcie3_ip_gt_gtwizard_gthe3.v:2156]
WARNING: [VRFC 10-3091] actual bit length 1 differs from formal bit length 2 for port 'GTHE3_CHANNEL_RXSLIPPMARDY' [C:/project/RTDS/DDR/RTDS_test_DDR4_64bit_batch_dev/RTDS_test_DDR4_64bit.ip_user_files/bd/design_1/ip/design_1_xdma_0_0/ip_0/ip_0/sim/design_1_xdma_0_0_pcie3_ip_gt_gtwizard_gthe3.v:2157]
WARNING: [VRFC 10-3091] actual bit length 2 differs from formal bit length 4 for port 'GTHE3_CHANNEL_RXSTARTOFSEQ' [C:/project/RTDS/DDR/RTDS_test_DDR4_64bit_batch_dev/RTDS_test_DDR4_64bit.ip_user_files/bd/design_1/ip/design_1_xdma_0_0/ip_0/ip_0/sim/design_1_xdma_0_0_pcie3_ip_gt_gtwizard_gthe3.v:2158]
WARNING: [VRFC 10-3091] actual bit length 3 differs from formal bit length 6 for port 'GTHE3_CHANNEL_RXSTATUS' [C:/project/RTDS/DDR/RTDS_test_DDR4_64bit_batch_dev/RTDS_test_DDR4_64bit.ip_user_files/bd/design_1/ip/design_1_xdma_0_0/ip_0/ip_0/sim/design_1_xdma_0_0_pcie3_ip_gt_gtwizard_gthe3.v:2159]
WARNING: [VRFC 10-3091] actual bit length 1 differs from formal bit length 2 for port 'GTHE3_CHANNEL_RXSYNCDONE' [C:/project/RTDS/DDR/RTDS_test_DDR4_64bit_batch_dev/RTDS_test_DDR4_64bit.ip_user_files/bd/design_1/ip/design_1_xdma_0_0/ip_0/ip_0/sim/design_1_xdma_0_0_pcie3_ip_gt_gtwizard_gthe3.v:2160]
WARNING: [VRFC 10-3091] actual bit length 1 differs from formal bit length 2 for port 'GTHE3_CHANNEL_RXSYNCOUT' [C:/project/RTDS/DDR/RTDS_test_DDR4_64bit_batch_dev/RTDS_test_DDR4_64bit.ip_user_files/bd/design_1/ip/design_1_xdma_0_0/ip_0/ip_0/sim/design_1_xdma_0_0_pcie3_ip_gt_gtwizard_gthe3.v:2161]
WARNING: [VRFC 10-3091] actual bit length 1 differs from formal bit length 2 for port 'GTHE3_CHANNEL_RXVALID' [C:/project/RTDS/DDR/RTDS_test_DDR4_64bit_batch_dev/RTDS_test_DDR4_64bit.ip_user_files/bd/design_1/ip/design_1_xdma_0_0/ip_0/ip_0/sim/design_1_xdma_0_0_pcie3_ip_gt_gtwizard_gthe3.v:2162]
WARNING: [VRFC 10-3091] actual bit length 2 differs from formal bit length 4 for port 'GTHE3_CHANNEL_TXBUFSTATUS' [C:/project/RTDS/DDR/RTDS_test_DDR4_64bit_batch_dev/RTDS_test_DDR4_64bit.ip_user_files/bd/design_1/ip/design_1_xdma_0_0/ip_0/ip_0/sim/design_1_xdma_0_0_pcie3_ip_gt_gtwizard_gthe3.v:2163]
WARNING: [VRFC 10-3091] actual bit length 1 differs from formal bit length 2 for port 'GTHE3_CHANNEL_TXCOMFINISH' [C:/project/RTDS/DDR/RTDS_test_DDR4_64bit_batch_dev/RTDS_test_DDR4_64bit.ip_user_files/bd/design_1/ip/design_1_xdma_0_0/ip_0/ip_0/sim/design_1_xdma_0_0_pcie3_ip_gt_gtwizard_gthe3.v:2164]
WARNING: [VRFC 10-3091] actual bit length 1 differs from formal bit length 2 for port 'GTHE3_CHANNEL_TXDLYSRESETDONE' [C:/project/RTDS/DDR/RTDS_test_DDR4_64bit_batch_dev/RTDS_test_DDR4_64bit.ip_user_files/bd/design_1/ip/design_1_xdma_0_0/ip_0/ip_0/sim/design_1_xdma_0_0_pcie3_ip_gt_gtwizard_gthe3.v:2165]
WARNING: [VRFC 10-3091] actual bit length 1 differs from formal bit length 2 for port 'GTHE3_CHANNEL_TXOUTCLK' [C:/project/RTDS/DDR/RTDS_test_DDR4_64bit_batch_dev/RTDS_test_DDR4_64bit.ip_user_files/bd/design_1/ip/design_1_xdma_0_0/ip_0/ip_0/sim/design_1_xdma_0_0_pcie3_ip_gt_gtwizard_gthe3.v:2166]
WARNING: [VRFC 10-3091] actual bit length 1 differs from formal bit length 2 for port 'GTHE3_CHANNEL_TXOUTCLKFABRIC' [C:/project/RTDS/DDR/RTDS_test_DDR4_64bit_batch_dev/RTDS_test_DDR4_64bit.ip_user_files/bd/design_1/ip/design_1_xdma_0_0/ip_0/ip_0/sim/design_1_xdma_0_0_pcie3_ip_gt_gtwizard_gthe3.v:2167]
WARNING: [VRFC 10-3091] actual bit length 1 differs from formal bit length 2 for port 'GTHE3_CHANNEL_TXOUTCLKPCS' [C:/project/RTDS/DDR/RTDS_test_DDR4_64bit_batch_dev/RTDS_test_DDR4_64bit.ip_user_files/bd/design_1/ip/design_1_xdma_0_0/ip_0/ip_0/sim/design_1_xdma_0_0_pcie3_ip_gt_gtwizard_gthe3.v:2168]
WARNING: [VRFC 10-3091] actual bit length 1 differs from formal bit length 2 for port 'GTHE3_CHANNEL_TXPHALIGNDONE' [C:/project/RTDS/DDR/RTDS_test_DDR4_64bit_batch_dev/RTDS_test_DDR4_64bit.ip_user_files/bd/design_1/ip/design_1_xdma_0_0/ip_0/ip_0/sim/design_1_xdma_0_0_pcie3_ip_gt_gtwizard_gthe3.v:2169]
WARNING: [VRFC 10-3091] actual bit length 1 differs from formal bit length 2 for port 'GTHE3_CHANNEL_TXPHINITDONE' [C:/project/RTDS/DDR/RTDS_test_DDR4_64bit_batch_dev/RTDS_test_DDR4_64bit.ip_user_files/bd/design_1/ip/design_1_xdma_0_0/ip_0/ip_0/sim/design_1_xdma_0_0_pcie3_ip_gt_gtwizard_gthe3.v:2170]
WARNING: [VRFC 10-3091] actual bit length 1 differs from formal bit length 2 for port 'GTHE3_CHANNEL_TXPMARESETDONE' [C:/project/RTDS/DDR/RTDS_test_DDR4_64bit_batch_dev/RTDS_test_DDR4_64bit.ip_user_files/bd/design_1/ip/design_1_xdma_0_0/ip_0/ip_0/sim/design_1_xdma_0_0_pcie3_ip_gt_gtwizard_gthe3.v:2171]
WARNING: [VRFC 10-3091] actual bit length 1 differs from formal bit length 2 for port 'GTHE3_CHANNEL_TXPRGDIVRESETDONE' [C:/project/RTDS/DDR/RTDS_test_DDR4_64bit_batch_dev/RTDS_test_DDR4_64bit.ip_user_files/bd/design_1/ip/design_1_xdma_0_0/ip_0/ip_0/sim/design_1_xdma_0_0_pcie3_ip_gt_gtwizard_gthe3.v:2172]
WARNING: [VRFC 10-3091] actual bit length 1 differs from formal bit length 2 for port 'GTHE3_CHANNEL_TXQPISENN' [C:/project/RTDS/DDR/RTDS_test_DDR4_64bit_batch_dev/RTDS_test_DDR4_64bit.ip_user_files/bd/design_1/ip/design_1_xdma_0_0/ip_0/ip_0/sim/design_1_xdma_0_0_pcie3_ip_gt_gtwizard_gthe3.v:2173]
WARNING: [VRFC 10-3091] actual bit length 1 differs from formal bit length 2 for port 'GTHE3_CHANNEL_TXQPISENP' [C:/project/RTDS/DDR/RTDS_test_DDR4_64bit_batch_dev/RTDS_test_DDR4_64bit.ip_user_files/bd/design_1/ip/design_1_xdma_0_0/ip_0/ip_0/sim/design_1_xdma_0_0_pcie3_ip_gt_gtwizard_gthe3.v:2174]
WARNING: [VRFC 10-3091] actual bit length 1 differs from formal bit length 2 for port 'GTHE3_CHANNEL_TXRATEDONE' [C:/project/RTDS/DDR/RTDS_test_DDR4_64bit_batch_dev/RTDS_test_DDR4_64bit.ip_user_files/bd/design_1/ip/design_1_xdma_0_0/ip_0/ip_0/sim/design_1_xdma_0_0_pcie3_ip_gt_gtwizard_gthe3.v:2175]
WARNING: [VRFC 10-3091] actual bit length 1 differs from formal bit length 2 for port 'GTHE3_CHANNEL_TXRESETDONE' [C:/project/RTDS/DDR/RTDS_test_DDR4_64bit_batch_dev/RTDS_test_DDR4_64bit.ip_user_files/bd/design_1/ip/design_1_xdma_0_0/ip_0/ip_0/sim/design_1_xdma_0_0_pcie3_ip_gt_gtwizard_gthe3.v:2176]
WARNING: [VRFC 10-3091] actual bit length 1 differs from formal bit length 2 for port 'GTHE3_CHANNEL_TXSYNCDONE' [C:/project/RTDS/DDR/RTDS_test_DDR4_64bit_batch_dev/RTDS_test_DDR4_64bit.ip_user_files/bd/design_1/ip/design_1_xdma_0_0/ip_0/ip_0/sim/design_1_xdma_0_0_pcie3_ip_gt_gtwizard_gthe3.v:2177]
WARNING: [VRFC 10-3091] actual bit length 1 differs from formal bit length 2 for port 'GTHE3_CHANNEL_TXSYNCOUT' [C:/project/RTDS/DDR/RTDS_test_DDR4_64bit_batch_dev/RTDS_test_DDR4_64bit.ip_user_files/bd/design_1/ip/design_1_xdma_0_0/ip_0/ip_0/sim/design_1_xdma_0_0_pcie3_ip_gt_gtwizard_gthe3.v:2178]
WARNING: [VRFC 10-3091] actual bit length 2 differs from formal bit length 8 for port 'pci_exp_txn' [C:/project/RTDS/DDR/RTDS_test_DDR4_64bit_batch_dev/regression/sim_xdma_rootport/vendor/xdma_rp_2020_2/xilinx_pcie_uscale_rp.v:298]
WARNING: [VRFC 10-3091] actual bit length 2 differs from formal bit length 8 for port 'pci_exp_txp' [C:/project/RTDS/DDR/RTDS_test_DDR4_64bit_batch_dev/regression/sim_xdma_rootport/vendor/xdma_rp_2020_2/xilinx_pcie_uscale_rp.v:299]
WARNING: [VRFC 10-3091] actual bit length 2 differs from formal bit length 8 for port 'pci_exp_rxn' [C:/project/RTDS/DDR/RTDS_test_DDR4_64bit_batch_dev/regression/sim_xdma_rootport/vendor/xdma_rp_2020_2/xilinx_pcie_uscale_rp.v:300]
WARNING: [VRFC 10-3091] actual bit length 2 differs from formal bit length 8 for port 'pci_exp_rxp' [C:/project/RTDS/DDR/RTDS_test_DDR4_64bit_batch_dev/regression/sim_xdma_rootport/vendor/xdma_rp_2020_2/xilinx_pcie_uscale_rp.v:301]
WARNING: [VRFC 10-3705] select index 1 into 'h2c_dat_bram_in' is out of bounds [c:/project/RTDS/pcie_07/RTDS_test-1ch/RTDS_test-1ch/RTDS_test.srcs/sources_1/bd/design_1/ipshared/cc3e/hdl/xdma_v4_1_vl_rfs.sv:41959]
WARNING: [VRFC 10-3705] select index 1 into 'h2c_dat_bram_in' is out of bounds [c:/project/RTDS/pcie_07/RTDS_test-1ch/RTDS_test-1ch/RTDS_test.srcs/sources_1/bd/design_1/ipshared/cc3e/hdl/xdma_v4_1_vl_rfs.sv:41960]
WARNING: [VRFC 10-3705] select index 1 into 'h2c_dat_bram_out' is out of bounds [c:/project/RTDS/pcie_07/RTDS_test-1ch/RTDS_test-1ch/RTDS_test.srcs/sources_1/bd/design_1/ipshared/cc3e/hdl/xdma_v4_1_vl_rfs.sv:41961]
WARNING: [VRFC 10-3705] select index 1 into 'h2c_dat_bram_out' is out of bounds [c:/project/RTDS/pcie_07/RTDS_test-1ch/RTDS_test-1ch/RTDS_test.srcs/sources_1/bd/design_1/ipshared/cc3e/hdl/xdma_v4_1_vl_rfs.sv:41962]
WARNING: [VRFC 10-3705] select index 1 into 'h2c_dat_bram_cmd_out' is out of bounds [c:/project/RTDS/pcie_07/RTDS_test-1ch/RTDS_test-1ch/RTDS_test.srcs/sources_1/bd/design_1/ipshared/cc3e/hdl/xdma_v4_1_vl_rfs.sv:41963]
WARNING: [VRFC 10-3705] select index 1 into 'h2c_dat_bram_cmd_out' is out of bounds [c:/project/RTDS/pcie_07/RTDS_test-1ch/RTDS_test-1ch/RTDS_test.srcs/sources_1/bd/design_1/ipshared/cc3e/hdl/xdma_v4_1_vl_rfs.sv:41964]
WARNING: [VRFC 10-3705] select index 1 into 'h2c_dat_bram_cmd_out' is out of bounds [c:/project/RTDS/pcie_07/RTDS_test-1ch/RTDS_test-1ch/RTDS_test.srcs/sources_1/bd/design_1/ipshared/cc3e/hdl/xdma_v4_1_vl_rfs.sv:41966]
WARNING: [VRFC 10-3705] select index 2 into 'h2c_dat_bram_in' is out of bounds [c:/project/RTDS/pcie_07/RTDS_test-1ch/RTDS_test-1ch/RTDS_test.srcs/sources_1/bd/design_1/ipshared/cc3e/hdl/xdma_v4_1_vl_rfs.sv:41968]
WARNING: [VRFC 10-3705] select index 2 into 'h2c_dat_bram_in' is out of bounds [c:/project/RTDS/pcie_07/RTDS_test-1ch/RTDS_test-1ch/RTDS_test.srcs/sources_1/bd/design_1/ipshared/cc3e/hdl/xdma_v4_1_vl_rfs.sv:41969]
WARNING: [VRFC 10-3705] select index 2 into 'h2c_dat_bram_out' is out of bounds [c:/project/RTDS/pcie_07/RTDS_test-1ch/RTDS_test-1ch/RTDS_test.srcs/sources_1/bd/design_1/ipshared/cc3e/hdl/xdma_v4_1_vl_rfs.sv:41970]
WARNING: [VRFC 10-3705] select index 2 into 'h2c_dat_bram_out' is out of bounds [c:/project/RTDS/pcie_07/RTDS_test-1ch/RTDS_test-1ch/RTDS_test.srcs/sources_1/bd/design_1/ipshared/cc3e/hdl/xdma_v4_1_vl_rfs.sv:41971]
WARNING: [VRFC 10-3705] select index 2 into 'h2c_dat_bram_cmd_out' is out of bounds [c:/project/RTDS/pcie_07/RTDS_test-1ch/RTDS_test-1ch/RTDS_test.srcs/sources_1/bd/design_1/ipshared/cc3e/hdl/xdma_v4_1_vl_rfs.sv:41972]
WARNING: [VRFC 10-3705] select index 2 into 'h2c_dat_bram_cmd_out' is out of bounds [c:/project/RTDS/pcie_07/RTDS_test-1ch/RTDS_test-1ch/RTDS_test.srcs/sources_1/bd/design_1/ipshared/cc3e/hdl/xdma_v4_1_vl_rfs.sv:41973]
WARNING: [VRFC 10-3705] select index 2 into 'h2c_dat_bram_cmd_out' is out of bounds [c:/project/RTDS/pcie_07/RTDS_test-1ch/RTDS_test-1ch/RTDS_test.srcs/sources_1/bd/design_1/ipshared/cc3e/hdl/xdma_v4_1_vl_rfs.sv:41975]
WARNING: [VRFC 10-3705] select index 3 into 'h2c_dat_bram_in' is out of bounds [c:/project/RTDS/pcie_07/RTDS_test-1ch/RTDS_test-1ch/RTDS_test.srcs/sources_1/bd/design_1/ipshared/cc3e/hdl/xdma_v4_1_vl_rfs.sv:41977]
WARNING: [VRFC 10-3705] select index 3 into 'h2c_dat_bram_in' is out of bounds [c:/project/RTDS/pcie_07/RTDS_test-1ch/RTDS_test-1ch/RTDS_test.srcs/sources_1/bd/design_1/ipshared/cc3e/hdl/xdma_v4_1_vl_rfs.sv:41978]
WARNING: [VRFC 10-3705] select index 3 into 'h2c_dat_bram_out' is out of bounds [c:/project/RTDS/pcie_07/RTDS_test-1ch/RTDS_test-1ch/RTDS_test.srcs/sources_1/bd/design_1/ipshared/cc3e/hdl/xdma_v4_1_vl_rfs.sv:41979]
WARNING: [VRFC 10-3705] select index 3 into 'h2c_dat_bram_out' is out of bounds [c:/project/RTDS/pcie_07/RTDS_test-1ch/RTDS_test-1ch/RTDS_test.srcs/sources_1/bd/design_1/ipshared/cc3e/hdl/xdma_v4_1_vl_rfs.sv:41980]
WARNING: [VRFC 10-3705] select index 3 into 'h2c_dat_bram_cmd_out' is out of bounds [c:/project/RTDS/pcie_07/RTDS_test-1ch/RTDS_test-1ch/RTDS_test.srcs/sources_1/bd/design_1/ipshared/cc3e/hdl/xdma_v4_1_vl_rfs.sv:41981]
WARNING: [VRFC 10-3705] select index 3 into 'h2c_dat_bram_cmd_out' is out of bounds [c:/project/RTDS/pcie_07/RTDS_test-1ch/RTDS_test-1ch/RTDS_test.srcs/sources_1/bd/design_1/ipshared/cc3e/hdl/xdma_v4_1_vl_rfs.sv:41982]
WARNING: [VRFC 10-3705] select index 3 into 'h2c_dat_bram_cmd_out' is out of bounds [c:/project/RTDS/pcie_07/RTDS_test-1ch/RTDS_test-1ch/RTDS_test.srcs/sources_1/bd/design_1/ipshared/cc3e/hdl/xdma_v4_1_vl_rfs.sv:41984]
WARNING: [VRFC 10-3705] select index 1 into 'c2h_dat_bram_in' is out of bounds [c:/project/RTDS/pcie_07/RTDS_test-1ch/RTDS_test-1ch/RTDS_test.srcs/sources_1/bd/design_1/ipshared/cc3e/hdl/xdma_v4_1_vl_rfs.sv:41995]
WARNING: [VRFC 10-3705] select index 1 into 'c2h_dat_bram_in' is out of bounds [c:/project/RTDS/pcie_07/RTDS_test-1ch/RTDS_test-1ch/RTDS_test.srcs/sources_1/bd/design_1/ipshared/cc3e/hdl/xdma_v4_1_vl_rfs.sv:41996]
WARNING: [VRFC 10-3705] select index 1 into 'c2h_dat_bram_out' is out of bounds [c:/project/RTDS/pcie_07/RTDS_test-1ch/RTDS_test-1ch/RTDS_test.srcs/sources_1/bd/design_1/ipshared/cc3e/hdl/xdma_v4_1_vl_rfs.sv:41997]
WARNING: [VRFC 10-3705] select index 1 into 'c2h_dat_bram_out' is out of bounds [c:/project/RTDS/pcie_07/RTDS_test-1ch/RTDS_test-1ch/RTDS_test.srcs/sources_1/bd/design_1/ipshared/cc3e/hdl/xdma_v4_1_vl_rfs.sv:41998]
WARNING: [VRFC 10-3705] select index 1 into 'c2h_dat_bram_cmd_out' is out of bounds [c:/project/RTDS/pcie_07/RTDS_test-1ch/RTDS_test-1ch/RTDS_test.srcs/sources_1/bd/design_1/ipshared/cc3e/hdl/xdma_v4_1_vl_rfs.sv:41999]
WARNING: [VRFC 10-3705] select index 1 into 'c2h_dat_bram_cmd_out' is out of bounds [c:/project/RTDS/pcie_07/RTDS_test-1ch/RTDS_test-1ch/RTDS_test.srcs/sources_1/bd/design_1/ipshared/cc3e/hdl/xdma_v4_1_vl_rfs.sv:42000]
WARNING: [VRFC 10-3705] select index 1 into 'c2h_dat_bram_cmd_out' is out of bounds [c:/project/RTDS/pcie_07/RTDS_test-1ch/RTDS_test-1ch/RTDS_test.srcs/sources_1/bd/design_1/ipshared/cc3e/hdl/xdma_v4_1_vl_rfs.sv:42002]
WARNING: [VRFC 10-3705] select index 2 into 'c2h_dat_bram_in' is out of bounds [c:/project/RTDS/pcie_07/RTDS_test-1ch/RTDS_test-1ch/RTDS_test.srcs/sources_1/bd/design_1/ipshared/cc3e/hdl/xdma_v4_1_vl_rfs.sv:42004]
WARNING: [VRFC 10-3705] select index 2 into 'c2h_dat_bram_in' is out of bounds [c:/project/RTDS/pcie_07/RTDS_test-1ch/RTDS_test-1ch/RTDS_test.srcs/sources_1/bd/design_1/ipshared/cc3e/hdl/xdma_v4_1_vl_rfs.sv:42005]
WARNING: [VRFC 10-3705] select index 2 into 'c2h_dat_bram_out' is out of bounds [c:/project/RTDS/pcie_07/RTDS_test-1ch/RTDS_test-1ch/RTDS_test.srcs/sources_1/bd/design_1/ipshared/cc3e/hdl/xdma_v4_1_vl_rfs.sv:42006]
WARNING: [VRFC 10-3705] select index 2 into 'c2h_dat_bram_out' is out of bounds [c:/project/RTDS/pcie_07/RTDS_test-1ch/RTDS_test-1ch/RTDS_test.srcs/sources_1/bd/design_1/ipshared/cc3e/hdl/xdma_v4_1_vl_rfs.sv:42007]
WARNING: [VRFC 10-3705] select index 2 into 'c2h_dat_bram_cmd_out' is out of bounds [c:/project/RTDS/pcie_07/RTDS_test-1ch/RTDS_test-1ch/RTDS_test.srcs/sources_1/bd/design_1/ipshared/cc3e/hdl/xdma_v4_1_vl_rfs.sv:42008]
WARNING: [VRFC 10-3705] select index 2 into 'c2h_dat_bram_cmd_out' is out of bounds [c:/project/RTDS/pcie_07/RTDS_test-1ch/RTDS_test-1ch/RTDS_test.srcs/sources_1/bd/design_1/ipshared/cc3e/hdl/xdma_v4_1_vl_rfs.sv:42009]
WARNING: [VRFC 10-3705] select index 2 into 'c2h_dat_bram_cmd_out' is out of bounds [c:/project/RTDS/pcie_07/RTDS_test-1ch/RTDS_test-1ch/RTDS_test.srcs/sources_1/bd/design_1/ipshared/cc3e/hdl/xdma_v4_1_vl_rfs.sv:42011]
WARNING: [VRFC 10-3705] select index 3 into 'c2h_dat_bram_in' is out of bounds [c:/project/RTDS/pcie_07/RTDS_test-1ch/RTDS_test-1ch/RTDS_test.srcs/sources_1/bd/design_1/ipshared/cc3e/hdl/xdma_v4_1_vl_rfs.sv:42013]
WARNING: [VRFC 10-3705] select index 3 into 'c2h_dat_bram_in' is out of bounds [c:/project/RTDS/pcie_07/RTDS_test-1ch/RTDS_test-1ch/RTDS_test.srcs/sources_1/bd/design_1/ipshared/cc3e/hdl/xdma_v4_1_vl_rfs.sv:42014]
WARNING: [VRFC 10-3705] select index 3 into 'c2h_dat_bram_out' is out of bounds [c:/project/RTDS/pcie_07/RTDS_test-1ch/RTDS_test-1ch/RTDS_test.srcs/sources_1/bd/design_1/ipshared/cc3e/hdl/xdma_v4_1_vl_rfs.sv:42015]
WARNING: [VRFC 10-3705] select index 3 into 'c2h_dat_bram_out' is out of bounds [c:/project/RTDS/pcie_07/RTDS_test-1ch/RTDS_test-1ch/RTDS_test.srcs/sources_1/bd/design_1/ipshared/cc3e/hdl/xdma_v4_1_vl_rfs.sv:42016]
WARNING: [VRFC 10-3705] select index 3 into 'c2h_dat_bram_cmd_out' is out of bounds [c:/project/RTDS/pcie_07/RTDS_test-1ch/RTDS_test-1ch/RTDS_test.srcs/sources_1/bd/design_1/ipshared/cc3e/hdl/xdma_v4_1_vl_rfs.sv:42017]
WARNING: [VRFC 10-3705] select index 3 into 'c2h_dat_bram_cmd_out' is out of bounds [c:/project/RTDS/pcie_07/RTDS_test-1ch/RTDS_test-1ch/RTDS_test.srcs/sources_1/bd/design_1/ipshared/cc3e/hdl/xdma_v4_1_vl_rfs.sv:42018]
WARNING: [VRFC 10-3705] select index 3 into 'c2h_dat_bram_cmd_out' is out of bounds [c:/project/RTDS/pcie_07/RTDS_test-1ch/RTDS_test-1ch/RTDS_test.srcs/sources_1/bd/design_1/ipshared/cc3e/hdl/xdma_v4_1_vl_rfs.sv:42020]
WARNING: [VRFC 10-3705] select index 119 into 's_axis_cq_tuser' is out of bounds [c:/project/RTDS/pcie_07/RTDS_test-1ch/RTDS_test-1ch/RTDS_test.srcs/sources_1/bd/design_1/ipshared/cc3e/hdl/xdma_v4_1_vl_rfs.sv:28417]
ERROR: [XSIM 43-3322] Static elaboration of top level Verilog design unit(s) in library work failed.
child process exited abnormally
V201 step2 elaborate failed; inspect output
    while executing
"error "V201 step2 $step failed; inspect output""
    ("foreach" body line 5)
    invoked from within
"foreach step {compile elaborate simulate} {
    puts "V201_STEP2_BEGIN $step"
    set failed [catch {exec cmd /c ${step}.bat 2>@1} output]
    puts $o..."
    (file "c:\project\RTDS\DDR\RTDS_test_DDR4_64bit_batch_dev\scripts\resume_rootport_v201_step2.tcl" line 8)
INFO: [Common 17-206] Exiting Vivado at Wed Sep 16 19:11:50 2026...
