#-----------------------------------------------------------
# Vivado v2020.2 (64-bit)
# SW Build 3064766 on Wed Nov 18 09:12:45 MST 2020
# IP Build 3064653 on Wed Nov 18 14:17:31 MST 2020
# Start of session at: Thu Sep 17 15:51:21 2026
# Process ID: 20824
# Current directory: C:/project/RTDS/DDR/RTDS_test_DDR4_64bit_batch_dev
# Command line: vivado.exe -mode batch -source scripts\resume_rootport_v201_step2.tcl -nojournal -log reports\v201_rootport_step2_20260917.log
# Log file: C:/project/RTDS/DDR/RTDS_test_DDR4_64bit_batch_dev/reports/v201_rootport_step2_20260917.log
# Journal file: 
#-----------------------------------------------------------
source {scripts\resume_rootport_v201_step2.tcl}
# set root [file normalize [file join [file dirname [info script]] ..]]
# set work [file join $root RTDS_test_DDR4_64bit.sim sim_xdma_rootport behav xsim]
# cd $work
# foreach step {compile elaborate simulate} {
#     puts "V201_STEP2_BEGIN $step"
#     set failed [catch {exec cmd /c ${step}.bat 2>@1} output]
#     puts $output
#     if {$failed || [regexp -nocase {ERROR:|FATAL:|RTDS_ROOTPORT_FAIL} $output]} {error "V201 step2 $step failed; inspect output"}
# }
V201_STEP2_BEGIN compile
"xvlog --incr --relax -L uvm -L xdma_v4_1_8 -prj board_vlog.prj"
INFO: [VRFC 10-2263] Analyzing SystemVerilog file "C:/project/RTDS/DDR/RTDS_test_DDR4_64bit_batch_dev/regression/sim_xdma_rootport/tb/rtds_rootport_pkg.sv" into library xil_defaultlib
INFO: [VRFC 10-2263] Analyzing SystemVerilog file "C:/project/RTDS/DDR/RTDS_test_DDR4_64bit_batch_dev/regression/sim_xdma_rootport/tb/aurora_ll_peer_bfm.sv" into library xil_defaultlib
INFO: [VRFC 10-311] analyzing module aurora_ll_peer_bfm
INFO: [VRFC 10-2263] Analyzing SystemVerilog file "C:/project/RTDS/DDR/RTDS_test_DDR4_64bit_batch_dev/regression/sim_xdma_rootport/tb/pcie_cq_host_memory_monitor.sv" into library xil_defaultlib
INFO: [VRFC 10-311] analyzing module pcie_cq_host_memory_monitor
INFO: [VRFC 10-2263] Analyzing SystemVerilog file "C:/project/RTDS/DDR/RTDS_test_DDR4_64bit_batch_dev/rtl/ddr4/rtds_axi_ram_model.sv" into library xil_defaultlib
INFO: [VRFC 10-311] analyzing module rtds_axi_ram_model
INFO: [VRFC 10-2263] Analyzing SystemVerilog file "C:/project/RTDS/DDR/RTDS_test_DDR4_64bit_batch_dev/rtl/ddr4/rtds_ddr4_backend.sv" into library xil_defaultlib
INFO: [VRFC 10-311] analyzing module rtds_ddr4_backend
INFO: [VRFC 10-2263] Analyzing SystemVerilog file "C:/project/RTDS/DDR/RTDS_test_DDR4_64bit_batch_dev/regression/sim_xdma_rootport/tb/rtds_pcie_ep_sim_wrapper.sv" into library xil_defaultlib
INFO: [VRFC 10-311] analyzing module rtds_pcie_ep_sim_wrapper
INFO: [VRFC 10-2263] Analyzing SystemVerilog file "C:/project/RTDS/DDR/RTDS_test_DDR4_64bit_batch_dev/regression/sim_xdma_rootport/tb/rtds_rootport_assertions.sv" into library xil_defaultlib
INFO: [VRFC 10-311] analyzing module rtds_rootport_assertions
INFO: [VRFC 10-2263] Analyzing SystemVerilog file "C:/project/RTDS/DDR/RTDS_test_DDR4_64bit_batch_dev/regression/sim_xdma_rootport/tb/board.sv" into library xil_defaultlib
INFO: [VRFC 10-311] analyzing module xdma_irq_monitor
INFO: [VRFC 10-311] analyzing module conv_dma_axi_monitor
INFO: [VRFC 10-311] analyzing module xdma_axi_activity_monitor
INFO: [VRFC 10-311] analyzing module board
"xvhdl --incr --relax -prj board_vhdl.prj"
V201_STEP2_BEGIN elaborate
"xelab -wto 6685dc9037bc45bd8dc34b12c53cbeb6 --incr --debug off --relax --mt 2 -d "XILINX_SIMULATOR=" -d "DDR4_SIM_RAM=" -L xil_defaultlib -L gtwizard_ultrascale_v1_7_9 -L blk_mem_gen_v8_4_4 -L xdma_v4_1_8 -L generic_baseblocks_v2_1_0 -L axi_infrastructure_v1_1_0 -L axi_register_slice_v2_1_22 -L fifo_generator_v13_2_5 -L axi_data_fifo_v2_1_21 -L axi_crossbar_v2_1_23 -L axi_clock_converter_v2_1_21 -L uvm -L unisims_ver -L unimacro_ver -L secureip -L xpm --snapshot board_behav xil_defaultlib.board xil_defaultlib.glbl -log elaborate.log"
Vivado Simulator 2020.2
Copyright 1986-1999, 2001-2020 Xilinx, Inc. All Rights Reserved.
Running: C:/Xilinx/Vivado/2020.2/bin/unwrapped/win64.o/xelab.exe -wto 6685dc9037bc45bd8dc34b12c53cbeb6 --incr --debug off --relax --mt 2 -d XILINX_SIMULATOR= -d DDR4_SIM_RAM= -L xil_defaultlib -L gtwizard_ultrascale_v1_7_9 -L blk_mem_gen_v8_4_4 -L xdma_v4_1_8 -L generic_baseblocks_v2_1_0 -L axi_infrastructure_v1_1_0 -L axi_register_slice_v2_1_22 -L fifo_generator_v13_2_5 -L axi_data_fifo_v2_1_21 -L axi_crossbar_v2_1_23 -L axi_clock_converter_v2_1_21 -L uvm -L unisims_ver -L unimacro_ver -L secureip -L xpm --snapshot board_behav xil_defaultlib.board xil_defaultlib.glbl -log elaborate.log 
Using 2 slave threads.
Starting static elaboration
Pass Through NonSizing Optimizer
WARNING: [VRFC 10-3091] actual bit length 7 differs from formal bit length 6 for port 'rbar_bar_size_sd' [C:/project/RTDS/DDR/RTDS_test_DDR4_64bit_batch_dev/RTDS_test_DDR4_64bit.ip_user_files/bd/design_1/ip/design_1_xdma_0_0/sim/design_1_xdma_0_0.sv:1606]
WARNING: [VRFC 10-3091] actual bit length 9 differs from formal bit length 8 for port 'rbar_function_number_sd' [C:/project/RTDS/DDR/RTDS_test_DDR4_64bit_batch_dev/RTDS_test_DDR4_64bit.ip_user_files/bd/design_1/ip/design_1_xdma_0_0/sim/design_1_xdma_0_0.sv:1607]
WARNING: [VRFC 10-3091] actual bit length 3 differs from formal bit length 2 for port 'cfg_max_payload_sd' [C:/project/RTDS/DDR/RTDS_test_DDR4_64bit_batch_dev/RTDS_test_DDR4_64bit.ip_user_files/bd/design_1/ip/design_1_xdma_0_0/sim/design_1_xdma_0_0.sv:1619]
WARNING: [VRFC 10-3091] actual bit length 1 differs from formal bit length 252 for port 'cfg_vf_flr_done' [c:/project/RTDS/pcie_07/RTDS_test-1ch/RTDS_test-1ch/RTDS_test.srcs/sources_1/bd/design_1/ipshared/cc3e/hdl/xdma_v4_1_vl_rfs.sv:45506]
WARNING: [VRFC 10-3091] actual bit length 256 differs from formal bit length 64 for port 'cfg_interrupt_msix_address' [c:/project/RTDS/pcie_07/RTDS_test-1ch/RTDS_test-1ch/RTDS_test.srcs/sources_1/bd/design_1/ipshared/cc3e/hdl/xdma_v4_1_vl_rfs.sv:45897]
WARNING: [VRFC 10-3091] actual bit length 4 differs from formal bit length 1 for port 'm_axis_rq_tready' [c:/project/RTDS/pcie_07/RTDS_test-1ch/RTDS_test-1ch/RTDS_test.srcs/sources_1/bd/design_1/ipshared/cc3e/hdl/xdma_v4_1_vl_rfs.sv:44087]
WARNING: [VRFC 10-3091] actual bit length 1 differs from formal bit length 4 for port 'CFG_MSIEN_IN' [c:/project/RTDS/pcie_07/RTDS_test-1ch/RTDS_test-1ch/RTDS_test.srcs/sources_1/bd/design_1/ipshared/cc3e/hdl/xdma_v4_1_vl_rfs.sv:44394]
WARNING: [VRFC 10-3091] actual bit length 256 differs from formal bit length 4 for port 'cfg_flr_done' [c:/project/RTDS/pcie_07/RTDS_test-1ch/RTDS_test-1ch/RTDS_test.srcs/sources_1/bd/design_1/ipshared/cc3e/hdl/xdma_v4_1_vl_rfs.sv:44449]
WARNING: [VRFC 10-3091] actual bit length 1 differs from formal bit length 2 for port 'GTHE3_CHANNEL_CFGRESET' [C:/project/RTDS/DDR/RTDS_test_DDR4_64bit_batch_dev/RTDS_test_DDR4_64bit.ip_user_files/bd/design_1/ip/design_1_xdma_0_0/ip_0/ip_0/sim/design_1_xdma_0_0_pcie3_ip_gt_gtwizard_gthe3.v:1850]
WARNING: [VRFC 10-3091] actual bit length 1 differs from formal bit length 2 for port 'GTHE3_CHANNEL_CLKRSVD0' [C:/project/RTDS/DDR/RTDS_test_DDR4_64bit_batch_dev/RTDS_test_DDR4_64bit.ip_user_files/bd/design_1/ip/design_1_xdma_0_0/ip_0/ip_0/sim/design_1_xdma_0_0_pcie3_ip_gt_gtwizard_gthe3.v:1851]
WARNING: [VRFC 10-3091] actual bit length 1 differs from formal bit length 2 for port 'GTHE3_CHANNEL_CLKRSVD1' [C:/project/RTDS/DDR/RTDS_test_DDR4_64bit_batch_dev/RTDS_test_DDR4_64bit.ip_user_files/bd/design_1/ip/design_1_xdma_0_0/ip_0/ip_0/sim/design_1_xdma_0_0_pcie3_ip_gt_gtwizard_gthe3.v:1852]
WARNING: [VRFC 10-3091] actual bit length 1 differs from formal bit length 2 for port 'GTHE3_CHANNEL_CPLLLOCKDETCLK' [C:/project/RTDS/DDR/RTDS_test_DDR4_64bit_batch_dev/RTDS_test_DDR4_64bit.ip_user_files/bd/design_1/ip/design_1_xdma_0_0/ip_0/ip_0/sim/design_1_xdma_0_0_pcie3_ip_gt_gtwizard_gthe3.v:1853]
WARNING: [VRFC 10-3091] actual bit length 1 differs from formal bit length 2 for port 'GTHE3_CHANNEL_CPLLLOCKEN' [C:/project/RTDS/DDR/RTDS_test_DDR4_64bit_batch_dev/RTDS_test_DDR4_64bit.ip_user_files/bd/design_1/ip/design_1_xdma_0_0/ip_0/ip_0/sim/design_1_xdma_0_0_pcie3_ip_gt_gtwizard_gthe3.v:1854]
WARNING: [VRFC 10-3091] actual bit length 1 differs from formal bit length 2 for port 'GTHE3_CHANNEL_CPLLPD' [C:/project/RTDS/DDR/RTDS_test_DDR4_64bit_batch_dev/RTDS_test_DDR4_64bit.ip_user_files/bd/design_1/ip/design_1_xdma_0_0/ip_0/ip_0/sim/design_1_xdma_0_0_pcie3_ip_gt_gtwizard_gthe3.v:1855]
WARNING: [VRFC 10-3091] actual bit length 3 differs from formal bit length 6 for port 'GTHE3_CHANNEL_CPLLREFCLKSEL' [C:/project/RTDS/DDR/RTDS_test_DDR4_64bit_batch_dev/RTDS_test_DDR4_64bit.ip_user_files/bd/design_1/ip/design_1_xdma_0_0/ip_0/ip_0/sim/design_1_xdma_0_0_pcie3_ip_gt_gtwizard_gthe3.v:1856]
WARNING: [VRFC 10-3091] actual bit length 1 differs from formal bit length 2 for port 'GTHE3_CHANNEL_CPLLRESET' [C:/project/RTDS/DDR/RTDS_test_DDR4_64bit_batch_dev/RTDS_test_DDR4_64bit.ip_user_files/bd/design_1/ip/design_1_xdma_0_0/ip_0/ip_0/sim/design_1_xdma_0_0_pcie3_ip_gt_gtwizard_gthe3.v:1857]
WARNING: [VRFC 10-3091] actual bit length 1 differs from formal bit length 2 for port 'GTHE3_CHANNEL_DMONFIFORESET' [C:/project/RTDS/DDR/RTDS_test_DDR4_64bit_batch_dev/RTDS_test_DDR4_64bit.ip_user_files/bd/design_1/ip/design_1_xdma_0_0/ip_0/ip_0/sim/design_1_xdma_0_0_pcie3_ip_gt_gtwizard_gthe3.v:1858]
WARNING: [VRFC 10-3091] actual bit length 1 differs from formal bit length 2 for port 'GTHE3_CHANNEL_DMONITORCLK' [C:/project/RTDS/DDR/RTDS_test_DDR4_64bit_batch_dev/RTDS_test_DDR4_64bit.ip_user_files/bd/design_1/ip/design_1_xdma_0_0/ip_0/ip_0/sim/design_1_xdma_0_0_pcie3_ip_gt_gtwizard_gthe3.v:1859]
WARNING: [VRFC 10-3091] actual bit length 9 differs from formal bit length 18 for port 'GTHE3_CHANNEL_DRPADDR' [C:/project/RTDS/DDR/RTDS_test_DDR4_64bit_batch_dev/RTDS_test_DDR4_64bit.ip_user_files/bd/design_1/ip/design_1_xdma_0_0/ip_0/ip_0/sim/design_1_xdma_0_0_pcie3_ip_gt_gtwizard_gthe3.v:1860]
WARNING: [VRFC 10-3091] actual bit length 1 differs from formal bit length 2 for port 'GTHE3_CHANNEL_DRPCLK' [C:/project/RTDS/DDR/RTDS_test_DDR4_64bit_batch_dev/RTDS_test_DDR4_64bit.ip_user_files/bd/design_1/ip/design_1_xdma_0_0/ip_0/ip_0/sim/design_1_xdma_0_0_pcie3_ip_gt_gtwizard_gthe3.v:1861]
WARNING: [VRFC 10-3091] actual bit length 16 differs from formal bit length 32 for port 'GTHE3_CHANNEL_DRPDI' [C:/project/RTDS/DDR/RTDS_test_DDR4_64bit_batch_dev/RTDS_test_DDR4_64bit.ip_user_files/bd/design_1/ip/design_1_xdma_0_0/ip_0/ip_0/sim/design_1_xdma_0_0_pcie3_ip_gt_gtwizard_gthe3.v:1862]
WARNING: [VRFC 10-3091] actual bit length 1 differs from formal bit length 2 for port 'GTHE3_CHANNEL_DRPEN' [C:/project/RTDS/DDR/RTDS_test_DDR4_64bit_batch_dev/RTDS_test_DDR4_64bit.ip_user_files/bd/design_1/ip/design_1_xdma_0_0/ip_0/ip_0/sim/design_1_xdma_0_0_pcie3_ip_gt_gtwizard_gthe3.v:1863]
WARNING: [VRFC 10-3091] actual bit length 1 differs from formal bit length 2 for port 'GTHE3_CHANNEL_DRPWE' [C:/project/RTDS/DDR/RTDS_test_DDR4_64bit_batch_dev/RTDS_test_DDR4_64bit.ip_user_files/bd/design_1/ip/design_1_xdma_0_0/ip_0/ip_0/sim/design_1_xdma_0_0_pcie3_ip_gt_gtwizard_gthe3.v:1864]
WARNING: [VRFC 10-3091] actual bit length 1 differs from formal bit length 2 for port 'GTHE3_CHANNEL_EVODDPHICALDONE' [C:/project/RTDS/DDR/RTDS_test_DDR4_64bit_batch_dev/RTDS_test_DDR4_64bit.ip_user_files/bd/design_1/ip/design_1_xdma_0_0/ip_0/ip_0/sim/design_1_xdma_0_0_pcie3_ip_gt_gtwizard_gthe3.v:1865]
WARNING: [VRFC 10-3091] actual bit length 1 differs from formal bit length 2 for port 'GTHE3_CHANNEL_EVODDPHICALSTART' [C:/project/RTDS/DDR/RTDS_test_DDR4_64bit_batch_dev/RTDS_test_DDR4_64bit.ip_user_files/bd/design_1/ip/design_1_xdma_0_0/ip_0/ip_0/sim/design_1_xdma_0_0_pcie3_ip_gt_gtwizard_gthe3.v:1866]
WARNING: [VRFC 10-3091] actual bit length 1 differs from formal bit length 2 for port 'GTHE3_CHANNEL_EVODDPHIDRDEN' [C:/project/RTDS/DDR/RTDS_test_DDR4_64bit_batch_dev/RTDS_test_DDR4_64bit.ip_user_files/bd/design_1/ip/design_1_xdma_0_0/ip_0/ip_0/sim/design_1_xdma_0_0_pcie3_ip_gt_gtwizard_gthe3.v:1867]
WARNING: [VRFC 10-3091] actual bit length 1 differs from formal bit length 2 for port 'GTHE3_CHANNEL_EVODDPHIDWREN' [C:/project/RTDS/DDR/RTDS_test_DDR4_64bit_batch_dev/RTDS_test_DDR4_64bit.ip_user_files/bd/design_1/ip/design_1_xdma_0_0/ip_0/ip_0/sim/design_1_xdma_0_0_pcie3_ip_gt_gtwizard_gthe3.v:1868]
WARNING: [VRFC 10-3091] actual bit length 1 differs from formal bit length 2 for port 'GTHE3_CHANNEL_EVODDPHIXRDEN' [C:/project/RTDS/DDR/RTDS_test_DDR4_64bit_batch_dev/RTDS_test_DDR4_64bit.ip_user_files/bd/design_1/ip/design_1_xdma_0_0/ip_0/ip_0/sim/design_1_xdma_0_0_pcie3_ip_gt_gtwizard_gthe3.v:1869]
WARNING: [VRFC 10-3091] actual bit length 1 differs from formal bit length 2 for port 'GTHE3_CHANNEL_EVODDPHIXWREN' [C:/project/RTDS/DDR/RTDS_test_DDR4_64bit_batch_dev/RTDS_test_DDR4_64bit.ip_user_files/bd/design_1/ip/design_1_xdma_0_0/ip_0/ip_0/sim/design_1_xdma_0_0_pcie3_ip_gt_gtwizard_gthe3.v:1870]
WARNING: [VRFC 10-3091] actual bit length 1 differs from formal bit length 2 for port 'GTHE3_CHANNEL_EYESCANMODE' [C:/project/RTDS/DDR/RTDS_test_DDR4_64bit_batch_dev/RTDS_test_DDR4_64bit.ip_user_files/bd/design_1/ip/design_1_xdma_0_0/ip_0/ip_0/sim/design_1_xdma_0_0_pcie3_ip_gt_gtwizard_gthe3.v:1871]
WARNING: [VRFC 10-3091] actual bit length 1 differs from formal bit length 2 for port 'GTHE3_CHANNEL_EYESCANRESET' [C:/project/RTDS/DDR/RTDS_test_DDR4_64bit_batch_dev/RTDS_test_DDR4_64bit.ip_user_files/bd/design_1/ip/design_1_xdma_0_0/ip_0/ip_0/sim/design_1_xdma_0_0_pcie3_ip_gt_gtwizard_gthe3.v:1872]
WARNING: [VRFC 10-3091] actual bit length 1 differs from formal bit length 2 for port 'GTHE3_CHANNEL_EYESCANTRIGGER' [C:/project/RTDS/DDR/RTDS_test_DDR4_64bit_batch_dev/RTDS_test_DDR4_64bit.ip_user_files/bd/design_1/ip/design_1_xdma_0_0/ip_0/ip_0/sim/design_1_xdma_0_0_pcie3_ip_gt_gtwizard_gthe3.v:1873]
WARNING: [VRFC 10-3091] actual bit length 1 differs from formal bit length 2 for port 'GTHE3_CHANNEL_GTGREFCLK' [C:/project/RTDS/DDR/RTDS_test_DDR4_64bit_batch_dev/RTDS_test_DDR4_64bit.ip_user_files/bd/design_1/ip/design_1_xdma_0_0/ip_0/ip_0/sim/design_1_xdma_0_0_pcie3_ip_gt_gtwizard_gthe3.v:1874]
WARNING: [VRFC 10-3091] actual bit length 1 differs from formal bit length 2 for port 'GTHE3_CHANNEL_GTHRXN' [C:/project/RTDS/DDR/RTDS_test_DDR4_64bit_batch_dev/RTDS_test_DDR4_64bit.ip_user_files/bd/design_1/ip/design_1_xdma_0_0/ip_0/ip_0/sim/design_1_xdma_0_0_pcie3_ip_gt_gtwizard_gthe3.v:1875]
WARNING: [VRFC 10-3091] actual bit length 1 differs from formal bit length 2 for port 'GTHE3_CHANNEL_GTHRXP' [C:/project/RTDS/DDR/RTDS_test_DDR4_64bit_batch_dev/RTDS_test_DDR4_64bit.ip_user_files/bd/design_1/ip/design_1_xdma_0_0/ip_0/ip_0/sim/design_1_xdma_0_0_pcie3_ip_gt_gtwizard_gthe3.v:1876]
WARNING: [VRFC 10-3091] actual bit length 1 differs from formal bit length 2 for port 'GTHE3_CHANNEL_GTNORTHREFCLK0' [C:/project/RTDS/DDR/RTDS_test_DDR4_64bit_batch_dev/RTDS_test_DDR4_64bit.ip_user_files/bd/design_1/ip/design_1_xdma_0_0/ip_0/ip_0/sim/design_1_xdma_0_0_pcie3_ip_gt_gtwizard_gthe3.v:1877]
WARNING: [VRFC 10-3091] actual bit length 1 differs from formal bit length 2 for port 'GTHE3_CHANNEL_GTNORTHREFCLK1' [C:/project/RTDS/DDR/RTDS_test_DDR4_64bit_batch_dev/RTDS_test_DDR4_64bit.ip_user_files/bd/design_1/ip/design_1_xdma_0_0/ip_0/ip_0/sim/design_1_xdma_0_0_pcie3_ip_gt_gtwizard_gthe3.v:1878]
WARNING: [VRFC 10-3091] actual bit length 1 differs from formal bit length 2 for port 'GTHE3_CHANNEL_GTREFCLK0' [C:/project/RTDS/DDR/RTDS_test_DDR4_64bit_batch_dev/RTDS_test_DDR4_64bit.ip_user_files/bd/design_1/ip/design_1_xdma_0_0/ip_0/ip_0/sim/design_1_xdma_0_0_pcie3_ip_gt_gtwizard_gthe3.v:1879]
WARNING: [VRFC 10-3091] actual bit length 1 differs from formal bit length 2 for port 'GTHE3_CHANNEL_GTREFCLK1' [C:/project/RTDS/DDR/RTDS_test_DDR4_64bit_batch_dev/RTDS_test_DDR4_64bit.ip_user_files/bd/design_1/ip/design_1_xdma_0_0/ip_0/ip_0/sim/design_1_xdma_0_0_pcie3_ip_gt_gtwizard_gthe3.v:1880]
WARNING: [VRFC 10-3091] actual bit length 1 differs from formal bit length 2 for port 'GTHE3_CHANNEL_GTRESETSEL' [C:/project/RTDS/DDR/RTDS_test_DDR4_64bit_batch_dev/RTDS_test_DDR4_64bit.ip_user_files/bd/design_1/ip/design_1_xdma_0_0/ip_0/ip_0/sim/design_1_xdma_0_0_pcie3_ip_gt_gtwizard_gthe3.v:1881]
WARNING: [VRFC 10-3091] actual bit length 16 differs from formal bit length 32 for port 'GTHE3_CHANNEL_GTRSVD' [C:/project/RTDS/DDR/RTDS_test_DDR4_64bit_batch_dev/RTDS_test_DDR4_64bit.ip_user_files/bd/design_1/ip/design_1_xdma_0_0/ip_0/ip_0/sim/design_1_xdma_0_0_pcie3_ip_gt_gtwizard_gthe3.v:1882]
WARNING: [VRFC 10-3091] actual bit length 1 differs from formal bit length 2 for port 'GTHE3_CHANNEL_GTRXRESET' [C:/project/RTDS/DDR/RTDS_test_DDR4_64bit_batch_dev/RTDS_test_DDR4_64bit.ip_user_files/bd/design_1/ip/design_1_xdma_0_0/ip_0/ip_0/sim/design_1_xdma_0_0_pcie3_ip_gt_gtwizard_gthe3.v:1883]
WARNING: [VRFC 10-3091] actual bit length 1 differs from formal bit length 2 for port 'GTHE3_CHANNEL_GTSOUTHREFCLK0' [C:/project/RTDS/DDR/RTDS_test_DDR4_64bit_batch_dev/RTDS_test_DDR4_64bit.ip_user_files/bd/design_1/ip/design_1_xdma_0_0/ip_0/ip_0/sim/design_1_xdma_0_0_pcie3_ip_gt_gtwizard_gthe3.v:1884]
WARNING: [VRFC 10-3091] actual bit length 1 differs from formal bit length 2 for port 'GTHE3_CHANNEL_GTSOUTHREFCLK1' [C:/project/RTDS/DDR/RTDS_test_DDR4_64bit_batch_dev/RTDS_test_DDR4_64bit.ip_user_files/bd/design_1/ip/design_1_xdma_0_0/ip_0/ip_0/sim/design_1_xdma_0_0_pcie3_ip_gt_gtwizard_gthe3.v:1885]
WARNING: [VRFC 10-3091] actual bit length 1 differs from formal bit length 2 for port 'GTHE3_CHANNEL_GTTXRESET' [C:/project/RTDS/DDR/RTDS_test_DDR4_64bit_batch_dev/RTDS_test_DDR4_64bit.ip_user_files/bd/design_1/ip/design_1_xdma_0_0/ip_0/ip_0/sim/design_1_xdma_0_0_pcie3_ip_gt_gtwizard_gthe3.v:1886]
WARNING: [VRFC 10-3091] actual bit length 3 differs from formal bit length 6 for port 'GTHE3_CHANNEL_LOOPBACK' [C:/project/RTDS/DDR/RTDS_test_DDR4_64bit_batch_dev/RTDS_test_DDR4_64bit.ip_user_files/bd/design_1/ip/design_1_xdma_0_0/ip_0/ip_0/sim/design_1_xdma_0_0_pcie3_ip_gt_gtwizard_gthe3.v:1887]
WARNING: [VRFC 10-3091] actual bit length 1 differs from formal bit length 2 for port 'GTHE3_CHANNEL_LPBKRXTXSEREN' [C:/project/RTDS/DDR/RTDS_test_DDR4_64bit_batch_dev/RTDS_test_DDR4_64bit.ip_user_files/bd/design_1/ip/design_1_xdma_0_0/ip_0/ip_0/sim/design_1_xdma_0_0_pcie3_ip_gt_gtwizard_gthe3.v:1888]
WARNING: [VRFC 10-3091] actual bit length 1 differs from formal bit length 2 for port 'GTHE3_CHANNEL_LPBKTXRXSEREN' [C:/project/RTDS/DDR/RTDS_test_DDR4_64bit_batch_dev/RTDS_test_DDR4_64bit.ip_user_files/bd/design_1/ip/design_1_xdma_0_0/ip_0/ip_0/sim/design_1_xdma_0_0_pcie3_ip_gt_gtwizard_gthe3.v:1889]
WARNING: [VRFC 10-3091] actual bit length 1 differs from formal bit length 2 for port 'GTHE3_CHANNEL_PCIEEQRXEQADAPTDONE' [C:/project/RTDS/DDR/RTDS_test_DDR4_64bit_batch_dev/RTDS_test_DDR4_64bit.ip_user_files/bd/design_1/ip/design_1_xdma_0_0/ip_0/ip_0/sim/design_1_xdma_0_0_pcie3_ip_gt_gtwizard_gthe3.v:1890]
WARNING: [VRFC 10-3091] actual bit length 1 differs from formal bit length 2 for port 'GTHE3_CHANNEL_PCIERSTIDLE' [C:/project/RTDS/DDR/RTDS_test_DDR4_64bit_batch_dev/RTDS_test_DDR4_64bit.ip_user_files/bd/design_1/ip/design_1_xdma_0_0/ip_0/ip_0/sim/design_1_xdma_0_0_pcie3_ip_gt_gtwizard_gthe3.v:1891]
WARNING: [VRFC 10-3091] actual bit length 1 differs from formal bit length 2 for port 'GTHE3_CHANNEL_PCIERSTTXSYNCSTART' [C:/project/RTDS/DDR/RTDS_test_DDR4_64bit_batch_dev/RTDS_test_DDR4_64bit.ip_user_files/bd/design_1/ip/design_1_xdma_0_0/ip_0/ip_0/sim/design_1_xdma_0_0_pcie3_ip_gt_gtwizard_gthe3.v:1892]
WARNING: [VRFC 10-3091] actual bit length 1 differs from formal bit length 2 for port 'GTHE3_CHANNEL_PCIEUSERRATEDONE' [C:/project/RTDS/DDR/RTDS_test_DDR4_64bit_batch_dev/RTDS_test_DDR4_64bit.ip_user_files/bd/design_1/ip/design_1_xdma_0_0/ip_0/ip_0/sim/design_1_xdma_0_0_pcie3_ip_gt_gtwizard_gthe3.v:1893]
WARNING: [VRFC 10-3091] actual bit length 16 differs from formal bit length 32 for port 'GTHE3_CHANNEL_PCSRSVDIN' [C:/project/RTDS/DDR/RTDS_test_DDR4_64bit_batch_dev/RTDS_test_DDR4_64bit.ip_user_files/bd/design_1/ip/design_1_xdma_0_0/ip_0/ip_0/sim/design_1_xdma_0_0_pcie3_ip_gt_gtwizard_gthe3.v:1894]
WARNING: [VRFC 10-3091] actual bit length 5 differs from formal bit length 10 for port 'GTHE3_CHANNEL_PCSRSVDIN2' [C:/project/RTDS/DDR/RTDS_test_DDR4_64bit_batch_dev/RTDS_test_DDR4_64bit.ip_user_files/bd/design_1/ip/design_1_xdma_0_0/ip_0/ip_0/sim/design_1_xdma_0_0_pcie3_ip_gt_gtwizard_gthe3.v:1895]
WARNING: [VRFC 10-3091] actual bit length 5 differs from formal bit length 10 for port 'GTHE3_CHANNEL_PMARSVDIN' [C:/project/RTDS/DDR/RTDS_test_DDR4_64bit_batch_dev/RTDS_test_DDR4_64bit.ip_user_files/bd/design_1/ip/design_1_xdma_0_0/ip_0/ip_0/sim/design_1_xdma_0_0_pcie3_ip_gt_gtwizard_gthe3.v:1896]
WARNING: [VRFC 10-3091] actual bit length 1 differs from formal bit length 2 for port 'GTHE3_CHANNEL_QPLL0CLK' [C:/project/RTDS/DDR/RTDS_test_DDR4_64bit_batch_dev/RTDS_test_DDR4_64bit.ip_user_files/bd/design_1/ip/design_1_xdma_0_0/ip_0/ip_0/sim/design_1_xdma_0_0_pcie3_ip_gt_gtwizard_gthe3.v:1897]
WARNING: [VRFC 10-3091] actual bit length 1 differs from formal bit length 2 for port 'GTHE3_CHANNEL_QPLL0REFCLK' [C:/project/RTDS/DDR/RTDS_test_DDR4_64bit_batch_dev/RTDS_test_DDR4_64bit.ip_user_files/bd/design_1/ip/design_1_xdma_0_0/ip_0/ip_0/sim/design_1_xdma_0_0_pcie3_ip_gt_gtwizard_gthe3.v:1898]
WARNING: [VRFC 10-3091] actual bit length 1 differs from formal bit length 2 for port 'GTHE3_CHANNEL_QPLL1CLK' [C:/project/RTDS/DDR/RTDS_test_DDR4_64bit_batch_dev/RTDS_test_DDR4_64bit.ip_user_files/bd/design_1/ip/design_1_xdma_0_0/ip_0/ip_0/sim/design_1_xdma_0_0_pcie3_ip_gt_gtwizard_gthe3.v:1899]
WARNING: [VRFC 10-3091] actual bit length 1 differs from formal bit length 2 for port 'GTHE3_CHANNEL_QPLL1REFCLK' [C:/project/RTDS/DDR/RTDS_test_DDR4_64bit_batch_dev/RTDS_test_DDR4_64bit.ip_user_files/bd/design_1/ip/design_1_xdma_0_0/ip_0/ip_0/sim/design_1_xdma_0_0_pcie3_ip_gt_gtwizard_gthe3.v:1900]
WARNING: [VRFC 10-3091] actual bit length 1 differs from formal bit length 2 for port 'GTHE3_CHANNEL_RESETOVRD' [C:/project/RTDS/DDR/RTDS_test_DDR4_64bit_batch_dev/RTDS_test_DDR4_64bit.ip_user_files/bd/design_1/ip/design_1_xdma_0_0/ip_0/ip_0/sim/design_1_xdma_0_0_pcie3_ip_gt_gtwizard_gthe3.v:1901]
WARNING: [VRFC 10-3091] actual bit length 1 differs from formal bit length 2 for port 'GTHE3_CHANNEL_RSTCLKENTX' [C:/project/RTDS/DDR/RTDS_test_DDR4_64bit_batch_dev/RTDS_test_DDR4_64bit.ip_user_files/bd/design_1/ip/design_1_xdma_0_0/ip_0/ip_0/sim/design_1_xdma_0_0_pcie3_ip_gt_gtwizard_gthe3.v:1902]
WARNING: [VRFC 10-3091] actual bit length 1 differs from formal bit length 2 for port 'GTHE3_CHANNEL_RX8B10BEN' [C:/project/RTDS/DDR/RTDS_test_DDR4_64bit_batch_dev/RTDS_test_DDR4_64bit.ip_user_files/bd/design_1/ip/design_1_xdma_0_0/ip_0/ip_0/sim/design_1_xdma_0_0_pcie3_ip_gt_gtwizard_gthe3.v:1903]
WARNING: [VRFC 10-3091] actual bit length 1 differs from formal bit length 2 for port 'GTHE3_CHANNEL_RXBUFRESET' [C:/project/RTDS/DDR/RTDS_test_DDR4_64bit_batch_dev/RTDS_test_DDR4_64bit.ip_user_files/bd/design_1/ip/design_1_xdma_0_0/ip_0/ip_0/sim/design_1_xdma_0_0_pcie3_ip_gt_gtwizard_gthe3.v:1904]
WARNING: [VRFC 10-3091] actual bit length 1 differs from formal bit length 2 for port 'GTHE3_CHANNEL_RXCDRFREQRESET' [C:/project/RTDS/DDR/RTDS_test_DDR4_64bit_batch_dev/RTDS_test_DDR4_64bit.ip_user_files/bd/design_1/ip/design_1_xdma_0_0/ip_0/ip_0/sim/design_1_xdma_0_0_pcie3_ip_gt_gtwizard_gthe3.v:1905]
WARNING: [VRFC 10-3091] actual bit length 1 differs from formal bit length 2 for port 'GTHE3_CHANNEL_RXCDRHOLD' [C:/project/RTDS/DDR/RTDS_test_DDR4_64bit_batch_dev/RTDS_test_DDR4_64bit.ip_user_files/bd/design_1/ip/design_1_xdma_0_0/ip_0/ip_0/sim/design_1_xdma_0_0_pcie3_ip_gt_gtwizard_gthe3.v:1906]
WARNING: [VRFC 10-3091] actual bit length 1 differs from formal bit length 2 for port 'GTHE3_CHANNEL_RXCDROVRDEN' [C:/project/RTDS/DDR/RTDS_test_DDR4_64bit_batch_dev/RTDS_test_DDR4_64bit.ip_user_files/bd/design_1/ip/design_1_xdma_0_0/ip_0/ip_0/sim/design_1_xdma_0_0_pcie3_ip_gt_gtwizard_gthe3.v:1907]
WARNING: [VRFC 10-3091] actual bit length 1 differs from formal bit length 2 for port 'GTHE3_CHANNEL_RXCDRRESET' [C:/project/RTDS/DDR/RTDS_test_DDR4_64bit_batch_dev/RTDS_test_DDR4_64bit.ip_user_files/bd/design_1/ip/design_1_xdma_0_0/ip_0/ip_0/sim/design_1_xdma_0_0_pcie3_ip_gt_gtwizard_gthe3.v:1908]
WARNING: [VRFC 10-3091] actual bit length 1 differs from formal bit length 2 for port 'GTHE3_CHANNEL_RXCDRRESETRSV' [C:/project/RTDS/DDR/RTDS_test_DDR4_64bit_batch_dev/RTDS_test_DDR4_64bit.ip_user_files/bd/design_1/ip/design_1_xdma_0_0/ip_0/ip_0/sim/design_1_xdma_0_0_pcie3_ip_gt_gtwizard_gthe3.v:1909]
WARNING: [VRFC 10-3091] actual bit length 1 differs from formal bit length 2 for port 'GTHE3_CHANNEL_RXCHBONDEN' [C:/project/RTDS/DDR/RTDS_test_DDR4_64bit_batch_dev/RTDS_test_DDR4_64bit.ip_user_files/bd/design_1/ip/design_1_xdma_0_0/ip_0/ip_0/sim/design_1_xdma_0_0_pcie3_ip_gt_gtwizard_gthe3.v:1910]
WARNING: [VRFC 10-3091] actual bit length 5 differs from formal bit length 10 for port 'GTHE3_CHANNEL_RXCHBONDI' [C:/project/RTDS/DDR/RTDS_test_DDR4_64bit_batch_dev/RTDS_test_DDR4_64bit.ip_user_files/bd/design_1/ip/design_1_xdma_0_0/ip_0/ip_0/sim/design_1_xdma_0_0_pcie3_ip_gt_gtwizard_gthe3.v:1911]
WARNING: [VRFC 10-3091] actual bit length 3 differs from formal bit length 6 for port 'GTHE3_CHANNEL_RXCHBONDLEVEL' [C:/project/RTDS/DDR/RTDS_test_DDR4_64bit_batch_dev/RTDS_test_DDR4_64bit.ip_user_files/bd/design_1/ip/design_1_xdma_0_0/ip_0/ip_0/sim/design_1_xdma_0_0_pcie3_ip_gt_gtwizard_gthe3.v:1912]
WARNING: [VRFC 10-3091] actual bit length 1 differs from formal bit length 2 for port 'GTHE3_CHANNEL_RXCHBONDMASTER' [C:/project/RTDS/DDR/RTDS_test_DDR4_64bit_batch_dev/RTDS_test_DDR4_64bit.ip_user_files/bd/design_1/ip/design_1_xdma_0_0/ip_0/ip_0/sim/design_1_xdma_0_0_pcie3_ip_gt_gtwizard_gthe3.v:1913]
WARNING: [VRFC 10-3091] actual bit length 1 differs from formal bit length 2 for port 'GTHE3_CHANNEL_RXCHBONDSLAVE' [C:/project/RTDS/DDR/RTDS_test_DDR4_64bit_batch_dev/RTDS_test_DDR4_64bit.ip_user_files/bd/design_1/ip/design_1_xdma_0_0/ip_0/ip_0/sim/design_1_xdma_0_0_pcie3_ip_gt_gtwizard_gthe3.v:1914]
WARNING: [VRFC 10-3091] actual bit length 1 differs from formal bit length 2 for port 'GTHE3_CHANNEL_RXCOMMADETEN' [C:/project/RTDS/DDR/RTDS_test_DDR4_64bit_batch_dev/RTDS_test_DDR4_64bit.ip_user_files/bd/design_1/ip/design_1_xdma_0_0/ip_0/ip_0/sim/design_1_xdma_0_0_pcie3_ip_gt_gtwizard_gthe3.v:1915]
WARNING: [VRFC 10-3091] actual bit length 2 differs from formal bit length 4 for port 'GTHE3_CHANNEL_RXDFEAGCCTRL' [C:/project/RTDS/DDR/RTDS_test_DDR4_64bit_batch_dev/RTDS_test_DDR4_64bit.ip_user_files/bd/design_1/ip/design_1_xdma_0_0/ip_0/ip_0/sim/design_1_xdma_0_0_pcie3_ip_gt_gtwizard_gthe3.v:1916]
WARNING: [VRFC 10-3091] actual bit length 1 differs from formal bit length 2 for port 'GTHE3_CHANNEL_RXDFEAGCHOLD' [C:/project/RTDS/DDR/RTDS_test_DDR4_64bit_batch_dev/RTDS_test_DDR4_64bit.ip_user_files/bd/design_1/ip/design_1_xdma_0_0/ip_0/ip_0/sim/design_1_xdma_0_0_pcie3_ip_gt_gtwizard_gthe3.v:1917]
WARNING: [VRFC 10-3091] actual bit length 1 differs from formal bit length 2 for port 'GTHE3_CHANNEL_RXDFEAGCOVRDEN' [C:/project/RTDS/DDR/RTDS_test_DDR4_64bit_batch_dev/RTDS_test_DDR4_64bit.ip_user_files/bd/design_1/ip/design_1_xdma_0_0/ip_0/ip_0/sim/design_1_xdma_0_0_pcie3_ip_gt_gtwizard_gthe3.v:1918]
WARNING: [VRFC 10-3091] actual bit length 1 differs from formal bit length 2 for port 'GTHE3_CHANNEL_RXDFELFHOLD' [C:/project/RTDS/DDR/RTDS_test_DDR4_64bit_batch_dev/RTDS_test_DDR4_64bit.ip_user_files/bd/design_1/ip/design_1_xdma_0_0/ip_0/ip_0/sim/design_1_xdma_0_0_pcie3_ip_gt_gtwizard_gthe3.v:1919]
WARNING: [VRFC 10-3091] actual bit length 1 differs from formal bit length 2 for port 'GTHE3_CHANNEL_RXDFELFOVRDEN' [C:/project/RTDS/DDR/RTDS_test_DDR4_64bit_batch_dev/RTDS_test_DDR4_64bit.ip_user_files/bd/design_1/ip/design_1_xdma_0_0/ip_0/ip_0/sim/design_1_xdma_0_0_pcie3_ip_gt_gtwizard_gthe3.v:1920]
WARNING: [VRFC 10-3091] actual bit length 1 differs from formal bit length 2 for port 'GTHE3_CHANNEL_RXDFELPMRESET' [C:/project/RTDS/DDR/RTDS_test_DDR4_64bit_batch_dev/RTDS_test_DDR4_64bit.ip_user_files/bd/design_1/ip/design_1_xdma_0_0/ip_0/ip_0/sim/design_1_xdma_0_0_pcie3_ip_gt_gtwizard_gthe3.v:1921]
WARNING: [VRFC 10-3091] actual bit length 1 differs from formal bit length 2 for port 'GTHE3_CHANNEL_RXDFETAP10HOLD' [C:/project/RTDS/DDR/RTDS_test_DDR4_64bit_batch_dev/RTDS_test_DDR4_64bit.ip_user_files/bd/design_1/ip/design_1_xdma_0_0/ip_0/ip_0/sim/design_1_xdma_0_0_pcie3_ip_gt_gtwizard_gthe3.v:1922]
WARNING: [VRFC 10-3091] actual bit length 1 differs from formal bit length 2 for port 'GTHE3_CHANNEL_RXDFETAP10OVRDEN' [C:/project/RTDS/DDR/RTDS_test_DDR4_64bit_batch_dev/RTDS_test_DDR4_64bit.ip_user_files/bd/design_1/ip/design_1_xdma_0_0/ip_0/ip_0/sim/design_1_xdma_0_0_pcie3_ip_gt_gtwizard_gthe3.v:1923]
WARNING: [VRFC 10-3091] actual bit length 1 differs from formal bit length 2 for port 'GTHE3_CHANNEL_RXDFETAP11HOLD' [C:/project/RTDS/DDR/RTDS_test_DDR4_64bit_batch_dev/RTDS_test_DDR4_64bit.ip_user_files/bd/design_1/ip/design_1_xdma_0_0/ip_0/ip_0/sim/design_1_xdma_0_0_pcie3_ip_gt_gtwizard_gthe3.v:1924]
WARNING: [VRFC 10-3091] actual bit length 1 differs from formal bit length 2 for port 'GTHE3_CHANNEL_RXDFETAP11OVRDEN' [C:/project/RTDS/DDR/RTDS_test_DDR4_64bit_batch_dev/RTDS_test_DDR4_64bit.ip_user_files/bd/design_1/ip/design_1_xdma_0_0/ip_0/ip_0/sim/design_1_xdma_0_0_pcie3_ip_gt_gtwizard_gthe3.v:1925]
WARNING: [VRFC 10-3091] actual bit length 1 differs from formal bit length 2 for port 'GTHE3_CHANNEL_RXDFETAP12HOLD' [C:/project/RTDS/DDR/RTDS_test_DDR4_64bit_batch_dev/RTDS_test_DDR4_64bit.ip_user_files/bd/design_1/ip/design_1_xdma_0_0/ip_0/ip_0/sim/design_1_xdma_0_0_pcie3_ip_gt_gtwizard_gthe3.v:1926]
WARNING: [VRFC 10-3091] actual bit length 1 differs from formal bit length 2 for port 'GTHE3_CHANNEL_RXDFETAP12OVRDEN' [C:/project/RTDS/DDR/RTDS_test_DDR4_64bit_batch_dev/RTDS_test_DDR4_64bit.ip_user_files/bd/design_1/ip/design_1_xdma_0_0/ip_0/ip_0/sim/design_1_xdma_0_0_pcie3_ip_gt_gtwizard_gthe3.v:1927]
WARNING: [VRFC 10-3091] actual bit length 1 differs from formal bit length 2 for port 'GTHE3_CHANNEL_RXDFETAP13HOLD' [C:/project/RTDS/DDR/RTDS_test_DDR4_64bit_batch_dev/RTDS_test_DDR4_64bit.ip_user_files/bd/design_1/ip/design_1_xdma_0_0/ip_0/ip_0/sim/design_1_xdma_0_0_pcie3_ip_gt_gtwizard_gthe3.v:1928]
WARNING: [VRFC 10-3091] actual bit length 1 differs from formal bit length 2 for port 'GTHE3_CHANNEL_RXDFETAP13OVRDEN' [C:/project/RTDS/DDR/RTDS_test_DDR4_64bit_batch_dev/RTDS_test_DDR4_64bit.ip_user_files/bd/design_1/ip/design_1_xdma_0_0/ip_0/ip_0/sim/design_1_xdma_0_0_pcie3_ip_gt_gtwizard_gthe3.v:1929]
WARNING: [VRFC 10-3091] actual bit length 1 differs from formal bit length 2 for port 'GTHE3_CHANNEL_RXDFETAP14HOLD' [C:/project/RTDS/DDR/RTDS_test_DDR4_64bit_batch_dev/RTDS_test_DDR4_64bit.ip_user_files/bd/design_1/ip/design_1_xdma_0_0/ip_0/ip_0/sim/design_1_xdma_0_0_pcie3_ip_gt_gtwizard_gthe3.v:1930]
WARNING: [VRFC 10-3091] actual bit length 1 differs from formal bit length 2 for port 'GTHE3_CHANNEL_RXDFETAP14OVRDEN' [C:/project/RTDS/DDR/RTDS_test_DDR4_64bit_batch_dev/RTDS_test_DDR4_64bit.ip_user_files/bd/design_1/ip/design_1_xdma_0_0/ip_0/ip_0/sim/design_1_xdma_0_0_pcie3_ip_gt_gtwizard_gthe3.v:1931]
WARNING: [VRFC 10-3091] actual bit length 1 differs from formal bit length 2 for port 'GTHE3_CHANNEL_RXDFETAP15HOLD' [C:/project/RTDS/DDR/RTDS_test_DDR4_64bit_batch_dev/RTDS_test_DDR4_64bit.ip_user_files/bd/design_1/ip/design_1_xdma_0_0/ip_0/ip_0/sim/design_1_xdma_0_0_pcie3_ip_gt_gtwizard_gthe3.v:1932]
WARNING: [VRFC 10-3091] actual bit length 1 differs from formal bit length 2 for port 'GTHE3_CHANNEL_RXDFETAP15OVRDEN' [C:/project/RTDS/DDR/RTDS_test_DDR4_64bit_batch_dev/RTDS_test_DDR4_64bit.ip_user_files/bd/design_1/ip/design_1_xdma_0_0/ip_0/ip_0/sim/design_1_xdma_0_0_pcie3_ip_gt_gtwizard_gthe3.v:1933]
WARNING: [VRFC 10-3091] actual bit length 1 differs from formal bit length 2 for port 'GTHE3_CHANNEL_RXDFETAP2HOLD' [C:/project/RTDS/DDR/RTDS_test_DDR4_64bit_batch_dev/RTDS_test_DDR4_64bit.ip_user_files/bd/design_1/ip/design_1_xdma_0_0/ip_0/ip_0/sim/design_1_xdma_0_0_pcie3_ip_gt_gtwizard_gthe3.v:1934]
WARNING: [VRFC 10-3091] actual bit length 1 differs from formal bit length 2 for port 'GTHE3_CHANNEL_RXDFETAP2OVRDEN' [C:/project/RTDS/DDR/RTDS_test_DDR4_64bit_batch_dev/RTDS_test_DDR4_64bit.ip_user_files/bd/design_1/ip/design_1_xdma_0_0/ip_0/ip_0/sim/design_1_xdma_0_0_pcie3_ip_gt_gtwizard_gthe3.v:1935]
WARNING: [VRFC 10-3091] actual bit length 1 differs from formal bit length 2 for port 'GTHE3_CHANNEL_RXDFETAP3HOLD' [C:/project/RTDS/DDR/RTDS_test_DDR4_64bit_batch_dev/RTDS_test_DDR4_64bit.ip_user_files/bd/design_1/ip/design_1_xdma_0_0/ip_0/ip_0/sim/design_1_xdma_0_0_pcie3_ip_gt_gtwizard_gthe3.v:1936]
WARNING: [VRFC 10-3091] actual bit length 1 differs from formal bit length 2 for port 'GTHE3_CHANNEL_RXDFETAP3OVRDEN' [C:/project/RTDS/DDR/RTDS_test_DDR4_64bit_batch_dev/RTDS_test_DDR4_64bit.ip_user_files/bd/design_1/ip/design_1_xdma_0_0/ip_0/ip_0/sim/design_1_xdma_0_0_pcie3_ip_gt_gtwizard_gthe3.v:1937]
WARNING: [VRFC 10-3091] actual bit length 1 differs from formal bit length 2 for port 'GTHE3_CHANNEL_RXDFETAP4HOLD' [C:/project/RTDS/DDR/RTDS_test_DDR4_64bit_batch_dev/RTDS_test_DDR4_64bit.ip_user_files/bd/design_1/ip/design_1_xdma_0_0/ip_0/ip_0/sim/design_1_xdma_0_0_pcie3_ip_gt_gtwizard_gthe3.v:1938]
WARNING: [VRFC 10-3091] actual bit length 1 differs from formal bit length 2 for port 'GTHE3_CHANNEL_RXDFETAP4OVRDEN' [C:/project/RTDS/DDR/RTDS_test_DDR4_64bit_batch_dev/RTDS_test_DDR4_64bit.ip_user_files/bd/design_1/ip/design_1_xdma_0_0/ip_0/ip_0/sim/design_1_xdma_0_0_pcie3_ip_gt_gtwizard_gthe3.v:1939]
WARNING: [VRFC 10-3091] actual bit length 1 differs from formal bit length 2 for port 'GTHE3_CHANNEL_RXDFETAP5HOLD' [C:/project/RTDS/DDR/RTDS_test_DDR4_64bit_batch_dev/RTDS_test_DDR4_64bit.ip_user_files/bd/design_1/ip/design_1_xdma_0_0/ip_0/ip_0/sim/design_1_xdma_0_0_pcie3_ip_gt_gtwizard_gthe3.v:1940]
WARNING: [VRFC 10-3091] actual bit length 1 differs from formal bit length 2 for port 'GTHE3_CHANNEL_RXDFETAP5OVRDEN' [C:/project/RTDS/DDR/RTDS_test_DDR4_64bit_batch_dev/RTDS_test_DDR4_64bit.ip_user_files/bd/design_1/ip/design_1_xdma_0_0/ip_0/ip_0/sim/design_1_xdma_0_0_pcie3_ip_gt_gtwizard_gthe3.v:1941]
WARNING: [VRFC 10-3091] actual bit length 1 differs from formal bit length 2 for port 'GTHE3_CHANNEL_RXDFETAP6HOLD' [C:/project/RTDS/DDR/RTDS_test_DDR4_64bit_batch_dev/RTDS_test_DDR4_64bit.ip_user_files/bd/design_1/ip/design_1_xdma_0_0/ip_0/ip_0/sim/design_1_xdma_0_0_pcie3_ip_gt_gtwizard_gthe3.v:1942]
WARNING: [VRFC 10-3091] actual bit length 1 differs from formal bit length 2 for port 'GTHE3_CHANNEL_RXDFETAP6OVRDEN' [C:/project/RTDS/DDR/RTDS_test_DDR4_64bit_batch_dev/RTDS_test_DDR4_64bit.ip_user_files/bd/design_1/ip/design_1_xdma_0_0/ip_0/ip_0/sim/design_1_xdma_0_0_pcie3_ip_gt_gtwizard_gthe3.v:1943]
WARNING: [VRFC 10-3091] actual bit length 1 differs from formal bit length 2 for port 'GTHE3_CHANNEL_RXDFETAP7HOLD' [C:/project/RTDS/DDR/RTDS_test_DDR4_64bit_batch_dev/RTDS_test_DDR4_64bit.ip_user_files/bd/design_1/ip/design_1_xdma_0_0/ip_0/ip_0/sim/design_1_xdma_0_0_pcie3_ip_gt_gtwizard_gthe3.v:1944]
WARNING: [VRFC 10-3091] actual bit length 1 differs from formal bit length 2 for port 'GTHE3_CHANNEL_RXDFETAP7OVRDEN' [C:/project/RTDS/DDR/RTDS_test_DDR4_64bit_batch_dev/RTDS_test_DDR4_64bit.ip_user_files/bd/design_1/ip/design_1_xdma_0_0/ip_0/ip_0/sim/design_1_xdma_0_0_pcie3_ip_gt_gtwizard_gthe3.v:1945]
WARNING: [VRFC 10-3091] actual bit length 1 differs from formal bit length 2 for port 'GTHE3_CHANNEL_RXDFETAP8HOLD' [C:/project/RTDS/DDR/RTDS_test_DDR4_64bit_batch_dev/RTDS_test_DDR4_64bit.ip_user_files/bd/design_1/ip/design_1_xdma_0_0/ip_0/ip_0/sim/design_1_xdma_0_0_pcie3_ip_gt_gtwizard_gthe3.v:1946]
WARNING: [VRFC 10-3091] actual bit length 1 differs from formal bit length 2 for port 'GTHE3_CHANNEL_RXDFETAP8OVRDEN' [C:/project/RTDS/DDR/RTDS_test_DDR4_64bit_batch_dev/RTDS_test_DDR4_64bit.ip_user_files/bd/design_1/ip/design_1_xdma_0_0/ip_0/ip_0/sim/design_1_xdma_0_0_pcie3_ip_gt_gtwizard_gthe3.v:1947]
WARNING: [VRFC 10-3091] actual bit length 1 differs from formal bit length 2 for port 'GTHE3_CHANNEL_RXDFETAP9HOLD' [C:/project/RTDS/DDR/RTDS_test_DDR4_64bit_batch_dev/RTDS_test_DDR4_64bit.ip_user_files/bd/design_1/ip/design_1_xdma_0_0/ip_0/ip_0/sim/design_1_xdma_0_0_pcie3_ip_gt_gtwizard_gthe3.v:1948]
WARNING: [VRFC 10-3091] actual bit length 1 differs from formal bit length 2 for port 'GTHE3_CHANNEL_RXDFETAP9OVRDEN' [C:/project/RTDS/DDR/RTDS_test_DDR4_64bit_batch_dev/RTDS_test_DDR4_64bit.ip_user_files/bd/design_1/ip/design_1_xdma_0_0/ip_0/ip_0/sim/design_1_xdma_0_0_pcie3_ip_gt_gtwizard_gthe3.v:1949]
WARNING: [VRFC 10-3091] actual bit length 1 differs from formal bit length 2 for port 'GTHE3_CHANNEL_RXDFEUTHOLD' [C:/project/RTDS/DDR/RTDS_test_DDR4_64bit_batch_dev/RTDS_test_DDR4_64bit.ip_user_files/bd/design_1/ip/design_1_xdma_0_0/ip_0/ip_0/sim/design_1_xdma_0_0_pcie3_ip_gt_gtwizard_gthe3.v:1950]
WARNING: [VRFC 10-3091] actual bit length 1 differs from formal bit length 2 for port 'GTHE3_CHANNEL_RXDFEUTOVRDEN' [C:/project/RTDS/DDR/RTDS_test_DDR4_64bit_batch_dev/RTDS_test_DDR4_64bit.ip_user_files/bd/design_1/ip/design_1_xdma_0_0/ip_0/ip_0/sim/design_1_xdma_0_0_pcie3_ip_gt_gtwizard_gthe3.v:1951]
WARNING: [VRFC 10-3091] actual bit length 1 differs from formal bit length 2 for port 'GTHE3_CHANNEL_RXDFEVPHOLD' [C:/project/RTDS/DDR/RTDS_test_DDR4_64bit_batch_dev/RTDS_test_DDR4_64bit.ip_user_files/bd/design_1/ip/design_1_xdma_0_0/ip_0/ip_0/sim/design_1_xdma_0_0_pcie3_ip_gt_gtwizard_gthe3.v:1952]
WARNING: [VRFC 10-3091] actual bit length 1 differs from formal bit length 2 for port 'GTHE3_CHANNEL_RXDFEVPOVRDEN' [C:/project/RTDS/DDR/RTDS_test_DDR4_64bit_batch_dev/RTDS_test_DDR4_64bit.ip_user_files/bd/design_1/ip/design_1_xdma_0_0/ip_0/ip_0/sim/design_1_xdma_0_0_pcie3_ip_gt_gtwizard_gthe3.v:1953]
WARNING: [VRFC 10-3091] actual bit length 1 differs from formal bit length 2 for port 'GTHE3_CHANNEL_RXDFEVSEN' [C:/project/RTDS/DDR/RTDS_test_DDR4_64bit_batch_dev/RTDS_test_DDR4_64bit.ip_user_files/bd/design_1/ip/design_1_xdma_0_0/ip_0/ip_0/sim/design_1_xdma_0_0_pcie3_ip_gt_gtwizard_gthe3.v:1954]
WARNING: [VRFC 10-3091] actual bit length 1 differs from formal bit length 2 for port 'GTHE3_CHANNEL_RXDFEXYDEN' [C:/project/RTDS/DDR/RTDS_test_DDR4_64bit_batch_dev/RTDS_test_DDR4_64bit.ip_user_files/bd/design_1/ip/design_1_xdma_0_0/ip_0/ip_0/sim/design_1_xdma_0_0_pcie3_ip_gt_gtwizard_gthe3.v:1955]
WARNING: [VRFC 10-3091] actual bit length 1 differs from formal bit length 2 for port 'GTHE3_CHANNEL_RXDLYBYPASS' [C:/project/RTDS/DDR/RTDS_test_DDR4_64bit_batch_dev/RTDS_test_DDR4_64bit.ip_user_files/bd/design_1/ip/design_1_xdma_0_0/ip_0/ip_0/sim/design_1_xdma_0_0_pcie3_ip_gt_gtwizard_gthe3.v:1956]
WARNING: [VRFC 10-3091] actual bit length 1 differs from formal bit length 2 for port 'GTHE3_CHANNEL_RXDLYEN' [C:/project/RTDS/DDR/RTDS_test_DDR4_64bit_batch_dev/RTDS_test_DDR4_64bit.ip_user_files/bd/design_1/ip/design_1_xdma_0_0/ip_0/ip_0/sim/design_1_xdma_0_0_pcie3_ip_gt_gtwizard_gthe3.v:1957]
WARNING: [VRFC 10-3091] actual bit length 1 differs from formal bit length 2 for port 'GTHE3_CHANNEL_RXDLYOVRDEN' [C:/project/RTDS/DDR/RTDS_test_DDR4_64bit_batch_dev/RTDS_test_DDR4_64bit.ip_user_files/bd/design_1/ip/design_1_xdma_0_0/ip_0/ip_0/sim/design_1_xdma_0_0_pcie3_ip_gt_gtwizard_gthe3.v:1958]
WARNING: [VRFC 10-3091] actual bit length 1 differs from formal bit length 2 for port 'GTHE3_CHANNEL_RXDLYSRESET' [C:/project/RTDS/DDR/RTDS_test_DDR4_64bit_batch_dev/RTDS_test_DDR4_64bit.ip_user_files/bd/design_1/ip/design_1_xdma_0_0/ip_0/ip_0/sim/design_1_xdma_0_0_pcie3_ip_gt_gtwizard_gthe3.v:1959]
WARNING: [VRFC 10-3091] actual bit length 2 differs from formal bit length 4 for port 'GTHE3_CHANNEL_RXELECIDLEMODE' [C:/project/RTDS/DDR/RTDS_test_DDR4_64bit_batch_dev/RTDS_test_DDR4_64bit.ip_user_files/bd/design_1/ip/design_1_xdma_0_0/ip_0/ip_0/sim/design_1_xdma_0_0_pcie3_ip_gt_gtwizard_gthe3.v:1960]
WARNING: [VRFC 10-3091] actual bit length 1 differs from formal bit length 2 for port 'GTHE3_CHANNEL_RXGEARBOXSLIP' [C:/project/RTDS/DDR/RTDS_test_DDR4_64bit_batch_dev/RTDS_test_DDR4_64bit.ip_user_files/bd/design_1/ip/design_1_xdma_0_0/ip_0/ip_0/sim/design_1_xdma_0_0_pcie3_ip_gt_gtwizard_gthe3.v:1961]
WARNING: [VRFC 10-3091] actual bit length 1 differs from formal bit length 2 for port 'GTHE3_CHANNEL_RXLATCLK' [C:/project/RTDS/DDR/RTDS_test_DDR4_64bit_batch_dev/RTDS_test_DDR4_64bit.ip_user_files/bd/design_1/ip/design_1_xdma_0_0/ip_0/ip_0/sim/design_1_xdma_0_0_pcie3_ip_gt_gtwizard_gthe3.v:1962]
WARNING: [VRFC 10-3091] actual bit length 1 differs from formal bit length 2 for port 'GTHE3_CHANNEL_RXLPMEN' [C:/project/RTDS/DDR/RTDS_test_DDR4_64bit_batch_dev/RTDS_test_DDR4_64bit.ip_user_files/bd/design_1/ip/design_1_xdma_0_0/ip_0/ip_0/sim/design_1_xdma_0_0_pcie3_ip_gt_gtwizard_gthe3.v:1963]
WARNING: [VRFC 10-3091] actual bit length 1 differs from formal bit length 2 for port 'GTHE3_CHANNEL_RXLPMGCHOLD' [C:/project/RTDS/DDR/RTDS_test_DDR4_64bit_batch_dev/RTDS_test_DDR4_64bit.ip_user_files/bd/design_1/ip/design_1_xdma_0_0/ip_0/ip_0/sim/design_1_xdma_0_0_pcie3_ip_gt_gtwizard_gthe3.v:1964]
WARNING: [VRFC 10-3091] actual bit length 1 differs from formal bit length 2 for port 'GTHE3_CHANNEL_RXLPMGCOVRDEN' [C:/project/RTDS/DDR/RTDS_test_DDR4_64bit_batch_dev/RTDS_test_DDR4_64bit.ip_user_files/bd/design_1/ip/design_1_xdma_0_0/ip_0/ip_0/sim/design_1_xdma_0_0_pcie3_ip_gt_gtwizard_gthe3.v:1965]
WARNING: [VRFC 10-3091] actual bit length 1 differs from formal bit length 2 for port 'GTHE3_CHANNEL_RXLPMHFHOLD' [C:/project/RTDS/DDR/RTDS_test_DDR4_64bit_batch_dev/RTDS_test_DDR4_64bit.ip_user_files/bd/design_1/ip/design_1_xdma_0_0/ip_0/ip_0/sim/design_1_xdma_0_0_pcie3_ip_gt_gtwizard_gthe3.v:1966]
WARNING: [VRFC 10-3091] actual bit length 1 differs from formal bit length 2 for port 'GTHE3_CHANNEL_RXLPMHFOVRDEN' [C:/project/RTDS/DDR/RTDS_test_DDR4_64bit_batch_dev/RTDS_test_DDR4_64bit.ip_user_files/bd/design_1/ip/design_1_xdma_0_0/ip_0/ip_0/sim/design_1_xdma_0_0_pcie3_ip_gt_gtwizard_gthe3.v:1967]
WARNING: [VRFC 10-3091] actual bit length 1 differs from formal bit length 2 for port 'GTHE3_CHANNEL_RXLPMLFHOLD' [C:/project/RTDS/DDR/RTDS_test_DDR4_64bit_batch_dev/RTDS_test_DDR4_64bit.ip_user_files/bd/design_1/ip/design_1_xdma_0_0/ip_0/ip_0/sim/design_1_xdma_0_0_pcie3_ip_gt_gtwizard_gthe3.v:1968]
WARNING: [VRFC 10-3091] actual bit length 1 differs from formal bit length 2 for port 'GTHE3_CHANNEL_RXLPMLFKLOVRDEN' [C:/project/RTDS/DDR/RTDS_test_DDR4_64bit_batch_dev/RTDS_test_DDR4_64bit.ip_user_files/bd/design_1/ip/design_1_xdma_0_0/ip_0/ip_0/sim/design_1_xdma_0_0_pcie3_ip_gt_gtwizard_gthe3.v:1969]
WARNING: [VRFC 10-3091] actual bit length 1 differs from formal bit length 2 for port 'GTHE3_CHANNEL_RXLPMOSHOLD' [C:/project/RTDS/DDR/RTDS_test_DDR4_64bit_batch_dev/RTDS_test_DDR4_64bit.ip_user_files/bd/design_1/ip/design_1_xdma_0_0/ip_0/ip_0/sim/design_1_xdma_0_0_pcie3_ip_gt_gtwizard_gthe3.v:1970]
WARNING: [VRFC 10-3091] actual bit length 1 differs from formal bit length 2 for port 'GTHE3_CHANNEL_RXLPMOSOVRDEN' [C:/project/RTDS/DDR/RTDS_test_DDR4_64bit_batch_dev/RTDS_test_DDR4_64bit.ip_user_files/bd/design_1/ip/design_1_xdma_0_0/ip_0/ip_0/sim/design_1_xdma_0_0_pcie3_ip_gt_gtwizard_gthe3.v:1971]
WARNING: [VRFC 10-3091] actual bit length 1 differs from formal bit length 2 for port 'GTHE3_CHANNEL_RXMCOMMAALIGNEN' [C:/project/RTDS/DDR/RTDS_test_DDR4_64bit_batch_dev/RTDS_test_DDR4_64bit.ip_user_files/bd/design_1/ip/design_1_xdma_0_0/ip_0/ip_0/sim/design_1_xdma_0_0_pcie3_ip_gt_gtwizard_gthe3.v:1972]
WARNING: [VRFC 10-3091] actual bit length 2 differs from formal bit length 4 for port 'GTHE3_CHANNEL_RXMONITORSEL' [C:/project/RTDS/DDR/RTDS_test_DDR4_64bit_batch_dev/RTDS_test_DDR4_64bit.ip_user_files/bd/design_1/ip/design_1_xdma_0_0/ip_0/ip_0/sim/design_1_xdma_0_0_pcie3_ip_gt_gtwizard_gthe3.v:1973]
WARNING: [VRFC 10-3091] actual bit length 1 differs from formal bit length 2 for port 'GTHE3_CHANNEL_RXOOBRESET' [C:/project/RTDS/DDR/RTDS_test_DDR4_64bit_batch_dev/RTDS_test_DDR4_64bit.ip_user_files/bd/design_1/ip/design_1_xdma_0_0/ip_0/ip_0/sim/design_1_xdma_0_0_pcie3_ip_gt_gtwizard_gthe3.v:1974]
WARNING: [VRFC 10-3091] actual bit length 1 differs from formal bit length 2 for port 'GTHE3_CHANNEL_RXOSCALRESET' [C:/project/RTDS/DDR/RTDS_test_DDR4_64bit_batch_dev/RTDS_test_DDR4_64bit.ip_user_files/bd/design_1/ip/design_1_xdma_0_0/ip_0/ip_0/sim/design_1_xdma_0_0_pcie3_ip_gt_gtwizard_gthe3.v:1975]
WARNING: [VRFC 10-3091] actual bit length 1 differs from formal bit length 2 for port 'GTHE3_CHANNEL_RXOSHOLD' [C:/project/RTDS/DDR/RTDS_test_DDR4_64bit_batch_dev/RTDS_test_DDR4_64bit.ip_user_files/bd/design_1/ip/design_1_xdma_0_0/ip_0/ip_0/sim/design_1_xdma_0_0_pcie3_ip_gt_gtwizard_gthe3.v:1976]
WARNING: [VRFC 10-3091] actual bit length 4 differs from formal bit length 8 for port 'GTHE3_CHANNEL_RXOSINTCFG' [C:/project/RTDS/DDR/RTDS_test_DDR4_64bit_batch_dev/RTDS_test_DDR4_64bit.ip_user_files/bd/design_1/ip/design_1_xdma_0_0/ip_0/ip_0/sim/design_1_xdma_0_0_pcie3_ip_gt_gtwizard_gthe3.v:1977]
WARNING: [VRFC 10-3091] actual bit length 1 differs from formal bit length 2 for port 'GTHE3_CHANNEL_RXOSINTEN' [C:/project/RTDS/DDR/RTDS_test_DDR4_64bit_batch_dev/RTDS_test_DDR4_64bit.ip_user_files/bd/design_1/ip/design_1_xdma_0_0/ip_0/ip_0/sim/design_1_xdma_0_0_pcie3_ip_gt_gtwizard_gthe3.v:1978]
WARNING: [VRFC 10-3091] actual bit length 1 differs from formal bit length 2 for port 'GTHE3_CHANNEL_RXOSINTHOLD' [C:/project/RTDS/DDR/RTDS_test_DDR4_64bit_batch_dev/RTDS_test_DDR4_64bit.ip_user_files/bd/design_1/ip/design_1_xdma_0_0/ip_0/ip_0/sim/design_1_xdma_0_0_pcie3_ip_gt_gtwizard_gthe3.v:1979]
WARNING: [VRFC 10-3091] actual bit length 1 differs from formal bit length 2 for port 'GTHE3_CHANNEL_RXOSINTOVRDEN' [C:/project/RTDS/DDR/RTDS_test_DDR4_64bit_batch_dev/RTDS_test_DDR4_64bit.ip_user_files/bd/design_1/ip/design_1_xdma_0_0/ip_0/ip_0/sim/design_1_xdma_0_0_pcie3_ip_gt_gtwizard_gthe3.v:1980]
WARNING: [VRFC 10-3091] actual bit length 1 differs from formal bit length 2 for port 'GTHE3_CHANNEL_RXOSINTSTROBE' [C:/project/RTDS/DDR/RTDS_test_DDR4_64bit_batch_dev/RTDS_test_DDR4_64bit.ip_user_files/bd/design_1/ip/design_1_xdma_0_0/ip_0/ip_0/sim/design_1_xdma_0_0_pcie3_ip_gt_gtwizard_gthe3.v:1981]
WARNING: [VRFC 10-3091] actual bit length 1 differs from formal bit length 2 for port 'GTHE3_CHANNEL_RXOSINTTESTOVRDEN' [C:/project/RTDS/DDR/RTDS_test_DDR4_64bit_batch_dev/RTDS_test_DDR4_64bit.ip_user_files/bd/design_1/ip/design_1_xdma_0_0/ip_0/ip_0/sim/design_1_xdma_0_0_pcie3_ip_gt_gtwizard_gthe3.v:1982]
WARNING: [VRFC 10-3091] actual bit length 1 differs from formal bit length 2 for port 'GTHE3_CHANNEL_RXOSOVRDEN' [C:/project/RTDS/DDR/RTDS_test_DDR4_64bit_batch_dev/RTDS_test_DDR4_64bit.ip_user_files/bd/design_1/ip/design_1_xdma_0_0/ip_0/ip_0/sim/design_1_xdma_0_0_pcie3_ip_gt_gtwizard_gthe3.v:1983]
WARNING: [VRFC 10-3091] actual bit length 3 differs from formal bit length 6 for port 'GTHE3_CHANNEL_RXOUTCLKSEL' [C:/project/RTDS/DDR/RTDS_test_DDR4_64bit_batch_dev/RTDS_test_DDR4_64bit.ip_user_files/bd/design_1/ip/design_1_xdma_0_0/ip_0/ip_0/sim/design_1_xdma_0_0_pcie3_ip_gt_gtwizard_gthe3.v:1984]
WARNING: [VRFC 10-3091] actual bit length 1 differs from formal bit length 2 for port 'GTHE3_CHANNEL_RXPCOMMAALIGNEN' [C:/project/RTDS/DDR/RTDS_test_DDR4_64bit_batch_dev/RTDS_test_DDR4_64bit.ip_user_files/bd/design_1/ip/design_1_xdma_0_0/ip_0/ip_0/sim/design_1_xdma_0_0_pcie3_ip_gt_gtwizard_gthe3.v:1985]
WARNING: [VRFC 10-3091] actual bit length 1 differs from formal bit length 2 for port 'GTHE3_CHANNEL_RXPCSRESET' [C:/project/RTDS/DDR/RTDS_test_DDR4_64bit_batch_dev/RTDS_test_DDR4_64bit.ip_user_files/bd/design_1/ip/design_1_xdma_0_0/ip_0/ip_0/sim/design_1_xdma_0_0_pcie3_ip_gt_gtwizard_gthe3.v:1986]
WARNING: [VRFC 10-3091] actual bit length 2 differs from formal bit length 4 for port 'GTHE3_CHANNEL_RXPD' [C:/project/RTDS/DDR/RTDS_test_DDR4_64bit_batch_dev/RTDS_test_DDR4_64bit.ip_user_files/bd/design_1/ip/design_1_xdma_0_0/ip_0/ip_0/sim/design_1_xdma_0_0_pcie3_ip_gt_gtwizard_gthe3.v:1987]
WARNING: [VRFC 10-3091] actual bit length 1 differs from formal bit length 2 for port 'GTHE3_CHANNEL_RXPHALIGN' [C:/project/RTDS/DDR/RTDS_test_DDR4_64bit_batch_dev/RTDS_test_DDR4_64bit.ip_user_files/bd/design_1/ip/design_1_xdma_0_0/ip_0/ip_0/sim/design_1_xdma_0_0_pcie3_ip_gt_gtwizard_gthe3.v:1988]
WARNING: [VRFC 10-3091] actual bit length 1 differs from formal bit length 2 for port 'GTHE3_CHANNEL_RXPHALIGNEN' [C:/project/RTDS/DDR/RTDS_test_DDR4_64bit_batch_dev/RTDS_test_DDR4_64bit.ip_user_files/bd/design_1/ip/design_1_xdma_0_0/ip_0/ip_0/sim/design_1_xdma_0_0_pcie3_ip_gt_gtwizard_gthe3.v:1989]
WARNING: [VRFC 10-3091] actual bit length 1 differs from formal bit length 2 for port 'GTHE3_CHANNEL_RXPHDLYPD' [C:/project/RTDS/DDR/RTDS_test_DDR4_64bit_batch_dev/RTDS_test_DDR4_64bit.ip_user_files/bd/design_1/ip/design_1_xdma_0_0/ip_0/ip_0/sim/design_1_xdma_0_0_pcie3_ip_gt_gtwizard_gthe3.v:1990]
WARNING: [VRFC 10-3091] actual bit length 1 differs from formal bit length 2 for port 'GTHE3_CHANNEL_RXPHDLYRESET' [C:/project/RTDS/DDR/RTDS_test_DDR4_64bit_batch_dev/RTDS_test_DDR4_64bit.ip_user_files/bd/design_1/ip/design_1_xdma_0_0/ip_0/ip_0/sim/design_1_xdma_0_0_pcie3_ip_gt_gtwizard_gthe3.v:1991]
WARNING: [VRFC 10-3091] actual bit length 1 differs from formal bit length 2 for port 'GTHE3_CHANNEL_RXPHOVRDEN' [C:/project/RTDS/DDR/RTDS_test_DDR4_64bit_batch_dev/RTDS_test_DDR4_64bit.ip_user_files/bd/design_1/ip/design_1_xdma_0_0/ip_0/ip_0/sim/design_1_xdma_0_0_pcie3_ip_gt_gtwizard_gthe3.v:1992]
WARNING: [VRFC 10-3091] actual bit length 2 differs from formal bit length 4 for port 'GTHE3_CHANNEL_RXPLLCLKSEL' [C:/project/RTDS/DDR/RTDS_test_DDR4_64bit_batch_dev/RTDS_test_DDR4_64bit.ip_user_files/bd/design_1/ip/design_1_xdma_0_0/ip_0/ip_0/sim/design_1_xdma_0_0_pcie3_ip_gt_gtwizard_gthe3.v:1993]
WARNING: [VRFC 10-3091] actual bit length 1 differs from formal bit length 2 for port 'GTHE3_CHANNEL_RXPMARESET' [C:/project/RTDS/DDR/RTDS_test_DDR4_64bit_batch_dev/RTDS_test_DDR4_64bit.ip_user_files/bd/design_1/ip/design_1_xdma_0_0/ip_0/ip_0/sim/design_1_xdma_0_0_pcie3_ip_gt_gtwizard_gthe3.v:1994]
WARNING: [VRFC 10-3091] actual bit length 1 differs from formal bit length 2 for port 'GTHE3_CHANNEL_RXPOLARITY' [C:/project/RTDS/DDR/RTDS_test_DDR4_64bit_batch_dev/RTDS_test_DDR4_64bit.ip_user_files/bd/design_1/ip/design_1_xdma_0_0/ip_0/ip_0/sim/design_1_xdma_0_0_pcie3_ip_gt_gtwizard_gthe3.v:1995]
WARNING: [VRFC 10-3091] actual bit length 1 differs from formal bit length 2 for port 'GTHE3_CHANNEL_RXPRBSCNTRESET' [C:/project/RTDS/DDR/RTDS_test_DDR4_64bit_batch_dev/RTDS_test_DDR4_64bit.ip_user_files/bd/design_1/ip/design_1_xdma_0_0/ip_0/ip_0/sim/design_1_xdma_0_0_pcie3_ip_gt_gtwizard_gthe3.v:1996]
WARNING: [VRFC 10-3091] actual bit length 4 differs from formal bit length 8 for port 'GTHE3_CHANNEL_RXPRBSSEL' [C:/project/RTDS/DDR/RTDS_test_DDR4_64bit_batch_dev/RTDS_test_DDR4_64bit.ip_user_files/bd/design_1/ip/design_1_xdma_0_0/ip_0/ip_0/sim/design_1_xdma_0_0_pcie3_ip_gt_gtwizard_gthe3.v:1997]
WARNING: [VRFC 10-3091] actual bit length 1 differs from formal bit length 2 for port 'GTHE3_CHANNEL_RXPROGDIVRESET' [C:/project/RTDS/DDR/RTDS_test_DDR4_64bit_batch_dev/RTDS_test_DDR4_64bit.ip_user_files/bd/design_1/ip/design_1_xdma_0_0/ip_0/ip_0/sim/design_1_xdma_0_0_pcie3_ip_gt_gtwizard_gthe3.v:1998]
WARNING: [VRFC 10-3091] actual bit length 1 differs from formal bit length 2 for port 'GTHE3_CHANNEL_RXQPIEN' [C:/project/RTDS/DDR/RTDS_test_DDR4_64bit_batch_dev/RTDS_test_DDR4_64bit.ip_user_files/bd/design_1/ip/design_1_xdma_0_0/ip_0/ip_0/sim/design_1_xdma_0_0_pcie3_ip_gt_gtwizard_gthe3.v:1999]
WARNING: [VRFC 10-3091] actual bit length 3 differs from formal bit length 6 for port 'GTHE3_CHANNEL_RXRATE' [C:/project/RTDS/DDR/RTDS_test_DDR4_64bit_batch_dev/RTDS_test_DDR4_64bit.ip_user_files/bd/design_1/ip/design_1_xdma_0_0/ip_0/ip_0/sim/design_1_xdma_0_0_pcie3_ip_gt_gtwizard_gthe3.v:2000]
WARNING: [VRFC 10-3091] actual bit length 1 differs from formal bit length 2 for port 'GTHE3_CHANNEL_RXRATEMODE' [C:/project/RTDS/DDR/RTDS_test_DDR4_64bit_batch_dev/RTDS_test_DDR4_64bit.ip_user_files/bd/design_1/ip/design_1_xdma_0_0/ip_0/ip_0/sim/design_1_xdma_0_0_pcie3_ip_gt_gtwizard_gthe3.v:2001]
WARNING: [VRFC 10-3091] actual bit length 1 differs from formal bit length 2 for port 'GTHE3_CHANNEL_RXSLIDE' [C:/project/RTDS/DDR/RTDS_test_DDR4_64bit_batch_dev/RTDS_test_DDR4_64bit.ip_user_files/bd/design_1/ip/design_1_xdma_0_0/ip_0/ip_0/sim/design_1_xdma_0_0_pcie3_ip_gt_gtwizard_gthe3.v:2002]
WARNING: [VRFC 10-3091] actual bit length 1 differs from formal bit length 2 for port 'GTHE3_CHANNEL_RXSLIPOUTCLK' [C:/project/RTDS/DDR/RTDS_test_DDR4_64bit_batch_dev/RTDS_test_DDR4_64bit.ip_user_files/bd/design_1/ip/design_1_xdma_0_0/ip_0/ip_0/sim/design_1_xdma_0_0_pcie3_ip_gt_gtwizard_gthe3.v:2003]
WARNING: [VRFC 10-3091] actual bit length 1 differs from formal bit length 2 for port 'GTHE3_CHANNEL_RXSLIPPMA' [C:/project/RTDS/DDR/RTDS_test_DDR4_64bit_batch_dev/RTDS_test_DDR4_64bit.ip_user_files/bd/design_1/ip/design_1_xdma_0_0/ip_0/ip_0/sim/design_1_xdma_0_0_pcie3_ip_gt_gtwizard_gthe3.v:2004]
WARNING: [VRFC 10-3091] actual bit length 1 differs from formal bit length 2 for port 'GTHE3_CHANNEL_RXSYNCALLIN' [C:/project/RTDS/DDR/RTDS_test_DDR4_64bit_batch_dev/RTDS_test_DDR4_64bit.ip_user_files/bd/design_1/ip/design_1_xdma_0_0/ip_0/ip_0/sim/design_1_xdma_0_0_pcie3_ip_gt_gtwizard_gthe3.v:2005]
WARNING: [VRFC 10-3091] actual bit length 1 differs from formal bit length 2 for port 'GTHE3_CHANNEL_RXSYNCIN' [C:/project/RTDS/DDR/RTDS_test_DDR4_64bit_batch_dev/RTDS_test_DDR4_64bit.ip_user_files/bd/design_1/ip/design_1_xdma_0_0/ip_0/ip_0/sim/design_1_xdma_0_0_pcie3_ip_gt_gtwizard_gthe3.v:2006]
WARNING: [VRFC 10-3091] actual bit length 1 differs from formal bit length 2 for port 'GTHE3_CHANNEL_RXSYNCMODE' [C:/project/RTDS/DDR/RTDS_test_DDR4_64bit_batch_dev/RTDS_test_DDR4_64bit.ip_user_files/bd/design_1/ip/design_1_xdma_0_0/ip_0/ip_0/sim/design_1_xdma_0_0_pcie3_ip_gt_gtwizard_gthe3.v:2007]
WARNING: [VRFC 10-3091] actual bit length 2 differs from formal bit length 4 for port 'GTHE3_CHANNEL_RXSYSCLKSEL' [C:/project/RTDS/DDR/RTDS_test_DDR4_64bit_batch_dev/RTDS_test_DDR4_64bit.ip_user_files/bd/design_1/ip/design_1_xdma_0_0/ip_0/ip_0/sim/design_1_xdma_0_0_pcie3_ip_gt_gtwizard_gthe3.v:2008]
WARNING: [VRFC 10-3091] actual bit length 1 differs from formal bit length 2 for port 'GTHE3_CHANNEL_RXUSERRDY' [C:/project/RTDS/DDR/RTDS_test_DDR4_64bit_batch_dev/RTDS_test_DDR4_64bit.ip_user_files/bd/design_1/ip/design_1_xdma_0_0/ip_0/ip_0/sim/design_1_xdma_0_0_pcie3_ip_gt_gtwizard_gthe3.v:2009]
WARNING: [VRFC 10-3091] actual bit length 1 differs from formal bit length 2 for port 'GTHE3_CHANNEL_RXUSRCLK' [C:/project/RTDS/DDR/RTDS_test_DDR4_64bit_batch_dev/RTDS_test_DDR4_64bit.ip_user_files/bd/design_1/ip/design_1_xdma_0_0/ip_0/ip_0/sim/design_1_xdma_0_0_pcie3_ip_gt_gtwizard_gthe3.v:2010]
WARNING: [VRFC 10-3091] actual bit length 1 differs from formal bit length 2 for port 'GTHE3_CHANNEL_RXUSRCLK2' [C:/project/RTDS/DDR/RTDS_test_DDR4_64bit_batch_dev/RTDS_test_DDR4_64bit.ip_user_files/bd/design_1/ip/design_1_xdma_0_0/ip_0/ip_0/sim/design_1_xdma_0_0_pcie3_ip_gt_gtwizard_gthe3.v:2011]
WARNING: [VRFC 10-3091] actual bit length 1 differs from formal bit length 2 for port 'GTHE3_CHANNEL_SIGVALIDCLK' [C:/project/RTDS/DDR/RTDS_test_DDR4_64bit_batch_dev/RTDS_test_DDR4_64bit.ip_user_files/bd/design_1/ip/design_1_xdma_0_0/ip_0/ip_0/sim/design_1_xdma_0_0_pcie3_ip_gt_gtwizard_gthe3.v:2012]
WARNING: [VRFC 10-3091] actual bit length 20 differs from formal bit length 40 for port 'GTHE3_CHANNEL_TSTIN' [C:/project/RTDS/DDR/RTDS_test_DDR4_64bit_batch_dev/RTDS_test_DDR4_64bit.ip_user_files/bd/design_1/ip/design_1_xdma_0_0/ip_0/ip_0/sim/design_1_xdma_0_0_pcie3_ip_gt_gtwizard_gthe3.v:2013]
WARNING: [VRFC 10-3091] actual bit length 8 differs from formal bit length 16 for port 'GTHE3_CHANNEL_TX8B10BBYPASS' [C:/project/RTDS/DDR/RTDS_test_DDR4_64bit_batch_dev/RTDS_test_DDR4_64bit.ip_user_files/bd/design_1/ip/design_1_xdma_0_0/ip_0/ip_0/sim/design_1_xdma_0_0_pcie3_ip_gt_gtwizard_gthe3.v:2014]
WARNING: [VRFC 10-3091] actual bit length 1 differs from formal bit length 2 for port 'GTHE3_CHANNEL_TX8B10BEN' [C:/project/RTDS/DDR/RTDS_test_DDR4_64bit_batch_dev/RTDS_test_DDR4_64bit.ip_user_files/bd/design_1/ip/design_1_xdma_0_0/ip_0/ip_0/sim/design_1_xdma_0_0_pcie3_ip_gt_gtwizard_gthe3.v:2015]
WARNING: [VRFC 10-3091] actual bit length 3 differs from formal bit length 6 for port 'GTHE3_CHANNEL_TXBUFDIFFCTRL' [C:/project/RTDS/DDR/RTDS_test_DDR4_64bit_batch_dev/RTDS_test_DDR4_64bit.ip_user_files/bd/design_1/ip/design_1_xdma_0_0/ip_0/ip_0/sim/design_1_xdma_0_0_pcie3_ip_gt_gtwizard_gthe3.v:2016]
WARNING: [VRFC 10-3091] actual bit length 1 differs from formal bit length 2 for port 'GTHE3_CHANNEL_TXCOMINIT' [C:/project/RTDS/DDR/RTDS_test_DDR4_64bit_batch_dev/RTDS_test_DDR4_64bit.ip_user_files/bd/design_1/ip/design_1_xdma_0_0/ip_0/ip_0/sim/design_1_xdma_0_0_pcie3_ip_gt_gtwizard_gthe3.v:2017]
WARNING: [VRFC 10-3091] actual bit length 1 differs from formal bit length 2 for port 'GTHE3_CHANNEL_TXCOMSAS' [C:/project/RTDS/DDR/RTDS_test_DDR4_64bit_batch_dev/RTDS_test_DDR4_64bit.ip_user_files/bd/design_1/ip/design_1_xdma_0_0/ip_0/ip_0/sim/design_1_xdma_0_0_pcie3_ip_gt_gtwizard_gthe3.v:2018]
WARNING: [VRFC 10-3091] actual bit length 1 differs from formal bit length 2 for port 'GTHE3_CHANNEL_TXCOMWAKE' [C:/project/RTDS/DDR/RTDS_test_DDR4_64bit_batch_dev/RTDS_test_DDR4_64bit.ip_user_files/bd/design_1/ip/design_1_xdma_0_0/ip_0/ip_0/sim/design_1_xdma_0_0_pcie3_ip_gt_gtwizard_gthe3.v:2019]
WARNING: [VRFC 10-3091] actual bit length 16 differs from formal bit length 32 for port 'GTHE3_CHANNEL_TXCTRL0' [C:/project/RTDS/DDR/RTDS_test_DDR4_64bit_batch_dev/RTDS_test_DDR4_64bit.ip_user_files/bd/design_1/ip/design_1_xdma_0_0/ip_0/ip_0/sim/design_1_xdma_0_0_pcie3_ip_gt_gtwizard_gthe3.v:2020]
WARNING: [VRFC 10-3091] actual bit length 16 differs from formal bit length 32 for port 'GTHE3_CHANNEL_TXCTRL1' [C:/project/RTDS/DDR/RTDS_test_DDR4_64bit_batch_dev/RTDS_test_DDR4_64bit.ip_user_files/bd/design_1/ip/design_1_xdma_0_0/ip_0/ip_0/sim/design_1_xdma_0_0_pcie3_ip_gt_gtwizard_gthe3.v:2021]
WARNING: [VRFC 10-3091] actual bit length 8 differs from formal bit length 16 for port 'GTHE3_CHANNEL_TXCTRL2' [C:/project/RTDS/DDR/RTDS_test_DDR4_64bit_batch_dev/RTDS_test_DDR4_64bit.ip_user_files/bd/design_1/ip/design_1_xdma_0_0/ip_0/ip_0/sim/design_1_xdma_0_0_pcie3_ip_gt_gtwizard_gthe3.v:2022]
WARNING: [VRFC 10-3091] actual bit length 128 differs from formal bit length 256 for port 'GTHE3_CHANNEL_TXDATA' [C:/project/RTDS/DDR/RTDS_test_DDR4_64bit_batch_dev/RTDS_test_DDR4_64bit.ip_user_files/bd/design_1/ip/design_1_xdma_0_0/ip_0/ip_0/sim/design_1_xdma_0_0_pcie3_ip_gt_gtwizard_gthe3.v:2023]
WARNING: [VRFC 10-3091] actual bit length 8 differs from formal bit length 16 for port 'GTHE3_CHANNEL_TXDATAEXTENDRSVD' [C:/project/RTDS/DDR/RTDS_test_DDR4_64bit_batch_dev/RTDS_test_DDR4_64bit.ip_user_files/bd/design_1/ip/design_1_xdma_0_0/ip_0/ip_0/sim/design_1_xdma_0_0_pcie3_ip_gt_gtwizard_gthe3.v:2024]
WARNING: [VRFC 10-3091] actual bit length 1 differs from formal bit length 2 for port 'GTHE3_CHANNEL_TXDEEMPH' [C:/project/RTDS/DDR/RTDS_test_DDR4_64bit_batch_dev/RTDS_test_DDR4_64bit.ip_user_files/bd/design_1/ip/design_1_xdma_0_0/ip_0/ip_0/sim/design_1_xdma_0_0_pcie3_ip_gt_gtwizard_gthe3.v:2025]
WARNING: [VRFC 10-3091] actual bit length 1 differs from formal bit length 2 for port 'GTHE3_CHANNEL_TXDETECTRX' [C:/project/RTDS/DDR/RTDS_test_DDR4_64bit_batch_dev/RTDS_test_DDR4_64bit.ip_user_files/bd/design_1/ip/design_1_xdma_0_0/ip_0/ip_0/sim/design_1_xdma_0_0_pcie3_ip_gt_gtwizard_gthe3.v:2026]
WARNING: [VRFC 10-3091] actual bit length 4 differs from formal bit length 8 for port 'GTHE3_CHANNEL_TXDIFFCTRL' [C:/project/RTDS/DDR/RTDS_test_DDR4_64bit_batch_dev/RTDS_test_DDR4_64bit.ip_user_files/bd/design_1/ip/design_1_xdma_0_0/ip_0/ip_0/sim/design_1_xdma_0_0_pcie3_ip_gt_gtwizard_gthe3.v:2027]
WARNING: [VRFC 10-3091] actual bit length 1 differs from formal bit length 2 for port 'GTHE3_CHANNEL_TXDIFFPD' [C:/project/RTDS/DDR/RTDS_test_DDR4_64bit_batch_dev/RTDS_test_DDR4_64bit.ip_user_files/bd/design_1/ip/design_1_xdma_0_0/ip_0/ip_0/sim/design_1_xdma_0_0_pcie3_ip_gt_gtwizard_gthe3.v:2028]
WARNING: [VRFC 10-3091] actual bit length 1 differs from formal bit length 2 for port 'GTHE3_CHANNEL_TXDLYBYPASS' [C:/project/RTDS/DDR/RTDS_test_DDR4_64bit_batch_dev/RTDS_test_DDR4_64bit.ip_user_files/bd/design_1/ip/design_1_xdma_0_0/ip_0/ip_0/sim/design_1_xdma_0_0_pcie3_ip_gt_gtwizard_gthe3.v:2029]
WARNING: [VRFC 10-3091] actual bit length 1 differs from formal bit length 2 for port 'GTHE3_CHANNEL_TXDLYEN' [C:/project/RTDS/DDR/RTDS_test_DDR4_64bit_batch_dev/RTDS_test_DDR4_64bit.ip_user_files/bd/design_1/ip/design_1_xdma_0_0/ip_0/ip_0/sim/design_1_xdma_0_0_pcie3_ip_gt_gtwizard_gthe3.v:2030]
WARNING: [VRFC 10-3091] actual bit length 1 differs from formal bit length 2 for port 'GTHE3_CHANNEL_TXDLYHOLD' [C:/project/RTDS/DDR/RTDS_test_DDR4_64bit_batch_dev/RTDS_test_DDR4_64bit.ip_user_files/bd/design_1/ip/design_1_xdma_0_0/ip_0/ip_0/sim/design_1_xdma_0_0_pcie3_ip_gt_gtwizard_gthe3.v:2031]
WARNING: [VRFC 10-3091] actual bit length 1 differs from formal bit length 2 for port 'GTHE3_CHANNEL_TXDLYOVRDEN' [C:/project/RTDS/DDR/RTDS_test_DDR4_64bit_batch_dev/RTDS_test_DDR4_64bit.ip_user_files/bd/design_1/ip/design_1_xdma_0_0/ip_0/ip_0/sim/design_1_xdma_0_0_pcie3_ip_gt_gtwizard_gthe3.v:2032]
WARNING: [VRFC 10-3091] actual bit length 1 differs from formal bit length 2 for port 'GTHE3_CHANNEL_TXDLYSRESET' [C:/project/RTDS/DDR/RTDS_test_DDR4_64bit_batch_dev/RTDS_test_DDR4_64bit.ip_user_files/bd/design_1/ip/design_1_xdma_0_0/ip_0/ip_0/sim/design_1_xdma_0_0_pcie3_ip_gt_gtwizard_gthe3.v:2033]
WARNING: [VRFC 10-3091] actual bit length 1 differs from formal bit length 2 for port 'GTHE3_CHANNEL_TXDLYUPDOWN' [C:/project/RTDS/DDR/RTDS_test_DDR4_64bit_batch_dev/RTDS_test_DDR4_64bit.ip_user_files/bd/design_1/ip/design_1_xdma_0_0/ip_0/ip_0/sim/design_1_xdma_0_0_pcie3_ip_gt_gtwizard_gthe3.v:2034]
WARNING: [VRFC 10-3091] actual bit length 1 differs from formal bit length 2 for port 'GTHE3_CHANNEL_TXELECIDLE' [C:/project/RTDS/DDR/RTDS_test_DDR4_64bit_batch_dev/RTDS_test_DDR4_64bit.ip_user_files/bd/design_1/ip/design_1_xdma_0_0/ip_0/ip_0/sim/design_1_xdma_0_0_pcie3_ip_gt_gtwizard_gthe3.v:2035]
WARNING: [VRFC 10-3091] actual bit length 6 differs from formal bit length 12 for port 'GTHE3_CHANNEL_TXHEADER' [C:/project/RTDS/DDR/RTDS_test_DDR4_64bit_batch_dev/RTDS_test_DDR4_64bit.ip_user_files/bd/design_1/ip/design_1_xdma_0_0/ip_0/ip_0/sim/design_1_xdma_0_0_pcie3_ip_gt_gtwizard_gthe3.v:2036]
WARNING: [VRFC 10-3091] actual bit length 1 differs from formal bit length 2 for port 'GTHE3_CHANNEL_TXINHIBIT' [C:/project/RTDS/DDR/RTDS_test_DDR4_64bit_batch_dev/RTDS_test_DDR4_64bit.ip_user_files/bd/design_1/ip/design_1_xdma_0_0/ip_0/ip_0/sim/design_1_xdma_0_0_pcie3_ip_gt_gtwizard_gthe3.v:2037]
WARNING: [VRFC 10-3091] actual bit length 1 differs from formal bit length 2 for port 'GTHE3_CHANNEL_TXLATCLK' [C:/project/RTDS/DDR/RTDS_test_DDR4_64bit_batch_dev/RTDS_test_DDR4_64bit.ip_user_files/bd/design_1/ip/design_1_xdma_0_0/ip_0/ip_0/sim/design_1_xdma_0_0_pcie3_ip_gt_gtwizard_gthe3.v:2038]
WARNING: [VRFC 10-3091] actual bit length 7 differs from formal bit length 14 for port 'GTHE3_CHANNEL_TXMAINCURSOR' [C:/project/RTDS/DDR/RTDS_test_DDR4_64bit_batch_dev/RTDS_test_DDR4_64bit.ip_user_files/bd/design_1/ip/design_1_xdma_0_0/ip_0/ip_0/sim/design_1_xdma_0_0_pcie3_ip_gt_gtwizard_gthe3.v:2039]
WARNING: [VRFC 10-3091] actual bit length 3 differs from formal bit length 6 for port 'GTHE3_CHANNEL_TXMARGIN' [C:/project/RTDS/DDR/RTDS_test_DDR4_64bit_batch_dev/RTDS_test_DDR4_64bit.ip_user_files/bd/design_1/ip/design_1_xdma_0_0/ip_0/ip_0/sim/design_1_xdma_0_0_pcie3_ip_gt_gtwizard_gthe3.v:2040]
WARNING: [VRFC 10-3091] actual bit length 3 differs from formal bit length 6 for port 'GTHE3_CHANNEL_TXOUTCLKSEL' [C:/project/RTDS/DDR/RTDS_test_DDR4_64bit_batch_dev/RTDS_test_DDR4_64bit.ip_user_files/bd/design_1/ip/design_1_xdma_0_0/ip_0/ip_0/sim/design_1_xdma_0_0_pcie3_ip_gt_gtwizard_gthe3.v:2041]
WARNING: [VRFC 10-3091] actual bit length 1 differs from formal bit length 2 for port 'GTHE3_CHANNEL_TXPCSRESET' [C:/project/RTDS/DDR/RTDS_test_DDR4_64bit_batch_dev/RTDS_test_DDR4_64bit.ip_user_files/bd/design_1/ip/design_1_xdma_0_0/ip_0/ip_0/sim/design_1_xdma_0_0_pcie3_ip_gt_gtwizard_gthe3.v:2042]
WARNING: [VRFC 10-3091] actual bit length 2 differs from formal bit length 4 for port 'GTHE3_CHANNEL_TXPD' [C:/project/RTDS/DDR/RTDS_test_DDR4_64bit_batch_dev/RTDS_test_DDR4_64bit.ip_user_files/bd/design_1/ip/design_1_xdma_0_0/ip_0/ip_0/sim/design_1_xdma_0_0_pcie3_ip_gt_gtwizard_gthe3.v:2043]
WARNING: [VRFC 10-3091] actual bit length 1 differs from formal bit length 2 for port 'GTHE3_CHANNEL_TXPDELECIDLEMODE' [C:/project/RTDS/DDR/RTDS_test_DDR4_64bit_batch_dev/RTDS_test_DDR4_64bit.ip_user_files/bd/design_1/ip/design_1_xdma_0_0/ip_0/ip_0/sim/design_1_xdma_0_0_pcie3_ip_gt_gtwizard_gthe3.v:2044]
WARNING: [VRFC 10-3091] actual bit length 1 differs from formal bit length 2 for port 'GTHE3_CHANNEL_TXPHALIGN' [C:/project/RTDS/DDR/RTDS_test_DDR4_64bit_batch_dev/RTDS_test_DDR4_64bit.ip_user_files/bd/design_1/ip/design_1_xdma_0_0/ip_0/ip_0/sim/design_1_xdma_0_0_pcie3_ip_gt_gtwizard_gthe3.v:2045]
WARNING: [VRFC 10-3091] actual bit length 1 differs from formal bit length 2 for port 'GTHE3_CHANNEL_TXPHALIGNEN' [C:/project/RTDS/DDR/RTDS_test_DDR4_64bit_batch_dev/RTDS_test_DDR4_64bit.ip_user_files/bd/design_1/ip/design_1_xdma_0_0/ip_0/ip_0/sim/design_1_xdma_0_0_pcie3_ip_gt_gtwizard_gthe3.v:2046]
WARNING: [VRFC 10-3091] actual bit length 1 differs from formal bit length 2 for port 'GTHE3_CHANNEL_TXPHDLYPD' [C:/project/RTDS/DDR/RTDS_test_DDR4_64bit_batch_dev/RTDS_test_DDR4_64bit.ip_user_files/bd/design_1/ip/design_1_xdma_0_0/ip_0/ip_0/sim/design_1_xdma_0_0_pcie3_ip_gt_gtwizard_gthe3.v:2047]
WARNING: [VRFC 10-3091] actual bit length 1 differs from formal bit length 2 for port 'GTHE3_CHANNEL_TXPHDLYRESET' [C:/project/RTDS/DDR/RTDS_test_DDR4_64bit_batch_dev/RTDS_test_DDR4_64bit.ip_user_files/bd/design_1/ip/design_1_xdma_0_0/ip_0/ip_0/sim/design_1_xdma_0_0_pcie3_ip_gt_gtwizard_gthe3.v:2048]
WARNING: [VRFC 10-3091] actual bit length 1 differs from formal bit length 2 for port 'GTHE3_CHANNEL_TXPHDLYTSTCLK' [C:/project/RTDS/DDR/RTDS_test_DDR4_64bit_batch_dev/RTDS_test_DDR4_64bit.ip_user_files/bd/design_1/ip/design_1_xdma_0_0/ip_0/ip_0/sim/design_1_xdma_0_0_pcie3_ip_gt_gtwizard_gthe3.v:2049]
WARNING: [VRFC 10-3091] actual bit length 1 differs from formal bit length 2 for port 'GTHE3_CHANNEL_TXPHINIT' [C:/project/RTDS/DDR/RTDS_test_DDR4_64bit_batch_dev/RTDS_test_DDR4_64bit.ip_user_files/bd/design_1/ip/design_1_xdma_0_0/ip_0/ip_0/sim/design_1_xdma_0_0_pcie3_ip_gt_gtwizard_gthe3.v:2050]
WARNING: [VRFC 10-3091] actual bit length 1 differs from formal bit length 2 for port 'GTHE3_CHANNEL_TXPHOVRDEN' [C:/project/RTDS/DDR/RTDS_test_DDR4_64bit_batch_dev/RTDS_test_DDR4_64bit.ip_user_files/bd/design_1/ip/design_1_xdma_0_0/ip_0/ip_0/sim/design_1_xdma_0_0_pcie3_ip_gt_gtwizard_gthe3.v:2051]
WARNING: [VRFC 10-3091] actual bit length 1 differs from formal bit length 2 for port 'GTHE3_CHANNEL_TXPIPPMEN' [C:/project/RTDS/DDR/RTDS_test_DDR4_64bit_batch_dev/RTDS_test_DDR4_64bit.ip_user_files/bd/design_1/ip/design_1_xdma_0_0/ip_0/ip_0/sim/design_1_xdma_0_0_pcie3_ip_gt_gtwizard_gthe3.v:2052]
WARNING: [VRFC 10-3091] actual bit length 1 differs from formal bit length 2 for port 'GTHE3_CHANNEL_TXPIPPMOVRDEN' [C:/project/RTDS/DDR/RTDS_test_DDR4_64bit_batch_dev/RTDS_test_DDR4_64bit.ip_user_files/bd/design_1/ip/design_1_xdma_0_0/ip_0/ip_0/sim/design_1_xdma_0_0_pcie3_ip_gt_gtwizard_gthe3.v:2053]
WARNING: [VRFC 10-3091] actual bit length 1 differs from formal bit length 2 for port 'GTHE3_CHANNEL_TXPIPPMPD' [C:/project/RTDS/DDR/RTDS_test_DDR4_64bit_batch_dev/RTDS_test_DDR4_64bit.ip_user_files/bd/design_1/ip/design_1_xdma_0_0/ip_0/ip_0/sim/design_1_xdma_0_0_pcie3_ip_gt_gtwizard_gthe3.v:2054]
WARNING: [VRFC 10-3091] actual bit length 1 differs from formal bit length 2 for port 'GTHE3_CHANNEL_TXPIPPMSEL' [C:/project/RTDS/DDR/RTDS_test_DDR4_64bit_batch_dev/RTDS_test_DDR4_64bit.ip_user_files/bd/design_1/ip/design_1_xdma_0_0/ip_0/ip_0/sim/design_1_xdma_0_0_pcie3_ip_gt_gtwizard_gthe3.v:2055]
WARNING: [VRFC 10-3091] actual bit length 5 differs from formal bit length 10 for port 'GTHE3_CHANNEL_TXPIPPMSTEPSIZE' [C:/project/RTDS/DDR/RTDS_test_DDR4_64bit_batch_dev/RTDS_test_DDR4_64bit.ip_user_files/bd/design_1/ip/design_1_xdma_0_0/ip_0/ip_0/sim/design_1_xdma_0_0_pcie3_ip_gt_gtwizard_gthe3.v:2056]
WARNING: [VRFC 10-3091] actual bit length 1 differs from formal bit length 2 for port 'GTHE3_CHANNEL_TXPISOPD' [C:/project/RTDS/DDR/RTDS_test_DDR4_64bit_batch_dev/RTDS_test_DDR4_64bit.ip_user_files/bd/design_1/ip/design_1_xdma_0_0/ip_0/ip_0/sim/design_1_xdma_0_0_pcie3_ip_gt_gtwizard_gthe3.v:2057]
WARNING: [VRFC 10-3091] actual bit length 2 differs from formal bit length 4 for port 'GTHE3_CHANNEL_TXPLLCLKSEL' [C:/project/RTDS/DDR/RTDS_test_DDR4_64bit_batch_dev/RTDS_test_DDR4_64bit.ip_user_files/bd/design_1/ip/design_1_xdma_0_0/ip_0/ip_0/sim/design_1_xdma_0_0_pcie3_ip_gt_gtwizard_gthe3.v:2058]
WARNING: [VRFC 10-3091] actual bit length 1 differs from formal bit length 2 for port 'GTHE3_CHANNEL_TXPMARESET' [C:/project/RTDS/DDR/RTDS_test_DDR4_64bit_batch_dev/RTDS_test_DDR4_64bit.ip_user_files/bd/design_1/ip/design_1_xdma_0_0/ip_0/ip_0/sim/design_1_xdma_0_0_pcie3_ip_gt_gtwizard_gthe3.v:2059]
WARNING: [VRFC 10-3091] actual bit length 1 differs from formal bit length 2 for port 'GTHE3_CHANNEL_TXPOLARITY' [C:/project/RTDS/DDR/RTDS_test_DDR4_64bit_batch_dev/RTDS_test_DDR4_64bit.ip_user_files/bd/design_1/ip/design_1_xdma_0_0/ip_0/ip_0/sim/design_1_xdma_0_0_pcie3_ip_gt_gtwizard_gthe3.v:2060]
WARNING: [VRFC 10-3091] actual bit length 5 differs from formal bit length 10 for port 'GTHE3_CHANNEL_TXPOSTCURSOR' [C:/project/RTDS/DDR/RTDS_test_DDR4_64bit_batch_dev/RTDS_test_DDR4_64bit.ip_user_files/bd/design_1/ip/design_1_xdma_0_0/ip_0/ip_0/sim/design_1_xdma_0_0_pcie3_ip_gt_gtwizard_gthe3.v:2061]
WARNING: [VRFC 10-3091] actual bit length 1 differs from formal bit length 2 for port 'GTHE3_CHANNEL_TXPOSTCURSORINV' [C:/project/RTDS/DDR/RTDS_test_DDR4_64bit_batch_dev/RTDS_test_DDR4_64bit.ip_user_files/bd/design_1/ip/design_1_xdma_0_0/ip_0/ip_0/sim/design_1_xdma_0_0_pcie3_ip_gt_gtwizard_gthe3.v:2062]
WARNING: [VRFC 10-3091] actual bit length 1 differs from formal bit length 2 for port 'GTHE3_CHANNEL_TXPRBSFORCEERR' [C:/project/RTDS/DDR/RTDS_test_DDR4_64bit_batch_dev/RTDS_test_DDR4_64bit.ip_user_files/bd/design_1/ip/design_1_xdma_0_0/ip_0/ip_0/sim/design_1_xdma_0_0_pcie3_ip_gt_gtwizard_gthe3.v:2063]
WARNING: [VRFC 10-3091] actual bit length 4 differs from formal bit length 8 for port 'GTHE3_CHANNEL_TXPRBSSEL' [C:/project/RTDS/DDR/RTDS_test_DDR4_64bit_batch_dev/RTDS_test_DDR4_64bit.ip_user_files/bd/design_1/ip/design_1_xdma_0_0/ip_0/ip_0/sim/design_1_xdma_0_0_pcie3_ip_gt_gtwizard_gthe3.v:2064]
WARNING: [VRFC 10-3091] actual bit length 5 differs from formal bit length 10 for port 'GTHE3_CHANNEL_TXPRECURSOR' [C:/project/RTDS/DDR/RTDS_test_DDR4_64bit_batch_dev/RTDS_test_DDR4_64bit.ip_user_files/bd/design_1/ip/design_1_xdma_0_0/ip_0/ip_0/sim/design_1_xdma_0_0_pcie3_ip_gt_gtwizard_gthe3.v:2065]
WARNING: [VRFC 10-3091] actual bit length 1 differs from formal bit length 2 for port 'GTHE3_CHANNEL_TXPRECURSORINV' [C:/project/RTDS/DDR/RTDS_test_DDR4_64bit_batch_dev/RTDS_test_DDR4_64bit.ip_user_files/bd/design_1/ip/design_1_xdma_0_0/ip_0/ip_0/sim/design_1_xdma_0_0_pcie3_ip_gt_gtwizard_gthe3.v:2066]
WARNING: [VRFC 10-3091] actual bit length 1 differs from formal bit length 2 for port 'GTHE3_CHANNEL_TXPROGDIVRESET' [C:/project/RTDS/DDR/RTDS_test_DDR4_64bit_batch_dev/RTDS_test_DDR4_64bit.ip_user_files/bd/design_1/ip/design_1_xdma_0_0/ip_0/ip_0/sim/design_1_xdma_0_0_pcie3_ip_gt_gtwizard_gthe3.v:2067]
WARNING: [VRFC 10-3091] actual bit length 1 differs from formal bit length 2 for port 'GTHE3_CHANNEL_TXQPIBIASEN' [C:/project/RTDS/DDR/RTDS_test_DDR4_64bit_batch_dev/RTDS_test_DDR4_64bit.ip_user_files/bd/design_1/ip/design_1_xdma_0_0/ip_0/ip_0/sim/design_1_xdma_0_0_pcie3_ip_gt_gtwizard_gthe3.v:2068]
WARNING: [VRFC 10-3091] actual bit length 1 differs from formal bit length 2 for port 'GTHE3_CHANNEL_TXQPISTRONGPDOWN' [C:/project/RTDS/DDR/RTDS_test_DDR4_64bit_batch_dev/RTDS_test_DDR4_64bit.ip_user_files/bd/design_1/ip/design_1_xdma_0_0/ip_0/ip_0/sim/design_1_xdma_0_0_pcie3_ip_gt_gtwizard_gthe3.v:2069]
WARNING: [VRFC 10-3091] actual bit length 1 differs from formal bit length 2 for port 'GTHE3_CHANNEL_TXQPIWEAKPUP' [C:/project/RTDS/DDR/RTDS_test_DDR4_64bit_batch_dev/RTDS_test_DDR4_64bit.ip_user_files/bd/design_1/ip/design_1_xdma_0_0/ip_0/ip_0/sim/design_1_xdma_0_0_pcie3_ip_gt_gtwizard_gthe3.v:2070]
WARNING: [VRFC 10-3091] actual bit length 3 differs from formal bit length 6 for port 'GTHE3_CHANNEL_TXRATE' [C:/project/RTDS/DDR/RTDS_test_DDR4_64bit_batch_dev/RTDS_test_DDR4_64bit.ip_user_files/bd/design_1/ip/design_1_xdma_0_0/ip_0/ip_0/sim/design_1_xdma_0_0_pcie3_ip_gt_gtwizard_gthe3.v:2071]
WARNING: [VRFC 10-3091] actual bit length 1 differs from formal bit length 2 for port 'GTHE3_CHANNEL_TXRATEMODE' [C:/project/RTDS/DDR/RTDS_test_DDR4_64bit_batch_dev/RTDS_test_DDR4_64bit.ip_user_files/bd/design_1/ip/design_1_xdma_0_0/ip_0/ip_0/sim/design_1_xdma_0_0_pcie3_ip_gt_gtwizard_gthe3.v:2072]
WARNING: [VRFC 10-3091] actual bit length 7 differs from formal bit length 14 for port 'GTHE3_CHANNEL_TXSEQUENCE' [C:/project/RTDS/DDR/RTDS_test_DDR4_64bit_batch_dev/RTDS_test_DDR4_64bit.ip_user_files/bd/design_1/ip/design_1_xdma_0_0/ip_0/ip_0/sim/design_1_xdma_0_0_pcie3_ip_gt_gtwizard_gthe3.v:2073]
WARNING: [VRFC 10-3091] actual bit length 1 differs from formal bit length 2 for port 'GTHE3_CHANNEL_TXSWING' [C:/project/RTDS/DDR/RTDS_test_DDR4_64bit_batch_dev/RTDS_test_DDR4_64bit.ip_user_files/bd/design_1/ip/design_1_xdma_0_0/ip_0/ip_0/sim/design_1_xdma_0_0_pcie3_ip_gt_gtwizard_gthe3.v:2074]
WARNING: [VRFC 10-3091] actual bit length 1 differs from formal bit length 2 for port 'GTHE3_CHANNEL_TXSYNCALLIN' [C:/project/RTDS/DDR/RTDS_test_DDR4_64bit_batch_dev/RTDS_test_DDR4_64bit.ip_user_files/bd/design_1/ip/design_1_xdma_0_0/ip_0/ip_0/sim/design_1_xdma_0_0_pcie3_ip_gt_gtwizard_gthe3.v:2075]
WARNING: [VRFC 10-3091] actual bit length 1 differs from formal bit length 2 for port 'GTHE3_CHANNEL_TXSYNCIN' [C:/project/RTDS/DDR/RTDS_test_DDR4_64bit_batch_dev/RTDS_test_DDR4_64bit.ip_user_files/bd/design_1/ip/design_1_xdma_0_0/ip_0/ip_0/sim/design_1_xdma_0_0_pcie3_ip_gt_gtwizard_gthe3.v:2076]
WARNING: [VRFC 10-3091] actual bit length 1 differs from formal bit length 2 for port 'GTHE3_CHANNEL_TXSYNCMODE' [C:/project/RTDS/DDR/RTDS_test_DDR4_64bit_batch_dev/RTDS_test_DDR4_64bit.ip_user_files/bd/design_1/ip/design_1_xdma_0_0/ip_0/ip_0/sim/design_1_xdma_0_0_pcie3_ip_gt_gtwizard_gthe3.v:2077]
WARNING: [VRFC 10-3091] actual bit length 2 differs from formal bit length 4 for port 'GTHE3_CHANNEL_TXSYSCLKSEL' [C:/project/RTDS/DDR/RTDS_test_DDR4_64bit_batch_dev/RTDS_test_DDR4_64bit.ip_user_files/bd/design_1/ip/design_1_xdma_0_0/ip_0/ip_0/sim/design_1_xdma_0_0_pcie3_ip_gt_gtwizard_gthe3.v:2078]
WARNING: [VRFC 10-3091] actual bit length 1 differs from formal bit length 2 for port 'GTHE3_CHANNEL_TXUSERRDY' [C:/project/RTDS/DDR/RTDS_test_DDR4_64bit_batch_dev/RTDS_test_DDR4_64bit.ip_user_files/bd/design_1/ip/design_1_xdma_0_0/ip_0/ip_0/sim/design_1_xdma_0_0_pcie3_ip_gt_gtwizard_gthe3.v:2079]
WARNING: [VRFC 10-3091] actual bit length 1 differs from formal bit length 2 for port 'GTHE3_CHANNEL_TXUSRCLK' [C:/project/RTDS/DDR/RTDS_test_DDR4_64bit_batch_dev/RTDS_test_DDR4_64bit.ip_user_files/bd/design_1/ip/design_1_xdma_0_0/ip_0/ip_0/sim/design_1_xdma_0_0_pcie3_ip_gt_gtwizard_gthe3.v:2080]
WARNING: [VRFC 10-3091] actual bit length 1 differs from formal bit length 2 for port 'GTHE3_CHANNEL_TXUSRCLK2' [C:/project/RTDS/DDR/RTDS_test_DDR4_64bit_batch_dev/RTDS_test_DDR4_64bit.ip_user_files/bd/design_1/ip/design_1_xdma_0_0/ip_0/ip_0/sim/design_1_xdma_0_0_pcie3_ip_gt_gtwizard_gthe3.v:2081]
WARNING: [VRFC 10-3091] actual bit length 3 differs from formal bit length 6 for port 'GTHE3_CHANNEL_BUFGTCE' [C:/project/RTDS/DDR/RTDS_test_DDR4_64bit_batch_dev/RTDS_test_DDR4_64bit.ip_user_files/bd/design_1/ip/design_1_xdma_0_0/ip_0/ip_0/sim/design_1_xdma_0_0_pcie3_ip_gt_gtwizard_gthe3.v:2082]
WARNING: [VRFC 10-3091] actual bit length 3 differs from formal bit length 6 for port 'GTHE3_CHANNEL_BUFGTCEMASK' [C:/project/RTDS/DDR/RTDS_test_DDR4_64bit_batch_dev/RTDS_test_DDR4_64bit.ip_user_files/bd/design_1/ip/design_1_xdma_0_0/ip_0/ip_0/sim/design_1_xdma_0_0_pcie3_ip_gt_gtwizard_gthe3.v:2083]
WARNING: [VRFC 10-3091] actual bit length 9 differs from formal bit length 18 for port 'GTHE3_CHANNEL_BUFGTDIV' [C:/project/RTDS/DDR/RTDS_test_DDR4_64bit_batch_dev/RTDS_test_DDR4_64bit.ip_user_files/bd/design_1/ip/design_1_xdma_0_0/ip_0/ip_0/sim/design_1_xdma_0_0_pcie3_ip_gt_gtwizard_gthe3.v:2084]
WARNING: [VRFC 10-3091] actual bit length 3 differs from formal bit length 6 for port 'GTHE3_CHANNEL_BUFGTRESET' [C:/project/RTDS/DDR/RTDS_test_DDR4_64bit_batch_dev/RTDS_test_DDR4_64bit.ip_user_files/bd/design_1/ip/design_1_xdma_0_0/ip_0/ip_0/sim/design_1_xdma_0_0_pcie3_ip_gt_gtwizard_gthe3.v:2085]
WARNING: [VRFC 10-3091] actual bit length 3 differs from formal bit length 6 for port 'GTHE3_CHANNEL_BUFGTRSTMASK' [C:/project/RTDS/DDR/RTDS_test_DDR4_64bit_batch_dev/RTDS_test_DDR4_64bit.ip_user_files/bd/design_1/ip/design_1_xdma_0_0/ip_0/ip_0/sim/design_1_xdma_0_0_pcie3_ip_gt_gtwizard_gthe3.v:2086]
WARNING: [VRFC 10-3091] actual bit length 1 differs from formal bit length 2 for port 'GTHE3_CHANNEL_CPLLFBCLKLOST' [C:/project/RTDS/DDR/RTDS_test_DDR4_64bit_batch_dev/RTDS_test_DDR4_64bit.ip_user_files/bd/design_1/ip/design_1_xdma_0_0/ip_0/ip_0/sim/design_1_xdma_0_0_pcie3_ip_gt_gtwizard_gthe3.v:2087]
WARNING: [VRFC 10-3091] actual bit length 1 differs from formal bit length 2 for port 'GTHE3_CHANNEL_CPLLLOCK' [C:/project/RTDS/DDR/RTDS_test_DDR4_64bit_batch_dev/RTDS_test_DDR4_64bit.ip_user_files/bd/design_1/ip/design_1_xdma_0_0/ip_0/ip_0/sim/design_1_xdma_0_0_pcie3_ip_gt_gtwizard_gthe3.v:2088]
WARNING: [VRFC 10-3091] actual bit length 1 differs from formal bit length 2 for port 'GTHE3_CHANNEL_CPLLREFCLKLOST' [C:/project/RTDS/DDR/RTDS_test_DDR4_64bit_batch_dev/RTDS_test_DDR4_64bit.ip_user_files/bd/design_1/ip/design_1_xdma_0_0/ip_0/ip_0/sim/design_1_xdma_0_0_pcie3_ip_gt_gtwizard_gthe3.v:2089]
WARNING: [VRFC 10-3091] actual bit length 17 differs from formal bit length 34 for port 'GTHE3_CHANNEL_DMONITOROUT' [C:/project/RTDS/DDR/RTDS_test_DDR4_64bit_batch_dev/RTDS_test_DDR4_64bit.ip_user_files/bd/design_1/ip/design_1_xdma_0_0/ip_0/ip_0/sim/design_1_xdma_0_0_pcie3_ip_gt_gtwizard_gthe3.v:2090]
WARNING: [VRFC 10-3091] actual bit length 16 differs from formal bit length 32 for port 'GTHE3_CHANNEL_DRPDO' [C:/project/RTDS/DDR/RTDS_test_DDR4_64bit_batch_dev/RTDS_test_DDR4_64bit.ip_user_files/bd/design_1/ip/design_1_xdma_0_0/ip_0/ip_0/sim/design_1_xdma_0_0_pcie3_ip_gt_gtwizard_gthe3.v:2091]
WARNING: [VRFC 10-3091] actual bit length 1 differs from formal bit length 2 for port 'GTHE3_CHANNEL_DRPRDY' [C:/project/RTDS/DDR/RTDS_test_DDR4_64bit_batch_dev/RTDS_test_DDR4_64bit.ip_user_files/bd/design_1/ip/design_1_xdma_0_0/ip_0/ip_0/sim/design_1_xdma_0_0_pcie3_ip_gt_gtwizard_gthe3.v:2092]
WARNING: [VRFC 10-3091] actual bit length 1 differs from formal bit length 2 for port 'GTHE3_CHANNEL_EYESCANDATAERROR' [C:/project/RTDS/DDR/RTDS_test_DDR4_64bit_batch_dev/RTDS_test_DDR4_64bit.ip_user_files/bd/design_1/ip/design_1_xdma_0_0/ip_0/ip_0/sim/design_1_xdma_0_0_pcie3_ip_gt_gtwizard_gthe3.v:2093]
WARNING: [VRFC 10-3091] actual bit length 1 differs from formal bit length 2 for port 'GTHE3_CHANNEL_GTHTXN' [C:/project/RTDS/DDR/RTDS_test_DDR4_64bit_batch_dev/RTDS_test_DDR4_64bit.ip_user_files/bd/design_1/ip/design_1_xdma_0_0/ip_0/ip_0/sim/design_1_xdma_0_0_pcie3_ip_gt_gtwizard_gthe3.v:2094]
WARNING: [VRFC 10-3091] actual bit length 1 differs from formal bit length 2 for port 'GTHE3_CHANNEL_GTHTXP' [C:/project/RTDS/DDR/RTDS_test_DDR4_64bit_batch_dev/RTDS_test_DDR4_64bit.ip_user_files/bd/design_1/ip/design_1_xdma_0_0/ip_0/ip_0/sim/design_1_xdma_0_0_pcie3_ip_gt_gtwizard_gthe3.v:2095]
WARNING: [VRFC 10-3091] actual bit length 1 differs from formal bit length 2 for port 'GTHE3_CHANNEL_GTPOWERGOOD' [C:/project/RTDS/DDR/RTDS_test_DDR4_64bit_batch_dev/RTDS_test_DDR4_64bit.ip_user_files/bd/design_1/ip/design_1_xdma_0_0/ip_0/ip_0/sim/design_1_xdma_0_0_pcie3_ip_gt_gtwizard_gthe3.v:2096]
WARNING: [VRFC 10-3091] actual bit length 1 differs from formal bit length 2 for port 'GTHE3_CHANNEL_GTREFCLKMONITOR' [C:/project/RTDS/DDR/RTDS_test_DDR4_64bit_batch_dev/RTDS_test_DDR4_64bit.ip_user_files/bd/design_1/ip/design_1_xdma_0_0/ip_0/ip_0/sim/design_1_xdma_0_0_pcie3_ip_gt_gtwizard_gthe3.v:2097]
WARNING: [VRFC 10-3091] actual bit length 1 differs from formal bit length 2 for port 'GTHE3_CHANNEL_PCIERATEGEN3' [C:/project/RTDS/DDR/RTDS_test_DDR4_64bit_batch_dev/RTDS_test_DDR4_64bit.ip_user_files/bd/design_1/ip/design_1_xdma_0_0/ip_0/ip_0/sim/design_1_xdma_0_0_pcie3_ip_gt_gtwizard_gthe3.v:2098]
WARNING: [VRFC 10-3091] actual bit length 1 differs from formal bit length 2 for port 'GTHE3_CHANNEL_PCIERATEIDLE' [C:/project/RTDS/DDR/RTDS_test_DDR4_64bit_batch_dev/RTDS_test_DDR4_64bit.ip_user_files/bd/design_1/ip/design_1_xdma_0_0/ip_0/ip_0/sim/design_1_xdma_0_0_pcie3_ip_gt_gtwizard_gthe3.v:2099]
WARNING: [VRFC 10-3091] actual bit length 2 differs from formal bit length 4 for port 'GTHE3_CHANNEL_PCIERATEQPLLPD' [C:/project/RTDS/DDR/RTDS_test_DDR4_64bit_batch_dev/RTDS_test_DDR4_64bit.ip_user_files/bd/design_1/ip/design_1_xdma_0_0/ip_0/ip_0/sim/design_1_xdma_0_0_pcie3_ip_gt_gtwizard_gthe3.v:2100]
WARNING: [VRFC 10-3091] actual bit length 2 differs from formal bit length 4 for port 'GTHE3_CHANNEL_PCIERATEQPLLRESET' [C:/project/RTDS/DDR/RTDS_test_DDR4_64bit_batch_dev/RTDS_test_DDR4_64bit.ip_user_files/bd/design_1/ip/design_1_xdma_0_0/ip_0/ip_0/sim/design_1_xdma_0_0_pcie3_ip_gt_gtwizard_gthe3.v:2101]
WARNING: [VRFC 10-3091] actual bit length 1 differs from formal bit length 2 for port 'GTHE3_CHANNEL_PCIESYNCTXSYNCDONE' [C:/project/RTDS/DDR/RTDS_test_DDR4_64bit_batch_dev/RTDS_test_DDR4_64bit.ip_user_files/bd/design_1/ip/design_1_xdma_0_0/ip_0/ip_0/sim/design_1_xdma_0_0_pcie3_ip_gt_gtwizard_gthe3.v:2102]
WARNING: [VRFC 10-3091] actual bit length 1 differs from formal bit length 2 for port 'GTHE3_CHANNEL_PCIEUSERGEN3RDY' [C:/project/RTDS/DDR/RTDS_test_DDR4_64bit_batch_dev/RTDS_test_DDR4_64bit.ip_user_files/bd/design_1/ip/design_1_xdma_0_0/ip_0/ip_0/sim/design_1_xdma_0_0_pcie3_ip_gt_gtwizard_gthe3.v:2103]
WARNING: [VRFC 10-3091] actual bit length 1 differs from formal bit length 2 for port 'GTHE3_CHANNEL_PCIEUSERPHYSTATUSRST' [C:/project/RTDS/DDR/RTDS_test_DDR4_64bit_batch_dev/RTDS_test_DDR4_64bit.ip_user_files/bd/design_1/ip/design_1_xdma_0_0/ip_0/ip_0/sim/design_1_xdma_0_0_pcie3_ip_gt_gtwizard_gthe3.v:2104]
WARNING: [VRFC 10-3091] actual bit length 1 differs from formal bit length 2 for port 'GTHE3_CHANNEL_PCIEUSERRATESTART' [C:/project/RTDS/DDR/RTDS_test_DDR4_64bit_batch_dev/RTDS_test_DDR4_64bit.ip_user_files/bd/design_1/ip/design_1_xdma_0_0/ip_0/ip_0/sim/design_1_xdma_0_0_pcie3_ip_gt_gtwizard_gthe3.v:2105]
WARNING: [VRFC 10-3091] actual bit length 12 differs from formal bit length 24 for port 'GTHE3_CHANNEL_PCSRSVDOUT' [C:/project/RTDS/DDR/RTDS_test_DDR4_64bit_batch_dev/RTDS_test_DDR4_64bit.ip_user_files/bd/design_1/ip/design_1_xdma_0_0/ip_0/ip_0/sim/design_1_xdma_0_0_pcie3_ip_gt_gtwizard_gthe3.v:2106]
WARNING: [VRFC 10-3091] actual bit length 1 differs from formal bit length 2 for port 'GTHE3_CHANNEL_PHYSTATUS' [C:/project/RTDS/DDR/RTDS_test_DDR4_64bit_batch_dev/RTDS_test_DDR4_64bit.ip_user_files/bd/design_1/ip/design_1_xdma_0_0/ip_0/ip_0/sim/design_1_xdma_0_0_pcie3_ip_gt_gtwizard_gthe3.v:2107]
WARNING: [VRFC 10-3091] actual bit length 8 differs from formal bit length 16 for port 'GTHE3_CHANNEL_PINRSRVDAS' [C:/project/RTDS/DDR/RTDS_test_DDR4_64bit_batch_dev/RTDS_test_DDR4_64bit.ip_user_files/bd/design_1/ip/design_1_xdma_0_0/ip_0/ip_0/sim/design_1_xdma_0_0_pcie3_ip_gt_gtwizard_gthe3.v:2108]
WARNING: [VRFC 10-3091] actual bit length 1 differs from formal bit length 2 for port 'GTHE3_CHANNEL_RESETEXCEPTION' [C:/project/RTDS/DDR/RTDS_test_DDR4_64bit_batch_dev/RTDS_test_DDR4_64bit.ip_user_files/bd/design_1/ip/design_1_xdma_0_0/ip_0/ip_0/sim/design_1_xdma_0_0_pcie3_ip_gt_gtwizard_gthe3.v:2109]
WARNING: [VRFC 10-3091] actual bit length 3 differs from formal bit length 6 for port 'GTHE3_CHANNEL_RXBUFSTATUS' [C:/project/RTDS/DDR/RTDS_test_DDR4_64bit_batch_dev/RTDS_test_DDR4_64bit.ip_user_files/bd/design_1/ip/design_1_xdma_0_0/ip_0/ip_0/sim/design_1_xdma_0_0_pcie3_ip_gt_gtwizard_gthe3.v:2110]
WARNING: [VRFC 10-3091] actual bit length 1 differs from formal bit length 2 for port 'GTHE3_CHANNEL_RXBYTEISALIGNED' [C:/project/RTDS/DDR/RTDS_test_DDR4_64bit_batch_dev/RTDS_test_DDR4_64bit.ip_user_files/bd/design_1/ip/design_1_xdma_0_0/ip_0/ip_0/sim/design_1_xdma_0_0_pcie3_ip_gt_gtwizard_gthe3.v:2111]
WARNING: [VRFC 10-3091] actual bit length 1 differs from formal bit length 2 for port 'GTHE3_CHANNEL_RXBYTEREALIGN' [C:/project/RTDS/DDR/RTDS_test_DDR4_64bit_batch_dev/RTDS_test_DDR4_64bit.ip_user_files/bd/design_1/ip/design_1_xdma_0_0/ip_0/ip_0/sim/design_1_xdma_0_0_pcie3_ip_gt_gtwizard_gthe3.v:2112]
WARNING: [VRFC 10-3091] actual bit length 1 differs from formal bit length 2 for port 'GTHE3_CHANNEL_RXCDRLOCK' [C:/project/RTDS/DDR/RTDS_test_DDR4_64bit_batch_dev/RTDS_test_DDR4_64bit.ip_user_files/bd/design_1/ip/design_1_xdma_0_0/ip_0/ip_0/sim/design_1_xdma_0_0_pcie3_ip_gt_gtwizard_gthe3.v:2113]
WARNING: [VRFC 10-3091] actual bit length 1 differs from formal bit length 2 for port 'GTHE3_CHANNEL_RXCDRPHDONE' [C:/project/RTDS/DDR/RTDS_test_DDR4_64bit_batch_dev/RTDS_test_DDR4_64bit.ip_user_files/bd/design_1/ip/design_1_xdma_0_0/ip_0/ip_0/sim/design_1_xdma_0_0_pcie3_ip_gt_gtwizard_gthe3.v:2114]
WARNING: [VRFC 10-3091] actual bit length 1 differs from formal bit length 2 for port 'GTHE3_CHANNEL_RXCHANBONDSEQ' [C:/project/RTDS/DDR/RTDS_test_DDR4_64bit_batch_dev/RTDS_test_DDR4_64bit.ip_user_files/bd/design_1/ip/design_1_xdma_0_0/ip_0/ip_0/sim/design_1_xdma_0_0_pcie3_ip_gt_gtwizard_gthe3.v:2115]
WARNING: [VRFC 10-3091] actual bit length 1 differs from formal bit length 2 for port 'GTHE3_CHANNEL_RXCHANISALIGNED' [C:/project/RTDS/DDR/RTDS_test_DDR4_64bit_batch_dev/RTDS_test_DDR4_64bit.ip_user_files/bd/design_1/ip/design_1_xdma_0_0/ip_0/ip_0/sim/design_1_xdma_0_0_pcie3_ip_gt_gtwizard_gthe3.v:2116]
WARNING: [VRFC 10-3091] actual bit length 1 differs from formal bit length 2 for port 'GTHE3_CHANNEL_RXCHANREALIGN' [C:/project/RTDS/DDR/RTDS_test_DDR4_64bit_batch_dev/RTDS_test_DDR4_64bit.ip_user_files/bd/design_1/ip/design_1_xdma_0_0/ip_0/ip_0/sim/design_1_xdma_0_0_pcie3_ip_gt_gtwizard_gthe3.v:2117]
WARNING: [VRFC 10-3091] actual bit length 5 differs from formal bit length 10 for port 'GTHE3_CHANNEL_RXCHBONDO' [C:/project/RTDS/DDR/RTDS_test_DDR4_64bit_batch_dev/RTDS_test_DDR4_64bit.ip_user_files/bd/design_1/ip/design_1_xdma_0_0/ip_0/ip_0/sim/design_1_xdma_0_0_pcie3_ip_gt_gtwizard_gthe3.v:2118]
WARNING: [VRFC 10-3091] actual bit length 2 differs from formal bit length 4 for port 'GTHE3_CHANNEL_RXCLKCORCNT' [C:/project/RTDS/DDR/RTDS_test_DDR4_64bit_batch_dev/RTDS_test_DDR4_64bit.ip_user_files/bd/design_1/ip/design_1_xdma_0_0/ip_0/ip_0/sim/design_1_xdma_0_0_pcie3_ip_gt_gtwizard_gthe3.v:2119]
WARNING: [VRFC 10-3091] actual bit length 1 differs from formal bit length 2 for port 'GTHE3_CHANNEL_RXCOMINITDET' [C:/project/RTDS/DDR/RTDS_test_DDR4_64bit_batch_dev/RTDS_test_DDR4_64bit.ip_user_files/bd/design_1/ip/design_1_xdma_0_0/ip_0/ip_0/sim/design_1_xdma_0_0_pcie3_ip_gt_gtwizard_gthe3.v:2120]
WARNING: [VRFC 10-3091] actual bit length 1 differs from formal bit length 2 for port 'GTHE3_CHANNEL_RXCOMMADET' [C:/project/RTDS/DDR/RTDS_test_DDR4_64bit_batch_dev/RTDS_test_DDR4_64bit.ip_user_files/bd/design_1/ip/design_1_xdma_0_0/ip_0/ip_0/sim/design_1_xdma_0_0_pcie3_ip_gt_gtwizard_gthe3.v:2121]
WARNING: [VRFC 10-3091] actual bit length 1 differs from formal bit length 2 for port 'GTHE3_CHANNEL_RXCOMSASDET' [C:/project/RTDS/DDR/RTDS_test_DDR4_64bit_batch_dev/RTDS_test_DDR4_64bit.ip_user_files/bd/design_1/ip/design_1_xdma_0_0/ip_0/ip_0/sim/design_1_xdma_0_0_pcie3_ip_gt_gtwizard_gthe3.v:2122]
WARNING: [VRFC 10-3091] actual bit length 1 differs from formal bit length 2 for port 'GTHE3_CHANNEL_RXCOMWAKEDET' [C:/project/RTDS/DDR/RTDS_test_DDR4_64bit_batch_dev/RTDS_test_DDR4_64bit.ip_user_files/bd/design_1/ip/design_1_xdma_0_0/ip_0/ip_0/sim/design_1_xdma_0_0_pcie3_ip_gt_gtwizard_gthe3.v:2123]
WARNING: [VRFC 10-3091] actual bit length 16 differs from formal bit length 32 for port 'GTHE3_CHANNEL_RXCTRL0' [C:/project/RTDS/DDR/RTDS_test_DDR4_64bit_batch_dev/RTDS_test_DDR4_64bit.ip_user_files/bd/design_1/ip/design_1_xdma_0_0/ip_0/ip_0/sim/design_1_xdma_0_0_pcie3_ip_gt_gtwizard_gthe3.v:2124]
WARNING: [VRFC 10-3091] actual bit length 16 differs from formal bit length 32 for port 'GTHE3_CHANNEL_RXCTRL1' [C:/project/RTDS/DDR/RTDS_test_DDR4_64bit_batch_dev/RTDS_test_DDR4_64bit.ip_user_files/bd/design_1/ip/design_1_xdma_0_0/ip_0/ip_0/sim/design_1_xdma_0_0_pcie3_ip_gt_gtwizard_gthe3.v:2125]
WARNING: [VRFC 10-3091] actual bit length 8 differs from formal bit length 16 for port 'GTHE3_CHANNEL_RXCTRL2' [C:/project/RTDS/DDR/RTDS_test_DDR4_64bit_batch_dev/RTDS_test_DDR4_64bit.ip_user_files/bd/design_1/ip/design_1_xdma_0_0/ip_0/ip_0/sim/design_1_xdma_0_0_pcie3_ip_gt_gtwizard_gthe3.v:2126]
WARNING: [VRFC 10-3091] actual bit length 8 differs from formal bit length 16 for port 'GTHE3_CHANNEL_RXCTRL3' [C:/project/RTDS/DDR/RTDS_test_DDR4_64bit_batch_dev/RTDS_test_DDR4_64bit.ip_user_files/bd/design_1/ip/design_1_xdma_0_0/ip_0/ip_0/sim/design_1_xdma_0_0_pcie3_ip_gt_gtwizard_gthe3.v:2127]
WARNING: [VRFC 10-3091] actual bit length 128 differs from formal bit length 256 for port 'GTHE3_CHANNEL_RXDATA' [C:/project/RTDS/DDR/RTDS_test_DDR4_64bit_batch_dev/RTDS_test_DDR4_64bit.ip_user_files/bd/design_1/ip/design_1_xdma_0_0/ip_0/ip_0/sim/design_1_xdma_0_0_pcie3_ip_gt_gtwizard_gthe3.v:2128]
WARNING: [VRFC 10-3091] actual bit length 8 differs from formal bit length 16 for port 'GTHE3_CHANNEL_RXDATAEXTENDRSVD' [C:/project/RTDS/DDR/RTDS_test_DDR4_64bit_batch_dev/RTDS_test_DDR4_64bit.ip_user_files/bd/design_1/ip/design_1_xdma_0_0/ip_0/ip_0/sim/design_1_xdma_0_0_pcie3_ip_gt_gtwizard_gthe3.v:2129]
WARNING: [VRFC 10-3091] actual bit length 2 differs from formal bit length 4 for port 'GTHE3_CHANNEL_RXDATAVALID' [C:/project/RTDS/DDR/RTDS_test_DDR4_64bit_batch_dev/RTDS_test_DDR4_64bit.ip_user_files/bd/design_1/ip/design_1_xdma_0_0/ip_0/ip_0/sim/design_1_xdma_0_0_pcie3_ip_gt_gtwizard_gthe3.v:2130]
WARNING: [VRFC 10-3091] actual bit length 1 differs from formal bit length 2 for port 'GTHE3_CHANNEL_RXDLYSRESETDONE' [C:/project/RTDS/DDR/RTDS_test_DDR4_64bit_batch_dev/RTDS_test_DDR4_64bit.ip_user_files/bd/design_1/ip/design_1_xdma_0_0/ip_0/ip_0/sim/design_1_xdma_0_0_pcie3_ip_gt_gtwizard_gthe3.v:2131]
WARNING: [VRFC 10-3091] actual bit length 1 differs from formal bit length 2 for port 'GTHE3_CHANNEL_RXELECIDLE' [C:/project/RTDS/DDR/RTDS_test_DDR4_64bit_batch_dev/RTDS_test_DDR4_64bit.ip_user_files/bd/design_1/ip/design_1_xdma_0_0/ip_0/ip_0/sim/design_1_xdma_0_0_pcie3_ip_gt_gtwizard_gthe3.v:2132]
WARNING: [VRFC 10-3091] actual bit length 6 differs from formal bit length 12 for port 'GTHE3_CHANNEL_RXHEADER' [C:/project/RTDS/DDR/RTDS_test_DDR4_64bit_batch_dev/RTDS_test_DDR4_64bit.ip_user_files/bd/design_1/ip/design_1_xdma_0_0/ip_0/ip_0/sim/design_1_xdma_0_0_pcie3_ip_gt_gtwizard_gthe3.v:2133]
WARNING: [VRFC 10-3091] actual bit length 2 differs from formal bit length 4 for port 'GTHE3_CHANNEL_RXHEADERVALID' [C:/project/RTDS/DDR/RTDS_test_DDR4_64bit_batch_dev/RTDS_test_DDR4_64bit.ip_user_files/bd/design_1/ip/design_1_xdma_0_0/ip_0/ip_0/sim/design_1_xdma_0_0_pcie3_ip_gt_gtwizard_gthe3.v:2134]
WARNING: [VRFC 10-3091] actual bit length 7 differs from formal bit length 14 for port 'GTHE3_CHANNEL_RXMONITOROUT' [C:/project/RTDS/DDR/RTDS_test_DDR4_64bit_batch_dev/RTDS_test_DDR4_64bit.ip_user_files/bd/design_1/ip/design_1_xdma_0_0/ip_0/ip_0/sim/design_1_xdma_0_0_pcie3_ip_gt_gtwizard_gthe3.v:2135]
WARNING: [VRFC 10-3091] actual bit length 1 differs from formal bit length 2 for port 'GTHE3_CHANNEL_RXOSINTDONE' [C:/project/RTDS/DDR/RTDS_test_DDR4_64bit_batch_dev/RTDS_test_DDR4_64bit.ip_user_files/bd/design_1/ip/design_1_xdma_0_0/ip_0/ip_0/sim/design_1_xdma_0_0_pcie3_ip_gt_gtwizard_gthe3.v:2136]
WARNING: [VRFC 10-3091] actual bit length 1 differs from formal bit length 2 for port 'GTHE3_CHANNEL_RXOSINTSTARTED' [C:/project/RTDS/DDR/RTDS_test_DDR4_64bit_batch_dev/RTDS_test_DDR4_64bit.ip_user_files/bd/design_1/ip/design_1_xdma_0_0/ip_0/ip_0/sim/design_1_xdma_0_0_pcie3_ip_gt_gtwizard_gthe3.v:2137]
WARNING: [VRFC 10-3091] actual bit length 1 differs from formal bit length 2 for port 'GTHE3_CHANNEL_RXOSINTSTROBEDONE' [C:/project/RTDS/DDR/RTDS_test_DDR4_64bit_batch_dev/RTDS_test_DDR4_64bit.ip_user_files/bd/design_1/ip/design_1_xdma_0_0/ip_0/ip_0/sim/design_1_xdma_0_0_pcie3_ip_gt_gtwizard_gthe3.v:2138]
WARNING: [VRFC 10-3091] actual bit length 1 differs from formal bit length 2 for port 'GTHE3_CHANNEL_RXOSINTSTROBESTARTED' [C:/project/RTDS/DDR/RTDS_test_DDR4_64bit_batch_dev/RTDS_test_DDR4_64bit.ip_user_files/bd/design_1/ip/design_1_xdma_0_0/ip_0/ip_0/sim/design_1_xdma_0_0_pcie3_ip_gt_gtwizard_gthe3.v:2139]
WARNING: [VRFC 10-3091] actual bit length 1 differs from formal bit length 2 for port 'GTHE3_CHANNEL_RXOUTCLK' [C:/project/RTDS/DDR/RTDS_test_DDR4_64bit_batch_dev/RTDS_test_DDR4_64bit.ip_user_files/bd/design_1/ip/design_1_xdma_0_0/ip_0/ip_0/sim/design_1_xdma_0_0_pcie3_ip_gt_gtwizard_gthe3.v:2140]
WARNING: [VRFC 10-3091] actual bit length 1 differs from formal bit length 2 for port 'GTHE3_CHANNEL_RXOUTCLKFABRIC' [C:/project/RTDS/DDR/RTDS_test_DDR4_64bit_batch_dev/RTDS_test_DDR4_64bit.ip_user_files/bd/design_1/ip/design_1_xdma_0_0/ip_0/ip_0/sim/design_1_xdma_0_0_pcie3_ip_gt_gtwizard_gthe3.v:2141]
WARNING: [VRFC 10-3091] actual bit length 1 differs from formal bit length 2 for port 'GTHE3_CHANNEL_RXOUTCLKPCS' [C:/project/RTDS/DDR/RTDS_test_DDR4_64bit_batch_dev/RTDS_test_DDR4_64bit.ip_user_files/bd/design_1/ip/design_1_xdma_0_0/ip_0/ip_0/sim/design_1_xdma_0_0_pcie3_ip_gt_gtwizard_gthe3.v:2142]
WARNING: [VRFC 10-3091] actual bit length 1 differs from formal bit length 2 for port 'GTHE3_CHANNEL_RXPHALIGNDONE' [C:/project/RTDS/DDR/RTDS_test_DDR4_64bit_batch_dev/RTDS_test_DDR4_64bit.ip_user_files/bd/design_1/ip/design_1_xdma_0_0/ip_0/ip_0/sim/design_1_xdma_0_0_pcie3_ip_gt_gtwizard_gthe3.v:2143]
WARNING: [VRFC 10-3091] actual bit length 1 differs from formal bit length 2 for port 'GTHE3_CHANNEL_RXPHALIGNERR' [C:/project/RTDS/DDR/RTDS_test_DDR4_64bit_batch_dev/RTDS_test_DDR4_64bit.ip_user_files/bd/design_1/ip/design_1_xdma_0_0/ip_0/ip_0/sim/design_1_xdma_0_0_pcie3_ip_gt_gtwizard_gthe3.v:2144]
WARNING: [VRFC 10-3091] actual bit length 1 differs from formal bit length 2 for port 'GTHE3_CHANNEL_RXPMARESETDONE' [C:/project/RTDS/DDR/RTDS_test_DDR4_64bit_batch_dev/RTDS_test_DDR4_64bit.ip_user_files/bd/design_1/ip/design_1_xdma_0_0/ip_0/ip_0/sim/design_1_xdma_0_0_pcie3_ip_gt_gtwizard_gthe3.v:2145]
WARNING: [VRFC 10-3091] actual bit length 1 differs from formal bit length 2 for port 'GTHE3_CHANNEL_RXPRBSERR' [C:/project/RTDS/DDR/RTDS_test_DDR4_64bit_batch_dev/RTDS_test_DDR4_64bit.ip_user_files/bd/design_1/ip/design_1_xdma_0_0/ip_0/ip_0/sim/design_1_xdma_0_0_pcie3_ip_gt_gtwizard_gthe3.v:2146]
WARNING: [VRFC 10-3091] actual bit length 1 differs from formal bit length 2 for port 'GTHE3_CHANNEL_RXPRBSLOCKED' [C:/project/RTDS/DDR/RTDS_test_DDR4_64bit_batch_dev/RTDS_test_DDR4_64bit.ip_user_files/bd/design_1/ip/design_1_xdma_0_0/ip_0/ip_0/sim/design_1_xdma_0_0_pcie3_ip_gt_gtwizard_gthe3.v:2147]
WARNING: [VRFC 10-3091] actual bit length 1 differs from formal bit length 2 for port 'GTHE3_CHANNEL_RXPRGDIVRESETDONE' [C:/project/RTDS/DDR/RTDS_test_DDR4_64bit_batch_dev/RTDS_test_DDR4_64bit.ip_user_files/bd/design_1/ip/design_1_xdma_0_0/ip_0/ip_0/sim/design_1_xdma_0_0_pcie3_ip_gt_gtwizard_gthe3.v:2148]
WARNING: [VRFC 10-3091] actual bit length 1 differs from formal bit length 2 for port 'GTHE3_CHANNEL_RXQPISENN' [C:/project/RTDS/DDR/RTDS_test_DDR4_64bit_batch_dev/RTDS_test_DDR4_64bit.ip_user_files/bd/design_1/ip/design_1_xdma_0_0/ip_0/ip_0/sim/design_1_xdma_0_0_pcie3_ip_gt_gtwizard_gthe3.v:2149]
WARNING: [VRFC 10-3091] actual bit length 1 differs from formal bit length 2 for port 'GTHE3_CHANNEL_RXQPISENP' [C:/project/RTDS/DDR/RTDS_test_DDR4_64bit_batch_dev/RTDS_test_DDR4_64bit.ip_user_files/bd/design_1/ip/design_1_xdma_0_0/ip_0/ip_0/sim/design_1_xdma_0_0_pcie3_ip_gt_gtwizard_gthe3.v:2150]
WARNING: [VRFC 10-3091] actual bit length 1 differs from formal bit length 2 for port 'GTHE3_CHANNEL_RXRATEDONE' [C:/project/RTDS/DDR/RTDS_test_DDR4_64bit_batch_dev/RTDS_test_DDR4_64bit.ip_user_files/bd/design_1/ip/design_1_xdma_0_0/ip_0/ip_0/sim/design_1_xdma_0_0_pcie3_ip_gt_gtwizard_gthe3.v:2151]
WARNING: [VRFC 10-3091] actual bit length 1 differs from formal bit length 2 for port 'GTHE3_CHANNEL_RXRECCLKOUT' [C:/project/RTDS/DDR/RTDS_test_DDR4_64bit_batch_dev/RTDS_test_DDR4_64bit.ip_user_files/bd/design_1/ip/design_1_xdma_0_0/ip_0/ip_0/sim/design_1_xdma_0_0_pcie3_ip_gt_gtwizard_gthe3.v:2152]
WARNING: [VRFC 10-3091] actual bit length 1 differs from formal bit length 2 for port 'GTHE3_CHANNEL_RXRESETDONE' [C:/project/RTDS/DDR/RTDS_test_DDR4_64bit_batch_dev/RTDS_test_DDR4_64bit.ip_user_files/bd/design_1/ip/design_1_xdma_0_0/ip_0/ip_0/sim/design_1_xdma_0_0_pcie3_ip_gt_gtwizard_gthe3.v:2153]
WARNING: [VRFC 10-3091] actual bit length 1 differs from formal bit length 2 for port 'GTHE3_CHANNEL_RXSLIDERDY' [C:/project/RTDS/DDR/RTDS_test_DDR4_64bit_batch_dev/RTDS_test_DDR4_64bit.ip_user_files/bd/design_1/ip/design_1_xdma_0_0/ip_0/ip_0/sim/design_1_xdma_0_0_pcie3_ip_gt_gtwizard_gthe3.v:2154]
WARNING: [VRFC 10-3091] actual bit length 1 differs from formal bit length 2 for port 'GTHE3_CHANNEL_RXSLIPDONE' [C:/project/RTDS/DDR/RTDS_test_DDR4_64bit_batch_dev/RTDS_test_DDR4_64bit.ip_user_files/bd/design_1/ip/design_1_xdma_0_0/ip_0/ip_0/sim/design_1_xdma_0_0_pcie3_ip_gt_gtwizard_gthe3.v:2155]
WARNING: [VRFC 10-3091] actual bit length 1 differs from formal bit length 2 for port 'GTHE3_CHANNEL_RXSLIPOUTCLKRDY' [C:/project/RTDS/DDR/RTDS_test_DDR4_64bit_batch_dev/RTDS_test_DDR4_64bit.ip_user_files/bd/design_1/ip/design_1_xdma_0_0/ip_0/ip_0/sim/design_1_xdma_0_0_pcie3_ip_gt_gtwizard_gthe3.v:2156]
WARNING: [VRFC 10-3091] actual bit length 1 differs from formal bit length 2 for port 'GTHE3_CHANNEL_RXSLIPPMARDY' [C:/project/RTDS/DDR/RTDS_test_DDR4_64bit_batch_dev/RTDS_test_DDR4_64bit.ip_user_files/bd/design_1/ip/design_1_xdma_0_0/ip_0/ip_0/sim/design_1_xdma_0_0_pcie3_ip_gt_gtwizard_gthe3.v:2157]
WARNING: [VRFC 10-3091] actual bit length 2 differs from formal bit length 4 for port 'GTHE3_CHANNEL_RXSTARTOFSEQ' [C:/project/RTDS/DDR/RTDS_test_DDR4_64bit_batch_dev/RTDS_test_DDR4_64bit.ip_user_files/bd/design_1/ip/design_1_xdma_0_0/ip_0/ip_0/sim/design_1_xdma_0_0_pcie3_ip_gt_gtwizard_gthe3.v:2158]
WARNING: [VRFC 10-3091] actual bit length 3 differs from formal bit length 6 for port 'GTHE3_CHANNEL_RXSTATUS' [C:/project/RTDS/DDR/RTDS_test_DDR4_64bit_batch_dev/RTDS_test_DDR4_64bit.ip_user_files/bd/design_1/ip/design_1_xdma_0_0/ip_0/ip_0/sim/design_1_xdma_0_0_pcie3_ip_gt_gtwizard_gthe3.v:2159]
WARNING: [VRFC 10-3091] actual bit length 1 differs from formal bit length 2 for port 'GTHE3_CHANNEL_RXSYNCDONE' [C:/project/RTDS/DDR/RTDS_test_DDR4_64bit_batch_dev/RTDS_test_DDR4_64bit.ip_user_files/bd/design_1/ip/design_1_xdma_0_0/ip_0/ip_0/sim/design_1_xdma_0_0_pcie3_ip_gt_gtwizard_gthe3.v:2160]
WARNING: [VRFC 10-3091] actual bit length 1 differs from formal bit length 2 for port 'GTHE3_CHANNEL_RXSYNCOUT' [C:/project/RTDS/DDR/RTDS_test_DDR4_64bit_batch_dev/RTDS_test_DDR4_64bit.ip_user_files/bd/design_1/ip/design_1_xdma_0_0/ip_0/ip_0/sim/design_1_xdma_0_0_pcie3_ip_gt_gtwizard_gthe3.v:2161]
WARNING: [VRFC 10-3091] actual bit length 1 differs from formal bit length 2 for port 'GTHE3_CHANNEL_RXVALID' [C:/project/RTDS/DDR/RTDS_test_DDR4_64bit_batch_dev/RTDS_test_DDR4_64bit.ip_user_files/bd/design_1/ip/design_1_xdma_0_0/ip_0/ip_0/sim/design_1_xdma_0_0_pcie3_ip_gt_gtwizard_gthe3.v:2162]
WARNING: [VRFC 10-3091] actual bit length 2 differs from formal bit length 4 for port 'GTHE3_CHANNEL_TXBUFSTATUS' [C:/project/RTDS/DDR/RTDS_test_DDR4_64bit_batch_dev/RTDS_test_DDR4_64bit.ip_user_files/bd/design_1/ip/design_1_xdma_0_0/ip_0/ip_0/sim/design_1_xdma_0_0_pcie3_ip_gt_gtwizard_gthe3.v:2163]
WARNING: [VRFC 10-3091] actual bit length 1 differs from formal bit length 2 for port 'GTHE3_CHANNEL_TXCOMFINISH' [C:/project/RTDS/DDR/RTDS_test_DDR4_64bit_batch_dev/RTDS_test_DDR4_64bit.ip_user_files/bd/design_1/ip/design_1_xdma_0_0/ip_0/ip_0/sim/design_1_xdma_0_0_pcie3_ip_gt_gtwizard_gthe3.v:2164]
WARNING: [VRFC 10-3091] actual bit length 1 differs from formal bit length 2 for port 'GTHE3_CHANNEL_TXDLYSRESETDONE' [C:/project/RTDS/DDR/RTDS_test_DDR4_64bit_batch_dev/RTDS_test_DDR4_64bit.ip_user_files/bd/design_1/ip/design_1_xdma_0_0/ip_0/ip_0/sim/design_1_xdma_0_0_pcie3_ip_gt_gtwizard_gthe3.v:2165]
WARNING: [VRFC 10-3091] actual bit length 1 differs from formal bit length 2 for port 'GTHE3_CHANNEL_TXOUTCLK' [C:/project/RTDS/DDR/RTDS_test_DDR4_64bit_batch_dev/RTDS_test_DDR4_64bit.ip_user_files/bd/design_1/ip/design_1_xdma_0_0/ip_0/ip_0/sim/design_1_xdma_0_0_pcie3_ip_gt_gtwizard_gthe3.v:2166]
WARNING: [VRFC 10-3091] actual bit length 1 differs from formal bit length 2 for port 'GTHE3_CHANNEL_TXOUTCLKFABRIC' [C:/project/RTDS/DDR/RTDS_test_DDR4_64bit_batch_dev/RTDS_test_DDR4_64bit.ip_user_files/bd/design_1/ip/design_1_xdma_0_0/ip_0/ip_0/sim/design_1_xdma_0_0_pcie3_ip_gt_gtwizard_gthe3.v:2167]
WARNING: [VRFC 10-3091] actual bit length 1 differs from formal bit length 2 for port 'GTHE3_CHANNEL_TXOUTCLKPCS' [C:/project/RTDS/DDR/RTDS_test_DDR4_64bit_batch_dev/RTDS_test_DDR4_64bit.ip_user_files/bd/design_1/ip/design_1_xdma_0_0/ip_0/ip_0/sim/design_1_xdma_0_0_pcie3_ip_gt_gtwizard_gthe3.v:2168]
WARNING: [VRFC 10-3091] actual bit length 1 differs from formal bit length 2 for port 'GTHE3_CHANNEL_TXPHALIGNDONE' [C:/project/RTDS/DDR/RTDS_test_DDR4_64bit_batch_dev/RTDS_test_DDR4_64bit.ip_user_files/bd/design_1/ip/design_1_xdma_0_0/ip_0/ip_0/sim/design_1_xdma_0_0_pcie3_ip_gt_gtwizard_gthe3.v:2169]
WARNING: [VRFC 10-3091] actual bit length 1 differs from formal bit length 2 for port 'GTHE3_CHANNEL_TXPHINITDONE' [C:/project/RTDS/DDR/RTDS_test_DDR4_64bit_batch_dev/RTDS_test_DDR4_64bit.ip_user_files/bd/design_1/ip/design_1_xdma_0_0/ip_0/ip_0/sim/design_1_xdma_0_0_pcie3_ip_gt_gtwizard_gthe3.v:2170]
WARNING: [VRFC 10-3091] actual bit length 1 differs from formal bit length 2 for port 'GTHE3_CHANNEL_TXPMARESETDONE' [C:/project/RTDS/DDR/RTDS_test_DDR4_64bit_batch_dev/RTDS_test_DDR4_64bit.ip_user_files/bd/design_1/ip/design_1_xdma_0_0/ip_0/ip_0/sim/design_1_xdma_0_0_pcie3_ip_gt_gtwizard_gthe3.v:2171]
WARNING: [VRFC 10-3091] actual bit length 1 differs from formal bit length 2 for port 'GTHE3_CHANNEL_TXPRGDIVRESETDONE' [C:/project/RTDS/DDR/RTDS_test_DDR4_64bit_batch_dev/RTDS_test_DDR4_64bit.ip_user_files/bd/design_1/ip/design_1_xdma_0_0/ip_0/ip_0/sim/design_1_xdma_0_0_pcie3_ip_gt_gtwizard_gthe3.v:2172]
WARNING: [VRFC 10-3091] actual bit length 1 differs from formal bit length 2 for port 'GTHE3_CHANNEL_TXQPISENN' [C:/project/RTDS/DDR/RTDS_test_DDR4_64bit_batch_dev/RTDS_test_DDR4_64bit.ip_user_files/bd/design_1/ip/design_1_xdma_0_0/ip_0/ip_0/sim/design_1_xdma_0_0_pcie3_ip_gt_gtwizard_gthe3.v:2173]
WARNING: [VRFC 10-3091] actual bit length 1 differs from formal bit length 2 for port 'GTHE3_CHANNEL_TXQPISENP' [C:/project/RTDS/DDR/RTDS_test_DDR4_64bit_batch_dev/RTDS_test_DDR4_64bit.ip_user_files/bd/design_1/ip/design_1_xdma_0_0/ip_0/ip_0/sim/design_1_xdma_0_0_pcie3_ip_gt_gtwizard_gthe3.v:2174]
WARNING: [VRFC 10-3091] actual bit length 1 differs from formal bit length 2 for port 'GTHE3_CHANNEL_TXRATEDONE' [C:/project/RTDS/DDR/RTDS_test_DDR4_64bit_batch_dev/RTDS_test_DDR4_64bit.ip_user_files/bd/design_1/ip/design_1_xdma_0_0/ip_0/ip_0/sim/design_1_xdma_0_0_pcie3_ip_gt_gtwizard_gthe3.v:2175]
WARNING: [VRFC 10-3091] actual bit length 1 differs from formal bit length 2 for port 'GTHE3_CHANNEL_TXRESETDONE' [C:/project/RTDS/DDR/RTDS_test_DDR4_64bit_batch_dev/RTDS_test_DDR4_64bit.ip_user_files/bd/design_1/ip/design_1_xdma_0_0/ip_0/ip_0/sim/design_1_xdma_0_0_pcie3_ip_gt_gtwizard_gthe3.v:2176]
WARNING: [VRFC 10-3091] actual bit length 1 differs from formal bit length 2 for port 'GTHE3_CHANNEL_TXSYNCDONE' [C:/project/RTDS/DDR/RTDS_test_DDR4_64bit_batch_dev/RTDS_test_DDR4_64bit.ip_user_files/bd/design_1/ip/design_1_xdma_0_0/ip_0/ip_0/sim/design_1_xdma_0_0_pcie3_ip_gt_gtwizard_gthe3.v:2177]
WARNING: [VRFC 10-3091] actual bit length 1 differs from formal bit length 2 for port 'GTHE3_CHANNEL_TXSYNCOUT' [C:/project/RTDS/DDR/RTDS_test_DDR4_64bit_batch_dev/RTDS_test_DDR4_64bit.ip_user_files/bd/design_1/ip/design_1_xdma_0_0/ip_0/ip_0/sim/design_1_xdma_0_0_pcie3_ip_gt_gtwizard_gthe3.v:2178]
WARNING: [VRFC 10-3091] actual bit length 2 differs from formal bit length 8 for port 'pci_exp_txn' [C:/project/RTDS/DDR/RTDS_test_DDR4_64bit_batch_dev/regression/sim_xdma_rootport/vendor/xdma_rp_2020_2/xilinx_pcie_uscale_rp.v:298]
WARNING: [VRFC 10-3091] actual bit length 2 differs from formal bit length 8 for port 'pci_exp_txp' [C:/project/RTDS/DDR/RTDS_test_DDR4_64bit_batch_dev/regression/sim_xdma_rootport/vendor/xdma_rp_2020_2/xilinx_pcie_uscale_rp.v:299]
WARNING: [VRFC 10-3091] actual bit length 2 differs from formal bit length 8 for port 'pci_exp_rxn' [C:/project/RTDS/DDR/RTDS_test_DDR4_64bit_batch_dev/regression/sim_xdma_rootport/vendor/xdma_rp_2020_2/xilinx_pcie_uscale_rp.v:300]
WARNING: [VRFC 10-3091] actual bit length 2 differs from formal bit length 8 for port 'pci_exp_rxp' [C:/project/RTDS/DDR/RTDS_test_DDR4_64bit_batch_dev/regression/sim_xdma_rootport/vendor/xdma_rp_2020_2/xilinx_pcie_uscale_rp.v:301]
WARNING: [VRFC 10-5021] port 'aclk2x' is not connected on this instance [c:/project/RTDS/pcie_07/RTDS_test-1ch/RTDS_test-1ch/RTDS_test.srcs/sources_1/bd/design_1/ipshared/bc0a/hdl/axi_crossbar_v2_1_vl_rfs.v:3103]
WARNING: [VRFC 10-5021] port 'cfg_fc_vc_sel' is not connected on this instance [C:/project/RTDS/DDR/RTDS_test_DDR4_64bit_batch_dev/RTDS_test_DDR4_64bit.ip_user_files/bd/design_1/ip/design_1_xdma_0_0/sim/design_1_xdma_0_0.sv:279]
WARNING: [VRFC 10-3027] 'cfg_max_payload' was previously declared with a different range [C:/project/RTDS/DDR/RTDS_test_DDR4_64bit_batch_dev/RTDS_test_DDR4_64bit.ip_user_files/bd/design_1/ip/design_1_xdma_0_0/xdma_v4_1/hdl/verilog/design_1_xdma_0_0_core_top.sv:3717]
WARNING: [VRFC 10-3705] select index 1 into 'h2c_dat_bram_in' is out of bounds [c:/project/RTDS/pcie_07/RTDS_test-1ch/RTDS_test-1ch/RTDS_test.srcs/sources_1/bd/design_1/ipshared/cc3e/hdl/xdma_v4_1_vl_rfs.sv:41959]
WARNING: [VRFC 10-3705] select index 1 into 'h2c_dat_bram_in' is out of bounds [c:/project/RTDS/pcie_07/RTDS_test-1ch/RTDS_test-1ch/RTDS_test.srcs/sources_1/bd/design_1/ipshared/cc3e/hdl/xdma_v4_1_vl_rfs.sv:41960]
WARNING: [VRFC 10-3705] select index 1 into 'h2c_dat_bram_out' is out of bounds [c:/project/RTDS/pcie_07/RTDS_test-1ch/RTDS_test-1ch/RTDS_test.srcs/sources_1/bd/design_1/ipshared/cc3e/hdl/xdma_v4_1_vl_rfs.sv:41961]
WARNING: [VRFC 10-3705] select index 1 into 'h2c_dat_bram_out' is out of bounds [c:/project/RTDS/pcie_07/RTDS_test-1ch/RTDS_test-1ch/RTDS_test.srcs/sources_1/bd/design_1/ipshared/cc3e/hdl/xdma_v4_1_vl_rfs.sv:41962]
WARNING: [VRFC 10-3705] select index 1 into 'h2c_dat_bram_cmd_out' is out of bounds [c:/project/RTDS/pcie_07/RTDS_test-1ch/RTDS_test-1ch/RTDS_test.srcs/sources_1/bd/design_1/ipshared/cc3e/hdl/xdma_v4_1_vl_rfs.sv:41963]
WARNING: [VRFC 10-3705] select index 1 into 'h2c_dat_bram_cmd_out' is out of bounds [c:/project/RTDS/pcie_07/RTDS_test-1ch/RTDS_test-1ch/RTDS_test.srcs/sources_1/bd/design_1/ipshared/cc3e/hdl/xdma_v4_1_vl_rfs.sv:41964]
WARNING: [VRFC 10-3705] select index 1 into 'h2c_dat_bram_cmd_out' is out of bounds [c:/project/RTDS/pcie_07/RTDS_test-1ch/RTDS_test-1ch/RTDS_test.srcs/sources_1/bd/design_1/ipshared/cc3e/hdl/xdma_v4_1_vl_rfs.sv:41966]
WARNING: [VRFC 10-3705] select index 2 into 'h2c_dat_bram_in' is out of bounds [c:/project/RTDS/pcie_07/RTDS_test-1ch/RTDS_test-1ch/RTDS_test.srcs/sources_1/bd/design_1/ipshared/cc3e/hdl/xdma_v4_1_vl_rfs.sv:41968]
WARNING: [VRFC 10-3705] select index 2 into 'h2c_dat_bram_in' is out of bounds [c:/project/RTDS/pcie_07/RTDS_test-1ch/RTDS_test-1ch/RTDS_test.srcs/sources_1/bd/design_1/ipshared/cc3e/hdl/xdma_v4_1_vl_rfs.sv:41969]
WARNING: [VRFC 10-3705] select index 2 into 'h2c_dat_bram_out' is out of bounds [c:/project/RTDS/pcie_07/RTDS_test-1ch/RTDS_test-1ch/RTDS_test.srcs/sources_1/bd/design_1/ipshared/cc3e/hdl/xdma_v4_1_vl_rfs.sv:41970]
WARNING: [VRFC 10-3705] select index 2 into 'h2c_dat_bram_out' is out of bounds [c:/project/RTDS/pcie_07/RTDS_test-1ch/RTDS_test-1ch/RTDS_test.srcs/sources_1/bd/design_1/ipshared/cc3e/hdl/xdma_v4_1_vl_rfs.sv:41971]
WARNING: [VRFC 10-3705] select index 2 into 'h2c_dat_bram_cmd_out' is out of bounds [c:/project/RTDS/pcie_07/RTDS_test-1ch/RTDS_test-1ch/RTDS_test.srcs/sources_1/bd/design_1/ipshared/cc3e/hdl/xdma_v4_1_vl_rfs.sv:41972]
WARNING: [VRFC 10-3705] select index 2 into 'h2c_dat_bram_cmd_out' is out of bounds [c:/project/RTDS/pcie_07/RTDS_test-1ch/RTDS_test-1ch/RTDS_test.srcs/sources_1/bd/design_1/ipshared/cc3e/hdl/xdma_v4_1_vl_rfs.sv:41973]
WARNING: [VRFC 10-3705] select index 2 into 'h2c_dat_bram_cmd_out' is out of bounds [c:/project/RTDS/pcie_07/RTDS_test-1ch/RTDS_test-1ch/RTDS_test.srcs/sources_1/bd/design_1/ipshared/cc3e/hdl/xdma_v4_1_vl_rfs.sv:41975]
WARNING: [VRFC 10-3705] select index 3 into 'h2c_dat_bram_in' is out of bounds [c:/project/RTDS/pcie_07/RTDS_test-1ch/RTDS_test-1ch/RTDS_test.srcs/sources_1/bd/design_1/ipshared/cc3e/hdl/xdma_v4_1_vl_rfs.sv:41977]
WARNING: [VRFC 10-3705] select index 3 into 'h2c_dat_bram_in' is out of bounds [c:/project/RTDS/pcie_07/RTDS_test-1ch/RTDS_test-1ch/RTDS_test.srcs/sources_1/bd/design_1/ipshared/cc3e/hdl/xdma_v4_1_vl_rfs.sv:41978]
WARNING: [VRFC 10-3705] select index 3 into 'h2c_dat_bram_out' is out of bounds [c:/project/RTDS/pcie_07/RTDS_test-1ch/RTDS_test-1ch/RTDS_test.srcs/sources_1/bd/design_1/ipshared/cc3e/hdl/xdma_v4_1_vl_rfs.sv:41979]
WARNING: [VRFC 10-3705] select index 3 into 'h2c_dat_bram_out' is out of bounds [c:/project/RTDS/pcie_07/RTDS_test-1ch/RTDS_test-1ch/RTDS_test.srcs/sources_1/bd/design_1/ipshared/cc3e/hdl/xdma_v4_1_vl_rfs.sv:41980]
WARNING: [VRFC 10-3705] select index 3 into 'h2c_dat_bram_cmd_out' is out of bounds [c:/project/RTDS/pcie_07/RTDS_test-1ch/RTDS_test-1ch/RTDS_test.srcs/sources_1/bd/design_1/ipshared/cc3e/hdl/xdma_v4_1_vl_rfs.sv:41981]
WARNING: [VRFC 10-3705] select index 3 into 'h2c_dat_bram_cmd_out' is out of bounds [c:/project/RTDS/pcie_07/RTDS_test-1ch/RTDS_test-1ch/RTDS_test.srcs/sources_1/bd/design_1/ipshared/cc3e/hdl/xdma_v4_1_vl_rfs.sv:41982]
WARNING: [VRFC 10-3705] select index 3 into 'h2c_dat_bram_cmd_out' is out of bounds [c:/project/RTDS/pcie_07/RTDS_test-1ch/RTDS_test-1ch/RTDS_test.srcs/sources_1/bd/design_1/ipshared/cc3e/hdl/xdma_v4_1_vl_rfs.sv:41984]
WARNING: [VRFC 10-3705] select index 1 into 'c2h_dat_bram_in' is out of bounds [c:/project/RTDS/pcie_07/RTDS_test-1ch/RTDS_test-1ch/RTDS_test.srcs/sources_1/bd/design_1/ipshared/cc3e/hdl/xdma_v4_1_vl_rfs.sv:41995]
WARNING: [VRFC 10-3705] select index 1 into 'c2h_dat_bram_in' is out of bounds [c:/project/RTDS/pcie_07/RTDS_test-1ch/RTDS_test-1ch/RTDS_test.srcs/sources_1/bd/design_1/ipshared/cc3e/hdl/xdma_v4_1_vl_rfs.sv:41996]
WARNING: [VRFC 10-3705] select index 1 into 'c2h_dat_bram_out' is out of bounds [c:/project/RTDS/pcie_07/RTDS_test-1ch/RTDS_test-1ch/RTDS_test.srcs/sources_1/bd/design_1/ipshared/cc3e/hdl/xdma_v4_1_vl_rfs.sv:41997]
WARNING: [VRFC 10-3705] select index 1 into 'c2h_dat_bram_out' is out of bounds [c:/project/RTDS/pcie_07/RTDS_test-1ch/RTDS_test-1ch/RTDS_test.srcs/sources_1/bd/design_1/ipshared/cc3e/hdl/xdma_v4_1_vl_rfs.sv:41998]
WARNING: [VRFC 10-3705] select index 1 into 'c2h_dat_bram_cmd_out' is out of bounds [c:/project/RTDS/pcie_07/RTDS_test-1ch/RTDS_test-1ch/RTDS_test.srcs/sources_1/bd/design_1/ipshared/cc3e/hdl/xdma_v4_1_vl_rfs.sv:41999]
WARNING: [VRFC 10-3705] select index 1 into 'c2h_dat_bram_cmd_out' is out of bounds [c:/project/RTDS/pcie_07/RTDS_test-1ch/RTDS_test-1ch/RTDS_test.srcs/sources_1/bd/design_1/ipshared/cc3e/hdl/xdma_v4_1_vl_rfs.sv:42000]
WARNING: [VRFC 10-3705] select index 1 into 'c2h_dat_bram_cmd_out' is out of bounds [c:/project/RTDS/pcie_07/RTDS_test-1ch/RTDS_test-1ch/RTDS_test.srcs/sources_1/bd/design_1/ipshared/cc3e/hdl/xdma_v4_1_vl_rfs.sv:42002]
WARNING: [VRFC 10-3705] select index 2 into 'c2h_dat_bram_in' is out of bounds [c:/project/RTDS/pcie_07/RTDS_test-1ch/RTDS_test-1ch/RTDS_test.srcs/sources_1/bd/design_1/ipshared/cc3e/hdl/xdma_v4_1_vl_rfs.sv:42004]
WARNING: [VRFC 10-3705] select index 2 into 'c2h_dat_bram_in' is out of bounds [c:/project/RTDS/pcie_07/RTDS_test-1ch/RTDS_test-1ch/RTDS_test.srcs/sources_1/bd/design_1/ipshared/cc3e/hdl/xdma_v4_1_vl_rfs.sv:42005]
WARNING: [VRFC 10-3705] select index 2 into 'c2h_dat_bram_out' is out of bounds [c:/project/RTDS/pcie_07/RTDS_test-1ch/RTDS_test-1ch/RTDS_test.srcs/sources_1/bd/design_1/ipshared/cc3e/hdl/xdma_v4_1_vl_rfs.sv:42006]
WARNING: [VRFC 10-3705] select index 2 into 'c2h_dat_bram_out' is out of bounds [c:/project/RTDS/pcie_07/RTDS_test-1ch/RTDS_test-1ch/RTDS_test.srcs/sources_1/bd/design_1/ipshared/cc3e/hdl/xdma_v4_1_vl_rfs.sv:42007]
WARNING: [VRFC 10-3705] select index 2 into 'c2h_dat_bram_cmd_out' is out of bounds [c:/project/RTDS/pcie_07/RTDS_test-1ch/RTDS_test-1ch/RTDS_test.srcs/sources_1/bd/design_1/ipshared/cc3e/hdl/xdma_v4_1_vl_rfs.sv:42008]
WARNING: [VRFC 10-3705] select index 2 into 'c2h_dat_bram_cmd_out' is out of bounds [c:/project/RTDS/pcie_07/RTDS_test-1ch/RTDS_test-1ch/RTDS_test.srcs/sources_1/bd/design_1/ipshared/cc3e/hdl/xdma_v4_1_vl_rfs.sv:42009]
WARNING: [VRFC 10-3705] select index 2 into 'c2h_dat_bram_cmd_out' is out of bounds [c:/project/RTDS/pcie_07/RTDS_test-1ch/RTDS_test-1ch/RTDS_test.srcs/sources_1/bd/design_1/ipshared/cc3e/hdl/xdma_v4_1_vl_rfs.sv:42011]
WARNING: [VRFC 10-3705] select index 3 into 'c2h_dat_bram_in' is out of bounds [c:/project/RTDS/pcie_07/RTDS_test-1ch/RTDS_test-1ch/RTDS_test.srcs/sources_1/bd/design_1/ipshared/cc3e/hdl/xdma_v4_1_vl_rfs.sv:42013]
WARNING: [VRFC 10-3705] select index 3 into 'c2h_dat_bram_in' is out of bounds [c:/project/RTDS/pcie_07/RTDS_test-1ch/RTDS_test-1ch/RTDS_test.srcs/sources_1/bd/design_1/ipshared/cc3e/hdl/xdma_v4_1_vl_rfs.sv:42014]
WARNING: [VRFC 10-3705] select index 3 into 'c2h_dat_bram_out' is out of bounds [c:/project/RTDS/pcie_07/RTDS_test-1ch/RTDS_test-1ch/RTDS_test.srcs/sources_1/bd/design_1/ipshared/cc3e/hdl/xdma_v4_1_vl_rfs.sv:42015]
WARNING: [VRFC 10-3705] select index 3 into 'c2h_dat_bram_out' is out of bounds [c:/project/RTDS/pcie_07/RTDS_test-1ch/RTDS_test-1ch/RTDS_test.srcs/sources_1/bd/design_1/ipshared/cc3e/hdl/xdma_v4_1_vl_rfs.sv:42016]
WARNING: [VRFC 10-3705] select index 3 into 'c2h_dat_bram_cmd_out' is out of bounds [c:/project/RTDS/pcie_07/RTDS_test-1ch/RTDS_test-1ch/RTDS_test.srcs/sources_1/bd/design_1/ipshared/cc3e/hdl/xdma_v4_1_vl_rfs.sv:42017]
WARNING: [VRFC 10-3705] select index 3 into 'c2h_dat_bram_cmd_out' is out of bounds [c:/project/RTDS/pcie_07/RTDS_test-1ch/RTDS_test-1ch/RTDS_test.srcs/sources_1/bd/design_1/ipshared/cc3e/hdl/xdma_v4_1_vl_rfs.sv:42018]
WARNING: [VRFC 10-3705] select index 3 into 'c2h_dat_bram_cmd_out' is out of bounds [c:/project/RTDS/pcie_07/RTDS_test-1ch/RTDS_test-1ch/RTDS_test.srcs/sources_1/bd/design_1/ipshared/cc3e/hdl/xdma_v4_1_vl_rfs.sv:42020]
WARNING: [VRFC 10-3705] select index 119 into 's_axis_cq_tuser' is out of bounds [c:/project/RTDS/pcie_07/RTDS_test-1ch/RTDS_test-1ch/RTDS_test.srcs/sources_1/bd/design_1/ipshared/cc3e/hdl/xdma_v4_1_vl_rfs.sv:28417]
Completed static elaboration
Starting simulation data flow analysis
WARNING: [XSIM 43-4328] File: C:/project/RTDS/DDR/RTDS_test_DDR4_64bit_batch_dev/regression/sim_xdma_rootport/vendor/xdma_rp_2020_2/pci_exp_usrapp_tx.v Line: 3158 : Sensitivity on input argument "timeout" of task "TSK_SIMULATION_TIMEOUT" may never get triggered.
Completed simulation data flow analysis
Time Resolution for simulation is 1ps
Compiling package std.standard
Compiling package std.textio
Compiling package ieee.std_logic_1164
Compiling package ieee.numeric_std
Compiling package unisim.vcomponents
Compiling package ieee.std_logic_arith
Compiling package ieee.std_logic_unsigned
Compiling package ieee.vital_timing
Compiling package ieee.vital_primitives
Compiling package unisim.vpkg
Compiling package xil_defaultlib.rtds_rootport_pkg
Compiling package xil_defaultlib.$unit_design_1_xdma_0_0_dma_bram...
Compiling package xdma_v4_1_8.$unit_xdma_v4_1_vl_rfs_sv
Compiling module xil_defaultlib.sys_clk_gen
Compiling module xil_defaultlib.sys_clk_gen_ds(halfcycle=5000)
Compiling module xpm.xpm_cdc_single(DEST_SYNC_FF=2,SR...
Compiling module xpm.xpm_cdc_sync_rst(DEST_SYNC_FF=2,...
Compiling module xpm.xpm_fifo_rst(COMMON_CLOCK=0)
Compiling module xpm.xpm_fifo_reg_bit
Compiling module xpm.xpm_counter_updn(COUNTER_WIDTH=1...
Compiling module xpm.xpm_counter_updn(COUNTER_WIDTH=9...
Compiling module xpm.xpm_memory_base(MEMORY_TYPE=1,ME...
Compiling module xpm.xpm_cdc_gray(DEST_SYNC_FF=2,INIT...
Compiling module xpm.xpm_fifo_reg_vec(REG_WIDTH=9)
Compiling module xpm.xpm_cdc_gray(INIT_SYNC_FF=1,WIDT...
Compiling module xpm.xpm_fifo_reg_vec(REG_WIDTH=10)
Compiling module xpm.xpm_cdc_gray(DEST_SYNC_FF=2,INIT...
Compiling module xpm.xpm_counter_updn(COUNTER_WIDTH=2...
Compiling module xpm.xpm_fifo_base(COMMON_CLOCK=0,FIF...
Compiling module xpm.xpm_fifo_async(FIFO_WRITE_DEPTH=...
Compiling module xil_defaultlib.fdma_aurora_brg_tx(MEM_WINDOW_BY...
Compiling module xpm.xpm_cdc_async_rst(INIT_SYNC_FF=1...
Compiling module xil_defaultlib.RTDS_FPGA_RESET_SYNC
Compiling module xpm.xpm_cdc_gray(DEST_SYNC_FF=2,INIT...
Compiling module xil_defaultlib.RTDS_FPGA_COUNT_CDC
Compiling module xpm.xpm_counter_updn(COUNTER_WIDTH=1...
Compiling module xpm.xpm_counter_updn(COUNTER_WIDTH=1...
Compiling module xpm.xpm_memory_base(MEMORY_TYPE=1,ME...
Compiling module xpm.xpm_cdc_gray(DEST_SYNC_FF=2,INIT...
Compiling module xpm.xpm_fifo_reg_vec(REG_WIDTH=11)
Compiling module xpm.xpm_cdc_gray(INIT_SYNC_FF=1,WIDT...
Compiling module xpm.xpm_fifo_reg_vec(REG_WIDTH=12)
Compiling module xpm.xpm_cdc_gray(DEST_SYNC_FF=2,INIT...
Compiling module xpm.xpm_fifo_base(COMMON_CLOCK=0,FIF...
Compiling module xpm.xpm_fifo_async(FIFO_MEMORY_TYPE=...
Compiling module xil_defaultlib.RTDS_RX_FRAME_FIFO
Compiling module xil_defaultlib.RTDS_RX_BLOCK_WRITER(PERIOD_CYCL...
Compiling module xil_defaultlib.pcie_fdma_aurora_brg_adapter(ACT...
Compiling module xil_defaultlib.ila_FDMA
Compiling module xil_defaultlib.conv_dma_axi_monitor
Compiling module xil_defaultlib.CONV_DMA_default
Compiling module xil_defaultlib.design_1_CONV_DMA_0_0
Compiling module xil_defaultlib.INFO_EXCH_default
Compiling module xil_defaultlib.design_1_INFO_EXCH_0_0
Compiling module xil_defaultlib.m00_couplers_imp_1CA5Z32
Compiling module xil_defaultlib.s00_couplers_imp_O7FAN0
Compiling module fifo_generator_v13_2_5.fifo_generator_v13_2_5_sync_stag...
Compiling module fifo_generator_v13_2_5.fifo_generator_v13_2_5_bhv_ver_a...
Compiling module fifo_generator_v13_2_5.fifo_generator_v13_2_5_bhv_ver_p...
Compiling module fifo_generator_v13_2_5.fifo_generator_v13_2_5_CONV_VER(...
Compiling module fifo_generator_v13_2_5.fifo_generator_vlog_beh(C_DATA_C...
Compiling module fifo_generator_v13_2_5.fifo_generator_v13_2_5_bhv_ver_a...
Compiling module fifo_generator_v13_2_5.fifo_generator_v13_2_5_bhv_ver_p...
Compiling module fifo_generator_v13_2_5.fifo_generator_v13_2_5_CONV_VER(...
Compiling module fifo_generator_v13_2_5.fifo_generator_vlog_beh(C_DATA_C...
Compiling module fifo_generator_v13_2_5.fifo_generator_v13_2_5_bhv_ver_a...
Compiling module fifo_generator_v13_2_5.fifo_generator_v13_2_5_bhv_ver_p...
Compiling module fifo_generator_v13_2_5.fifo_generator_v13_2_5_CONV_VER(...
Compiling module fifo_generator_v13_2_5.fifo_generator_vlog_beh(C_DATA_C...
Compiling module fifo_generator_v13_2_5.fifo_generator_vlog_beh(C_DATA_C...
Compiling module fifo_generator_v13_2_5.fifo_generator_v13_2_5_bhv_ver_a...
Compiling module fifo_generator_v13_2_5.fifo_generator_v13_2_5_bhv_ver_p...
Compiling module fifo_generator_v13_2_5.fifo_generator_v13_2_5_CONV_VER(...
Compiling module fifo_generator_v13_2_5.fifo_generator_vlog_beh(C_DATA_C...
Compiling module axi_clock_converter_v2_1_21.axi_clock_converter_v2_1_21_axi_...
Compiling module xil_defaultlib.design_1_auto_cc_0
Compiling module xil_defaultlib.s01_couplers_imp_1F69D31
Compiling module generic_baseblocks_v2_1_0.generic_baseblocks_v2_1_0_carry_...
Compiling module generic_baseblocks_v2_1_0.generic_baseblocks_v2_1_0_compar...
Compiling module axi_crossbar_v2_1_23.axi_crossbar_v2_1_23_addr_decode...
Compiling module axi_crossbar_v2_1_23.axi_crossbar_v2_1_23_arbiter_res...
Compiling module generic_baseblocks_v2_1_0.generic_baseblocks_v2_1_0_mux_en...
Compiling module axi_data_fifo_v2_1_21.axi_data_fifo_v2_1_21_ndeep_srl(...
Compiling module axi_data_fifo_v2_1_21.axi_data_fifo_v2_1_21_axic_srl_f...
Compiling module axi_crossbar_v2_1_23.axi_crossbar_v2_1_23_si_transact...
Compiling module generic_baseblocks_v2_1_0.generic_baseblocks_v2_1_0_mux_en...
Compiling module axi_crossbar_v2_1_23.axi_crossbar_v2_1_23_si_transact...
Compiling module axi_crossbar_v2_1_23.axi_crossbar_v2_1_23_splitter
Compiling module axi_data_fifo_v2_1_21.axi_data_fifo_v2_1_21_axic_reg_s...
Compiling module axi_crossbar_v2_1_23.axi_crossbar_v2_1_23_wdata_route...
Compiling module axi_data_fifo_v2_1_21.axi_data_fifo_v2_1_21_ndeep_srl(...
Compiling module axi_data_fifo_v2_1_21.axi_data_fifo_v2_1_21_axic_srl_f...
Compiling module axi_crossbar_v2_1_23.axi_crossbar_v2_1_23_si_transact...
Compiling module axi_crossbar_v2_1_23.axi_crossbar_v2_1_23_si_transact...
Compiling module axi_data_fifo_v2_1_21.axi_data_fifo_v2_1_21_ndeep_srl(...
Compiling module axi_data_fifo_v2_1_21.axi_data_fifo_v2_1_21_axic_reg_s...
Compiling module axi_crossbar_v2_1_23.axi_crossbar_v2_1_23_wdata_route...
Compiling module axi_crossbar_v2_1_23.axi_crossbar_v2_1_23_addr_decode...
Compiling module axi_data_fifo_v2_1_21.axi_data_fifo_v2_1_21_axic_reg_s...
Compiling module generic_baseblocks_v2_1_0.generic_baseblocks_v2_1_0_mux_en...
Compiling module axi_crossbar_v2_1_23.axi_crossbar_v2_1_23_wdata_mux(C...
Compiling module axi_data_fifo_v2_1_21.axi_data_fifo_v2_1_21_axic_srl_f...
Compiling module axi_infrastructure_v1_1_0.axi_infrastructure_v1_1_0_axi2ve...
Compiling module axi_infrastructure_v1_1_0.axi_infrastructure_v1_1_0_vector...
Compiling module axi_register_slice_v2_1_22.axi_register_slice_v2_1_22_axic_...
Compiling module axi_register_slice_v2_1_22.axi_register_slice_v2_1_22_axic_...
Compiling module axi_register_slice_v2_1_22.axi_register_slice_v2_1_22_axic_...
Compiling module axi_register_slice_v2_1_22.axi_register_slice_v2_1_22_axic_...
Compiling module axi_register_slice_v2_1_22.axi_register_slice_v2_1_22_axi_r...
Compiling module axi_data_fifo_v2_1_21.axi_data_fifo_v2_1_21_axic_reg_s...
Compiling module axi_crossbar_v2_1_23.axi_crossbar_v2_1_23_wdata_mux(C...
Compiling module axi_data_fifo_v2_1_21.axi_data_fifo_v2_1_21_axic_srl_f...
Compiling module generic_baseblocks_v2_1_0.generic_baseblocks_v2_1_0_mux_en...
Compiling module generic_baseblocks_v2_1_0.generic_baseblocks_v2_1_0_mux_en...
Compiling module axi_crossbar_v2_1_23.axi_crossbar_v2_1_23_addr_arbite...
Compiling module axi_crossbar_v2_1_23.axi_crossbar_v2_1_23_decerr_slav...
Compiling module axi_crossbar_v2_1_23.axi_crossbar_v2_1_23_crossbar(C_...
Compiling module axi_crossbar_v2_1_23.axi_crossbar_v2_1_23_axi_crossba...
Compiling module xil_defaultlib.design_1_xbar_0
Compiling module xil_defaultlib.design_1_axi_interconnect_0_1
Compiling module axi_infrastructure_v1_1_0.axi_infrastructure_v1_1_0_axi2ve...
Compiling module xpm.xpm_cdc_single(DEST_SYNC_FF=3,SR...
Compiling module xpm.xpm_cdc_handshake(DEST_SYNC_FF=3...
Compiling module axi_clock_converter_v2_1_21.axi_clock_converter_v2_1_21_lite...
Compiling module xpm.xpm_cdc_handshake(DEST_SYNC_FF=3...
Compiling module axi_clock_converter_v2_1_21.axi_clock_converter_v2_1_21_lite...
Compiling module xpm.xpm_cdc_handshake(DEST_SYNC_FF=3...
Compiling module axi_clock_converter_v2_1_21.axi_clock_converter_v2_1_21_lite...
Compiling module xpm.xpm_cdc_handshake(DEST_SYNC_FF=3...
Compiling module axi_clock_converter_v2_1_21.axi_clock_converter_v2_1_21_lite...
Compiling module axi_infrastructure_v1_1_0.axi_infrastructure_v1_1_0_vector...
Compiling module axi_clock_converter_v2_1_21.axi_clock_converter_v2_1_21_axi_...
Compiling module xil_defaultlib.design_1_auto_cc_1
Compiling module xil_defaultlib.s00_couplers_imp_HS4N6K
Compiling module xil_defaultlib.design_1_axi_interconnect_0_2
Compiling architecture ibufds_gte3_v of entity unisim.IBUFDS_GTE3 [ibufds_gte3_default]
Compiling architecture imp of entity xil_defaultlib.util_ds_buf [\util_ds_buf(c_buf_type="ibufdsg...]
Compiling architecture design_1_util_ds_buf_0_arch of entity xil_defaultlib.design_1_util_ds_buf_0 [design_1_util_ds_buf_0_default]
Compiling module xil_defaultlib.dma_pcie_axis_rq_if(DATA_WIDTH=6...
Compiling module xil_defaultlib.dma_pcie_axis_cc_if(DATA_WIDTH=6...
Compiling module xil_defaultlib.dma_pcie_axis_rc_if(DATA_WIDTH=6...
Compiling module xil_defaultlib.dma_pcie_axis_cq_if(DATA_WIDTH=6...
Compiling module xil_defaultlib.dma_pcie_misc_output_if
Compiling module xil_defaultlib.dma_pcie_misc_input_if
Compiling module xil_defaultlib.dma_pcie_gic_if
Compiling module xil_defaultlib.dma_pcie_fabric_output_if
Compiling module xil_defaultlib.dma_pcie_fabric_input_if
Compiling module xil_defaultlib.dma_pcie_mi_4Bx2048_4Bwe_ram_if
Compiling module xil_defaultlib.dma_pcie_mi_16Bx2048_4Bwe_ram_if
Compiling module xil_defaultlib.dma_pcie_mi_2Bx2048_ram_if
Compiling module xil_defaultlib.dma_pcie_mi_8Bx2048_4Bwe_ram_if
Compiling module xil_defaultlib.dma_pcie_mi_dsc_cpli_if
Compiling module xil_defaultlib.dma_pcie_mi_dsc_cpld_if
Compiling module xil_defaultlib.dma_pcie_dsc_in_if
Compiling module xil_defaultlib.dma_pcie_dsc_out_if
Compiling module xil_defaultlib.dma_pcie_mi_64Bx256_32Bwe_ram_if
Compiling module xil_defaultlib.dma_pcie_mi_64Bx512_32Bwe_ram_if
Compiling module xil_defaultlib.dma_pcie_mi_64Bx2048_32Bwe_ram_i...
Compiling module xil_defaultlib.dma_pcie_mi_64Bx1024_32Bwe_ram_i...
Compiling module xdma_v4_1_8.xdma_v4_1_8_GenericFIFOHead(BUF_...
Compiling module xdma_v4_1_8.xdma_v4_1_8_GenericFIFOHead(BUF_...
Compiling module xdma_v4_1_8.xdma_v4_1_8_GenericFIFOHead(BUF_...
Compiling module xdma_v4_1_8.xdma_v4_1_8_GenericFIFOAsync(BUF...
Compiling module xdma_v4_1_8.xdma_v4_1_8_GenericFIFOAsync(BUF...
Compiling module xdma_v4_1_8.xdma_v4_1_8_GenericFIFOHead(BUF_...
Compiling module xdma_v4_1_8.xdma_v4_1_8_GenericFIFO(BUF_DATA...
Compiling module xdma_v4_1_8.xdma_v4_1_8_GenericFIFOAsync(BUF...
Compiling module xdma_v4_1_8.xdma_v4_1_8_GenericFIFOHead(BUF_...
Compiling module xdma_v4_1_8.xdma_v4_1_8_GenericFIFO(BUF_DATA...
WARNING: [VRFC 10-3705] select index 126 into 's_axis_cq_tuser' is out of bounds [c:/project/RTDS/pcie_07/RTDS_test-1ch/RTDS_test-1ch/RTDS_test.srcs/sources_1/bd/design_1/ipshared/cc3e/hdl/xdma_v4_1_vl_rfs.sv:28417]
Compiling module xdma_v4_1_8.xdma_v4_1_8_GenericFIFO(BUF_DATA...
Compiling module xdma_v4_1_8.xdma_v4_1_8_GenericFIFO(BUF_DATA...
Compiling module xdma_v4_1_8.xdma_v4_1_8_GenericFIFOHead2(BUF...
Compiling module xdma_v4_1_8.xdma_v4_1_8_GenericFIFO(BUF_DATA...
Compiling module xpm.xpm_cdc_single(SRC_INPUT_REG=0)
WARNING: [VRFC 10-3705] select index 1 into 'h2c_dat_bram_in' is out of bounds [c:/project/RTDS/pcie_07/RTDS_test-1ch/RTDS_test-1ch/RTDS_test.srcs/sources_1/bd/design_1/ipshared/cc3e/hdl/xdma_v4_1_vl_rfs.sv:41959]
WARNING: [VRFC 10-3705] select index 1 into 'h2c_dat_bram_in' is out of bounds [c:/project/RTDS/pcie_07/RTDS_test-1ch/RTDS_test-1ch/RTDS_test.srcs/sources_1/bd/design_1/ipshared/cc3e/hdl/xdma_v4_1_vl_rfs.sv:41960]
WARNING: [VRFC 10-3705] select index 1 into 'h2c_dat_bram_out' is out of bounds [c:/project/RTDS/pcie_07/RTDS_test-1ch/RTDS_test-1ch/RTDS_test.srcs/sources_1/bd/design_1/ipshared/cc3e/hdl/xdma_v4_1_vl_rfs.sv:41961]
WARNING: [VRFC 10-3705] select index 1 into 'h2c_dat_bram_out' is out of bounds [c:/project/RTDS/pcie_07/RTDS_test-1ch/RTDS_test-1ch/RTDS_test.srcs/sources_1/bd/design_1/ipshared/cc3e/hdl/xdma_v4_1_vl_rfs.sv:41962]
WARNING: [VRFC 10-3705] select index 1 into 'h2c_dat_bram_cmd_out' is out of bounds [c:/project/RTDS/pcie_07/RTDS_test-1ch/RTDS_test-1ch/RTDS_test.srcs/sources_1/bd/design_1/ipshared/cc3e/hdl/xdma_v4_1_vl_rfs.sv:41963]
WARNING: [VRFC 10-3705] select index 1 into 'h2c_dat_bram_cmd_out' is out of bounds [c:/project/RTDS/pcie_07/RTDS_test-1ch/RTDS_test-1ch/RTDS_test.srcs/sources_1/bd/design_1/ipshared/cc3e/hdl/xdma_v4_1_vl_rfs.sv:41964]
WARNING: [VRFC 10-3705] select index 1 into 'h2c_dat_bram_cmd_out' is out of bounds [c:/project/RTDS/pcie_07/RTDS_test-1ch/RTDS_test-1ch/RTDS_test.srcs/sources_1/bd/design_1/ipshared/cc3e/hdl/xdma_v4_1_vl_rfs.sv:41966]
WARNING: [VRFC 10-3705] select index 2 into 'h2c_dat_bram_in' is out of bounds [c:/project/RTDS/pcie_07/RTDS_test-1ch/RTDS_test-1ch/RTDS_test.srcs/sources_1/bd/design_1/ipshared/cc3e/hdl/xdma_v4_1_vl_rfs.sv:41968]
WARNING: [VRFC 10-3705] select index 2 into 'h2c_dat_bram_in' is out of bounds [c:/project/RTDS/pcie_07/RTDS_test-1ch/RTDS_test-1ch/RTDS_test.srcs/sources_1/bd/design_1/ipshared/cc3e/hdl/xdma_v4_1_vl_rfs.sv:41969]
WARNING: [VRFC 10-3705] select index 2 into 'h2c_dat_bram_out' is out of bounds [c:/project/RTDS/pcie_07/RTDS_test-1ch/RTDS_test-1ch/RTDS_test.srcs/sources_1/bd/design_1/ipshared/cc3e/hdl/xdma_v4_1_vl_rfs.sv:41970]
WARNING: [VRFC 10-3705] select index 2 into 'h2c_dat_bram_out' is out of bounds [c:/project/RTDS/pcie_07/RTDS_test-1ch/RTDS_test-1ch/RTDS_test.srcs/sources_1/bd/design_1/ipshared/cc3e/hdl/xdma_v4_1_vl_rfs.sv:41971]
WARNING: [VRFC 10-3705] select index 2 into 'h2c_dat_bram_cmd_out' is out of bounds [c:/project/RTDS/pcie_07/RTDS_test-1ch/RTDS_test-1ch/RTDS_test.srcs/sources_1/bd/design_1/ipshared/cc3e/hdl/xdma_v4_1_vl_rfs.sv:41972]
WARNING: [VRFC 10-3705] select index 2 into 'h2c_dat_bram_cmd_out' is out of bounds [c:/project/RTDS/pcie_07/RTDS_test-1ch/RTDS_test-1ch/RTDS_test.srcs/sources_1/bd/design_1/ipshared/cc3e/hdl/xdma_v4_1_vl_rfs.sv:41973]
WARNING: [VRFC 10-3705] select index 2 into 'h2c_dat_bram_cmd_out' is out of bounds [c:/project/RTDS/pcie_07/RTDS_test-1ch/RTDS_test-1ch/RTDS_test.srcs/sources_1/bd/design_1/ipshared/cc3e/hdl/xdma_v4_1_vl_rfs.sv:41975]
WARNING: [VRFC 10-3705] select index 3 into 'h2c_dat_bram_in' is out of bounds [c:/project/RTDS/pcie_07/RTDS_test-1ch/RTDS_test-1ch/RTDS_test.srcs/sources_1/bd/design_1/ipshared/cc3e/hdl/xdma_v4_1_vl_rfs.sv:41977]
WARNING: [VRFC 10-3705] select index 3 into 'h2c_dat_bram_in' is out of bounds [c:/project/RTDS/pcie_07/RTDS_test-1ch/RTDS_test-1ch/RTDS_test.srcs/sources_1/bd/design_1/ipshared/cc3e/hdl/xdma_v4_1_vl_rfs.sv:41978]
WARNING: [VRFC 10-3705] select index 3 into 'h2c_dat_bram_out' is out of bounds [c:/project/RTDS/pcie_07/RTDS_test-1ch/RTDS_test-1ch/RTDS_test.srcs/sources_1/bd/design_1/ipshared/cc3e/hdl/xdma_v4_1_vl_rfs.sv:41979]
WARNING: [VRFC 10-3705] select index 3 into 'h2c_dat_bram_out' is out of bounds [c:/project/RTDS/pcie_07/RTDS_test-1ch/RTDS_test-1ch/RTDS_test.srcs/sources_1/bd/design_1/ipshared/cc3e/hdl/xdma_v4_1_vl_rfs.sv:41980]
WARNING: [VRFC 10-3705] select index 3 into 'h2c_dat_bram_cmd_out' is out of bounds [c:/project/RTDS/pcie_07/RTDS_test-1ch/RTDS_test-1ch/RTDS_test.srcs/sources_1/bd/design_1/ipshared/cc3e/hdl/xdma_v4_1_vl_rfs.sv:41981]
WARNING: [VRFC 10-3705] select index 3 into 'h2c_dat_bram_cmd_out' is out of bounds [c:/project/RTDS/pcie_07/RTDS_test-1ch/RTDS_test-1ch/RTDS_test.srcs/sources_1/bd/design_1/ipshared/cc3e/hdl/xdma_v4_1_vl_rfs.sv:41982]
WARNING: [VRFC 10-3705] select index 3 into 'h2c_dat_bram_cmd_out' is out of bounds [c:/project/RTDS/pcie_07/RTDS_test-1ch/RTDS_test-1ch/RTDS_test.srcs/sources_1/bd/design_1/ipshared/cc3e/hdl/xdma_v4_1_vl_rfs.sv:41984]
WARNING: [VRFC 10-3705] select index 1 into 'c2h_dat_bram_in' is out of bounds [c:/project/RTDS/pcie_07/RTDS_test-1ch/RTDS_test-1ch/RTDS_test.srcs/sources_1/bd/design_1/ipshared/cc3e/hdl/xdma_v4_1_vl_rfs.sv:41995]
WARNING: [VRFC 10-3705] select index 1 into 'c2h_dat_bram_in' is out of bounds [c:/project/RTDS/pcie_07/RTDS_test-1ch/RTDS_test-1ch/RTDS_test.srcs/sources_1/bd/design_1/ipshared/cc3e/hdl/xdma_v4_1_vl_rfs.sv:41996]
WARNING: [VRFC 10-3705] select index 1 into 'c2h_dat_bram_out' is out of bounds [c:/project/RTDS/pcie_07/RTDS_test-1ch/RTDS_test-1ch/RTDS_test.srcs/sources_1/bd/design_1/ipshared/cc3e/hdl/xdma_v4_1_vl_rfs.sv:41997]
WARNING: [VRFC 10-3705] select index 1 into 'c2h_dat_bram_out' is out of bounds [c:/project/RTDS/pcie_07/RTDS_test-1ch/RTDS_test-1ch/RTDS_test.srcs/sources_1/bd/design_1/ipshared/cc3e/hdl/xdma_v4_1_vl_rfs.sv:41998]
WARNING: [VRFC 10-3705] select index 1 into 'c2h_dat_bram_cmd_out' is out of bounds [c:/project/RTDS/pcie_07/RTDS_test-1ch/RTDS_test-1ch/RTDS_test.srcs/sources_1/bd/design_1/ipshared/cc3e/hdl/xdma_v4_1_vl_rfs.sv:41999]
WARNING: [VRFC 10-3705] select index 1 into 'c2h_dat_bram_cmd_out' is out of bounds [c:/project/RTDS/pcie_07/RTDS_test-1ch/RTDS_test-1ch/RTDS_test.srcs/sources_1/bd/design_1/ipshared/cc3e/hdl/xdma_v4_1_vl_rfs.sv:42000]
WARNING: [VRFC 10-3705] select index 1 into 'c2h_dat_bram_cmd_out' is out of bounds [c:/project/RTDS/pcie_07/RTDS_test-1ch/RTDS_test-1ch/RTDS_test.srcs/sources_1/bd/design_1/ipshared/cc3e/hdl/xdma_v4_1_vl_rfs.sv:42002]
WARNING: [VRFC 10-3705] select index 2 into 'c2h_dat_bram_in' is out of bounds [c:/project/RTDS/pcie_07/RTDS_test-1ch/RTDS_test-1ch/RTDS_test.srcs/sources_1/bd/design_1/ipshared/cc3e/hdl/xdma_v4_1_vl_rfs.sv:42004]
WARNING: [VRFC 10-3705] select index 2 into 'c2h_dat_bram_in' is out of bounds [c:/project/RTDS/pcie_07/RTDS_test-1ch/RTDS_test-1ch/RTDS_test.srcs/sources_1/bd/design_1/ipshared/cc3e/hdl/xdma_v4_1_vl_rfs.sv:42005]
WARNING: [VRFC 10-3705] select index 2 into 'c2h_dat_bram_out' is out of bounds [c:/project/RTDS/pcie_07/RTDS_test-1ch/RTDS_test-1ch/RTDS_test.srcs/sources_1/bd/design_1/ipshared/cc3e/hdl/xdma_v4_1_vl_rfs.sv:42006]
WARNING: [VRFC 10-3705] select index 2 into 'c2h_dat_bram_out' is out of bounds [c:/project/RTDS/pcie_07/RTDS_test-1ch/RTDS_test-1ch/RTDS_test.srcs/sources_1/bd/design_1/ipshared/cc3e/hdl/xdma_v4_1_vl_rfs.sv:42007]
WARNING: [VRFC 10-3705] select index 2 into 'c2h_dat_bram_cmd_out' is out of bounds [c:/project/RTDS/pcie_07/RTDS_test-1ch/RTDS_test-1ch/RTDS_test.srcs/sources_1/bd/design_1/ipshared/cc3e/hdl/xdma_v4_1_vl_rfs.sv:42008]
WARNING: [VRFC 10-3705] select index 2 into 'c2h_dat_bram_cmd_out' is out of bounds [c:/project/RTDS/pcie_07/RTDS_test-1ch/RTDS_test-1ch/RTDS_test.srcs/sources_1/bd/design_1/ipshared/cc3e/hdl/xdma_v4_1_vl_rfs.sv:42009]
WARNING: [VRFC 10-3705] select index 2 into 'c2h_dat_bram_cmd_out' is out of bounds [c:/project/RTDS/pcie_07/RTDS_test-1ch/RTDS_test-1ch/RTDS_test.srcs/sources_1/bd/design_1/ipshared/cc3e/hdl/xdma_v4_1_vl_rfs.sv:42011]
WARNING: [VRFC 10-3705] select index 3 into 'c2h_dat_bram_in' is out of bounds [c:/project/RTDS/pcie_07/RTDS_test-1ch/RTDS_test-1ch/RTDS_test.srcs/sources_1/bd/design_1/ipshared/cc3e/hdl/xdma_v4_1_vl_rfs.sv:42013]
WARNING: [VRFC 10-3705] select index 3 into 'c2h_dat_bram_in' is out of bounds [c:/project/RTDS/pcie_07/RTDS_test-1ch/RTDS_test-1ch/RTDS_test.srcs/sources_1/bd/design_1/ipshared/cc3e/hdl/xdma_v4_1_vl_rfs.sv:42014]
WARNING: [VRFC 10-3705] select index 3 into 'c2h_dat_bram_out' is out of bounds [c:/project/RTDS/pcie_07/RTDS_test-1ch/RTDS_test-1ch/RTDS_test.srcs/sources_1/bd/design_1/ipshared/cc3e/hdl/xdma_v4_1_vl_rfs.sv:42015]
WARNING: [VRFC 10-3705] select index 3 into 'c2h_dat_bram_out' is out of bounds [c:/project/RTDS/pcie_07/RTDS_test-1ch/RTDS_test-1ch/RTDS_test.srcs/sources_1/bd/design_1/ipshared/cc3e/hdl/xdma_v4_1_vl_rfs.sv:42016]
WARNING: [VRFC 10-3705] select index 3 into 'c2h_dat_bram_cmd_out' is out of bounds [c:/project/RTDS/pcie_07/RTDS_test-1ch/RTDS_test-1ch/RTDS_test.srcs/sources_1/bd/design_1/ipshared/cc3e/hdl/xdma_v4_1_vl_rfs.sv:42017]
WARNING: [VRFC 10-3705] select index 3 into 'c2h_dat_bram_cmd_out' is out of bounds [c:/project/RTDS/pcie_07/RTDS_test-1ch/RTDS_test-1ch/RTDS_test.srcs/sources_1/bd/design_1/ipshared/cc3e/hdl/xdma_v4_1_vl_rfs.sv:42018]
WARNING: [VRFC 10-3705] select index 3 into 'c2h_dat_bram_cmd_out' is out of bounds [c:/project/RTDS/pcie_07/RTDS_test-1ch/RTDS_test-1ch/RTDS_test.srcs/sources_1/bd/design_1/ipshared/cc3e/hdl/xdma_v4_1_vl_rfs.sv:42020]
Compiling module blk_mem_gen_v8_4_4.blk_mem_gen_v8_4_4_output_stage(...
Compiling module blk_mem_gen_v8_4_4.blk_mem_gen_v8_4_4_output_stage(...
Compiling module blk_mem_gen_v8_4_4.blk_mem_gen_v8_4_4_softecc_outpu...
Compiling module blk_mem_gen_v8_4_4.blk_mem_gen_v8_4_4_mem_module(C_...
Compiling module blk_mem_gen_v8_4_4.blk_mem_axi_regs_fwd_v8_4(C_DATA...
Compiling module blk_mem_gen_v8_4_4.blk_mem_gen_v8_4_4(C_FAMILY="kin...
Compiling module xil_defaultlib.xdma_v4_1_8_blk_mem_64_reg_be
Compiling module xil_defaultlib.xdma_v4_1_8_dma_bram_wrap(DATA_W...
Compiling module blk_mem_gen_v8_4_4.blk_mem_gen_v8_4_4_mem_module(C_...
Compiling module blk_mem_gen_v8_4_4.blk_mem_gen_v8_4_4(C_FAMILY="kin...
Compiling module xil_defaultlib.xdma_v4_1_8_blk_mem_64_noreg_be
Compiling module xil_defaultlib.xdma_v4_1_8_dma_bram_wrap(DATA_W...
Compiling module unisims_ver.BUFG_GT
Compiling module unisims_ver.BUFG_GT_SYNC
Compiling module xpm.xpm_cdc_async_rst(DEST_SYNC_FF=2...
Compiling module xpm.xpm_cdc_async_rst(DEST_SYNC_FF=2...
Compiling module xil_defaultlib.design_1_xdma_0_0_pcie3_ip_phy_s...
Compiling module xil_defaultlib.design_1_xdma_0_0_pcie3_ip_phy_s...
Compiling module xil_defaultlib.design_1_xdma_0_0_pcie3_ip_rxcdr...
Compiling module xil_defaultlib.design_1_xdma_0_0_pcie3_ip_phy_c...
Compiling module xil_defaultlib.design_1_xdma_0_0_pcie3_ip_phy_s...
Compiling module xil_defaultlib.design_1_xdma_0_0_pcie3_ip_phy_r...
Compiling module xil_defaultlib.design_1_xdma_0_0_pcie3_ip_phy_s...
Compiling module xil_defaultlib.design_1_xdma_0_0_pcie3_ip_phy_s...
Compiling module xil_defaultlib.design_1_xdma_0_0_pcie3_ip_phy_s...
Compiling module xil_defaultlib.design_1_xdma_0_0_pcie3_ip_phy_s...
Compiling module xil_defaultlib.design_1_xdma_0_0_pcie3_ip_phy_t...
Compiling module xil_defaultlib.design_1_xdma_0_0_pcie3_ip_phy_s...
Compiling module xil_defaultlib.design_1_xdma_0_0_pcie3_ip_phy_r...
Compiling module unisims_ver.GTHE3_COMMON(BIAS_CFG2=16'b01100...
Compiling module xil_defaultlib.gtwizard_ultrascale_v1_7_9_gthe3...
Compiling module xil_defaultlib.design_1_xdma_0_0_pcie3_ip_gt_gt...
Compiling module unisims_ver.GTHE3_CHANNEL(ALIGN_COMMA_ENABLE...
Compiling module xil_defaultlib.gtwizard_ultrascale_v1_7_9_gthe3...
Compiling module xil_defaultlib.design_1_xdma_0_0_pcie3_ip_gt_gt...
Compiling module xil_defaultlib.design_1_xdma_0_0_pcie3_ip_gt_gt...
Compiling module xil_defaultlib.design_1_xdma_0_0_pcie3_ip_gt
Compiling module xil_defaultlib.design_1_xdma_0_0_pcie3_ip_gtwiz...
Compiling module xil_defaultlib.design_1_xdma_0_0_pcie3_ip_phy_w...
Compiling module xil_defaultlib.design_1_xdma_0_0_pcie3_ip_init_...
Compiling module unisims_ver.RAMB36E2(DOB_REG=0,READ_WIDTH_A=...
Compiling module xil_defaultlib.design_1_xdma_0_0_pcie3_ip_tph_t...
Compiling module xil_defaultlib.design_1_xdma_0_0_pcie3_ip_pipe_...
Compiling module xil_defaultlib.design_1_xdma_0_0_pcie3_ip_pipe_...
Compiling module xil_defaultlib.design_1_xdma_0_0_pcie3_ip_pipe_...
Compiling module unisims_ver.RAMB36E2(READ_WIDTH_A=36,READ_WI...
Compiling module xil_defaultlib.design_1_xdma_0_0_pcie3_ip_bram_...
Compiling module xil_defaultlib.design_1_xdma_0_0_pcie3_ip_bram_...
Compiling module unisims_ver.RAMB18E2(READ_WIDTH_A=36,RSTREG_...
Compiling module xil_defaultlib.design_1_xdma_0_0_pcie3_ip_bram_...
Compiling module xil_defaultlib.design_1_xdma_0_0_pcie3_ip_bram_...
Compiling module unisims_ver.RAMB18E2(READ_WIDTH_A=18,READ_WI...
Compiling module xil_defaultlib.design_1_xdma_0_0_pcie3_ip_bram_...
Compiling module xil_defaultlib.design_1_xdma_0_0_pcie3_ip_bram_...
Compiling module xil_defaultlib.design_1_xdma_0_0_pcie3_ip_bram
Compiling module unisims_ver.PCIE_3_1(AXISTEN_IF_CC_ALIGNMENT...
Compiling module xil_defaultlib.design_1_xdma_0_0_pcie3_ip_pcie3...
Compiling module xil_defaultlib.design_1_xdma_0_0_pcie3_ip_pcie3...
Compiling module xil_defaultlib.design_1_xdma_0_0_pcie3_ip_pcie3...
Compiling module xil_defaultlib.design_1_xdma_0_0_pcie3_ip
Compiling module xil_defaultlib.design_1_xdma_0_0_core_top(PL_UP...
Compiling module xil_defaultlib.xdma_irq_monitor
Compiling module xil_defaultlib.design_1_xdma_0_0
Compiling module xil_defaultlib.design_1
Compiling module xil_defaultlib.design_1_wrapper
Compiling module xil_defaultlib.rtds_axi_ram_model_default
Compiling module xil_defaultlib.rtds_ddr4_backend
Compiling module xil_defaultlib.PCIe(RX_PERIOD_CYCLES=25000)
Compiling module xil_defaultlib.rtds_pcie_ep_sim_wrapper
Compiling module unisims_ver.IBUF
Compiling module unisims_ver.IBUFDS_GTE3_default
Compiling module xil_defaultlib.rp_phy_sync_cell(STAGE=3)
Compiling module xil_defaultlib.rp_phy_sync(STAGE=3)
Compiling module xil_defaultlib.rp_deemph
Compiling module xil_defaultlib.rp_rxcdrhold
Compiling module xil_defaultlib.rp_phy_clk
Compiling module xil_defaultlib.rp_phy_sync(WIDTH=8,STAGE=3)
Compiling module xil_defaultlib.rp_phy_sync(WIDTH=2,STAGE=3)
Compiling module xil_defaultlib.rp_phy_rst(PL_UPSTREAM_FACING="F...
Compiling module xil_defaultlib.rp_phy_sync_cell
Compiling module xil_defaultlib.rp_phy_sync(WIDTH=2)
Compiling module xil_defaultlib.rp_phy_sync(WIDTH=4)
Compiling module xil_defaultlib.rp_phy_sync(WIDTH=6)
Compiling module xil_defaultlib.rp_phy_txeq
Compiling module xil_defaultlib.rp_phy_sync(WIDTH=3)
Compiling module xil_defaultlib.rp_phy_rxeq(PHY_SIM_EN="TRUE")
Compiling module unisims_ver.GTHE3_CHANNEL(ALIGN_COMMA_ENABLE...
Compiling module xil_defaultlib.rp_gt_channel(PHY_SIM_EN="TRUE",...
Compiling module unisims_ver.GTHE3_COMMON(BIAS_CFG2=16'b01100...
Compiling module xil_defaultlib.rp_gt_common(PHY_SIM_EN="TRUE")
Compiling module xil_defaultlib.rp_gt_channel(PHY_SIM_EN="TRUE",...
Compiling module xil_defaultlib.rp_gt_channel(PHY_SIM_EN="TRUE",...
Compiling module xil_defaultlib.rp_gt_channel(PHY_SIM_EN="TRUE",...
Compiling module xil_defaultlib.rp_gt_channel(PHY_SIM_EN="TRUE",...
Compiling module xil_defaultlib.rp_gt_common(PHY_SIM_EN="TRUE",G...
Compiling module xil_defaultlib.rp_gt_channel(PHY_SIM_EN="TRUE",...
Compiling module xil_defaultlib.rp_gt_channel(PHY_SIM_EN="TRUE",...
Compiling module xil_defaultlib.rp_gt_channel(PHY_SIM_EN="TRUE",...
Compiling module xil_defaultlib.rp_phy_wrapper(PL_UPSTREAM_FACIN...
Compiling module xil_defaultlib.rp_init_ctrl(PL_UPSTREAM_FACING=...
Compiling module xil_defaultlib.rp_tph_tbl
Compiling module xil_defaultlib.rp_pipe_misc_default
Compiling module xil_defaultlib.rp_pipe_lane_default
Compiling module xil_defaultlib.rp_pipe_pipeline(PL_LINK_CAP_MAX...
Compiling module xil_defaultlib.rp_bram_rep_8k_default
Compiling module xil_defaultlib.rp_bram_rep
Compiling module xil_defaultlib.rp_bram_8k_default
Compiling module xil_defaultlib.rp_bram_req
Compiling module xil_defaultlib.rp_bram_cpl(COMPLETION_SPACE="8K...
Compiling module xil_defaultlib.rp_bram(COMPLETION_SPACE="8KB")
Compiling module unisims_ver.PCIE_3_1(AXISTEN_IF_CC_PARITY_CH...
Compiling module xil_defaultlib.rp_pcie3_uscale_wrapper(NO_DECOD...
Compiling module xil_defaultlib.rp_pcie3_uscale_top(NO_DECODE_LO...
Compiling module xil_defaultlib.rp_pcie3_uscale_core_top(PL_LINK...
Compiling module xil_defaultlib.pcie3_uscale_rp_top
Compiling module xil_defaultlib.pci_exp_usrapp_rx(C_DATA_WIDTH=2...
Compiling module xil_defaultlib.pci_exp_usrapp_tx(DEV_CAP_MAX_PA...
Compiling module xil_defaultlib.pci_exp_usrapp_cfg
Compiling module xil_defaultlib.pci_exp_usrapp_com
Compiling module xil_defaultlib.xilinx_pcie3_uscale_rp(PL_LINK_C...
Compiling module xil_defaultlib.pcie_cq_host_memory_monitor
Compiling module xil_defaultlib.xdma_axi_activity_monitor
Compiling module xil_defaultlib.aurora_ll_peer_bfm
Compiling module xil_defaultlib.rtds_rootport_assertions
Compiling module xil_defaultlib.board
Compiling module xil_defaultlib.glbl
Built simulation snapshot board_behav

****** Webtalk v2020.2 (64-bit)
  **** SW Build 3064766 on Wed Nov 18 09:12:45 MST 2020
  **** IP Build 3064653 on Wed Nov 18 14:17:31 MST 2020
    ** Copyright 1986-2020 Xilinx, Inc. All Rights Reserved.

source C:/project/RTDS/DDR/RTDS_test_DDR4_64bit_batch_dev/RTDS_test_DDR4_64bit.sim/sim_xdma_rootport/behav/xsim/xsim.dir/board_behav/webtalk/xsim_webtalk.tcl -notrace
INFO: [Common 17-206] Exiting Webtalk at Thu Sep 17 16:02:51 2026...
V201_STEP2_BEGIN simulate
"xsim board_behav -key {Behavioral:sim_xdma_rootport:Functional:board} -tclbatch board.tcl -protoinst "protoinst_files/design_1.protoinst" -protoinst "protoinst_files/bd_6edb.protoinst" -log simulate.log"

****** xsim v2020.2 (64-bit)
  **** SW Build 3064766 on Wed Nov 18 09:12:45 MST 2020
  **** IP Build 3064653 on Wed Nov 18 14:17:31 MST 2020
    ** Copyright 1986-2020 Xilinx, Inc. All Rights Reserved.

source xsim.dir/board_behav/xsim_script.tcl
# xsim {board_behav} -autoloadwcfg -tclbatch {board.tcl} -key {Behavioral:sim_xdma_rootport:Functional:board} -protoinst {protoinst_files/design_1.protoinst} -protoinst {protoinst_files/bd_6edb.protoinst}
Vivado Simulator 2020.2
INFO: [Wavedata 42-565] Reading protoinst file protoinst_files/design_1.protoinst
INFO: [Wavedata 42-564]   Found protocol instance at /board/EP/DUT/design_1_wrapper_inst/design_1_i//CONV_DMA_0/M_AXI
INFO: [Wavedata 42-564]   Found protocol instance at /board/EP/DUT/design_1_wrapper_inst/design_1_i//INFO_EXCH_0/S_AXI
INFO: [Wavedata 42-564]   Found protocol instance at /board/EP/DUT/design_1_wrapper_inst/design_1_i//axi_interconnect_0/M00_AXI
INFO: [Wavedata 42-564]   Found protocol instance at /board/EP/DUT/design_1_wrapper_inst/design_1_i//axi_interconnect_0/S00_AXI
INFO: [Wavedata 42-564]   Found protocol instance at /board/EP/DUT/design_1_wrapper_inst/design_1_i//axi_interconnect_0/S01_AXI
INFO: [Wavedata 42-564]   Found protocol instance at /board/EP/DUT/design_1_wrapper_inst/design_1_i//axi_interconnect_0/m00_couplers/M_AXI
INFO: [Wavedata 42-564]   Found protocol instance at /board/EP/DUT/design_1_wrapper_inst/design_1_i//axi_interconnect_0/m00_couplers/S_AXI
INFO: [Wavedata 42-564]   Found protocol instance at /board/EP/DUT/design_1_wrapper_inst/design_1_i//axi_interconnect_0/s00_couplers/M_AXI
INFO: [Wavedata 42-564]   Found protocol instance at /board/EP/DUT/design_1_wrapper_inst/design_1_i//axi_interconnect_0/s00_couplers/S_AXI
INFO: [Wavedata 42-564]   Found protocol instance at /board/EP/DUT/design_1_wrapper_inst/design_1_i//axi_interconnect_0/s01_couplers/M_AXI
INFO: [Wavedata 42-564]   Found protocol instance at /board/EP/DUT/design_1_wrapper_inst/design_1_i//axi_interconnect_0/s01_couplers/S_AXI
INFO: [Wavedata 42-564]   Found protocol instance at /board/EP/DUT/design_1_wrapper_inst/design_1_i//axi_interconnect_0/s01_couplers/auto_cc/M_AXI
INFO: [Wavedata 42-564]   Found protocol instance at /board/EP/DUT/design_1_wrapper_inst/design_1_i//axi_interconnect_0/s01_couplers/auto_cc/S_AXI
INFO: [Wavedata 42-564]   Found protocol instance at /board/EP/DUT/design_1_wrapper_inst/design_1_i//axi_interconnect_0/xbar/M00_AXI
INFO: [Wavedata 42-564]   Found protocol instance at /board/EP/DUT/design_1_wrapper_inst/design_1_i//axi_interconnect_0/xbar/S00_AXI
INFO: [Wavedata 42-564]   Found protocol instance at /board/EP/DUT/design_1_wrapper_inst/design_1_i//axi_interconnect_0/xbar/S01_AXI
INFO: [Wavedata 42-564]   Found protocol instance at /board/EP/DUT/design_1_wrapper_inst/design_1_i//axi_interconnect_1/M00_AXI
INFO: [Wavedata 42-564]   Found protocol instance at /board/EP/DUT/design_1_wrapper_inst/design_1_i//axi_interconnect_1/S00_AXI
INFO: [Wavedata 42-564]   Found protocol instance at /board/EP/DUT/design_1_wrapper_inst/design_1_i//axi_interconnect_1/s00_couplers/M_AXI
INFO: [Wavedata 42-564]   Found protocol instance at /board/EP/DUT/design_1_wrapper_inst/design_1_i//axi_interconnect_1/s00_couplers/S_AXI
INFO: [Wavedata 42-564]   Found protocol instance at /board/EP/DUT/design_1_wrapper_inst/design_1_i//axi_interconnect_1/s00_couplers/auto_cc/M_AXI
INFO: [Wavedata 42-564]   Found protocol instance at /board/EP/DUT/design_1_wrapper_inst/design_1_i//axi_interconnect_1/s00_couplers/auto_cc/S_AXI
INFO: [Wavedata 42-564]   Found protocol instance at /board/EP/DUT/design_1_wrapper_inst/design_1_i//xdma_0/M_AXI
INFO: [Wavedata 42-564]   Found protocol instance at /board/EP/DUT/design_1_wrapper_inst/design_1_i//xdma_0/M_AXI_LITE
INFO: [Wavedata 42-565] Reading protoinst file protoinst_files/bd_6edb.protoinst
WARNING: [Wavedata 42-558] Couldn't load one or more protocol instances from protoinst file protoinst_files/bd_6edb.protoinst for the following reason(s):
There are no instances of module "bd_6edb" in the design.

Time resolution is 1 ps
source board.tcl
## run all
WARNING: Behavioral models for independent clock FIFO configurations do not model synchronization delays. The behavioral models are functionally correct, and will represent the behavior of the configured FIFO. See the FIFO Generator User Guide for more information.
WARNING: Behavioral models for independent clock FIFO configurations do not model synchronization delays. The behavioral models are functionally correct, and will represent the behavior of the configured FIFO. See the FIFO Generator User Guide for more information.
WARNING: Behavioral models for independent clock FIFO configurations do not model synchronization delays. The behavioral models are functionally correct, and will represent the behavior of the configured FIFO. See the FIFO Generator User Guide for more information.
WARNING: Behavioral models for independent clock FIFO configurations do not model synchronization delays. The behavioral models are functionally correct, and will represent the behavior of the configured FIFO. See the FIFO Generator User Guide for more information.
WARNING: Behavioral models for independent clock FIFO configurations do not model synchronization delays. The behavioral models are functionally correct, and will represent the behavior of the configured FIFO. See the FIFO Generator User Guide for more information.
Block Memory Generator module board.EP.DUT.design_1_wrapper_inst.design_1_i.xdma_0.inst.ram_top.\gen_h2c_bram.H2C_DAT0_FIFO .\genblk1[0].genblk1.u_buffermem .inst.\native_mem_module.blk_mem_gen_v8_4_4_inst  is using a behavioral model for simulation which will not precisely model memory collision behavior.
Block Memory Generator module board.EP.DUT.design_1_wrapper_inst.design_1_i.xdma_0.inst.ram_top.\gen_h2c_bram.H2C_DAT1_FIFO .\genblk1[0].genblk1.u_buffermem .inst.\native_mem_module.blk_mem_gen_v8_4_4_inst  is using a behavioral model for simulation which will not precisely model memory collision behavior.
Block Memory Generator module board.EP.DUT.design_1_wrapper_inst.design_1_i.xdma_0.inst.ram_top.\gen_h2c_bram.H2C_DAT2_FIFO .\genblk1[0].genblk1.u_buffermem .inst.\native_mem_module.blk_mem_gen_v8_4_4_inst  is using a behavioral model for simulation which will not precisely model memory collision behavior.
Block Memory Generator module board.EP.DUT.design_1_wrapper_inst.design_1_i.xdma_0.inst.ram_top.\gen_h2c_bram.H2C_DAT3_FIFO .\genblk1[0].genblk1.u_buffermem .inst.\native_mem_module.blk_mem_gen_v8_4_4_inst  is using a behavioral model for simulation which will not precisely model memory collision behavior.
Block Memory Generator module board.EP.DUT.design_1_wrapper_inst.design_1_i.xdma_0.inst.ram_top.\gen_c2h_bram.C2H_DAT0_FIFO .\genblk1[0].genblk1.u_buffermem .inst.\native_mem_module.blk_mem_gen_v8_4_4_inst  is using a behavioral model for simulation which will not precisely model memory collision behavior.
Block Memory Generator module board.EP.DUT.design_1_wrapper_inst.design_1_i.xdma_0.inst.ram_top.\gen_c2h_bram.C2H_DAT1_FIFO .\genblk1[0].genblk1.u_buffermem .inst.\native_mem_module.blk_mem_gen_v8_4_4_inst  is using a behavioral model for simulation which will not precisely model memory collision behavior.
Block Memory Generator module board.EP.DUT.design_1_wrapper_inst.design_1_i.xdma_0.inst.ram_top.\gen_c2h_bram.C2H_DAT2_FIFO .\genblk1[0].genblk1.u_buffermem .inst.\native_mem_module.blk_mem_gen_v8_4_4_inst  is using a behavioral model for simulation which will not precisely model memory collision behavior.
Block Memory Generator module board.EP.DUT.design_1_wrapper_inst.design_1_i.xdma_0.inst.ram_top.\gen_c2h_bram.C2H_DAT3_FIFO .\genblk1[0].genblk1.u_buffermem .inst.\native_mem_module.blk_mem_gen_v8_4_4_inst  is using a behavioral model for simulation which will not precisely model memory collision behavior.
Block Memory Generator module board.EP.DUT.design_1_wrapper_inst.design_1_i.xdma_0.inst.ram_top.\mas_bridge_ram_write_512.MASTER_WRITE_FIFO .\genblk1[0].genblk1.u_buffermem .inst.\native_mem_module.blk_mem_gen_v8_4_4_inst  is using a behavioral model for simulation which will not precisely model memory collision behavior.
Block Memory Generator module board.EP.DUT.design_1_wrapper_inst.design_1_i.xdma_0.inst.ram_top.MASTER_READ_BRAM.\genblk1[0].genblk1.u_buffermem .inst.\native_mem_module.blk_mem_gen_v8_4_4_inst  is using a behavioral model for simulation which will not precisely model memory collision behavior.
Timescale of (design_1_xdma_0_0_pcie3_ip_pcie3_uscale_core_top(PL_LINK_CAP_MAX_LINK_SPEED=4,PL_LINK_CAP_MAX_LINK_WIDTH=2,PLL_TYPE=2,C_DATA_WIDTH=64,KEEP_WIDTH=2,AXISTEN_IF_CC_ALIGNMENT_MODE="TRUE",AXISTEN_IF_CQ_ALIGNMENT_MODE="TRUE",AXISTEN_IF_ENABLE_MSG_ROUTE=18'b100000000000000000,PF0_AER_CAP_NEXTPTR=12'b01100000000,PF0_BAR0_APERTURE_SIZE=5'b01101,PF0_BAR1_APERTURE_SIZE=5'b01001,PF0_BAR1_CONTROL=3'b100,PF0_BAR2_APERTURE_SIZE=5'b0,PF0_BAR2_CONTROL=3'b0,PF0_BAR3_APERTURE_SIZE=5'b0,PF0_BAR4_APERTURE_SIZE=5'b0,PF0_BAR4_CONTROL=3'b0,PF0_BAR5_APERTURE_SIZE=5'b0,PF0_CAPABILITY_POINTER=8'b10000000,PF0_CLASS_CODE=24'b01110000000000000001,PF0_VENDOR_ID=16'b01000011101110,PF0_DEVICE_ID=16'b1000000000110010,PF0_DEV_CAP2_128B_CAS_ATOMIC_COMPLETER_SUPPORT="FALSE",PF0_DEV_CAP2_32B_ATOMIC_COMPLETER_SUPPORT="FALSE",PF0_DEV_CAP2_64B_ATOMIC_COMPLETER_SUPPORT="FALSE",PF0_DEV_CAP2_LTR_SUPPORT="FALSE",PF0_DEV_CAP_FUNCTION_LEVEL_RESET_CAPABLE="FALSE",PF0_DEV_CAP_MAX_PAYLOAD_SIZE=3'b010,PF0_DPA_CAP_NEXTPTR=12'b01100000000,PF0_DSN_CAP_NEXTPTR=12'b01100000000,PF0_EXPANSION_ROM_APERTURE_SIZE=5'b0,PF0_INTERRUPT_PIN=3'b0,PF0_LTR_CAP_NEXTPTR=12'b01100000000,PF0_MSIX_CAP_PBA_OFFSET=29'b0,PF0_MSIX_CAP_TABLE_OFFSET=29'b0,PF0_MSI_CAP_NEXTPTR=8'b11000000,PF0_PB_CAP_NEXTPTR=12'b01001110100,PF0_PM_CAP_NEXTPTR=8'b10010000,PF0_PM_CAP_PMESUPPORT_D0="FALSE",PF0_PM_CAP_PMESUPPORT_D1="FALSE",PF0_PM_CAP_PMESUPPORT_D3HOT="FALSE",PF0_PM_CAP_SUPP_D1_STATE="FALSE",PF0_RBAR_CAP_NEXTPTR=12'b01100000000,PF0_SRIOV_BAR0_APERTURE_SIZE=5'b0,PF0_SRIOV_BAR0_CONTROL=3'b0,PF0_SRIOV_BAR2_APERTURE_SIZE=5'b0,PF0_SRIOV_BAR2_CONTROL=3'b0,PF0_SRIOV_BAR3_APERTURE_SIZE=5'b0,PF0_SRIOV_BAR4_APERTURE_SIZE=5'b0,PF0_SRIOV_BAR4_CONTROL=3'b0,PF0_SRIOV_BAR5_APERTURE_SIZE=5'b0,PF0_SRIOV_CAP_NEXTPTR=12'b01100000000,PF0_SRIOV_CAP_VER=4'b0,PF0_SRIOV_SUPPORTED_PAGE_SIZE=32'b010101010011,PF0_SUBSYSTEM_VENDOR_ID=16'b01000011101110,PF0_SUBSYSTEM_ID=16'b0111,PF0_TPHR_CAP_NEXTPTR=12'b01100000000,PF0_TPHR_CAP_INT_VEC_MODE="FALSE",PF1_TPHR_CAP_INT_VEC_MODE="FALSE",VF0_TPHR_CAP_INT_VEC_MODE="FALSE",VF1_TPHR_CAP_INT_VEC_MODE="FALSE",VF2_TPHR_CAP_INT_VEC_MODE="FALSE",VF3_TPHR_CAP_INT_VEC_MODE="FALSE",VF4_TPHR_CAP_INT_VEC_MODE="FALSE",VF5_TPHR_CAP_INT_VEC_MODE="FALSE",PF1_BAR0_APERTURE_SIZE=5'b0,PF1_BAR0_CONTROL=3'b0,PF1_BAR1_APERTURE_SIZE=5'b0,PF1_BAR2_APERTURE_SIZE=5'b0,PF1_BAR2_CONTROL=3'b0,PF1_BAR3_APERTURE_SIZE=5'b0,PF1_BAR4_APERTURE_SIZE=5'b0,PF1_BAR4_CONTROL=3'b0,PF1_BAR5_APERTURE_SIZE=5'b0,PF1_CAPABILITY_POINTER=8'b10000000,PF1_CLASS_CODE=24'b01011000000000000000,PF1_DEVICE_ID=16'b1000000000010001,PF1_DEV_CAP_MAX_PAYLOAD_SIZE=3'b010,PF1_DSN_CAP_NEXTPTR=12'b0,PF1_EXPANSION_ROM_APERTURE_SIZE=5'b0,PF1_INTERRUPT_PIN=3'b0,PF1_MSIX_CAP_PBA_OFFSET=29'b0,PF1_MSIX_CAP_TABLE_OFFSET=29'b0,PF1_SRIOV_BAR0_APERTURE_SIZE=5'b0,PF1_SRIOV_BAR0_CONTROL=3'b0,PF1_SRIOV_BAR2_APERTURE_SIZE=5'b0,PF1_SRIOV_BAR2_CONTROL=3'b0,PF1_SRIOV_BAR3_APERTURE_SIZE=5'b0,PF1_SRIOV_BAR4_APERTURE_SIZE=5'b0,PF1_SRIOV_BAR4_CONTROL=3'b0,PF1_SRIOV_BAR5_APERTURE_SIZE=5'b0,PF1_SRIOV_CAP_VER=4'b0,PF1_SRIOV_FUNC_DEP_LINK=16'b01,PF1_SRIOV_SUPPORTED_PAGE_SIZE=32'b010101010011,PF1_SUBSYSTEM_ID=16'b0111,TL_CREDITS_CD=12'b0,TL_CREDITS_CH=8'b0,VF0_CAPABILITY_POINTER=8'b10000000,VF0_MSIX_CAP_PBA_OFFSET=29'b0,VF0_MSIX_CAP_TABLE_OFFSET=29'b0,VF1_MSIX_CAP_PBA_OFFSET=29'b0,VF1_MSIX_CAP_TABLE_OFFSET=29'b0,VF2_MSIX_CAP_PBA_OFFSET=29'b0,VF2_MSIX_CAP_TABLE_OFFSET=29'b0,VF3_MSIX_CAP_PBA_OFFSET=29'b0,VF3_MSIX_CAP_TABLE_OFFSET=29'b0,VF4_MSIX_CAP_PBA_OFFSET=29'b0,VF4_MSIX_CAP_TABLE_OFFSET=29'b0,VF5_MSIX_CAP_PBA_OFFSET=29'b0,VF5_MSIX_CAP_TABLE_OFFSET=29'b0,AXISTEN_IF_ENABLE_CLIENT_TAG="TRUE",PCIE_USE_MODE="2.0",CFG_STATUS_IF="TRUE",TX_FC_IF="TRUE",CFG_FC_IF="TRUE",PER_FUNC_STATUS_IF="TRUE",RCV_MSG_IF="TRUE",CFG_TX_MSG_IF="TRUE",CFG_CTL_IF="TRUE",PCIE3_DRP="FALSE",DIS_GT_WIZARD="FALSE",SYS_RESET_POLARITY=0,SELECT_QUAD="GTH_Quad_225",silicon_revision="Production",DBG_DESCRAMBLE_EN="FALSE",MULT_PF_DES="TRUE",GT_DRP_CLK_SRC=0,FREE_RUN_FREQ=0)) is 1ps/1ps.
Ref Clk Freq: 0 	 User Clk Freq: 3 	 PCIE Link Speed: 3
Timescale of (rp_pcie3_uscale_core_top(PL_LINK_CAP_MAX_LINK_SPEED=4,PL_LINK_CAP_MAX_LINK_WIDTH=8,PF0_ARI_CAP_NEXT_FUNC='b0,PF0_AER_CAP_NEXTPTR='b01100000000,PF0_ARI_CAP_NEXTPTR='b0,VF0_ARI_CAP_NEXTPTR='b0,VF1_ARI_CAP_NEXTPTR='b0,VF2_ARI_CAP_NEXTPTR='b0,VF3_ARI_CAP_NEXTPTR='b0,VF4_ARI_CAP_NEXTPTR='b0,VF5_ARI_CAP_NEXTPTR='b0,PF0_BAR0_APERTURE_SIZE='b0100,PF0_BAR0_CONTROL='b0100,PF0_BAR1_APERTURE_SIZE='b0,PF0_BAR1_CONTROL='b0,PF0_BAR2_APERTURE_SIZE='b0,PF0_BAR2_CONTROL='b0,PF0_BAR3_APERTURE_SIZE='b0,PF0_BAR3_CONTROL='b0,PF0_BAR4_APERTURE_SIZE='b0,PF0_BAR4_CONTROL='b0,PF0_BAR5_APERTURE_SIZE='b0,PF0_BAR5_CONTROL='b0,PF0_CAPABILITY_POINTER='b010000000,PF0_CLASS_CODE='b01011000000000000000,PF0_DEVICE_ID='b0111000000110001,PF0_DEV_CAP2_128B_CAS_ATOMIC_COMPLETER_SUPPORT="FALSE",PF0_DEV_CAP2_32B_ATOMIC_COMPLETER_SUPPORT="FALSE",PF0_DEV_CAP2_64B_ATOMIC_COMPLETER_SUPPORT="FALSE",PF0_DEV_CAP2_LTR_SUPPORT="FALSE",PF0_DEV_CAP2_OBFF_SUPPORT='b0,PF0_DEV_CAP_EXT_TAG_SUPPORTED="FALSE",PF0_DEV_CAP_FUNCTION_LEVEL_RESET_CAPABLE="FALSE",PF0_DEV_CAP_MAX_PAYLOAD_SIZE='b010,PF0_DPA_CAP_NEXTPTR='b01100000000,PF0_DPA_CAP_SUB_STATE_POWER_ALLOCATION0='b0,PF0_DPA_CAP_SUB_STATE_POWER_ALLOCATION1='b0,PF0_DPA_CAP_SUB_STATE_POWER_ALLOCATION2='b0,PF0_DPA_CAP_SUB_STATE_POWER_ALLOCATION3='b0,PF0_DPA_CAP_SUB_STATE_POWER_ALLOCATION4='b0,PF0_DPA_CAP_SUB_STATE_POWER_ALLOCATION5='b0,PF0_DPA_CAP_SUB_STATE_POWER_ALLOCATION6='b0,PF0_DPA_CAP_SUB_STATE_POWER_ALLOCATION7='b0,PF1_DPA_CAP_SUB_STATE_POWER_ALLOCATION0='b0,PF1_DPA_CAP_SUB_STATE_POWER_ALLOCATION1='b0,PF1_DPA_CAP_SUB_STATE_POWER_ALLOCATION2='b0,PF1_DPA_CAP_SUB_STATE_POWER_ALLOCATION3='b0,PF1_DPA_CAP_SUB_STATE_POWER_ALLOCATION4='b0,PF1_DPA_CAP_SUB_STATE_POWER_ALLOCATION5='b0,PF1_DPA_CAP_SUB_STATE_POWER_ALLOCATION6='b0,PF1_DPA_CAP_SUB_STATE_POWER_ALLOCATION7='b0,PF0_DSN_CAP_NEXTPTR='b01100000000,PF0_EXPANSION_ROM_APERTURE_SIZE='b0,PF0_INTERRUPT_PIN='b01,PF0_LINK_STATUS_SLOT_CLOCK_CONFIG="FALSE",PF0_LTR_CAP_NEXTPTR='b01100000000,PF0_MSIX_CAP_NEXTPTR='b0,PF0_MSIX_CAP_PBA_OFFSET='b0,PF0_MSIX_CAP_TABLE_OFFSET='b0,PF0_MSIX_CAP_TABLE_SIZE='b0,PF0_MSI_CAP_NEXTPTR='b011000000,PF0_PB_CAP_NEXTPTR='b01001110100,PF0_PM_CAP_NEXTPTR='b010010000,PF0_PM_CAP_PMESUPPORT_D0="FALSE",PF0_PM_CAP_PMESUPPORT_D1="FALSE",PF0_PM_CAP_PMESUPPORT_D3HOT="FALSE",PF0_PM_CAP_SUPP_D1_STATE="FALSE",PF0_RBAR_CAP_NEXTPTR='b01100000000,PF0_RBAR_CAP_SIZE0='b0,PF0_RBAR_CAP_SIZE1='b0,PF0_RBAR_CAP_SIZE2='b0,PF1_RBAR_CAP_SIZE0='b0,PF1_RBAR_CAP_SIZE1='b0,PF1_RBAR_CAP_SIZE2='b0,PF0_REVISION_ID='b0,PF0_SRIOV_BAR0_APERTURE_SIZE='b0,PF0_SRIOV_BAR0_CONTROL='b0,PF0_SRIOV_BAR1_APERTURE_SIZE='b0,PF0_SRIOV_BAR1_CONTROL='b0,PF0_SRIOV_BAR2_APERTURE_SIZE='b0,PF0_SRIOV_BAR2_CONTROL='b0,PF0_SRIOV_BAR3_APERTURE_SIZE='b0,PF0_SRIOV_BAR3_CONTROL='b0,PF0_SRIOV_BAR4_APERTURE_SIZE='b0,PF0_SRIOV_BAR4_CONTROL='b0,PF0_SRIOV_BAR5_APERTURE_SIZE='b0,PF0_SRIOV_BAR5_CONTROL='b0,PF0_SRIOV_CAP_INITIAL_VF='b0,PF0_SRIOV_CAP_NEXTPTR='b01100000000,PF0_SRIOV_CAP_TOTAL_VF='b0,PF0_SRIOV_CAP_VER='b0,PF0_SRIOV_FIRST_VF_OFFSET='b0,PF0_SRIOV_FUNC_DEP_LINK='b0,PF0_SRIOV_SUPPORTED_PAGE_SIZE='b010101010011,PF0_SRIOV_VF_DEVICE_ID='b0,PF0_SUBSYSTEM_ID='b0111,PF0_TPHR_CAP_NEXTPTR='b01100000000,VF0_TPHR_CAP_NEXTPTR='b0,VF1_TPHR_CAP_NEXTPTR='b0,VF2_TPHR_CAP_NEXTPTR='b0,VF3_TPHR_CAP_NEXTPTR='b0,VF4_TPHR_CAP_NEXTPTR='b0,VF5_TPHR_CAP_NEXTPTR='b0,PF0_TPHR_CAP_ST_MODE_SEL='b0,PF0_TPHR_CAP_ST_TABLE_LOC='b0,PF0_TPHR_CAP_ST_TABLE_SIZE='b0,PF0_TPHR_CAP_VER='b01,PF1_TPHR_CAP_ST_MODE_SEL='b0,PF1_TPHR_CAP_ST_TABLE_LOC='b0,PF1_TPHR_CAP_ST_TABLE_SIZE='b0,PF1_TPHR_CAP_VER='b01,VF0_TPHR_CAP_ST_MODE_SEL='b0,VF0_TPHR_CAP_ST_TABLE_LOC='b0,VF0_TPHR_CAP_ST_TABLE_SIZE='b0,VF0_TPHR_CAP_VER='b01,VF1_TPHR_CAP_ST_MODE_SEL='b0,VF1_TPHR_CAP_ST_TABLE_LOC='b0,VF1_TPHR_CAP_ST_TABLE_SIZE='b0,VF1_TPHR_CAP_VER='b01,VF2_TPHR_CAP_ST_MODE_SEL='b0,VF2_TPHR_CAP_ST_TABLE_LOC='b0,VF2_TPHR_CAP_ST_TABLE_SIZE='b0,VF2_TPHR_CAP_VER='b01,VF3_TPHR_CAP_ST_MODE_SEL='b0,VF3_TPHR_CAP_ST_TABLE_LOC='b0,VF3_TPHR_CAP_ST_TABLE_SIZE='b0,VF3_TPHR_CAP_VER='b01,VF4_TPHR_CAP_ST_MODE_SEL='b0,VF4_TPHR_CAP_ST_TABLE_LOC='b0,VF4_TPHR_CAP_ST_TABLE_SIZE='b0,VF4_TPHR_CAP_VER='b01,VF5_TPHR_CAP_ST_MODE_SEL='b0,VF5_TPHR_CAP_ST_TABLE_LOC='b0,VF5_TPHR_CAP_ST_TABLE_SIZE='b0,VF5_TPHR_CAP_VER='b01,PF0_SECONDARY_PCIE_CAP_NEXTPTR='b0,MCAP_CAP_NEXTPTR='b0,PF0_VC_CAP_NEXTPTR='b0,PF1_AER_CAP_NEXTPTR='b0,PF1_ARI_CAP_NEXTPTR='b0,PF1_BAR0_APERTURE_SIZE='b0,PF1_BAR0_CONTROL='b0,PF1_BAR1_APERTURE_SIZE='b0,PF1_BAR1_CONTROL='b0,PF1_BAR2_APERTURE_SIZE='b0,PF1_BAR2_CONTROL='b0,PF1_BAR3_APERTURE_SIZE='b0,PF1_BAR3_CONTROL='b0,PF1_BAR4_APERTURE_SIZE='b0,PF1_BAR4_CONTROL='b0,PF1_BAR5_APERTURE_SIZE='b0,PF1_BAR5_CONTROL='b0,PF1_CAPABILITY_POINTER='b010000000,PF1_CLASS_CODE='b01011000000000000000,PF1_DEVICE_ID='b0111000000010001,PF1_DEV_CAP_MAX_PAYLOAD_SIZE='b010,PF1_DPA_CAP_NEXTPTR='b0,PF1_DSN_CAP_NEXTPTR='b0,PF1_EXPANSION_ROM_APERTURE_SIZE='b0,PF1_INTERRUPT_PIN='b0,PF1_MSIX_CAP_NEXTPTR='b0,PF1_MSIX_CAP_PBA_OFFSET='b0,PF1_MSIX_CAP_TABLE_OFFSET='b0,PF1_MSIX_CAP_TABLE_SIZE='b0,PF1_MSI_CAP_NEXTPTR='b0,PF1_PB_CAP_NEXTPTR='b0,PF1_PM_CAP_NEXTPTR='b0,PF1_RBAR_CAP_NEXTPTR='b0,PF1_REVISION_ID='b0,PF1_SRIOV_BAR0_APERTURE_SIZE='b0,PF1_SRIOV_BAR0_CONTROL='b0,PF1_SRIOV_BAR1_APERTURE_SIZE='b0,PF1_SRIOV_BAR1_CONTROL='b0,PF1_SRIOV_BAR2_APERTURE_SIZE='b0,PF1_SRIOV_BAR2_CONTROL='b0,PF1_SRIOV_BAR3_APERTURE_SIZE='b0,PF1_SRIOV_BAR3_CONTROL='b0,PF1_SRIOV_BAR4_APERTURE_SIZE='b0,PF1_SRIOV_BAR4_CONTROL='b0,PF1_SRIOV_BAR5_APERTURE_SIZE='b0,PF1_SRIOV_BAR5_CONTROL='b0,PF1_SRIOV_CAP_INITIAL_VF='b0,PF1_SRIOV_CAP_NEXTPTR='b0,PF1_SRIOV_CAP_TOTAL_VF='b0,PF1_SRIOV_CAP_VER='b0,PF1_SRIOV_FIRST_VF_OFFSET='b0,PF1_SRIOV_FUNC_DEP_LINK='b01,PF1_SRIOV_SUPPORTED_PAGE_SIZE='b010101010011,PF1_SRIOV_VF_DEVICE_ID='b0,PF1_SUBSYSTEM_ID='b0111,PF1_TPHR_CAP_NEXTPTR='b0,PL_UPSTREAM_FACING="FALSE",TL_CREDITS_CD='b0,TL_CREDITS_CH='b0,TL_CREDITS_NPD='b0101000,TL_CREDITS_NPH='b0100000,TL_CREDITS_PD='b011001100,TL_CREDITS_PH='b0100000,TL_PF_ENABLE_REG="FALSE",VF0_CAPABILITY_POINTER='b010000000,VF0_MSIX_CAP_PBA_OFFSET='b0,VF0_MSIX_CAP_TABLE_OFFSET='b0,VF0_MSIX_CAP_TABLE_SIZE='b0,VF0_PM_CAP_NEXTPTR='b0,VF1_MSIX_CAP_PBA_OFFSET='b0,VF1_MSIX_CAP_TABLE_OFFSET='b0,VF1_MSIX_CAP_TABLE_SIZE='b0,VF1_PM_CAP_NEXTPTR='b0,VF2_MSIX_CAP_PBA_OFFSET='b0,VF2_MSIX_CAP_TABLE_OFFSET='b0,VF2_MSIX_CAP_TABLE_SIZE='b0,VF2_PM_CAP_NEXTPTR='b0,VF3_MSIX_CAP_PBA_OFFSET='b0,VF3_MSIX_CAP_TABLE_OFFSET='b0,VF3_MSIX_CAP_TABLE_SIZE='b0,VF3_PM_CAP_NEXTPTR='b0,VF4_MSIX_CAP_PBA_OFFSET='b0,VF4_MSIX_CAP_TABLE_OFFSET='b0,VF4_MSIX_CAP_TABLE_SIZE='b0,VF4_PM_CAP_NEXTPTR='b0,VF5_MSIX_CAP_PBA_OFFSET='b0,VF5_MSIX_CAP_TABLE_OFFSET='b0,VF5_MSIX_CAP_TABLE_SIZE='b0,VF5_PM_CAP_NEXTPTR='b0,COMPLETION_SPACE="8KB",PIPE_PIPELINE_STAGES=0,PL_DISABLE_EI_INFER_IN_L0="TRUE",PL_EQ_BYPASS_PHASE23="TRUE",PM_ASPML1_ENTRY_DELAY=20'b0,PM_L1_REENTRY_DELAY=32'b0,PM_PME_SERVICE_TIMEOUT_DELAY=20'b011000011010000000)) is 1ps/1ps.
Ref Clk Freq: 0 	 User Clk Freq: 3 	 PCIE Link Speed: 3
[                   0] RTDS_RESET: PCIe 系统复位已拉�?
Timescale of (board) is 1ps / 1ps.
WARNING: 0ns : none of the conditions were true for unique case from File:c:/project/RTDS/pcie_07/RTDS_test-1ch/RTDS_test-1ch/RTDS_test.srcs/sources_1/bd/design_1/ipshared/cc3e/hdl/xdma_v4_1_vl_rfs.sv:33974
Info: [XPM_MEMORY 20-1] MEMORY_PRIMITIVE (0) instructs Vivado Synthesis to choose the memory primitive type. Depending on their values, other XPM_MEMORY parameters may preclude the choice of certain memory primitive types. Review XPM_MEMORY documentation and parameter values to understand any limitations, or set MEMORY_PRIMITIVE to a different value. board.EP.DUT.u_pcie_fdma_aurora_brg_adapter.u_fdma_aurora_brg_tx.xpm_fifo_async_inst.\gnuram_async_fifo.xpm_fifo_base_inst .\gen_sdpram.xpm_memory_base_inst .config_drc
Time: 1 ps  Iteration: 0  Process: /board/EP/DUT/u_pcie_fdma_aurora_brg_adapter/u_fdma_aurora_brg_tx/xpm_fifo_async_inst/gnuram_async_fifo.xpm_fifo_base_inst/gen_sdpram.xpm_memory_base_inst/Initial294_65  Scope: board.EP.DUT.u_pcie_fdma_aurora_brg_adapter.u_fdma_aurora_brg_tx.xpm_fifo_async_inst.\gnuram_async_fifo.xpm_fifo_base_inst .\gen_sdpram.xpm_memory_base_inst .config_drc  File: C:/Xilinx/Vivado/2020.2/data/ip/xpm/xpm_memory/hdl/xpm_memory.sv Line: 488
[             4995000] RTDS_RESET: PCIe 系统复位已释�?
[             5038000] RTDS_TIMEBASE_PASS: 10 �? 250 MHz 周期=40000 ps
[             5193600] RTDS_AURORA_BOUNDARY: LL 用户时钟域已就绪（轻�? BFM，无 GT 模型�?
Fatal: RTDS_GLOBAL_TIMEOUT: rtds_minimum 超过 2 ms
Time: 2004994 ns  Iteration: 0  Process: /board/Initial913_100642  Scope: board  File: C:/project/RTDS/DDR/RTDS_test_DDR4_64bit_batch_dev/regression/sim_xdma_rootport/tb/board.sv Line: 919
$finish called at time : 2004994 ns : File "C:/project/RTDS/DDR/RTDS_test_DDR4_64bit_batch_dev/regression/sim_xdma_rootport/tb/rtds_pcie_ep_sim_wrapper.sv" Line 112
run: Time (s): cpu = 00:00:00 ; elapsed = 01:19:40 . Memory (MB): peak = 917.426 ; gain = 0.000
## quit
INFO: [Common 17-206] Exiting xsim at Thu Sep 17 17:22:40 2026...
V201 step2 simulate failed; inspect output
INFO: [Common 17-206] Exiting Vivado at Thu Sep 17 17:22:40 2026...
