
****** Vivado v2020.2 (64-bit)
  **** SW Build 3064766 on Wed Nov 18 09:12:45 MST 2020
  **** IP Build 3064653 on Wed Nov 18 14:17:31 MST 2020
    ** Copyright 1986-2020 Xilinx, Inc. All Rights Reserved.

source {c:\project\RTDS\DDR\RTDS_test_DDR4_64bit_batch_dev\scripts\resume_rootport_v201.tcl} -notrace
Scanning sources...
Finished scanning sources
INFO: [IP_Flow 19-234] Refreshing IP repositories
INFO: [IP_Flow 19-1704] No user IP repositories specified
INFO: [IP_Flow 19-2313] Loaded Vivado IP repository 'C:/Xilinx/Vivado/2020.2/data/ip'.
open_project: Time (s): cpu = 00:00:06 ; elapsed = 00:00:06 . Memory (MB): peak = 1107.613 ; gain = 0.000
Command: launch_simulation -simset sim_xdma_rootport -mode behavioral -scripts_only
INFO: [Vivado 12-5698] Checking validity of IPs in the design for the 'XSim' simulator...
INFO: [Vivado 12-5680] Creating behavioral simulation scripts in 'C:/project/RTDS/DDR/RTDS_test_DDR4_64bit_batch_dev/RTDS_test_DDR4_64bit.sim/sim_xdma_rootport/behav/xsim'
INFO: [Vivado 12-4795] Using compiled simulation libraries for IPs
INFO: [SIM-utils-51] Simulation object is 'sim_xdma_rootport'
INFO: [USF-XSim-7] Finding pre-compiled libraries...
INFO: [USF-XSim-11] File 'C:/Xilinx/Vivado/2020.2/data/xsim/xsim.ini' copied to run dir:'C:/project/RTDS/DDR/RTDS_test_DDR4_64bit_batch_dev/RTDS_test_DDR4_64bit.sim/sim_xdma_rootport/behav/xsim'
INFO: [SIM-utils-50] Design contains embedded sources, generating MEM files for simulation...
Generating merged BMM file for the design top 'rtds_ddr4_mig'...
Generating merged BMM file for the design top 'rtds_ddr4_mig'...
generate_mem_files: Time (s): cpu = 00:00:00 ; elapsed = 00:00:19 . Memory (MB): peak = 1107.613 ; gain = 0.000
INFO: [SIM-utils-54] Inspecting design source files for 'board' in fileset 'sim_xdma_rootport'...
INFO: [SIM-utils-43] Exported 'C:/project/RTDS/DDR/RTDS_test_DDR4_64bit_batch_dev/RTDS_test_DDR4_64bit.sim/sim_xdma_rootport/behav/xsim/design.dat'
INFO: [USF-XSim-97] Finding global include files...
INFO: [USF-XSim-98] Fetching design files from 'sim_xdma_rootport'...
INFO: [USF-XSim-2] XSim::Compile design
INFO: [USF-XSim-60] Script generated:C:/project/RTDS/DDR/RTDS_test_DDR4_64bit_batch_dev/RTDS_test_DDR4_64bit.sim/sim_xdma_rootport/behav/xsim/compile.bat
INFO: [USF-XSim-3] XSim::Elaborate design
INFO: [USF-XSim-60] Script generated:C:/project/RTDS/DDR/RTDS_test_DDR4_64bit_batch_dev/RTDS_test_DDR4_64bit.sim/sim_xdma_rootport/behav/xsim/elaborate.bat
INFO: [USF-XSim-4] XSim::Simulate design
INFO: [USF-XSim-60] Script generated:C:/project/RTDS/DDR/RTDS_test_DDR4_64bit_batch_dev/RTDS_test_DDR4_64bit.sim/sim_xdma_rootport/behav/xsim/simulate.bat
launch_simulation: Time (s): cpu = 00:00:04 ; elapsed = 00:00:35 . Memory (MB): peak = 1107.613 ; gain = 0.000
UTIL_DS_BUF_CURRENT_ENTITY_ALREADY_MATCHED
V201_STEP_BEGIN compile
"xvlog --incr --relax -L uvm -L xdma_v4_1_8 -prj board_vlog.prj"
INFO: [VRFC 10-2263] Analyzing Verilog file "C:/project/RTDS/DDR/RTDS_test_DDR4_64bit_batch_dev/RTDS_test_DDR4_64bit.srcs/sources_1/new/CONV_DMA.v" into library xil_defaultlib
INFO: [VRFC 10-311] analyzing module CONV_DMA
INFO: [VRFC 10-2263] Analyzing Verilog file "C:/project/RTDS/DDR/RTDS_test_DDR4_64bit_batch_dev/RTDS_test_DDR4_64bit.srcs/sources_1/new/INFO_EXCH.v" into library xil_defaultlib
INFO: [VRFC 10-311] analyzing module INFO_EXCH
INFO: [VRFC 10-2263] Analyzing Verilog file "C:/project/RTDS/DDR/RTDS_test_DDR4_64bit_batch_dev/RTDS_test_DDR4_64bit.ip_user_files/bd/design_1/ip/design_1_CONV_DMA_0_0/sim/design_1_CONV_DMA_0_0.v" into library xil_defaultlib
INFO: [VRFC 10-311] analyzing module design_1_CONV_DMA_0_0
INFO: [VRFC 10-2263] Analyzing Verilog file "C:/project/RTDS/DDR/RTDS_test_DDR4_64bit_batch_dev/RTDS_test_DDR4_64bit.ip_user_files/bd/design_1/ip/design_1_xdma_0_0/ip_0/ip_0/sim/gtwizard_ultrascale_v1_7_gthe3_channel.v" into library xil_defaultlib
INFO: [VRFC 10-311] analyzing module gtwizard_ultrascale_v1_7_9_gthe3_channel
INFO: [VRFC 10-2263] Analyzing Verilog file "C:/project/RTDS/DDR/RTDS_test_DDR4_64bit_batch_dev/RTDS_test_DDR4_64bit.ip_user_files/bd/design_1/ip/design_1_xdma_0_0/ip_0/ip_0/sim/design_1_xdma_0_0_pcie3_ip_gt_gthe3_channel_wrapper.v" into library xil_defaultlib
INFO: [VRFC 10-311] analyzing module design_1_xdma_0_0_pcie3_ip_gt_gthe3_channel_wrapper
INFO: [VRFC 10-2263] Analyzing Verilog file "C:/project/RTDS/DDR/RTDS_test_DDR4_64bit_batch_dev/RTDS_test_DDR4_64bit.ip_user_files/bd/design_1/ip/design_1_xdma_0_0/ip_0/ip_0/sim/gtwizard_ultrascale_v1_7_gthe3_common.v" into library xil_defaultlib
INFO: [VRFC 10-311] analyzing module gtwizard_ultrascale_v1_7_9_gthe3_common
INFO: [VRFC 10-2263] Analyzing Verilog file "C:/project/RTDS/DDR/RTDS_test_DDR4_64bit_batch_dev/RTDS_test_DDR4_64bit.ip_user_files/bd/design_1/ip/design_1_xdma_0_0/ip_0/ip_0/sim/design_1_xdma_0_0_pcie3_ip_gt_gthe3_common_wrapper.v" into library xil_defaultlib
INFO: [VRFC 10-311] analyzing module design_1_xdma_0_0_pcie3_ip_gt_gthe3_common_wrapper
INFO: [VRFC 10-2263] Analyzing Verilog file "C:/project/RTDS/DDR/RTDS_test_DDR4_64bit_batch_dev/RTDS_test_DDR4_64bit.ip_user_files/bd/design_1/ip/design_1_xdma_0_0/ip_0/ip_0/sim/design_1_xdma_0_0_pcie3_ip_gt_gtwizard_gthe3.v" into library xil_defaultlib
INFO: [VRFC 10-311] analyzing module design_1_xdma_0_0_pcie3_ip_gt_gtwizard_gthe3
INFO: [VRFC 10-2263] Analyzing Verilog file "C:/project/RTDS/DDR/RTDS_test_DDR4_64bit_batch_dev/RTDS_test_DDR4_64bit.ip_user_files/bd/design_1/ip/design_1_xdma_0_0/ip_0/ip_0/sim/design_1_xdma_0_0_pcie3_ip_gt_gtwizard_top.v" into library xil_defaultlib
INFO: [VRFC 10-311] analyzing module design_1_xdma_0_0_pcie3_ip_gt_gtwizard_top
INFO: [VRFC 10-2263] Analyzing Verilog file "C:/project/RTDS/DDR/RTDS_test_DDR4_64bit_batch_dev/RTDS_test_DDR4_64bit.ip_user_files/bd/design_1/ip/design_1_xdma_0_0/ip_0/ip_0/sim/design_1_xdma_0_0_pcie3_ip_gt.v" into library xil_defaultlib
INFO: [VRFC 10-311] analyzing module design_1_xdma_0_0_pcie3_ip_gt
INFO: [VRFC 10-2263] Analyzing Verilog file "C:/project/RTDS/DDR/RTDS_test_DDR4_64bit_batch_dev/RTDS_test_DDR4_64bit.ip_user_files/bd/design_1/ip/design_1_xdma_0_0/ip_0/source/design_1_xdma_0_0_pcie3_ip_tph_tbl.v" into library xil_defaultlib
INFO: [VRFC 10-311] analyzing module design_1_xdma_0_0_pcie3_ip_tph_tbl
INFO: [VRFC 10-2263] Analyzing Verilog file "C:/project/RTDS/DDR/RTDS_test_DDR4_64bit_batch_dev/RTDS_test_DDR4_64bit.ip_user_files/bd/design_1/ip/design_1_xdma_0_0/ip_0/source/design_1_xdma_0_0_pcie3_ip_pipe_lane.v" into library xil_defaultlib
INFO: [VRFC 10-311] analyzing module design_1_xdma_0_0_pcie3_ip_pipe_lane
INFO: [VRFC 10-2263] Analyzing Verilog file "C:/project/RTDS/DDR/RTDS_test_DDR4_64bit_batch_dev/RTDS_test_DDR4_64bit.ip_user_files/bd/design_1/ip/design_1_xdma_0_0/ip_0/source/design_1_xdma_0_0_pcie3_ip_bram_16k.v" into library xil_defaultlib
INFO: [VRFC 10-311] analyzing module design_1_xdma_0_0_pcie3_ip_bram_16k
INFO: [VRFC 10-2263] Analyzing Verilog file "C:/project/RTDS/DDR/RTDS_test_DDR4_64bit_batch_dev/RTDS_test_DDR4_64bit.ip_user_files/bd/design_1/ip/design_1_xdma_0_0/ip_0/source/design_1_xdma_0_0_pcie3_ip_bram_rep_8k.v" into library xil_defaultlib
INFO: [VRFC 10-311] analyzing module design_1_xdma_0_0_pcie3_ip_bram_rep_8k
INFO: [VRFC 10-2263] Analyzing Verilog file "C:/project/RTDS/DDR/RTDS_test_DDR4_64bit_batch_dev/RTDS_test_DDR4_64bit.ip_user_files/bd/design_1/ip/design_1_xdma_0_0/ip_0/source/design_1_xdma_0_0_pcie3_ip_bram_req_8k.v" into library xil_defaultlib
INFO: [VRFC 10-311] analyzing module design_1_xdma_0_0_pcie3_ip_bram_req_8k
INFO: [VRFC 10-2263] Analyzing Verilog file "C:/project/RTDS/DDR/RTDS_test_DDR4_64bit_batch_dev/RTDS_test_DDR4_64bit.ip_user_files/bd/design_1/ip/design_1_xdma_0_0/ip_0/source/design_1_xdma_0_0_pcie3_ip_gt_channel.v" into library xil_defaultlib
INFO: [VRFC 10-311] analyzing module design_1_xdma_0_0_pcie3_ip_gt_channel
INFO: [VRFC 10-2263] Analyzing Verilog file "C:/project/RTDS/DDR/RTDS_test_DDR4_64bit_batch_dev/RTDS_test_DDR4_64bit.ip_user_files/bd/design_1/ip/design_1_xdma_0_0/ip_0/source/design_1_xdma_0_0_pcie3_ip_pipe_pipeline.v" into library xil_defaultlib
INFO: [VRFC 10-311] analyzing module design_1_xdma_0_0_pcie3_ip_pipe_pipeline
INFO: [VRFC 10-2263] Analyzing Verilog file "C:/project/RTDS/DDR/RTDS_test_DDR4_64bit_batch_dev/RTDS_test_DDR4_64bit.ip_user_files/bd/design_1/ip/design_1_xdma_0_0/ip_0/source/design_1_xdma_0_0_pcie3_ip_pipe_misc.v" into library xil_defaultlib
INFO: [VRFC 10-311] analyzing module design_1_xdma_0_0_pcie3_ip_pipe_misc
INFO: [VRFC 10-2263] Analyzing Verilog file "C:/project/RTDS/DDR/RTDS_test_DDR4_64bit_batch_dev/RTDS_test_DDR4_64bit.ip_user_files/bd/design_1/ip/design_1_xdma_0_0/ip_0/source/design_1_xdma_0_0_pcie3_ip_init_ctrl.v" into library xil_defaultlib
INFO: [VRFC 10-311] analyzing module design_1_xdma_0_0_pcie3_ip_init_ctrl
INFO: [VRFC 10-2263] Analyzing Verilog file "C:/project/RTDS/DDR/RTDS_test_DDR4_64bit_batch_dev/RTDS_test_DDR4_64bit.ip_user_files/bd/design_1/ip/design_1_xdma_0_0/ip_0/source/design_1_xdma_0_0_pcie3_ip_gt_common.v" into library xil_defaultlib
INFO: [VRFC 10-311] analyzing module design_1_xdma_0_0_pcie3_ip_gt_common
INFO: [VRFC 10-2263] Analyzing Verilog file "C:/project/RTDS/DDR/RTDS_test_DDR4_64bit_batch_dev/RTDS_test_DDR4_64bit.ip_user_files/bd/design_1/ip/design_1_xdma_0_0/ip_0/source/design_1_xdma_0_0_pcie3_ip_bram_8k.v" into library xil_defaultlib
INFO: [VRFC 10-311] analyzing module design_1_xdma_0_0_pcie3_ip_bram_8k
INFO: [VRFC 10-2263] Analyzing Verilog file "C:/project/RTDS/DDR/RTDS_test_DDR4_64bit_batch_dev/RTDS_test_DDR4_64bit.ip_user_files/bd/design_1/ip/design_1_xdma_0_0/ip_0/source/design_1_xdma_0_0_pcie3_ip_bram_rep.v" into library xil_defaultlib
INFO: [VRFC 10-311] analyzing module design_1_xdma_0_0_pcie3_ip_bram_rep
INFO: [VRFC 10-2263] Analyzing Verilog file "C:/project/RTDS/DDR/RTDS_test_DDR4_64bit_batch_dev/RTDS_test_DDR4_64bit.ip_user_files/bd/design_1/ip/design_1_xdma_0_0/ip_0/source/design_1_xdma_0_0_pcie3_ip_bram_req.v" into library xil_defaultlib
INFO: [VRFC 10-311] analyzing module design_1_xdma_0_0_pcie3_ip_bram_req
INFO: [VRFC 10-2263] Analyzing Verilog file "C:/project/RTDS/DDR/RTDS_test_DDR4_64bit_batch_dev/RTDS_test_DDR4_64bit.ip_user_files/bd/design_1/ip/design_1_xdma_0_0/ip_0/source/design_1_xdma_0_0_pcie3_ip_phy_sync.v" into library xil_defaultlib
INFO: [VRFC 10-311] analyzing module design_1_xdma_0_0_pcie3_ip_phy_sync
INFO: [VRFC 10-2263] Analyzing Verilog file "C:/project/RTDS/DDR/RTDS_test_DDR4_64bit_batch_dev/RTDS_test_DDR4_64bit.ip_user_files/bd/design_1/ip/design_1_xdma_0_0/ip_0/source/design_1_xdma_0_0_pcie3_ip_bram_cpl.v" into library xil_defaultlib
INFO: [VRFC 10-311] analyzing module design_1_xdma_0_0_pcie3_ip_bram_cpl
INFO: [VRFC 10-2263] Analyzing Verilog file "C:/project/RTDS/DDR/RTDS_test_DDR4_64bit_batch_dev/RTDS_test_DDR4_64bit.ip_user_files/bd/design_1/ip/design_1_xdma_0_0/ip_0/source/design_1_xdma_0_0_pcie3_ip_sys_clk_gen.v" into library xil_defaultlib
INFO: [VRFC 10-311] analyzing module design_1_xdma_0_0_pcie3_ip_sys_clk_gen_ps
INFO: [VRFC 10-2263] Analyzing Verilog file "C:/project/RTDS/DDR/RTDS_test_DDR4_64bit_batch_dev/RTDS_test_DDR4_64bit.ip_user_files/bd/design_1/ip/design_1_xdma_0_0/ip_0/source/design_1_xdma_0_0_pcie3_ip_phy_rst.v" into library xil_defaultlib
INFO: [VRFC 10-311] analyzing module design_1_xdma_0_0_pcie3_ip_phy_rst
INFO: [VRFC 10-2263] Analyzing Verilog file "C:/project/RTDS/DDR/RTDS_test_DDR4_64bit_batch_dev/RTDS_test_DDR4_64bit.ip_user_files/bd/design_1/ip/design_1_xdma_0_0/ip_0/source/design_1_xdma_0_0_pcie3_ip_phy_txeq.v" into library xil_defaultlib
INFO: [VRFC 10-311] analyzing module design_1_xdma_0_0_pcie3_ip_phy_txeq
INFO: [VRFC 10-2263] Analyzing Verilog file "C:/project/RTDS/DDR/RTDS_test_DDR4_64bit_batch_dev/RTDS_test_DDR4_64bit.ip_user_files/bd/design_1/ip/design_1_xdma_0_0/ip_0/source/design_1_xdma_0_0_pcie3_ip_phy_clk.v" into library xil_defaultlib
INFO: [VRFC 10-311] analyzing module design_1_xdma_0_0_pcie3_ip_phy_clk
INFO: [VRFC 10-2263] Analyzing Verilog file "C:/project/RTDS/DDR/RTDS_test_DDR4_64bit_batch_dev/RTDS_test_DDR4_64bit.ip_user_files/bd/design_1/ip/design_1_xdma_0_0/ip_0/source/design_1_xdma_0_0_pcie3_ip_bram.v" into library xil_defaultlib
INFO: [VRFC 10-311] analyzing module design_1_xdma_0_0_pcie3_ip_bram
INFO: [VRFC 10-2263] Analyzing Verilog file "C:/project/RTDS/DDR/RTDS_test_DDR4_64bit_batch_dev/RTDS_test_DDR4_64bit.ip_user_files/bd/design_1/ip/design_1_xdma_0_0/ip_0/source/design_1_xdma_0_0_pcie3_ip_phy_rxeq.v" into library xil_defaultlib
INFO: [VRFC 10-311] analyzing module design_1_xdma_0_0_pcie3_ip_phy_rxeq
INFO: [VRFC 10-2263] Analyzing Verilog file "C:/project/RTDS/DDR/RTDS_test_DDR4_64bit_batch_dev/RTDS_test_DDR4_64bit.ip_user_files/bd/design_1/ip/design_1_xdma_0_0/ip_0/source/design_1_xdma_0_0_pcie3_ip_gtwizard_top.v" into library xil_defaultlib
INFO: [VRFC 10-311] analyzing module design_1_xdma_0_0_pcie3_ip_gtwizard_top
INFO: [VRFC 10-2263] Analyzing Verilog file "C:/project/RTDS/DDR/RTDS_test_DDR4_64bit_batch_dev/RTDS_test_DDR4_64bit.ip_user_files/bd/design_1/ip/design_1_xdma_0_0/ip_0/source/design_1_xdma_0_0_pcie3_ip_phy_wrapper.v" into library xil_defaultlib
INFO: [VRFC 10-311] analyzing module design_1_xdma_0_0_pcie3_ip_phy_wrapper
INFO: [VRFC 10-2263] Analyzing Verilog file "C:/project/RTDS/DDR/RTDS_test_DDR4_64bit_batch_dev/RTDS_test_DDR4_64bit.ip_user_files/bd/design_1/ip/design_1_xdma_0_0/ip_0/source/design_1_xdma_0_0_pcie3_ip_pcie3_uscale_wrapper.v" into library xil_defaultlib
INFO: [VRFC 10-311] analyzing module design_1_xdma_0_0_pcie3_ip_pcie3_uscale_wrapper
INFO: [VRFC 10-2263] Analyzing Verilog file "C:/project/RTDS/DDR/RTDS_test_DDR4_64bit_batch_dev/RTDS_test_DDR4_64bit.ip_user_files/bd/design_1/ip/design_1_xdma_0_0/ip_0/source/design_1_xdma_0_0_pcie3_ip_pcie3_uscale_top.v" into library xil_defaultlib
INFO: [VRFC 10-311] analyzing module design_1_xdma_0_0_pcie3_ip_pcie3_uscale_top
INFO: [VRFC 10-2263] Analyzing Verilog file "C:/project/RTDS/DDR/RTDS_test_DDR4_64bit_batch_dev/RTDS_test_DDR4_64bit.ip_user_files/bd/design_1/ip/design_1_xdma_0_0/ip_0/source/design_1_xdma_0_0_pcie3_ip_phy_sync_cell.v" into library xil_defaultlib
INFO: [VRFC 10-311] analyzing module design_1_xdma_0_0_pcie3_ip_phy_sync_cell
INFO: [VRFC 10-2263] Analyzing Verilog file "C:/project/RTDS/DDR/RTDS_test_DDR4_64bit_batch_dev/RTDS_test_DDR4_64bit.ip_user_files/bd/design_1/ip/design_1_xdma_0_0/ip_0/source/design_1_xdma_0_0_pcie3_ip_rxcdrhold.v" into library xil_defaultlib
INFO: [VRFC 10-311] analyzing module design_1_xdma_0_0_pcie3_ip_rxcdrhold
INFO: [VRFC 10-2263] Analyzing Verilog file "C:/project/RTDS/DDR/RTDS_test_DDR4_64bit_batch_dev/RTDS_test_DDR4_64bit.ip_user_files/bd/design_1/ip/design_1_xdma_0_0/ip_0/source/design_1_xdma_0_0_pcie3_ip_pcie3_uscale_core_top.v" into library xil_defaultlib
INFO: [VRFC 10-311] analyzing module design_1_xdma_0_0_pcie3_ip_pcie3_uscale_core_top
INFO: [VRFC 10-2263] Analyzing Verilog file "C:/project/RTDS/DDR/RTDS_test_DDR4_64bit_batch_dev/RTDS_test_DDR4_64bit.ip_user_files/bd/design_1/ip/design_1_xdma_0_0/ip_0/sim/design_1_xdma_0_0_pcie3_ip.v" into library xil_defaultlib
INFO: [VRFC 10-311] analyzing module design_1_xdma_0_0_pcie3_ip
INFO: [VRFC 10-2263] Analyzing Verilog file "C:/project/RTDS/DDR/RTDS_test_DDR4_64bit_batch_dev/RTDS_test_DDR4_64bit.ip_user_files/bd/design_1/ip/design_1_xdma_0_0/ip_1/sim/xdma_v4_1_8_blk_mem_64_reg_be.v" into library xil_defaultlib
INFO: [VRFC 10-311] analyzing module xdma_v4_1_8_blk_mem_64_reg_be
INFO: [VRFC 10-2263] Analyzing Verilog file "C:/project/RTDS/DDR/RTDS_test_DDR4_64bit_batch_dev/RTDS_test_DDR4_64bit.ip_user_files/bd/design_1/ip/design_1_xdma_0_0/ip_2/sim/xdma_v4_1_8_blk_mem_64_noreg_be.v" into library xil_defaultlib
INFO: [VRFC 10-311] analyzing module xdma_v4_1_8_blk_mem_64_noreg_be
INFO: [VRFC 10-2263] Analyzing SystemVerilog file "C:/project/RTDS/DDR/RTDS_test_DDR4_64bit_batch_dev/RTDS_test_DDR4_64bit.ip_user_files/bd/design_1/ip/design_1_xdma_0_0/xdma_v4_1/hdl/verilog/design_1_xdma_0_0_dma_bram_wrap.sv" into library xil_defaultlib
INFO: [VRFC 10-311] analyzing module xdma_v4_1_8_dma_bram_wrap
INFO: [VRFC 10-311] analyzing module xdma_v4_1_8_dma_fifo_64x512_wrap
INFO: [VRFC 10-311] analyzing module xdma_v4_1_8_mem_simple_dport_bram
INFO: [VRFC 10-2263] Analyzing SystemVerilog file "C:/project/RTDS/DDR/RTDS_test_DDR4_64bit_batch_dev/RTDS_test_DDR4_64bit.ip_user_files/bd/design_1/ip/design_1_xdma_0_0/xdma_v4_1/hdl/verilog/design_1_xdma_0_0_dma_bram_wrap_1024.sv" into library xil_defaultlib
INFO: [VRFC 10-311] analyzing module xdma_v4_1_8_dma_bram_wrap_1024
INFO: [VRFC 10-2263] Analyzing SystemVerilog file "C:/project/RTDS/DDR/RTDS_test_DDR4_64bit_batch_dev/RTDS_test_DDR4_64bit.ip_user_files/bd/design_1/ip/design_1_xdma_0_0/xdma_v4_1/hdl/verilog/design_1_xdma_0_0_dma_bram_wrap_2048.sv" into library xil_defaultlib
INFO: [VRFC 10-311] analyzing module xdma_v4_1_8_dma_bram_wrap_2048
INFO: [VRFC 10-2263] Analyzing SystemVerilog file "C:/project/RTDS/DDR/RTDS_test_DDR4_64bit_batch_dev/RTDS_test_DDR4_64bit.ip_user_files/bd/design_1/ip/design_1_xdma_0_0/xdma_v4_1/hdl/verilog/design_1_xdma_0_0_core_top.sv" into library xil_defaultlib
INFO: [VRFC 10-311] analyzing module design_1_xdma_0_0_core_top
INFO: [VRFC 10-2458] undeclared symbol cfg_config_space_enable, assumed default net type wire [C:/project/RTDS/DDR/RTDS_test_DDR4_64bit_batch_dev/RTDS_test_DDR4_64bit.ip_user_files/bd/design_1/ip/design_1_xdma_0_0/xdma_v4_1/hdl/verilog/design_1_xdma_0_0_core_top.sv:4292]
INFO: [VRFC 10-2458] undeclared symbol cfg_hot_reset_in, assumed default net type wire [C:/project/RTDS/DDR/RTDS_test_DDR4_64bit_batch_dev/RTDS_test_DDR4_64bit.ip_user_files/bd/design_1/ip/design_1_xdma_0_0/xdma_v4_1/hdl/verilog/design_1_xdma_0_0_core_top.sv:4293]
INFO: [VRFC 10-2458] undeclared symbol usr_irq_fail, assumed default net type wire [C:/project/RTDS/DDR/RTDS_test_DDR4_64bit_batch_dev/RTDS_test_DDR4_64bit.ip_user_files/bd/design_1/ip/design_1_xdma_0_0/xdma_v4_1/hdl/verilog/design_1_xdma_0_0_core_top.sv:4778]
INFO: [VRFC 10-2263] Analyzing SystemVerilog file "C:/project/RTDS/DDR/RTDS_test_DDR4_64bit_batch_dev/RTDS_test_DDR4_64bit.ip_user_files/bd/design_1/ip/design_1_xdma_0_0/sim/design_1_xdma_0_0.sv" into library xil_defaultlib
INFO: [VRFC 10-311] analyzing module design_1_xdma_0_0
INFO: [VRFC 10-2263] Analyzing Verilog file "C:/project/RTDS/DDR/RTDS_test_DDR4_64bit_batch_dev/RTDS_test_DDR4_64bit.ip_user_files/bd/design_1/ip/design_1_INFO_EXCH_0_0/sim/design_1_INFO_EXCH_0_0.v" into library xil_defaultlib
INFO: [VRFC 10-311] analyzing module design_1_INFO_EXCH_0_0
INFO: [VRFC 10-2263] Analyzing Verilog file "C:/project/RTDS/DDR/RTDS_test_DDR4_64bit_batch_dev/RTDS_test_DDR4_64bit.ip_user_files/bd/design_1/ip/design_1_xbar_0/sim/design_1_xbar_0.v" into library xil_defaultlib
INFO: [VRFC 10-311] analyzing module design_1_xbar_0
INFO: [VRFC 10-2263] Analyzing Verilog file "C:/project/RTDS/DDR/RTDS_test_DDR4_64bit_batch_dev/RTDS_test_DDR4_64bit.ip_user_files/bd/design_1/ip/design_1_auto_cc_0/sim/design_1_auto_cc_0.v" into library xil_defaultlib
INFO: [VRFC 10-311] analyzing module design_1_auto_cc_0
INFO: [VRFC 10-2263] Analyzing Verilog file "C:/project/RTDS/DDR/RTDS_test_DDR4_64bit_batch_dev/RTDS_test_DDR4_64bit.ip_user_files/bd/design_1/ip/design_1_auto_cc_1/sim/design_1_auto_cc_1.v" into library xil_defaultlib
INFO: [VRFC 10-311] analyzing module design_1_auto_cc_1
INFO: [VRFC 10-2263] Analyzing Verilog file "C:/project/RTDS/DDR/RTDS_test_DDR4_64bit_batch_dev/RTDS_test_DDR4_64bit.ip_user_files/bd/design_1/sim/design_1.v" into library xil_defaultlib
INFO: [VRFC 10-311] analyzing module design_1
INFO: [VRFC 10-311] analyzing module design_1_axi_interconnect_0_1
INFO: [VRFC 10-311] analyzing module design_1_axi_interconnect_0_2
INFO: [VRFC 10-311] analyzing module m00_couplers_imp_1CA5Z32
INFO: [VRFC 10-311] analyzing module s00_couplers_imp_HS4N6K
INFO: [VRFC 10-311] analyzing module s00_couplers_imp_O7FAN0
INFO: [VRFC 10-311] analyzing module s01_couplers_imp_1F69D31
INFO: [VRFC 10-2263] Analyzing Verilog file "C:/project/RTDS/DDR/RTDS_test_DDR4_64bit_batch_dev/RTDS_test_DDR4_64bit.srcs/sources_1/ip/ila_FDMA/sim/ila_FDMA.v" into library xil_defaultlib
INFO: [VRFC 10-311] analyzing module ila_FDMA
INFO: [VRFC 10-2263] Analyzing Verilog file "C:/project/RTDS/DDR/RTDS_test_DDR4_64bit_batch_dev/RTDS_test_DDR4_64bit.srcs/sources_1/new/PCIe.v" into library xil_defaultlib
INFO: [VRFC 10-311] analyzing module PCIe
INFO: [VRFC 10-2263] Analyzing Verilog file "C:/project/RTDS/DDR/RTDS_test_DDR4_64bit_batch_dev/RTDS_test_DDR4_64bit.srcs/sources_1/bd/design_1/hdl/design_1_wrapper.v" into library xil_defaultlib
INFO: [VRFC 10-311] analyzing module design_1_wrapper
INFO: [VRFC 10-2263] Analyzing Verilog file "C:/project/RTDS/DDR/RTDS_test_DDR4_64bit_batch_dev/external_snapshot/fdma_aurora_brg/fdma_aurora_brg.srcs/sources_1 - loop_validate/new/fdma_aurora_brg_tx.v" into library xil_defaultlib
INFO: [VRFC 10-311] analyzing module fdma_aurora_brg_tx
INFO: [VRFC 10-2263] Analyzing Verilog file "C:/project/RTDS/DDR/RTDS_test_DDR4_64bit_batch_dev/regression/sim_xdma_rootport/vendor/xdma_rp_2020_2/pci_exp_usrapp_cfg.v" into library xil_defaultlib
INFO: [VRFC 10-311] analyzing module pci_exp_usrapp_cfg
INFO: [VRFC 10-2263] Analyzing Verilog file "C:/project/RTDS/DDR/RTDS_test_DDR4_64bit_batch_dev/regression/sim_xdma_rootport/vendor/xdma_rp_2020_2/pci_exp_usrapp_com.v" into library xil_defaultlib
INFO: [VRFC 10-311] analyzing module pci_exp_usrapp_com
INFO: [VRFC 10-2263] Analyzing Verilog file "C:/project/RTDS/DDR/RTDS_test_DDR4_64bit_batch_dev/regression/sim_xdma_rootport/vendor/xdma_rp_2020_2/pci_exp_usrapp_rx.v" into library xil_defaultlib
INFO: [VRFC 10-311] analyzing module pci_exp_usrapp_rx
INFO: [VRFC 10-2263] Analyzing Verilog file "C:/project/RTDS/DDR/RTDS_test_DDR4_64bit_batch_dev/regression/sim_xdma_rootport/vendor/xdma_rp_2020_2/pci_exp_usrapp_tx.v" into library xil_defaultlib
INFO: [VRFC 10-311] analyzing module pci_exp_usrapp_tx
INFO: [VRFC 10-2263] Analyzing Verilog file "C:/project/RTDS/DDR/RTDS_test_DDR4_64bit_batch_dev/regression/sim_xdma_rootport/vendor/xdma_rp_2020_2/pcie3_uscale_rp_core_top.v" into library xil_defaultlib
INFO: [VRFC 10-311] analyzing module rp_pcie3_uscale_core_top
INFO: [VRFC 10-2458] undeclared symbol mcap_clk, assumed default net type wire [C:/project/RTDS/DDR/RTDS_test_DDR4_64bit_batch_dev/regression/sim_xdma_rootport/vendor/xdma_rp_2020_2/pcie3_uscale_rp_core_top.v:1763]
INFO: [VRFC 10-2458] undeclared symbol mcap_clk, assumed default net type wire [C:/project/RTDS/DDR/RTDS_test_DDR4_64bit_batch_dev/regression/sim_xdma_rootport/vendor/xdma_rp_2020_2/pcie3_uscale_rp_core_top.v:3166]
INFO: [VRFC 10-311] analyzing module rp_pcie3_uscale_top
INFO: [VRFC 10-311] analyzing module rp_init_ctrl
INFO: [VRFC 10-311] analyzing module rp_tph_tbl
INFO: [VRFC 10-311] analyzing module rp_pipe_pipeline
INFO: [VRFC 10-311] analyzing module rp_pipe_misc
INFO: [VRFC 10-311] analyzing module rp_pipe_lane
INFO: [VRFC 10-311] analyzing module rp_pcie3_uscale_wrapper
INFO: [VRFC 10-311] analyzing module rp_bram
INFO: [VRFC 10-311] analyzing module rp_bram_rep
INFO: [VRFC 10-311] analyzing module rp_bram_rep_8k
INFO: [VRFC 10-311] analyzing module rp_bram_req
INFO: [VRFC 10-311] analyzing module rp_bram_8k
INFO: [VRFC 10-311] analyzing module rp_bram_cpl
INFO: [VRFC 10-311] analyzing module rp_bram_16k
INFO: [VRFC 10-311] analyzing module rp_deemph
INFO: [VRFC 10-311] analyzing module rp_rxcdrhold
INFO: [VRFC 10-311] analyzing module rp_phy_sync
INFO: [VRFC 10-311] analyzing module rp_phy_sync_cell
INFO: [VRFC 10-311] analyzing module rp_phy_wrapper
INFO: [VRFC 10-311] analyzing module rp_phy_clk
INFO: [VRFC 10-311] analyzing module rp_phy_rst
INFO: [VRFC 10-311] analyzing module rp_phy_txeq
INFO: [VRFC 10-311] analyzing module rp_phy_rxeq
INFO: [VRFC 10-311] analyzing module rp_phy_reset_sync
INFO: [VRFC 10-311] analyzing module rp_phy_multi_pipe_sync
INFO: [VRFC 10-311] analyzing module rp_phy_freq_cntr
INFO: [VRFC 10-311] analyzing module rp_gt_channel
INFO: [VRFC 10-311] analyzing module rp_gt_common
INFO: [VRFC 10-311] analyzing module rp_gtwizard_top
INFO: [VRFC 10-311] analyzing module rp_gt
INFO: [VRFC 10-311] analyzing module rp_gt_gtwizard_top
INFO: [VRFC 10-311] analyzing module rp_gt_gtwizard_gthe3
INFO: [VRFC 10-311] analyzing module rp_gt_gthe3_common_wrapper
INFO: [VRFC 10-311] analyzing module gtwizard_ultrascale_v1_5_4_gthe3_common_rp
INFO: [VRFC 10-311] analyzing module rp_gt_gthe3_channel_wrapper
INFO: [VRFC 10-311] analyzing module gtwizard_ultrascale_v1_5_4_gthe3_channel_rp
INFO: [VRFC 10-311] analyzing module gtwizard_ultrascale_v1_5_4_gthe3_cpll_cal_rp
INFO: [VRFC 10-311] analyzing module gtwizard_ultrascale_v1_5_4_reset_synchronizer_rp
INFO: [VRFC 10-311] analyzing module gtwizard_ultrascale_v1_5_4_bit_synchronizer_rp
INFO: [VRFC 10-311] analyzing module gtwizard_ultrascale_v1_5_4_gthe3_cpll_cal_freq_counter_rp
INFO: [VRFC 10-311] analyzing module gtwizard_ultrascale_v1_5_4_gtwiz_userclk_tx_rp
INFO: [VRFC 10-311] analyzing module gtwizard_ultrascale_v1_5_4_gtwiz_userclk_rx_rp
INFO: [VRFC 10-311] analyzing module gtwizard_ultrascale_v1_5_4_gtwiz_buffbypass_tx_rp
INFO: [VRFC 10-311] analyzing module gtwizard_ultrascale_v1_5_4_gtwiz_buffbypass_rx_rp
INFO: [VRFC 10-311] analyzing module gtwizard_ultrascale_v1_5_4_gtwiz_reset_rp
INFO: [VRFC 10-311] analyzing module gtwizard_ultrascale_v1_5_4_gtwiz_userdata_tx_rp
INFO: [VRFC 10-311] analyzing module gtwizard_ultrascale_v1_5_4_gtwiz_userdata_rx_rp
INFO: [VRFC 10-2263] Analyzing Verilog file "C:/project/RTDS/DDR/RTDS_test_DDR4_64bit_batch_dev/regression/sim_xdma_rootport/vendor/xdma_rp_2020_2/pcie3_uscale_rp_top.v" into library xil_defaultlib
INFO: [VRFC 10-311] analyzing module pcie3_uscale_rp_top
INFO: [VRFC 10-2263] Analyzing Verilog file "C:/project/RTDS/DDR/RTDS_test_DDR4_64bit_batch_dev/RTDS_test_DDR4_64bit.srcs/sources_1/new/pcie_fdma_aurora_brg_adapter.v" into library xil_defaultlib
INFO: [VRFC 10-311] analyzing module pcie_fdma_aurora_brg_adapter
WARNING: [VRFC 10-3380] identifier 'tx_start_valid' is used before its declaration [C:/project/RTDS/DDR/RTDS_test_DDR4_64bit_batch_dev/RTDS_test_DDR4_64bit.srcs/sources_1/new/pcie_fdma_aurora_brg_adapter.v:225]
WARNING: [VRFC 10-3380] identifier 'tx_frame_done_fdma' is used before its declaration [C:/project/RTDS/DDR/RTDS_test_DDR4_64bit_batch_dev/RTDS_test_DDR4_64bit.srcs/sources_1/new/pcie_fdma_aurora_brg_adapter.v:226]
INFO: [VRFC 10-2263] Analyzing Verilog file "C:/project/RTDS/DDR/RTDS_test_DDR4_64bit_batch_dev/rtl/rtds_fpga_count_cdc.v" into library xil_defaultlib
INFO: [VRFC 10-311] analyzing module RTDS_FPGA_COUNT_CDC
INFO: [VRFC 10-2263] Analyzing Verilog file "C:/project/RTDS/DDR/RTDS_test_DDR4_64bit_batch_dev/rtl/rtds_fpga_reset_sync.v" into library xil_defaultlib
INFO: [VRFC 10-311] analyzing module RTDS_FPGA_RESET_SYNC
INFO: [VRFC 10-2263] Analyzing Verilog file "C:/project/RTDS/DDR/RTDS_test_DDR4_64bit_batch_dev/rtl/rtds_rx_block_writer.v" into library xil_defaultlib
INFO: [VRFC 10-311] analyzing module RTDS_RX_BLOCK_WRITER
INFO: [VRFC 10-2263] Analyzing Verilog file "C:/project/RTDS/DDR/RTDS_test_DDR4_64bit_batch_dev/rtl/rtds_rx_frame_fifo.v" into library xil_defaultlib
INFO: [VRFC 10-311] analyzing module RTDS_RX_FRAME_FIFO
INFO: [VRFC 10-2263] Analyzing Verilog file "C:/project/RTDS/DDR/RTDS_test_DDR4_64bit_batch_dev/regression/sim_xdma_rootport/vendor/xdma_rp_2020_2/sys_clk_gen.v" into library xil_defaultlib
INFO: [VRFC 10-311] analyzing module sys_clk_gen
INFO: [VRFC 10-2263] Analyzing Verilog file "C:/project/RTDS/DDR/RTDS_test_DDR4_64bit_batch_dev/regression/sim_xdma_rootport/vendor/xdma_rp_2020_2/sys_clk_gen_ds.v" into library xil_defaultlib
INFO: [VRFC 10-311] analyzing module sys_clk_gen_ds
INFO: [VRFC 10-2263] Analyzing Verilog file "C:/project/RTDS/DDR/RTDS_test_DDR4_64bit_batch_dev/regression/sim_xdma_rootport/vendor/xdma_rp_2020_2/xilinx_pcie_uscale_rp.v" into library xil_defaultlib
INFO: [VRFC 10-311] analyzing module xilinx_pcie3_uscale_rp
INFO: [VRFC 10-2263] Analyzing SystemVerilog file "C:/project/RTDS/DDR/RTDS_test_DDR4_64bit_batch_dev/regression/sim_xdma_rootport/tb/rtds_rootport_pkg.sv" into library xil_defaultlib
INFO: [VRFC 10-2263] Analyzing SystemVerilog file "C:/project/RTDS/DDR/RTDS_test_DDR4_64bit_batch_dev/regression/sim_xdma_rootport/tb/aurora_ll_peer_bfm.sv" into library xil_defaultlib
INFO: [VRFC 10-311] analyzing module aurora_ll_peer_bfm
INFO: [VRFC 10-2263] Analyzing SystemVerilog file "C:/project/RTDS/DDR/RTDS_test_DDR4_64bit_batch_dev/regression/sim_xdma_rootport/tb/pcie_cq_host_memory_monitor.sv" into library xil_defaultlib
INFO: [VRFC 10-311] analyzing module pcie_cq_host_memory_monitor
INFO: [VRFC 10-2263] Analyzing SystemVerilog file "C:/project/RTDS/DDR/RTDS_test_DDR4_64bit_batch_dev/rtl/ddr4/rtds_axi_ram_model.sv" into library xil_defaultlib
INFO: [VRFC 10-311] analyzing module rtds_axi_ram_model
INFO: [VRFC 10-2263] Analyzing SystemVerilog file "C:/project/RTDS/DDR/RTDS_test_DDR4_64bit_batch_dev/rtl/ddr4/rtds_ddr4_backend.sv" into library xil_defaultlib
INFO: [VRFC 10-311] analyzing module rtds_ddr4_backend
INFO: [VRFC 10-2263] Analyzing SystemVerilog file "C:/project/RTDS/DDR/RTDS_test_DDR4_64bit_batch_dev/regression/sim_xdma_rootport/tb/rtds_pcie_ep_sim_wrapper.sv" into library xil_defaultlib
INFO: [VRFC 10-311] analyzing module rtds_pcie_ep_sim_wrapper
INFO: [VRFC 10-2263] Analyzing SystemVerilog file "C:/project/RTDS/DDR/RTDS_test_DDR4_64bit_batch_dev/regression/sim_xdma_rootport/tb/rtds_rootport_assertions.sv" into library xil_defaultlib
INFO: [VRFC 10-311] analyzing module rtds_rootport_assertions
INFO: [VRFC 10-2263] Analyzing SystemVerilog file "C:/project/RTDS/DDR/RTDS_test_DDR4_64bit_batch_dev/regression/sim_xdma_rootport/tb/board.sv" into library xil_defaultlib
INFO: [VRFC 10-311] analyzing module xdma_irq_monitor
INFO: [VRFC 10-311] analyzing module conv_dma_axi_monitor
INFO: [VRFC 10-311] analyzing module xdma_axi_activity_monitor
INFO: [VRFC 10-311] analyzing module board
INFO: [VRFC 10-2263] Analyzing Verilog file "C:/project/RTDS/DDR/RTDS_test_DDR4_64bit_batch_dev/RTDS_test_DDR4_64bit.sim/sim_xdma_rootport/behav/xsim/glbl.v" into library xil_defaultlib
INFO: [VRFC 10-311] analyzing module glbl
"xvhdl --incr --relax -prj board_vhdl.prj"
INFO: [VRFC 10-163] Analyzing VHDL file "C:/project/RTDS/DDR/RTDS_test_DDR4_64bit_batch_dev/RTDS_test_DDR4_64bit.ip_user_files/bd/design_1/ip/design_1_util_ds_buf_0/util_ds_buf.vhd" into library xil_defaultlib
INFO: [VRFC 10-3107] analyzing entity 'util_ds_buf'
INFO: [VRFC 10-163] Analyzing VHDL file "C:/project/RTDS/DDR/RTDS_test_DDR4_64bit_batch_dev/RTDS_test_DDR4_64bit.ip_user_files/bd/design_1/ip/design_1_util_ds_buf_0/sim/design_1_util_ds_buf_0.vhd" into library xil_defaultlib
INFO: [VRFC 10-3107] analyzing entity 'design_1_util_ds_buf_0'
V201_STEP_BEGIN elaborate
"xelab -wto 6685dc9037bc45bd8dc34b12c53cbeb6 --incr --debug off --relax --mt 2 -d "XILINX_SIMULATOR=" -d "DDR4_SIM_RAM=" -L xil_defaultlib -L gtwizard_ultrascale_v1_7_9 -L blk_mem_gen_v8_4_4 -L xdma_v4_1_8 -L generic_baseblocks_v2_1_0 -L axi_infrastructure_v1_1_0 -L axi_register_slice_v2_1_22 -L fifo_generator_v13_2_5 -L axi_data_fifo_v2_1_21 -L axi_crossbar_v2_1_23 -L axi_clock_converter_v2_1_21 -L uvm -L unisims_ver -L unimacro_ver -L secureip -L xpm --snapshot board_behav xil_defaultlib.board xil_defaultlib.glbl -log elaborate.log"
Vivado Simulator 2020.2
Copyright 1986-1999, 2001-2020 Xilinx, Inc. All Rights Reserved.
Running: C:/Xilinx/Vivado/2020.2/bin/unwrapped/win64.o/xelab.exe -wto 6685dc9037bc45bd8dc34b12c53cbeb6 --incr --debug off --relax --mt 2 -d XILINX_SIMULATOR= -d DDR4_SIM_RAM= -L xil_defaultlib -L gtwizard_ultrascale_v1_7_9 -L blk_mem_gen_v8_4_4 -L xdma_v4_1_8 -L generic_baseblocks_v2_1_0 -L axi_infrastructure_v1_1_0 -L axi_register_slice_v2_1_22 -L fifo_generator_v13_2_5 -L axi_data_fifo_v2_1_21 -L axi_crossbar_v2_1_23 -L axi_clock_converter_v2_1_21 -L uvm -L unisims_ver -L unimacro_ver -L secureip -L xpm --snapshot board_behav xil_defaultlib.board xil_defaultlib.glbl -log elaborate.log 
Using 2 slave threads.
Starting static elaboration
Pass Through NonSizing Optimizer
ERROR: [VRFC 10-2991] 'rx_ready_blocks' is not declared under prefix 'DUT' [C:/project/RTDS/DDR/RTDS_test_DDR4_64bit_batch_dev/regression/sim_xdma_rootport/tb/board.sv:830]
WARNING: [VRFC 10-3091] actual bit length 1 differs from formal bit length 10 for port 'count_value' [C:/Xilinx/Vivado/2020.2/data/ip/xpm/xpm_fifo/hdl/xpm_fifo.sv:485]
WARNING: [VRFC 10-3091] actual bit length 2 differs from formal bit length 9 for port 'count_value' [C:/Xilinx/Vivado/2020.2/data/ip/xpm/xpm_fifo/hdl/xpm_fifo.sv:489]
WARNING: [VRFC 10-3091] actual bit length 2 differs from formal bit length 9 for port 'count_value' [C:/Xilinx/Vivado/2020.2/data/ip/xpm/xpm_fifo/hdl/xpm_fifo.sv:492]
WARNING: [VRFC 10-3091] actual bit length 2 differs from formal bit length 9 for port 'count_value' [C:/Xilinx/Vivado/2020.2/data/ip/xpm/xpm_fifo/hdl/xpm_fifo.sv:496]
WARNING: [VRFC 10-3091] actual bit length 1 differs from formal bit length 10 for port 'count_value' [C:/Xilinx/Vivado/2020.2/data/ip/xpm/xpm_fifo/hdl/xpm_fifo.sv:501]
WARNING: [VRFC 10-3091] actual bit length 2 differs from formal bit length 9 for port 'count_value' [C:/Xilinx/Vivado/2020.2/data/ip/xpm/xpm_fifo/hdl/xpm_fifo.sv:505]
WARNING: [VRFC 10-3091] actual bit length 2 differs from formal bit length 9 for port 'count_value' [C:/Xilinx/Vivado/2020.2/data/ip/xpm/xpm_fifo/hdl/xpm_fifo.sv:509]
WARNING: [VRFC 10-3091] actual bit length 2 differs from formal bit length 9 for port 'addra' [C:/Xilinx/Vivado/2020.2/data/ip/xpm/xpm_fifo/hdl/xpm_fifo.sv:606]
WARNING: [VRFC 10-3091] actual bit length 2 differs from formal bit length 9 for port 'addrb' [C:/Xilinx/Vivado/2020.2/data/ip/xpm/xpm_fifo/hdl/xpm_fifo.sv:620]
WARNING: [VRFC 10-3091] actual bit length 2 differs from formal bit length 9 for port 'src_in_bin' [C:/Xilinx/Vivado/2020.2/data/ip/xpm/xpm_fifo/hdl/xpm_fifo.sv:664]
WARNING: [VRFC 10-3091] actual bit length 2 differs from formal bit length 9 for port 'dest_out_bin' [C:/Xilinx/Vivado/2020.2/data/ip/xpm/xpm_fifo/hdl/xpm_fifo.sv:666]
WARNING: [VRFC 10-3091] actual bit length 2 differs from formal bit length 9 for port 'reg_in' [C:/Xilinx/Vivado/2020.2/data/ip/xpm/xpm_fifo/hdl/xpm_fifo.sv:670]
WARNING: [VRFC 10-3091] actual bit length 1 differs from formal bit length 10 for port 'src_in_bin' [C:/Xilinx/Vivado/2020.2/data/ip/xpm/xpm_fifo/hdl/xpm_fifo.sv:679]
WARNING: [VRFC 10-3091] actual bit length 1 differs from formal bit length 10 for port 'dest_out_bin' [C:/Xilinx/Vivado/2020.2/data/ip/xpm/xpm_fifo/hdl/xpm_fifo.sv:681]
WARNING: [VRFC 10-3091] actual bit length 1 differs from formal bit length 10 for port 'reg_in' [C:/Xilinx/Vivado/2020.2/data/ip/xpm/xpm_fifo/hdl/xpm_fifo.sv:685]
WARNING: [VRFC 10-3091] actual bit length 2 differs from formal bit length 9 for port 'src_in_bin' [C:/Xilinx/Vivado/2020.2/data/ip/xpm/xpm_fifo/hdl/xpm_fifo.sv:694]
WARNING: [VRFC 10-3091] actual bit length 2 differs from formal bit length 9 for port 'dest_out_bin' [C:/Xilinx/Vivado/2020.2/data/ip/xpm/xpm_fifo/hdl/xpm_fifo.sv:696]
WARNING: [VRFC 10-3091] actual bit length 2 differs from formal bit length 9 for port 'reg_in' [C:/Xilinx/Vivado/2020.2/data/ip/xpm/xpm_fifo/hdl/xpm_fifo.sv:700]
WARNING: [VRFC 10-3091] actual bit length 2 differs from formal bit length 10 for port 'src_in_bin' [C:/Xilinx/Vivado/2020.2/data/ip/xpm/xpm_fifo/hdl/xpm_fifo.sv:709]
WARNING: [VRFC 10-3091] actual bit length 1 differs from formal bit length 10 for port 'dest_out_bin' [C:/Xilinx/Vivado/2020.2/data/ip/xpm/xpm_fifo/hdl/xpm_fifo.sv:711]
WARNING: [VRFC 10-3091] actual bit length 1 differs from formal bit length 10 for port 'reg_in' [C:/Xilinx/Vivado/2020.2/data/ip/xpm/xpm_fifo/hdl/xpm_fifo.sv:715]
WARNING: [VRFC 10-3091] actual bit length 2 differs from formal bit length 1 for port 'M_GRANT_ENC' [c:/project/RTDS/pcie_07/RTDS_test-1ch/RTDS_test-1ch/RTDS_test.srcs/sources_1/bd/design_1/ipshared/bc0a/hdl/axi_crossbar_v2_1_vl_rfs.v:4265]
WARNING: [VRFC 10-3091] actual bit length 2 differs from formal bit length 1 for port 'S' [c:/project/RTDS/pcie_07/RTDS_test-1ch/RTDS_test-1ch/RTDS_test.srcs/sources_1/bd/design_1/ipshared/bc0a/hdl/axi_crossbar_v2_1_vl_rfs.v:4278]
WARNING: [VRFC 10-1220] part-select has a negative or zero size [c:/project/RTDS/pcie_07/RTDS_test-1ch/RTDS_test-1ch/RTDS_test.srcs/sources_1/bd/design_1/ipshared/bc0a/hdl/axi_crossbar_v2_1_vl_rfs.v:2915]
WARNING: [VRFC 10-3091] actual bit length 2 differs from formal bit length 1 for port 'TARGET_ENC' [c:/project/RTDS/pcie_07/RTDS_test-1ch/RTDS_test-1ch/RTDS_test.srcs/sources_1/bd/design_1/ipshared/bc0a/hdl/axi_crossbar_v2_1_vl_rfs.v:2915]
WARNING: [VRFC 10-1220] part-select has a negative or zero size [c:/project/RTDS/pcie_07/RTDS_test-1ch/RTDS_test-1ch/RTDS_test.srcs/sources_1/bd/design_1/ipshared/bc0a/hdl/axi_crossbar_v2_1_vl_rfs.v:2956]
WARNING: [VRFC 10-3091] actual bit length 2 differs from formal bit length 1 for port 'TARGET_ENC' [c:/project/RTDS/pcie_07/RTDS_test-1ch/RTDS_test-1ch/RTDS_test.srcs/sources_1/bd/design_1/ipshared/bc0a/hdl/axi_crossbar_v2_1_vl_rfs.v:2956]
WARNING: [VRFC 10-3091] actual bit length 2 differs from formal bit length 1 for port 'S_ASELECT' [c:/project/RTDS/pcie_07/RTDS_test-1ch/RTDS_test-1ch/RTDS_test.srcs/sources_1/bd/design_1/ipshared/bc0a/hdl/axi_crossbar_v2_1_vl_rfs.v:2988]
WARNING: [VRFC 10-3091] actual bit length 2 differs from formal bit length 1 for port 'M_GRANT_ENC' [c:/project/RTDS/pcie_07/RTDS_test-1ch/RTDS_test-1ch/RTDS_test.srcs/sources_1/bd/design_1/ipshared/bc0a/hdl/axi_crossbar_v2_1_vl_rfs.v:3265]
WARNING: [VRFC 10-3091] actual bit length 2 differs from formal bit length 1 for port 'M_GRANT_ENC' [c:/project/RTDS/pcie_07/RTDS_test-1ch/RTDS_test-1ch/RTDS_test.srcs/sources_1/bd/design_1/ipshared/bc0a/hdl/axi_crossbar_v2_1_vl_rfs.v:3306]
WARNING: [VRFC 10-3091] actual bit length 7 differs from formal bit length 6 for port 'rbar_bar_size_sd' [C:/project/RTDS/DDR/RTDS_test_DDR4_64bit_batch_dev/RTDS_test_DDR4_64bit.ip_user_files/bd/design_1/ip/design_1_xdma_0_0/sim/design_1_xdma_0_0.sv:1606]
WARNING: [VRFC 10-3091] actual bit length 9 differs from formal bit length 8 for port 'rbar_function_number_sd' [C:/project/RTDS/DDR/RTDS_test_DDR4_64bit_batch_dev/RTDS_test_DDR4_64bit.ip_user_files/bd/design_1/ip/design_1_xdma_0_0/sim/design_1_xdma_0_0.sv:1607]
WARNING: [VRFC 10-3091] actual bit length 3 differs from formal bit length 2 for port 'cfg_max_payload_sd' [C:/project/RTDS/DDR/RTDS_test_DDR4_64bit_batch_dev/RTDS_test_DDR4_64bit.ip_user_files/bd/design_1/ip/design_1_xdma_0_0/sim/design_1_xdma_0_0.sv:1619]
WARNING: [VRFC 10-3091] actual bit length 1 differs from formal bit length 252 for port 'cfg_vf_flr_done' [c:/project/RTDS/pcie_07/RTDS_test-1ch/RTDS_test-1ch/RTDS_test.srcs/sources_1/bd/design_1/ipshared/cc3e/hdl/xdma_v4_1_vl_rfs.sv:45506]
WARNING: [VRFC 10-3091] actual bit length 256 differs from formal bit length 64 for port 'cfg_interrupt_msix_address' [c:/project/RTDS/pcie_07/RTDS_test-1ch/RTDS_test-1ch/RTDS_test.srcs/sources_1/bd/design_1/ipshared/cc3e/hdl/xdma_v4_1_vl_rfs.sv:45897]
WARNING: [VRFC 10-3091] actual bit length 4 differs from formal bit length 1 for port 'm_axis_rq_tready' [c:/project/RTDS/pcie_07/RTDS_test-1ch/RTDS_test-1ch/RTDS_test.srcs/sources_1/bd/design_1/ipshared/cc3e/hdl/xdma_v4_1_vl_rfs.sv:44087]
WARNING: [VRFC 10-3091] actual bit length 1 differs from formal bit length 4 for port 'CFG_MSIEN_IN' [c:/project/RTDS/pcie_07/RTDS_test-1ch/RTDS_test-1ch/RTDS_test.srcs/sources_1/bd/design_1/ipshared/cc3e/hdl/xdma_v4_1_vl_rfs.sv:44394]
WARNING: [VRFC 10-3091] actual bit length 256 differs from formal bit length 4 for port 'cfg_flr_done' [c:/project/RTDS/pcie_07/RTDS_test-1ch/RTDS_test-1ch/RTDS_test.srcs/sources_1/bd/design_1/ipshared/cc3e/hdl/xdma_v4_1_vl_rfs.sv:44449]
WARNING: [VRFC 10-3091] actual bit length 2 differs from formal bit length 1 for port 'GTHE3_COMMON_BGBYPASSB' [C:/project/RTDS/DDR/RTDS_test_DDR4_64bit_batch_dev/RTDS_test_DDR4_64bit.ip_user_files/bd/design_1/ip/design_1_xdma_0_0/ip_0/ip_0/sim/design_1_xdma_0_0_pcie3_ip_gt_gtwizard_gthe3.v:1068]
WARNING: [VRFC 10-3091] actual bit length 2 differs from formal bit length 1 for port 'GTHE3_COMMON_BGMONITORENB' [C:/project/RTDS/DDR/RTDS_test_DDR4_64bit_batch_dev/RTDS_test_DDR4_64bit.ip_user_files/bd/design_1/ip/design_1_xdma_0_0/ip_0/ip_0/sim/design_1_xdma_0_0_pcie3_ip_gt_gtwizard_gthe3.v:1069]
WARNING: [VRFC 10-3091] actual bit length 2 differs from formal bit length 1 for port 'GTHE3_COMMON_BGPDB' [C:/project/RTDS/DDR/RTDS_test_DDR4_64bit_batch_dev/RTDS_test_DDR4_64bit.ip_user_files/bd/design_1/ip/design_1_xdma_0_0/ip_0/ip_0/sim/design_1_xdma_0_0_pcie3_ip_gt_gtwizard_gthe3.v:1070]
WARNING: [VRFC 10-3091] actual bit length 2 differs from formal bit length 5 for port 'GTHE3_COMMON_BGRCALOVRD' [C:/project/RTDS/DDR/RTDS_test_DDR4_64bit_batch_dev/RTDS_test_DDR4_64bit.ip_user_files/bd/design_1/ip/design_1_xdma_0_0/ip_0/ip_0/sim/design_1_xdma_0_0_pcie3_ip_gt_gtwizard_gthe3.v:1071]
WARNING: [VRFC 10-3091] actual bit length 2 differs from formal bit length 1 for port 'GTHE3_COMMON_BGRCALOVRDENB' [C:/project/RTDS/DDR/RTDS_test_DDR4_64bit_batch_dev/RTDS_test_DDR4_64bit.ip_user_files/bd/design_1/ip/design_1_xdma_0_0/ip_0/ip_0/sim/design_1_xdma_0_0_pcie3_ip_gt_gtwizard_gthe3.v:1072]
WARNING: [VRFC 10-3091] actual bit length 2 differs from formal bit length 9 for port 'GTHE3_COMMON_DRPADDR' [C:/project/RTDS/DDR/RTDS_test_DDR4_64bit_batch_dev/RTDS_test_DDR4_64bit.ip_user_files/bd/design_1/ip/design_1_xdma_0_0/ip_0/ip_0/sim/design_1_xdma_0_0_pcie3_ip_gt_gtwizard_gthe3.v:1073]
WARNING: [VRFC 10-3091] actual bit length 2 differs from formal bit length 1 for port 'GTHE3_COMMON_DRPCLK' [C:/project/RTDS/DDR/RTDS_test_DDR4_64bit_batch_dev/RTDS_test_DDR4_64bit.ip_user_files/bd/design_1/ip/design_1_xdma_0_0/ip_0/ip_0/sim/design_1_xdma_0_0_pcie3_ip_gt_gtwizard_gthe3.v:1074]
WARNING: [VRFC 10-3091] actual bit length 2 differs from formal bit length 16 for port 'GTHE3_COMMON_DRPDI' [C:/project/RTDS/DDR/RTDS_test_DDR4_64bit_batch_dev/RTDS_test_DDR4_64bit.ip_user_files/bd/design_1/ip/design_1_xdma_0_0/ip_0/ip_0/sim/design_1_xdma_0_0_pcie3_ip_gt_gtwizard_gthe3.v:1075]
WARNING: [VRFC 10-3091] actual bit length 2 differs from formal bit length 1 for port 'GTHE3_COMMON_DRPEN' [C:/project/RTDS/DDR/RTDS_test_DDR4_64bit_batch_dev/RTDS_test_DDR4_64bit.ip_user_files/bd/design_1/ip/design_1_xdma_0_0/ip_0/ip_0/sim/design_1_xdma_0_0_pcie3_ip_gt_gtwizard_gthe3.v:1076]
WARNING: [VRFC 10-3091] actual bit length 2 differs from formal bit length 1 for port 'GTHE3_COMMON_DRPWE' [C:/project/RTDS/DDR/RTDS_test_DDR4_64bit_batch_dev/RTDS_test_DDR4_64bit.ip_user_files/bd/design_1/ip/design_1_xdma_0_0/ip_0/ip_0/sim/design_1_xdma_0_0_pcie3_ip_gt_gtwizard_gthe3.v:1077]
WARNING: [VRFC 10-3091] actual bit length 2 differs from formal bit length 1 for port 'GTHE3_COMMON_GTGREFCLK0' [C:/project/RTDS/DDR/RTDS_test_DDR4_64bit_batch_dev/RTDS_test_DDR4_64bit.ip_user_files/bd/design_1/ip/design_1_xdma_0_0/ip_0/ip_0/sim/design_1_xdma_0_0_pcie3_ip_gt_gtwizard_gthe3.v:1078]
WARNING: [VRFC 10-3091] actual bit length 2 differs from formal bit length 1 for port 'GTHE3_COMMON_GTGREFCLK1' [C:/project/RTDS/DDR/RTDS_test_DDR4_64bit_batch_dev/RTDS_test_DDR4_64bit.ip_user_files/bd/design_1/ip/design_1_xdma_0_0/ip_0/ip_0/sim/design_1_xdma_0_0_pcie3_ip_gt_gtwizard_gthe3.v:1079]
WARNING: [VRFC 10-3091] actual bit length 2 differs from formal bit length 1 for port 'GTHE3_COMMON_GTNORTHREFCLK00' [C:/project/RTDS/DDR/RTDS_test_DDR4_64bit_batch_dev/RTDS_test_DDR4_64bit.ip_user_files/bd/design_1/ip/design_1_xdma_0_0/ip_0/ip_0/sim/design_1_xdma_0_0_pcie3_ip_gt_gtwizard_gthe3.v:1080]
WARNING: [VRFC 10-3091] actual bit length 2 differs from formal bit length 1 for port 'GTHE3_COMMON_GTNORTHREFCLK01' [C:/project/RTDS/DDR/RTDS_test_DDR4_64bit_batch_dev/RTDS_test_DDR4_64bit.ip_user_files/bd/design_1/ip/design_1_xdma_0_0/ip_0/ip_0/sim/design_1_xdma_0_0_pcie3_ip_gt_gtwizard_gthe3.v:1081]
WARNING: [VRFC 10-3091] actual bit length 2 differs from formal bit length 1 for port 'GTHE3_COMMON_GTNORTHREFCLK10' [C:/project/RTDS/DDR/RTDS_test_DDR4_64bit_batch_dev/RTDS_test_DDR4_64bit.ip_user_files/bd/design_1/ip/design_1_xdma_0_0/ip_0/ip_0/sim/design_1_xdma_0_0_pcie3_ip_gt_gtwizard_gthe3.v:1082]
WARNING: [VRFC 10-3091] actual bit length 2 differs from formal bit length 1 for port 'GTHE3_COMMON_GTNORTHREFCLK11' [C:/project/RTDS/DDR/RTDS_test_DDR4_64bit_batch_dev/RTDS_test_DDR4_64bit.ip_user_files/bd/design_1/ip/design_1_xdma_0_0/ip_0/ip_0/sim/design_1_xdma_0_0_pcie3_ip_gt_gtwizard_gthe3.v:1083]
WARNING: [VRFC 10-3091] actual bit length 2 differs from formal bit length 1 for port 'GTHE3_COMMON_GTREFCLK00' [C:/project/RTDS/DDR/RTDS_test_DDR4_64bit_batch_dev/RTDS_test_DDR4_64bit.ip_user_files/bd/design_1/ip/design_1_xdma_0_0/ip_0/ip_0/sim/design_1_xdma_0_0_pcie3_ip_gt_gtwizard_gthe3.v:1084]
WARNING: [VRFC 10-3091] actual bit length 2 differs from formal bit length 1 for port 'GTHE3_COMMON_GTREFCLK01' [C:/project/RTDS/DDR/RTDS_test_DDR4_64bit_batch_dev/RTDS_test_DDR4_64bit.ip_user_files/bd/design_1/ip/design_1_xdma_0_0/ip_0/ip_0/sim/design_1_xdma_0_0_pcie3_ip_gt_gtwizard_gthe3.v:1085]
WARNING: [VRFC 10-3091] actual bit length 2 differs from formal bit length 1 for port 'GTHE3_COMMON_GTREFCLK10' [C:/project/RTDS/DDR/RTDS_test_DDR4_64bit_batch_dev/RTDS_test_DDR4_64bit.ip_user_files/bd/design_1/ip/design_1_xdma_0_0/ip_0/ip_0/sim/design_1_xdma_0_0_pcie3_ip_gt_gtwizard_gthe3.v:1086]
WARNING: [VRFC 10-3091] actual bit length 2 differs from formal bit length 1 for port 'GTHE3_COMMON_GTREFCLK11' [C:/project/RTDS/DDR/RTDS_test_DDR4_64bit_batch_dev/RTDS_test_DDR4_64bit.ip_user_files/bd/design_1/ip/design_1_xdma_0_0/ip_0/ip_0/sim/design_1_xdma_0_0_pcie3_ip_gt_gtwizard_gthe3.v:1087]
WARNING: [VRFC 10-3091] actual bit length 2 differs from formal bit length 1 for port 'GTHE3_COMMON_GTSOUTHREFCLK00' [C:/project/RTDS/DDR/RTDS_test_DDR4_64bit_batch_dev/RTDS_test_DDR4_64bit.ip_user_files/bd/design_1/ip/design_1_xdma_0_0/ip_0/ip_0/sim/design_1_xdma_0_0_pcie3_ip_gt_gtwizard_gthe3.v:1088]
WARNING: [VRFC 10-3091] actual bit length 2 differs from formal bit length 1 for port 'GTHE3_COMMON_GTSOUTHREFCLK01' [C:/project/RTDS/DDR/RTDS_test_DDR4_64bit_batch_dev/RTDS_test_DDR4_64bit.ip_user_files/bd/design_1/ip/design_1_xdma_0_0/ip_0/ip_0/sim/design_1_xdma_0_0_pcie3_ip_gt_gtwizard_gthe3.v:1089]
WARNING: [VRFC 10-3091] actual bit length 2 differs from formal bit length 1 for port 'GTHE3_COMMON_GTSOUTHREFCLK10' [C:/project/RTDS/DDR/RTDS_test_DDR4_64bit_batch_dev/RTDS_test_DDR4_64bit.ip_user_files/bd/design_1/ip/design_1_xdma_0_0/ip_0/ip_0/sim/design_1_xdma_0_0_pcie3_ip_gt_gtwizard_gthe3.v:1090]
WARNING: [VRFC 10-3091] actual bit length 2 differs from formal bit length 1 for port 'GTHE3_COMMON_GTSOUTHREFCLK11' [C:/project/RTDS/DDR/RTDS_test_DDR4_64bit_batch_dev/RTDS_test_DDR4_64bit.ip_user_files/bd/design_1/ip/design_1_xdma_0_0/ip_0/ip_0/sim/design_1_xdma_0_0_pcie3_ip_gt_gtwizard_gthe3.v:1091]
WARNING: [VRFC 10-3091] actual bit length 2 differs from formal bit length 8 for port 'GTHE3_COMMON_PMARSVD0' [C:/project/RTDS/DDR/RTDS_test_DDR4_64bit_batch_dev/RTDS_test_DDR4_64bit.ip_user_files/bd/design_1/ip/design_1_xdma_0_0/ip_0/ip_0/sim/design_1_xdma_0_0_pcie3_ip_gt_gtwizard_gthe3.v:1092]
WARNING: [VRFC 10-3091] actual bit length 2 differs from formal bit length 8 for port 'GTHE3_COMMON_PMARSVD1' [C:/project/RTDS/DDR/RTDS_test_DDR4_64bit_batch_dev/RTDS_test_DDR4_64bit.ip_user_files/bd/design_1/ip/design_1_xdma_0_0/ip_0/ip_0/sim/design_1_xdma_0_0_pcie3_ip_gt_gtwizard_gthe3.v:1093]
WARNING: [VRFC 10-3091] actual bit length 2 differs from formal bit length 1 for port 'GTHE3_COMMON_QPLL0CLKRSVD0' [C:/project/RTDS/DDR/RTDS_test_DDR4_64bit_batch_dev/RTDS_test_DDR4_64bit.ip_user_files/bd/design_1/ip/design_1_xdma_0_0/ip_0/ip_0/sim/design_1_xdma_0_0_pcie3_ip_gt_gtwizard_gthe3.v:1094]
WARNING: [VRFC 10-3091] actual bit length 2 differs from formal bit length 1 for port 'GTHE3_COMMON_QPLL0CLKRSVD1' [C:/project/RTDS/DDR/RTDS_test_DDR4_64bit_batch_dev/RTDS_test_DDR4_64bit.ip_user_files/bd/design_1/ip/design_1_xdma_0_0/ip_0/ip_0/sim/design_1_xdma_0_0_pcie3_ip_gt_gtwizard_gthe3.v:1095]
WARNING: [VRFC 10-3091] actual bit length 2 differs from formal bit length 1 for port 'GTHE3_COMMON_QPLL0LOCKDETCLK' [C:/project/RTDS/DDR/RTDS_test_DDR4_64bit_batch_dev/RTDS_test_DDR4_64bit.ip_user_files/bd/design_1/ip/design_1_xdma_0_0/ip_0/ip_0/sim/design_1_xdma_0_0_pcie3_ip_gt_gtwizard_gthe3.v:1096]
WARNING: [VRFC 10-3091] actual bit length 2 differs from formal bit length 1 for port 'GTHE3_COMMON_QPLL0LOCKEN' [C:/project/RTDS/DDR/RTDS_test_DDR4_64bit_batch_dev/RTDS_test_DDR4_64bit.ip_user_files/bd/design_1/ip/design_1_xdma_0_0/ip_0/ip_0/sim/design_1_xdma_0_0_pcie3_ip_gt_gtwizard_gthe3.v:1097]
WARNING: [VRFC 10-3091] actual bit length 2 differs from formal bit length 1 for port 'GTHE3_COMMON_QPLL0PD' [C:/project/RTDS/DDR/RTDS_test_DDR4_64bit_batch_dev/RTDS_test_DDR4_64bit.ip_user_files/bd/design_1/ip/design_1_xdma_0_0/ip_0/ip_0/sim/design_1_xdma_0_0_pcie3_ip_gt_gtwizard_gthe3.v:1098]
WARNING: [VRFC 10-3091] actual bit length 2 differs from formal bit length 3 for port 'GTHE3_COMMON_QPLL0REFCLKSEL' [C:/project/RTDS/DDR/RTDS_test_DDR4_64bit_batch_dev/RTDS_test_DDR4_64bit.ip_user_files/bd/design_1/ip/design_1_xdma_0_0/ip_0/ip_0/sim/design_1_xdma_0_0_pcie3_ip_gt_gtwizard_gthe3.v:1099]
WARNING: [VRFC 10-3091] actual bit length 2 differs from formal bit length 1 for port 'GTHE3_COMMON_QPLL0RESET' [C:/project/RTDS/DDR/RTDS_test_DDR4_64bit_batch_dev/RTDS_test_DDR4_64bit.ip_user_files/bd/design_1/ip/design_1_xdma_0_0/ip_0/ip_0/sim/design_1_xdma_0_0_pcie3_ip_gt_gtwizard_gthe3.v:1100]
WARNING: [VRFC 10-3091] actual bit length 2 differs from formal bit length 1 for port 'GTHE3_COMMON_QPLL1CLKRSVD0' [C:/project/RTDS/DDR/RTDS_test_DDR4_64bit_batch_dev/RTDS_test_DDR4_64bit.ip_user_files/bd/design_1/ip/design_1_xdma_0_0/ip_0/ip_0/sim/design_1_xdma_0_0_pcie3_ip_gt_gtwizard_gthe3.v:1101]
WARNING: [VRFC 10-3091] actual bit length 2 differs from formal bit length 1 for port 'GTHE3_COMMON_QPLL1CLKRSVD1' [C:/project/RTDS/DDR/RTDS_test_DDR4_64bit_batch_dev/RTDS_test_DDR4_64bit.ip_user_files/bd/design_1/ip/design_1_xdma_0_0/ip_0/ip_0/sim/design_1_xdma_0_0_pcie3_ip_gt_gtwizard_gthe3.v:1102]
WARNING: [VRFC 10-3091] actual bit length 2 differs from formal bit length 1 for port 'GTHE3_COMMON_QPLL1LOCKDETCLK' [C:/project/RTDS/DDR/RTDS_test_DDR4_64bit_batch_dev/RTDS_test_DDR4_64bit.ip_user_files/bd/design_1/ip/design_1_xdma_0_0/ip_0/ip_0/sim/design_1_xdma_0_0_pcie3_ip_gt_gtwizard_gthe3.v:1103]
WARNING: [VRFC 10-3091] actual bit length 2 differs from formal bit length 1 for port 'GTHE3_COMMON_QPLL1LOCKEN' [C:/project/RTDS/DDR/RTDS_test_DDR4_64bit_batch_dev/RTDS_test_DDR4_64bit.ip_user_files/bd/design_1/ip/design_1_xdma_0_0/ip_0/ip_0/sim/design_1_xdma_0_0_pcie3_ip_gt_gtwizard_gthe3.v:1104]
WARNING: [VRFC 10-3091] actual bit length 2 differs from formal bit length 1 for port 'GTHE3_COMMON_QPLL1PD' [C:/project/RTDS/DDR/RTDS_test_DDR4_64bit_batch_dev/RTDS_test_DDR4_64bit.ip_user_files/bd/design_1/ip/design_1_xdma_0_0/ip_0/ip_0/sim/design_1_xdma_0_0_pcie3_ip_gt_gtwizard_gthe3.v:1105]
WARNING: [VRFC 10-3091] actual bit length 2 differs from formal bit length 3 for port 'GTHE3_COMMON_QPLL1REFCLKSEL' [C:/project/RTDS/DDR/RTDS_test_DDR4_64bit_batch_dev/RTDS_test_DDR4_64bit.ip_user_files/bd/design_1/ip/design_1_xdma_0_0/ip_0/ip_0/sim/design_1_xdma_0_0_pcie3_ip_gt_gtwizard_gthe3.v:1106]
WARNING: [VRFC 10-3091] actual bit length 2 differs from formal bit length 1 for port 'GTHE3_COMMON_QPLL1RESET' [C:/project/RTDS/DDR/RTDS_test_DDR4_64bit_batch_dev/RTDS_test_DDR4_64bit.ip_user_files/bd/design_1/ip/design_1_xdma_0_0/ip_0/ip_0/sim/design_1_xdma_0_0_pcie3_ip_gt_gtwizard_gthe3.v:1107]
WARNING: [VRFC 10-3091] actual bit length 2 differs from formal bit length 8 for port 'GTHE3_COMMON_QPLLRSVD1' [C:/project/RTDS/DDR/RTDS_test_DDR4_64bit_batch_dev/RTDS_test_DDR4_64bit.ip_user_files/bd/design_1/ip/design_1_xdma_0_0/ip_0/ip_0/sim/design_1_xdma_0_0_pcie3_ip_gt_gtwizard_gthe3.v:1108]
WARNING: [VRFC 10-3091] actual bit length 2 differs from formal bit length 5 for port 'GTHE3_COMMON_QPLLRSVD2' [C:/project/RTDS/DDR/RTDS_test_DDR4_64bit_batch_dev/RTDS_test_DDR4_64bit.ip_user_files/bd/design_1/ip/design_1_xdma_0_0/ip_0/ip_0/sim/design_1_xdma_0_0_pcie3_ip_gt_gtwizard_gthe3.v:1109]
WARNING: [VRFC 10-3091] actual bit length 2 differs from formal bit length 5 for port 'GTHE3_COMMON_QPLLRSVD3' [C:/project/RTDS/DDR/RTDS_test_DDR4_64bit_batch_dev/RTDS_test_DDR4_64bit.ip_user_files/bd/design_1/ip/design_1_xdma_0_0/ip_0/ip_0/sim/design_1_xdma_0_0_pcie3_ip_gt_gtwizard_gthe3.v:1110]
WARNING: [VRFC 10-3091] actual bit length 2 differs from formal bit length 8 for port 'GTHE3_COMMON_QPLLRSVD4' [C:/project/RTDS/DDR/RTDS_test_DDR4_64bit_batch_dev/RTDS_test_DDR4_64bit.ip_user_files/bd/design_1/ip/design_1_xdma_0_0/ip_0/ip_0/sim/design_1_xdma_0_0_pcie3_ip_gt_gtwizard_gthe3.v:1111]
WARNING: [VRFC 10-3091] actual bit length 2 differs from formal bit length 1 for port 'GTHE3_COMMON_RCALENB' [C:/project/RTDS/DDR/RTDS_test_DDR4_64bit_batch_dev/RTDS_test_DDR4_64bit.ip_user_files/bd/design_1/ip/design_1_xdma_0_0/ip_0/ip_0/sim/design_1_xdma_0_0_pcie3_ip_gt_gtwizard_gthe3.v:1112]
WARNING: [VRFC 10-3091] actual bit length 2 differs from formal bit length 16 for port 'GTHE3_COMMON_DRPDO' [C:/project/RTDS/DDR/RTDS_test_DDR4_64bit_batch_dev/RTDS_test_DDR4_64bit.ip_user_files/bd/design_1/ip/design_1_xdma_0_0/ip_0/ip_0/sim/design_1_xdma_0_0_pcie3_ip_gt_gtwizard_gthe3.v:1113]
WARNING: [VRFC 10-3091] actual bit length 2 differs from formal bit length 1 for port 'GTHE3_COMMON_DRPRDY' [C:/project/RTDS/DDR/RTDS_test_DDR4_64bit_batch_dev/RTDS_test_DDR4_64bit.ip_user_files/bd/design_1/ip/design_1_xdma_0_0/ip_0/ip_0/sim/design_1_xdma_0_0_pcie3_ip_gt_gtwizard_gthe3.v:1114]
WARNING: [VRFC 10-3091] actual bit length 2 differs from formal bit length 8 for port 'GTHE3_COMMON_PMARSVDOUT0' [C:/project/RTDS/DDR/RTDS_test_DDR4_64bit_batch_dev/RTDS_test_DDR4_64bit.ip_user_files/bd/design_1/ip/design_1_xdma_0_0/ip_0/ip_0/sim/design_1_xdma_0_0_pcie3_ip_gt_gtwizard_gthe3.v:1115]
WARNING: [VRFC 10-3091] actual bit length 2 differs from formal bit length 8 for port 'GTHE3_COMMON_PMARSVDOUT1' [C:/project/RTDS/DDR/RTDS_test_DDR4_64bit_batch_dev/RTDS_test_DDR4_64bit.ip_user_files/bd/design_1/ip/design_1_xdma_0_0/ip_0/ip_0/sim/design_1_xdma_0_0_pcie3_ip_gt_gtwizard_gthe3.v:1116]
WARNING: [VRFC 10-3091] actual bit length 2 differs from formal bit length 1 for port 'GTHE3_COMMON_QPLL0FBCLKLOST' [C:/project/RTDS/DDR/RTDS_test_DDR4_64bit_batch_dev/RTDS_test_DDR4_64bit.ip_user_files/bd/design_1/ip/design_1_xdma_0_0/ip_0/ip_0/sim/design_1_xdma_0_0_pcie3_ip_gt_gtwizard_gthe3.v:1117]
WARNING: [VRFC 10-3091] actual bit length 2 differs from formal bit length 1 for port 'GTHE3_COMMON_QPLL0LOCK' [C:/project/RTDS/DDR/RTDS_test_DDR4_64bit_batch_dev/RTDS_test_DDR4_64bit.ip_user_files/bd/design_1/ip/design_1_xdma_0_0/ip_0/ip_0/sim/design_1_xdma_0_0_pcie3_ip_gt_gtwizard_gthe3.v:1118]
WARNING: [VRFC 10-3091] actual bit length 2 differs from formal bit length 1 for port 'GTHE3_COMMON_QPLL0OUTCLK' [C:/project/RTDS/DDR/RTDS_test_DDR4_64bit_batch_dev/RTDS_test_DDR4_64bit.ip_user_files/bd/design_1/ip/design_1_xdma_0_0/ip_0/ip_0/sim/design_1_xdma_0_0_pcie3_ip_gt_gtwizard_gthe3.v:1119]
WARNING: [VRFC 10-3091] actual bit length 2 differs from formal bit length 1 for port 'GTHE3_COMMON_QPLL0OUTREFCLK' [C:/project/RTDS/DDR/RTDS_test_DDR4_64bit_batch_dev/RTDS_test_DDR4_64bit.ip_user_files/bd/design_1/ip/design_1_xdma_0_0/ip_0/ip_0/sim/design_1_xdma_0_0_pcie3_ip_gt_gtwizard_gthe3.v:1120]
WARNING: [VRFC 10-3091] actual bit length 2 differs from formal bit length 1 for port 'GTHE3_COMMON_QPLL0REFCLKLOST' [C:/project/RTDS/DDR/RTDS_test_DDR4_64bit_batch_dev/RTDS_test_DDR4_64bit.ip_user_files/bd/design_1/ip/design_1_xdma_0_0/ip_0/ip_0/sim/design_1_xdma_0_0_pcie3_ip_gt_gtwizard_gthe3.v:1121]
WARNING: [VRFC 10-3091] actual bit length 2 differs from formal bit length 1 for port 'GTHE3_COMMON_QPLL1FBCLKLOST' [C:/project/RTDS/DDR/RTDS_test_DDR4_64bit_batch_dev/RTDS_test_DDR4_64bit.ip_user_files/bd/design_1/ip/design_1_xdma_0_0/ip_0/ip_0/sim/design_1_xdma_0_0_pcie3_ip_gt_gtwizard_gthe3.v:1122]
WARNING: [VRFC 10-3091] actual bit length 2 differs from formal bit length 1 for port 'GTHE3_COMMON_QPLL1LOCK' [C:/project/RTDS/DDR/RTDS_test_DDR4_64bit_batch_dev/RTDS_test_DDR4_64bit.ip_user_files/bd/design_1/ip/design_1_xdma_0_0/ip_0/ip_0/sim/design_1_xdma_0_0_pcie3_ip_gt_gtwizard_gthe3.v:1123]
WARNING: [VRFC 10-3091] actual bit length 2 differs from formal bit length 1 for port 'GTHE3_COMMON_QPLL1OUTCLK' [C:/project/RTDS/DDR/RTDS_test_DDR4_64bit_batch_dev/RTDS_test_DDR4_64bit.ip_user_files/bd/design_1/ip/design_1_xdma_0_0/ip_0/ip_0/sim/design_1_xdma_0_0_pcie3_ip_gt_gtwizard_gthe3.v:1124]
WARNING: [VRFC 10-3091] actual bit length 2 differs from formal bit length 1 for port 'GTHE3_COMMON_QPLL1OUTREFCLK' [C:/project/RTDS/DDR/RTDS_test_DDR4_64bit_batch_dev/RTDS_test_DDR4_64bit.ip_user_files/bd/design_1/ip/design_1_xdma_0_0/ip_0/ip_0/sim/design_1_xdma_0_0_pcie3_ip_gt_gtwizard_gthe3.v:1125]
WARNING: [VRFC 10-3091] actual bit length 2 differs from formal bit length 1 for port 'GTHE3_COMMON_QPLL1REFCLKLOST' [C:/project/RTDS/DDR/RTDS_test_DDR4_64bit_batch_dev/RTDS_test_DDR4_64bit.ip_user_files/bd/design_1/ip/design_1_xdma_0_0/ip_0/ip_0/sim/design_1_xdma_0_0_pcie3_ip_gt_gtwizard_gthe3.v:1126]
WARNING: [VRFC 10-3091] actual bit length 2 differs from formal bit length 8 for port 'GTHE3_COMMON_QPLLDMONITOR0' [C:/project/RTDS/DDR/RTDS_test_DDR4_64bit_batch_dev/RTDS_test_DDR4_64bit.ip_user_files/bd/design_1/ip/design_1_xdma_0_0/ip_0/ip_0/sim/design_1_xdma_0_0_pcie3_ip_gt_gtwizard_gthe3.v:1127]
WARNING: [VRFC 10-3091] actual bit length 2 differs from formal bit length 8 for port 'GTHE3_COMMON_QPLLDMONITOR1' [C:/project/RTDS/DDR/RTDS_test_DDR4_64bit_batch_dev/RTDS_test_DDR4_64bit.ip_user_files/bd/design_1/ip/design_1_xdma_0_0/ip_0/ip_0/sim/design_1_xdma_0_0_pcie3_ip_gt_gtwizard_gthe3.v:1128]
WARNING: [VRFC 10-3091] actual bit length 2 differs from formal bit length 1 for port 'GTHE3_COMMON_REFCLKOUTMONITOR0' [C:/project/RTDS/DDR/RTDS_test_DDR4_64bit_batch_dev/RTDS_test_DDR4_64bit.ip_user_files/bd/design_1/ip/design_1_xdma_0_0/ip_0/ip_0/sim/design_1_xdma_0_0_pcie3_ip_gt_gtwizard_gthe3.v:1129]
WARNING: [VRFC 10-3091] actual bit length 2 differs from formal bit length 1 for port 'GTHE3_COMMON_REFCLKOUTMONITOR1' [C:/project/RTDS/DDR/RTDS_test_DDR4_64bit_batch_dev/RTDS_test_DDR4_64bit.ip_user_files/bd/design_1/ip/design_1_xdma_0_0/ip_0/ip_0/sim/design_1_xdma_0_0_pcie3_ip_gt_gtwizard_gthe3.v:1130]
WARNING: [VRFC 10-3091] actual bit length 2 differs from formal bit length 6 for port 'GTHE3_CHANNEL_CPLLREFCLKSEL' [C:/project/RTDS/DDR/RTDS_test_DDR4_64bit_batch_dev/RTDS_test_DDR4_64bit.ip_user_files/bd/design_1/ip/design_1_xdma_0_0/ip_0/ip_0/sim/design_1_xdma_0_0_pcie3_ip_gt_gtwizard_gthe3.v:1856]
WARNING: [VRFC 10-3091] actual bit length 2 differs from formal bit length 18 for port 'GTHE3_CHANNEL_DRPADDR' [C:/project/RTDS/DDR/RTDS_test_DDR4_64bit_batch_dev/RTDS_test_DDR4_64bit.ip_user_files/bd/design_1/ip/design_1_xdma_0_0/ip_0/ip_0/sim/design_1_xdma_0_0_pcie3_ip_gt_gtwizard_gthe3.v:1860]
WARNING: [VRFC 10-3091] actual bit length 2 differs from formal bit length 32 for port 'GTHE3_CHANNEL_DRPDI' [C:/project/RTDS/DDR/RTDS_test_DDR4_64bit_batch_dev/RTDS_test_DDR4_64bit.ip_user_files/bd/design_1/ip/design_1_xdma_0_0/ip_0/ip_0/sim/design_1_xdma_0_0_pcie3_ip_gt_gtwizard_gthe3.v:1862]
WARNING: [VRFC 10-3091] actual bit length 2 differs from formal bit length 32 for port 'GTHE3_CHANNEL_GTRSVD' [C:/project/RTDS/DDR/RTDS_test_DDR4_64bit_batch_dev/RTDS_test_DDR4_64bit.ip_user_files/bd/design_1/ip/design_1_xdma_0_0/ip_0/ip_0/sim/design_1_xdma_0_0_pcie3_ip_gt_gtwizard_gthe3.v:1882]
WARNING: [VRFC 10-3091] actual bit length 2 differs from formal bit length 6 for port 'GTHE3_CHANNEL_LOOPBACK' [C:/project/RTDS/DDR/RTDS_test_DDR4_64bit_batch_dev/RTDS_test_DDR4_64bit.ip_user_files/bd/design_1/ip/design_1_xdma_0_0/ip_0/ip_0/sim/design_1_xdma_0_0_pcie3_ip_gt_gtwizard_gthe3.v:1887]
WARNING: [VRFC 10-3091] actual bit length 2 differs from formal bit length 32 for port 'GTHE3_CHANNEL_PCSRSVDIN' [C:/project/RTDS/DDR/RTDS_test_DDR4_64bit_batch_dev/RTDS_test_DDR4_64bit.ip_user_files/bd/design_1/ip/design_1_xdma_0_0/ip_0/ip_0/sim/design_1_xdma_0_0_pcie3_ip_gt_gtwizard_gthe3.v:1894]
WARNING: [VRFC 10-3091] actual bit length 2 differs from formal bit length 10 for port 'GTHE3_CHANNEL_PCSRSVDIN2' [C:/project/RTDS/DDR/RTDS_test_DDR4_64bit_batch_dev/RTDS_test_DDR4_64bit.ip_user_files/bd/design_1/ip/design_1_xdma_0_0/ip_0/ip_0/sim/design_1_xdma_0_0_pcie3_ip_gt_gtwizard_gthe3.v:1895]
WARNING: [VRFC 10-3091] actual bit length 2 differs from formal bit length 10 for port 'GTHE3_CHANNEL_PMARSVDIN' [C:/project/RTDS/DDR/RTDS_test_DDR4_64bit_batch_dev/RTDS_test_DDR4_64bit.ip_user_files/bd/design_1/ip/design_1_xdma_0_0/ip_0/ip_0/sim/design_1_xdma_0_0_pcie3_ip_gt_gtwizard_gthe3.v:1896]
WARNING: [VRFC 10-3091] actual bit length 2 differs from formal bit length 10 for port 'GTHE3_CHANNEL_RXCHBONDI' [C:/project/RTDS/DDR/RTDS_test_DDR4_64bit_batch_dev/RTDS_test_DDR4_64bit.ip_user_files/bd/design_1/ip/design_1_xdma_0_0/ip_0/ip_0/sim/design_1_xdma_0_0_pcie3_ip_gt_gtwizard_gthe3.v:1911]
WARNING: [VRFC 10-3091] actual bit length 2 differs from formal bit length 6 for port 'GTHE3_CHANNEL_RXCHBONDLEVEL' [C:/project/RTDS/DDR/RTDS_test_DDR4_64bit_batch_dev/RTDS_test_DDR4_64bit.ip_user_files/bd/design_1/ip/design_1_xdma_0_0/ip_0/ip_0/sim/design_1_xdma_0_0_pcie3_ip_gt_gtwizard_gthe3.v:1912]
WARNING: [VRFC 10-3091] actual bit length 2 differs from formal bit length 4 for port 'GTHE3_CHANNEL_RXDFEAGCCTRL' [C:/project/RTDS/DDR/RTDS_test_DDR4_64bit_batch_dev/RTDS_test_DDR4_64bit.ip_user_files/bd/design_1/ip/design_1_xdma_0_0/ip_0/ip_0/sim/design_1_xdma_0_0_pcie3_ip_gt_gtwizard_gthe3.v:1916]
WARNING: [VRFC 10-3091] actual bit length 2 differs from formal bit length 4 for port 'GTHE3_CHANNEL_RXELECIDLEMODE' [C:/project/RTDS/DDR/RTDS_test_DDR4_64bit_batch_dev/RTDS_test_DDR4_64bit.ip_user_files/bd/design_1/ip/design_1_xdma_0_0/ip_0/ip_0/sim/design_1_xdma_0_0_pcie3_ip_gt_gtwizard_gthe3.v:1960]
WARNING: [VRFC 10-3091] actual bit length 2 differs from formal bit length 4 for port 'GTHE3_CHANNEL_RXMONITORSEL' [C:/project/RTDS/DDR/RTDS_test_DDR4_64bit_batch_dev/RTDS_test_DDR4_64bit.ip_user_files/bd/design_1/ip/design_1_xdma_0_0/ip_0/ip_0/sim/design_1_xdma_0_0_pcie3_ip_gt_gtwizard_gthe3.v:1973]
WARNING: [VRFC 10-3091] actual bit length 2 differs from formal bit length 8 for port 'GTHE3_CHANNEL_RXOSINTCFG' [C:/project/RTDS/DDR/RTDS_test_DDR4_64bit_batch_dev/RTDS_test_DDR4_64bit.ip_user_files/bd/design_1/ip/design_1_xdma_0_0/ip_0/ip_0/sim/design_1_xdma_0_0_pcie3_ip_gt_gtwizard_gthe3.v:1977]
WARNING: [VRFC 10-3091] actual bit length 2 differs from formal bit length 6 for port 'GTHE3_CHANNEL_RXOUTCLKSEL' [C:/project/RTDS/DDR/RTDS_test_DDR4_64bit_batch_dev/RTDS_test_DDR4_64bit.ip_user_files/bd/design_1/ip/design_1_xdma_0_0/ip_0/ip_0/sim/design_1_xdma_0_0_pcie3_ip_gt_gtwizard_gthe3.v:1984]
WARNING: [VRFC 10-3091] actual bit length 2 differs from formal bit length 4 for port 'GTHE3_CHANNEL_RXPD' [C:/project/RTDS/DDR/RTDS_test_DDR4_64bit_batch_dev/RTDS_test_DDR4_64bit.ip_user_files/bd/design_1/ip/design_1_xdma_0_0/ip_0/ip_0/sim/design_1_xdma_0_0_pcie3_ip_gt_gtwizard_gthe3.v:1987]
WARNING: [VRFC 10-3091] actual bit length 2 differs from formal bit length 4 for port 'GTHE3_CHANNEL_RXPLLCLKSEL' [C:/project/RTDS/DDR/RTDS_test_DDR4_64bit_batch_dev/RTDS_test_DDR4_64bit.ip_user_files/bd/design_1/ip/design_1_xdma_0_0/ip_0/ip_0/sim/design_1_xdma_0_0_pcie3_ip_gt_gtwizard_gthe3.v:1993]
WARNING: [VRFC 10-3091] actual bit length 2 differs from formal bit length 8 for port 'GTHE3_CHANNEL_RXPRBSSEL' [C:/project/RTDS/DDR/RTDS_test_DDR4_64bit_batch_dev/RTDS_test_DDR4_64bit.ip_user_files/bd/design_1/ip/design_1_xdma_0_0/ip_0/ip_0/sim/design_1_xdma_0_0_pcie3_ip_gt_gtwizard_gthe3.v:1997]
WARNING: [VRFC 10-3091] actual bit length 2 differs from formal bit length 6 for port 'GTHE3_CHANNEL_RXRATE' [C:/project/RTDS/DDR/RTDS_test_DDR4_64bit_batch_dev/RTDS_test_DDR4_64bit.ip_user_files/bd/design_1/ip/design_1_xdma_0_0/ip_0/ip_0/sim/design_1_xdma_0_0_pcie3_ip_gt_gtwizard_gthe3.v:2000]
WARNING: [VRFC 10-3091] actual bit length 2 differs from formal bit length 4 for port 'GTHE3_CHANNEL_RXSYSCLKSEL' [C:/project/RTDS/DDR/RTDS_test_DDR4_64bit_batch_dev/RTDS_test_DDR4_64bit.ip_user_files/bd/design_1/ip/design_1_xdma_0_0/ip_0/ip_0/sim/design_1_xdma_0_0_pcie3_ip_gt_gtwizard_gthe3.v:2008]
WARNING: [VRFC 10-3091] actual bit length 2 differs from formal bit length 40 for port 'GTHE3_CHANNEL_TSTIN' [C:/project/RTDS/DDR/RTDS_test_DDR4_64bit_batch_dev/RTDS_test_DDR4_64bit.ip_user_files/bd/design_1/ip/design_1_xdma_0_0/ip_0/ip_0/sim/design_1_xdma_0_0_pcie3_ip_gt_gtwizard_gthe3.v:2013]
WARNING: [VRFC 10-3091] actual bit length 2 differs from formal bit length 16 for port 'GTHE3_CHANNEL_TX8B10BBYPASS' [C:/project/RTDS/DDR/RTDS_test_DDR4_64bit_batch_dev/RTDS_test_DDR4_64bit.ip_user_files/bd/design_1/ip/design_1_xdma_0_0/ip_0/ip_0/sim/design_1_xdma_0_0_pcie3_ip_gt_gtwizard_gthe3.v:2014]
WARNING: [VRFC 10-3091] actual bit length 2 differs from formal bit length 6 for port 'GTHE3_CHANNEL_TXBUFDIFFCTRL' [C:/project/RTDS/DDR/RTDS_test_DDR4_64bit_batch_dev/RTDS_test_DDR4_64bit.ip_user_files/bd/design_1/ip/design_1_xdma_0_0/ip_0/ip_0/sim/design_1_xdma_0_0_pcie3_ip_gt_gtwizard_gthe3.v:2016]
WARNING: [VRFC 10-3091] actual bit length 2 differs from formal bit length 32 for port 'GTHE3_CHANNEL_TXCTRL0' [C:/project/RTDS/DDR/RTDS_test_DDR4_64bit_batch_dev/RTDS_test_DDR4_64bit.ip_user_files/bd/design_1/ip/design_1_xdma_0_0/ip_0/ip_0/sim/design_1_xdma_0_0_pcie3_ip_gt_gtwizard_gthe3.v:2020]
WARNING: [VRFC 10-3091] actual bit length 2 differs from formal bit length 32 for port 'GTHE3_CHANNEL_TXCTRL1' [C:/project/RTDS/DDR/RTDS_test_DDR4_64bit_batch_dev/RTDS_test_DDR4_64bit.ip_user_files/bd/design_1/ip/design_1_xdma_0_0/ip_0/ip_0/sim/design_1_xdma_0_0_pcie3_ip_gt_gtwizard_gthe3.v:2021]
WARNING: [VRFC 10-3091] actual bit length 2 differs from formal bit length 16 for port 'GTHE3_CHANNEL_TXCTRL2' [C:/project/RTDS/DDR/RTDS_test_DDR4_64bit_batch_dev/RTDS_test_DDR4_64bit.ip_user_files/bd/design_1/ip/design_1_xdma_0_0/ip_0/ip_0/sim/design_1_xdma_0_0_pcie3_ip_gt_gtwizard_gthe3.v:2022]
WARNING: [VRFC 10-3091] actual bit length 2 differs from formal bit length 256 for port 'GTHE3_CHANNEL_TXDATA' [C:/project/RTDS/DDR/RTDS_test_DDR4_64bit_batch_dev/RTDS_test_DDR4_64bit.ip_user_files/bd/design_1/ip/design_1_xdma_0_0/ip_0/ip_0/sim/design_1_xdma_0_0_pcie3_ip_gt_gtwizard_gthe3.v:2023]
WARNING: [VRFC 10-3091] actual bit length 2 differs from formal bit length 16 for port 'GTHE3_CHANNEL_TXDATAEXTENDRSVD' [C:/project/RTDS/DDR/RTDS_test_DDR4_64bit_batch_dev/RTDS_test_DDR4_64bit.ip_user_files/bd/design_1/ip/design_1_xdma_0_0/ip_0/ip_0/sim/design_1_xdma_0_0_pcie3_ip_gt_gtwizard_gthe3.v:2024]
WARNING: [VRFC 10-3091] actual bit length 2 differs from formal bit length 8 for port 'GTHE3_CHANNEL_TXDIFFCTRL' [C:/project/RTDS/DDR/RTDS_test_DDR4_64bit_batch_dev/RTDS_test_DDR4_64bit.ip_user_files/bd/design_1/ip/design_1_xdma_0_0/ip_0/ip_0/sim/design_1_xdma_0_0_pcie3_ip_gt_gtwizard_gthe3.v:2027]
WARNING: [VRFC 10-3091] actual bit length 2 differs from formal bit length 12 for port 'GTHE3_CHANNEL_TXHEADER' [C:/project/RTDS/DDR/RTDS_test_DDR4_64bit_batch_dev/RTDS_test_DDR4_64bit.ip_user_files/bd/design_1/ip/design_1_xdma_0_0/ip_0/ip_0/sim/design_1_xdma_0_0_pcie3_ip_gt_gtwizard_gthe3.v:2036]
WARNING: [VRFC 10-3091] actual bit length 2 differs from formal bit length 14 for port 'GTHE3_CHANNEL_TXMAINCURSOR' [C:/project/RTDS/DDR/RTDS_test_DDR4_64bit_batch_dev/RTDS_test_DDR4_64bit.ip_user_files/bd/design_1/ip/design_1_xdma_0_0/ip_0/ip_0/sim/design_1_xdma_0_0_pcie3_ip_gt_gtwizard_gthe3.v:2039]
WARNING: [VRFC 10-3091] actual bit length 2 differs from formal bit length 6 for port 'GTHE3_CHANNEL_TXMARGIN' [C:/project/RTDS/DDR/RTDS_test_DDR4_64bit_batch_dev/RTDS_test_DDR4_64bit.ip_user_files/bd/design_1/ip/design_1_xdma_0_0/ip_0/ip_0/sim/design_1_xdma_0_0_pcie3_ip_gt_gtwizard_gthe3.v:2040]
WARNING: [VRFC 10-3091] actual bit length 2 differs from formal bit length 6 for port 'GTHE3_CHANNEL_TXOUTCLKSEL' [C:/project/RTDS/DDR/RTDS_test_DDR4_64bit_batch_dev/RTDS_test_DDR4_64bit.ip_user_files/bd/design_1/ip/design_1_xdma_0_0/ip_0/ip_0/sim/design_1_xdma_0_0_pcie3_ip_gt_gtwizard_gthe3.v:2041]
WARNING: [VRFC 10-3091] actual bit length 2 differs from formal bit length 4 for port 'GTHE3_CHANNEL_TXPD' [C:/project/RTDS/DDR/RTDS_test_DDR4_64bit_batch_dev/RTDS_test_DDR4_64bit.ip_user_files/bd/design_1/ip/design_1_xdma_0_0/ip_0/ip_0/sim/design_1_xdma_0_0_pcie3_ip_gt_gtwizard_gthe3.v:2043]
WARNING: [VRFC 10-3091] actual bit length 2 differs from formal bit length 10 for port 'GTHE3_CHANNEL_TXPIPPMSTEPSIZE' [C:/project/RTDS/DDR/RTDS_test_DDR4_64bit_batch_dev/RTDS_test_DDR4_64bit.ip_user_files/bd/design_1/ip/design_1_xdma_0_0/ip_0/ip_0/sim/design_1_xdma_0_0_pcie3_ip_gt_gtwizard_gthe3.v:2056]
WARNING: [VRFC 10-3091] actual bit length 2 differs from formal bit length 4 for port 'GTHE3_CHANNEL_TXPLLCLKSEL' [C:/project/RTDS/DDR/RTDS_test_DDR4_64bit_batch_dev/RTDS_test_DDR4_64bit.ip_user_files/bd/design_1/ip/design_1_xdma_0_0/ip_0/ip_0/sim/design_1_xdma_0_0_pcie3_ip_gt_gtwizard_gthe3.v:2058]
WARNING: [VRFC 10-3091] actual bit length 2 differs from formal bit length 10 for port 'GTHE3_CHANNEL_TXPOSTCURSOR' [C:/project/RTDS/DDR/RTDS_test_DDR4_64bit_batch_dev/RTDS_test_DDR4_64bit.ip_user_files/bd/design_1/ip/design_1_xdma_0_0/ip_0/ip_0/sim/design_1_xdma_0_0_pcie3_ip_gt_gtwizard_gthe3.v:2061]
WARNING: [VRFC 10-3091] actual bit length 2 differs from formal bit length 8 for port 'GTHE3_CHANNEL_TXPRBSSEL' [C:/project/RTDS/DDR/RTDS_test_DDR4_64bit_batch_dev/RTDS_test_DDR4_64bit.ip_user_files/bd/design_1/ip/design_1_xdma_0_0/ip_0/ip_0/sim/design_1_xdma_0_0_pcie3_ip_gt_gtwizard_gthe3.v:2064]
WARNING: [VRFC 10-3091] actual bit length 2 differs from formal bit length 10 for port 'GTHE3_CHANNEL_TXPRECURSOR' [C:/project/RTDS/DDR/RTDS_test_DDR4_64bit_batch_dev/RTDS_test_DDR4_64bit.ip_user_files/bd/design_1/ip/design_1_xdma_0_0/ip_0/ip_0/sim/design_1_xdma_0_0_pcie3_ip_gt_gtwizard_gthe3.v:2065]
WARNING: [VRFC 10-3091] actual bit length 2 differs from formal bit length 6 for port 'GTHE3_CHANNEL_TXRATE' [C:/project/RTDS/DDR/RTDS_test_DDR4_64bit_batch_dev/RTDS_test_DDR4_64bit.ip_user_files/bd/design_1/ip/design_1_xdma_0_0/ip_0/ip_0/sim/design_1_xdma_0_0_pcie3_ip_gt_gtwizard_gthe3.v:2071]
WARNING: [VRFC 10-3091] actual bit length 2 differs from formal bit length 14 for port 'GTHE3_CHANNEL_TXSEQUENCE' [C:/project/RTDS/DDR/RTDS_test_DDR4_64bit_batch_dev/RTDS_test_DDR4_64bit.ip_user_files/bd/design_1/ip/design_1_xdma_0_0/ip_0/ip_0/sim/design_1_xdma_0_0_pcie3_ip_gt_gtwizard_gthe3.v:2073]
WARNING: [VRFC 10-3091] actual bit length 2 differs from formal bit length 4 for port 'GTHE3_CHANNEL_TXSYSCLKSEL' [C:/project/RTDS/DDR/RTDS_test_DDR4_64bit_batch_dev/RTDS_test_DDR4_64bit.ip_user_files/bd/design_1/ip/design_1_xdma_0_0/ip_0/ip_0/sim/design_1_xdma_0_0_pcie3_ip_gt_gtwizard_gthe3.v:2078]
WARNING: [VRFC 10-3091] actual bit length 2 differs from formal bit length 6 for port 'GTHE3_CHANNEL_BUFGTCE' [C:/project/RTDS/DDR/RTDS_test_DDR4_64bit_batch_dev/RTDS_test_DDR4_64bit.ip_user_files/bd/design_1/ip/design_1_xdma_0_0/ip_0/ip_0/sim/design_1_xdma_0_0_pcie3_ip_gt_gtwizard_gthe3.v:2082]
WARNING: [VRFC 10-3091] actual bit length 2 differs from formal bit length 6 for port 'GTHE3_CHANNEL_BUFGTCEMASK' [C:/project/RTDS/DDR/RTDS_test_DDR4_64bit_batch_dev/RTDS_test_DDR4_64bit.ip_user_files/bd/design_1/ip/design_1_xdma_0_0/ip_0/ip_0/sim/design_1_xdma_0_0_pcie3_ip_gt_gtwizard_gthe3.v:2083]
WARNING: [VRFC 10-3091] actual bit length 2 differs from formal bit length 18 for port 'GTHE3_CHANNEL_BUFGTDIV' [C:/project/RTDS/DDR/RTDS_test_DDR4_64bit_batch_dev/RTDS_test_DDR4_64bit.ip_user_files/bd/design_1/ip/design_1_xdma_0_0/ip_0/ip_0/sim/design_1_xdma_0_0_pcie3_ip_gt_gtwizard_gthe3.v:2084]
WARNING: [VRFC 10-3091] actual bit length 2 differs from formal bit length 6 for port 'GTHE3_CHANNEL_BUFGTRESET' [C:/project/RTDS/DDR/RTDS_test_DDR4_64bit_batch_dev/RTDS_test_DDR4_64bit.ip_user_files/bd/design_1/ip/design_1_xdma_0_0/ip_0/ip_0/sim/design_1_xdma_0_0_pcie3_ip_gt_gtwizard_gthe3.v:2085]
WARNING: [VRFC 10-3091] actual bit length 2 differs from formal bit length 6 for port 'GTHE3_CHANNEL_BUFGTRSTMASK' [C:/project/RTDS/DDR/RTDS_test_DDR4_64bit_batch_dev/RTDS_test_DDR4_64bit.ip_user_files/bd/design_1/ip/design_1_xdma_0_0/ip_0/ip_0/sim/design_1_xdma_0_0_pcie3_ip_gt_gtwizard_gthe3.v:2086]
WARNING: [VRFC 10-3091] actual bit length 2 differs from formal bit length 34 for port 'GTHE3_CHANNEL_DMONITOROUT' [C:/project/RTDS/DDR/RTDS_test_DDR4_64bit_batch_dev/RTDS_test_DDR4_64bit.ip_user_files/bd/design_1/ip/design_1_xdma_0_0/ip_0/ip_0/sim/design_1_xdma_0_0_pcie3_ip_gt_gtwizard_gthe3.v:2090]
WARNING: [VRFC 10-3091] actual bit length 2 differs from formal bit length 32 for port 'GTHE3_CHANNEL_DRPDO' [C:/project/RTDS/DDR/RTDS_test_DDR4_64bit_batch_dev/RTDS_test_DDR4_64bit.ip_user_files/bd/design_1/ip/design_1_xdma_0_0/ip_0/ip_0/sim/design_1_xdma_0_0_pcie3_ip_gt_gtwizard_gthe3.v:2091]
WARNING: [VRFC 10-3091] actual bit length 2 differs from formal bit length 4 for port 'GTHE3_CHANNEL_PCIERATEQPLLPD' [C:/project/RTDS/DDR/RTDS_test_DDR4_64bit_batch_dev/RTDS_test_DDR4_64bit.ip_user_files/bd/design_1/ip/design_1_xdma_0_0/ip_0/ip_0/sim/design_1_xdma_0_0_pcie3_ip_gt_gtwizard_gthe3.v:2100]
WARNING: [VRFC 10-3091] actual bit length 2 differs from formal bit length 4 for port 'GTHE3_CHANNEL_PCIERATEQPLLRESET' [C:/project/RTDS/DDR/RTDS_test_DDR4_64bit_batch_dev/RTDS_test_DDR4_64bit.ip_user_files/bd/design_1/ip/design_1_xdma_0_0/ip_0/ip_0/sim/design_1_xdma_0_0_pcie3_ip_gt_gtwizard_gthe3.v:2101]
WARNING: [VRFC 10-3091] actual bit length 2 differs from formal bit length 24 for port 'GTHE3_CHANNEL_PCSRSVDOUT' [C:/project/RTDS/DDR/RTDS_test_DDR4_64bit_batch_dev/RTDS_test_DDR4_64bit.ip_user_files/bd/design_1/ip/design_1_xdma_0_0/ip_0/ip_0/sim/design_1_xdma_0_0_pcie3_ip_gt_gtwizard_gthe3.v:2106]
WARNING: [VRFC 10-3091] actual bit length 2 differs from formal bit length 16 for port 'GTHE3_CHANNEL_PINRSRVDAS' [C:/project/RTDS/DDR/RTDS_test_DDR4_64bit_batch_dev/RTDS_test_DDR4_64bit.ip_user_files/bd/design_1/ip/design_1_xdma_0_0/ip_0/ip_0/sim/design_1_xdma_0_0_pcie3_ip_gt_gtwizard_gthe3.v:2108]
WARNING: [VRFC 10-3091] actual bit length 2 differs from formal bit length 6 for port 'GTHE3_CHANNEL_RXBUFSTATUS' [C:/project/RTDS/DDR/RTDS_test_DDR4_64bit_batch_dev/RTDS_test_DDR4_64bit.ip_user_files/bd/design_1/ip/design_1_xdma_0_0/ip_0/ip_0/sim/design_1_xdma_0_0_pcie3_ip_gt_gtwizard_gthe3.v:2110]
WARNING: [VRFC 10-3091] actual bit length 2 differs from formal bit length 10 for port 'GTHE3_CHANNEL_RXCHBONDO' [C:/project/RTDS/DDR/RTDS_test_DDR4_64bit_batch_dev/RTDS_test_DDR4_64bit.ip_user_files/bd/design_1/ip/design_1_xdma_0_0/ip_0/ip_0/sim/design_1_xdma_0_0_pcie3_ip_gt_gtwizard_gthe3.v:2118]
WARNING: [VRFC 10-3091] actual bit length 2 differs from formal bit length 4 for port 'GTHE3_CHANNEL_RXCLKCORCNT' [C:/project/RTDS/DDR/RTDS_test_DDR4_64bit_batch_dev/RTDS_test_DDR4_64bit.ip_user_files/bd/design_1/ip/design_1_xdma_0_0/ip_0/ip_0/sim/design_1_xdma_0_0_pcie3_ip_gt_gtwizard_gthe3.v:2119]
WARNING: [VRFC 10-3091] actual bit length 2 differs from formal bit length 32 for port 'GTHE3_CHANNEL_RXCTRL0' [C:/project/RTDS/DDR/RTDS_test_DDR4_64bit_batch_dev/RTDS_test_DDR4_64bit.ip_user_files/bd/design_1/ip/design_1_xdma_0_0/ip_0/ip_0/sim/design_1_xdma_0_0_pcie3_ip_gt_gtwizard_gthe3.v:2124]
WARNING: [VRFC 10-3091] actual bit length 2 differs from formal bit length 32 for port 'GTHE3_CHANNEL_RXCTRL1' [C:/project/RTDS/DDR/RTDS_test_DDR4_64bit_batch_dev/RTDS_test_DDR4_64bit.ip_user_files/bd/design_1/ip/design_1_xdma_0_0/ip_0/ip_0/sim/design_1_xdma_0_0_pcie3_ip_gt_gtwizard_gthe3.v:2125]
WARNING: [VRFC 10-3091] actual bit length 2 differs from formal bit length 16 for port 'GTHE3_CHANNEL_RXCTRL2' [C:/project/RTDS/DDR/RTDS_test_DDR4_64bit_batch_dev/RTDS_test_DDR4_64bit.ip_user_files/bd/design_1/ip/design_1_xdma_0_0/ip_0/ip_0/sim/design_1_xdma_0_0_pcie3_ip_gt_gtwizard_gthe3.v:2126]
WARNING: [VRFC 10-3091] actual bit length 2 differs from formal bit length 16 for port 'GTHE3_CHANNEL_RXCTRL3' [C:/project/RTDS/DDR/RTDS_test_DDR4_64bit_batch_dev/RTDS_test_DDR4_64bit.ip_user_files/bd/design_1/ip/design_1_xdma_0_0/ip_0/ip_0/sim/design_1_xdma_0_0_pcie3_ip_gt_gtwizard_gthe3.v:2127]
WARNING: [VRFC 10-3091] actual bit length 2 differs from formal bit length 256 for port 'GTHE3_CHANNEL_RXDATA' [C:/project/RTDS/DDR/RTDS_test_DDR4_64bit_batch_dev/RTDS_test_DDR4_64bit.ip_user_files/bd/design_1/ip/design_1_xdma_0_0/ip_0/ip_0/sim/design_1_xdma_0_0_pcie3_ip_gt_gtwizard_gthe3.v:2128]
WARNING: [VRFC 10-3091] actual bit length 2 differs from formal bit length 16 for port 'GTHE3_CHANNEL_RXDATAEXTENDRSVD' [C:/project/RTDS/DDR/RTDS_test_DDR4_64bit_batch_dev/RTDS_test_DDR4_64bit.ip_user_files/bd/design_1/ip/design_1_xdma_0_0/ip_0/ip_0/sim/design_1_xdma_0_0_pcie3_ip_gt_gtwizard_gthe3.v:2129]
WARNING: [VRFC 10-3091] actual bit length 2 differs from formal bit length 4 for port 'GTHE3_CHANNEL_RXDATAVALID' [C:/project/RTDS/DDR/RTDS_test_DDR4_64bit_batch_dev/RTDS_test_DDR4_64bit.ip_user_files/bd/design_1/ip/design_1_xdma_0_0/ip_0/ip_0/sim/design_1_xdma_0_0_pcie3_ip_gt_gtwizard_gthe3.v:2130]
WARNING: [VRFC 10-3091] actual bit length 2 differs from formal bit length 12 for port 'GTHE3_CHANNEL_RXHEADER' [C:/project/RTDS/DDR/RTDS_test_DDR4_64bit_batch_dev/RTDS_test_DDR4_64bit.ip_user_files/bd/design_1/ip/design_1_xdma_0_0/ip_0/ip_0/sim/design_1_xdma_0_0_pcie3_ip_gt_gtwizard_gthe3.v:2133]
WARNING: [VRFC 10-3091] actual bit length 2 differs from formal bit length 4 for port 'GTHE3_CHANNEL_RXHEADERVALID' [C:/project/RTDS/DDR/RTDS_test_DDR4_64bit_batch_dev/RTDS_test_DDR4_64bit.ip_user_files/bd/design_1/ip/design_1_xdma_0_0/ip_0/ip_0/sim/design_1_xdma_0_0_pcie3_ip_gt_gtwizard_gthe3.v:2134]
WARNING: [VRFC 10-3091] actual bit length 2 differs from formal bit length 14 for port 'GTHE3_CHANNEL_RXMONITOROUT' [C:/project/RTDS/DDR/RTDS_test_DDR4_64bit_batch_dev/RTDS_test_DDR4_64bit.ip_user_files/bd/design_1/ip/design_1_xdma_0_0/ip_0/ip_0/sim/design_1_xdma_0_0_pcie3_ip_gt_gtwizard_gthe3.v:2135]
WARNING: [VRFC 10-3091] actual bit length 2 differs from formal bit length 4 for port 'GTHE3_CHANNEL_RXSTARTOFSEQ' [C:/project/RTDS/DDR/RTDS_test_DDR4_64bit_batch_dev/RTDS_test_DDR4_64bit.ip_user_files/bd/design_1/ip/design_1_xdma_0_0/ip_0/ip_0/sim/design_1_xdma_0_0_pcie3_ip_gt_gtwizard_gthe3.v:2158]
WARNING: [VRFC 10-3091] actual bit length 2 differs from formal bit length 6 for port 'GTHE3_CHANNEL_RXSTATUS' [C:/project/RTDS/DDR/RTDS_test_DDR4_64bit_batch_dev/RTDS_test_DDR4_64bit.ip_user_files/bd/design_1/ip/design_1_xdma_0_0/ip_0/ip_0/sim/design_1_xdma_0_0_pcie3_ip_gt_gtwizard_gthe3.v:2159]
WARNING: [VRFC 10-3091] actual bit length 2 differs from formal bit length 4 for port 'GTHE3_CHANNEL_TXBUFSTATUS' [C:/project/RTDS/DDR/RTDS_test_DDR4_64bit_batch_dev/RTDS_test_DDR4_64bit.ip_user_files/bd/design_1/ip/design_1_xdma_0_0/ip_0/ip_0/sim/design_1_xdma_0_0_pcie3_ip_gt_gtwizard_gthe3.v:2163]
WARNING: [VRFC 10-3091] actual bit length 2 differs from formal bit length 8 for port 'pci_exp_txn' [C:/project/RTDS/DDR/RTDS_test_DDR4_64bit_batch_dev/regression/sim_xdma_rootport/vendor/xdma_rp_2020_2/xilinx_pcie_uscale_rp.v:298]
WARNING: [VRFC 10-3091] actual bit length 2 differs from formal bit length 8 for port 'pci_exp_txp' [C:/project/RTDS/DDR/RTDS_test_DDR4_64bit_batch_dev/regression/sim_xdma_rootport/vendor/xdma_rp_2020_2/xilinx_pcie_uscale_rp.v:299]
WARNING: [VRFC 10-3091] actual bit length 2 differs from formal bit length 8 for port 'pci_exp_rxn' [C:/project/RTDS/DDR/RTDS_test_DDR4_64bit_batch_dev/regression/sim_xdma_rootport/vendor/xdma_rp_2020_2/xilinx_pcie_uscale_rp.v:300]
WARNING: [VRFC 10-3091] actual bit length 2 differs from formal bit length 8 for port 'pci_exp_rxp' [C:/project/RTDS/DDR/RTDS_test_DDR4_64bit_batch_dev/regression/sim_xdma_rootport/vendor/xdma_rp_2020_2/xilinx_pcie_uscale_rp.v:301]
WARNING: [VRFC 10-3705] select index 1 into 'h2c_dat_bram_in' is out of bounds [c:/project/RTDS/pcie_07/RTDS_test-1ch/RTDS_test-1ch/RTDS_test.srcs/sources_1/bd/design_1/ipshared/cc3e/hdl/xdma_v4_1_vl_rfs.sv:41959]
WARNING: [VRFC 10-3705] select index 1 into 'h2c_dat_bram_in' is out of bounds [c:/project/RTDS/pcie_07/RTDS_test-1ch/RTDS_test-1ch/RTDS_test.srcs/sources_1/bd/design_1/ipshared/cc3e/hdl/xdma_v4_1_vl_rfs.sv:41960]
WARNING: [VRFC 10-3705] select index 1 into 'h2c_dat_bram_out' is out of bounds [c:/project/RTDS/pcie_07/RTDS_test-1ch/RTDS_test-1ch/RTDS_test.srcs/sources_1/bd/design_1/ipshared/cc3e/hdl/xdma_v4_1_vl_rfs.sv:41961]
WARNING: [VRFC 10-3705] select index 1 into 'h2c_dat_bram_out' is out of bounds [c:/project/RTDS/pcie_07/RTDS_test-1ch/RTDS_test-1ch/RTDS_test.srcs/sources_1/bd/design_1/ipshared/cc3e/hdl/xdma_v4_1_vl_rfs.sv:41962]
WARNING: [VRFC 10-3705] select index 1 into 'h2c_dat_bram_cmd_out' is out of bounds [c:/project/RTDS/pcie_07/RTDS_test-1ch/RTDS_test-1ch/RTDS_test.srcs/sources_1/bd/design_1/ipshared/cc3e/hdl/xdma_v4_1_vl_rfs.sv:41963]
WARNING: [VRFC 10-3705] select index 1 into 'h2c_dat_bram_cmd_out' is out of bounds [c:/project/RTDS/pcie_07/RTDS_test-1ch/RTDS_test-1ch/RTDS_test.srcs/sources_1/bd/design_1/ipshared/cc3e/hdl/xdma_v4_1_vl_rfs.sv:41964]
WARNING: [VRFC 10-3705] select index 1 into 'h2c_dat_bram_cmd_out' is out of bounds [c:/project/RTDS/pcie_07/RTDS_test-1ch/RTDS_test-1ch/RTDS_test.srcs/sources_1/bd/design_1/ipshared/cc3e/hdl/xdma_v4_1_vl_rfs.sv:41966]
WARNING: [VRFC 10-3705] select index 2 into 'h2c_dat_bram_in' is out of bounds [c:/project/RTDS/pcie_07/RTDS_test-1ch/RTDS_test-1ch/RTDS_test.srcs/sources_1/bd/design_1/ipshared/cc3e/hdl/xdma_v4_1_vl_rfs.sv:41968]
WARNING: [VRFC 10-3705] select index 2 into 'h2c_dat_bram_in' is out of bounds [c:/project/RTDS/pcie_07/RTDS_test-1ch/RTDS_test-1ch/RTDS_test.srcs/sources_1/bd/design_1/ipshared/cc3e/hdl/xdma_v4_1_vl_rfs.sv:41969]
WARNING: [VRFC 10-3705] select index 2 into 'h2c_dat_bram_out' is out of bounds [c:/project/RTDS/pcie_07/RTDS_test-1ch/RTDS_test-1ch/RTDS_test.srcs/sources_1/bd/design_1/ipshared/cc3e/hdl/xdma_v4_1_vl_rfs.sv:41970]
WARNING: [VRFC 10-3705] select index 2 into 'h2c_dat_bram_out' is out of bounds [c:/project/RTDS/pcie_07/RTDS_test-1ch/RTDS_test-1ch/RTDS_test.srcs/sources_1/bd/design_1/ipshared/cc3e/hdl/xdma_v4_1_vl_rfs.sv:41971]
WARNING: [VRFC 10-3705] select index 2 into 'h2c_dat_bram_cmd_out' is out of bounds [c:/project/RTDS/pcie_07/RTDS_test-1ch/RTDS_test-1ch/RTDS_test.srcs/sources_1/bd/design_1/ipshared/cc3e/hdl/xdma_v4_1_vl_rfs.sv:41972]
WARNING: [VRFC 10-3705] select index 2 into 'h2c_dat_bram_cmd_out' is out of bounds [c:/project/RTDS/pcie_07/RTDS_test-1ch/RTDS_test-1ch/RTDS_test.srcs/sources_1/bd/design_1/ipshared/cc3e/hdl/xdma_v4_1_vl_rfs.sv:41973]
WARNING: [VRFC 10-3705] select index 2 into 'h2c_dat_bram_cmd_out' is out of bounds [c:/project/RTDS/pcie_07/RTDS_test-1ch/RTDS_test-1ch/RTDS_test.srcs/sources_1/bd/design_1/ipshared/cc3e/hdl/xdma_v4_1_vl_rfs.sv:41975]
WARNING: [VRFC 10-3705] select index 3 into 'h2c_dat_bram_in' is out of bounds [c:/project/RTDS/pcie_07/RTDS_test-1ch/RTDS_test-1ch/RTDS_test.srcs/sources_1/bd/design_1/ipshared/cc3e/hdl/xdma_v4_1_vl_rfs.sv:41977]
WARNING: [VRFC 10-3705] select index 3 into 'h2c_dat_bram_in' is out of bounds [c:/project/RTDS/pcie_07/RTDS_test-1ch/RTDS_test-1ch/RTDS_test.srcs/sources_1/bd/design_1/ipshared/cc3e/hdl/xdma_v4_1_vl_rfs.sv:41978]
WARNING: [VRFC 10-3705] select index 3 into 'h2c_dat_bram_out' is out of bounds [c:/project/RTDS/pcie_07/RTDS_test-1ch/RTDS_test-1ch/RTDS_test.srcs/sources_1/bd/design_1/ipshared/cc3e/hdl/xdma_v4_1_vl_rfs.sv:41979]
WARNING: [VRFC 10-3705] select index 3 into 'h2c_dat_bram_out' is out of bounds [c:/project/RTDS/pcie_07/RTDS_test-1ch/RTDS_test-1ch/RTDS_test.srcs/sources_1/bd/design_1/ipshared/cc3e/hdl/xdma_v4_1_vl_rfs.sv:41980]
WARNING: [VRFC 10-3705] select index 3 into 'h2c_dat_bram_cmd_out' is out of bounds [c:/project/RTDS/pcie_07/RTDS_test-1ch/RTDS_test-1ch/RTDS_test.srcs/sources_1/bd/design_1/ipshared/cc3e/hdl/xdma_v4_1_vl_rfs.sv:41981]
WARNING: [VRFC 10-3705] select index 3 into 'h2c_dat_bram_cmd_out' is out of bounds [c:/project/RTDS/pcie_07/RTDS_test-1ch/RTDS_test-1ch/RTDS_test.srcs/sources_1/bd/design_1/ipshared/cc3e/hdl/xdma_v4_1_vl_rfs.sv:41982]
WARNING: [VRFC 10-3705] select index 3 into 'h2c_dat_bram_cmd_out' is out of bounds [c:/project/RTDS/pcie_07/RTDS_test-1ch/RTDS_test-1ch/RTDS_test.srcs/sources_1/bd/design_1/ipshared/cc3e/hdl/xdma_v4_1_vl_rfs.sv:41984]
WARNING: [VRFC 10-3705] select index 1 into 'c2h_dat_bram_in' is out of bounds [c:/project/RTDS/pcie_07/RTDS_test-1ch/RTDS_test-1ch/RTDS_test.srcs/sources_1/bd/design_1/ipshared/cc3e/hdl/xdma_v4_1_vl_rfs.sv:41995]
WARNING: [VRFC 10-3705] select index 1 into 'c2h_dat_bram_in' is out of bounds [c:/project/RTDS/pcie_07/RTDS_test-1ch/RTDS_test-1ch/RTDS_test.srcs/sources_1/bd/design_1/ipshared/cc3e/hdl/xdma_v4_1_vl_rfs.sv:41996]
WARNING: [VRFC 10-3705] select index 1 into 'c2h_dat_bram_out' is out of bounds [c:/project/RTDS/pcie_07/RTDS_test-1ch/RTDS_test-1ch/RTDS_test.srcs/sources_1/bd/design_1/ipshared/cc3e/hdl/xdma_v4_1_vl_rfs.sv:41997]
WARNING: [VRFC 10-3705] select index 1 into 'c2h_dat_bram_out' is out of bounds [c:/project/RTDS/pcie_07/RTDS_test-1ch/RTDS_test-1ch/RTDS_test.srcs/sources_1/bd/design_1/ipshared/cc3e/hdl/xdma_v4_1_vl_rfs.sv:41998]
WARNING: [VRFC 10-3705] select index 1 into 'c2h_dat_bram_cmd_out' is out of bounds [c:/project/RTDS/pcie_07/RTDS_test-1ch/RTDS_test-1ch/RTDS_test.srcs/sources_1/bd/design_1/ipshared/cc3e/hdl/xdma_v4_1_vl_rfs.sv:41999]
WARNING: [VRFC 10-3705] select index 1 into 'c2h_dat_bram_cmd_out' is out of bounds [c:/project/RTDS/pcie_07/RTDS_test-1ch/RTDS_test-1ch/RTDS_test.srcs/sources_1/bd/design_1/ipshared/cc3e/hdl/xdma_v4_1_vl_rfs.sv:42000]
WARNING: [VRFC 10-3705] select index 1 into 'c2h_dat_bram_cmd_out' is out of bounds [c:/project/RTDS/pcie_07/RTDS_test-1ch/RTDS_test-1ch/RTDS_test.srcs/sources_1/bd/design_1/ipshared/cc3e/hdl/xdma_v4_1_vl_rfs.sv:42002]
WARNING: [VRFC 10-3705] select index 2 into 'c2h_dat_bram_in' is out of bounds [c:/project/RTDS/pcie_07/RTDS_test-1ch/RTDS_test-1ch/RTDS_test.srcs/sources_1/bd/design_1/ipshared/cc3e/hdl/xdma_v4_1_vl_rfs.sv:42004]
WARNING: [VRFC 10-3705] select index 2 into 'c2h_dat_bram_in' is out of bounds [c:/project/RTDS/pcie_07/RTDS_test-1ch/RTDS_test-1ch/RTDS_test.srcs/sources_1/bd/design_1/ipshared/cc3e/hdl/xdma_v4_1_vl_rfs.sv:42005]
WARNING: [VRFC 10-3705] select index 2 into 'c2h_dat_bram_out' is out of bounds [c:/project/RTDS/pcie_07/RTDS_test-1ch/RTDS_test-1ch/RTDS_test.srcs/sources_1/bd/design_1/ipshared/cc3e/hdl/xdma_v4_1_vl_rfs.sv:42006]
WARNING: [VRFC 10-3705] select index 2 into 'c2h_dat_bram_out' is out of bounds [c:/project/RTDS/pcie_07/RTDS_test-1ch/RTDS_test-1ch/RTDS_test.srcs/sources_1/bd/design_1/ipshared/cc3e/hdl/xdma_v4_1_vl_rfs.sv:42007]
WARNING: [VRFC 10-3705] select index 2 into 'c2h_dat_bram_cmd_out' is out of bounds [c:/project/RTDS/pcie_07/RTDS_test-1ch/RTDS_test-1ch/RTDS_test.srcs/sources_1/bd/design_1/ipshared/cc3e/hdl/xdma_v4_1_vl_rfs.sv:42008]
WARNING: [VRFC 10-3705] select index 2 into 'c2h_dat_bram_cmd_out' is out of bounds [c:/project/RTDS/pcie_07/RTDS_test-1ch/RTDS_test-1ch/RTDS_test.srcs/sources_1/bd/design_1/ipshared/cc3e/hdl/xdma_v4_1_vl_rfs.sv:42009]
WARNING: [VRFC 10-3705] select index 2 into 'c2h_dat_bram_cmd_out' is out of bounds [c:/project/RTDS/pcie_07/RTDS_test-1ch/RTDS_test-1ch/RTDS_test.srcs/sources_1/bd/design_1/ipshared/cc3e/hdl/xdma_v4_1_vl_rfs.sv:42011]
WARNING: [VRFC 10-3705] select index 3 into 'c2h_dat_bram_in' is out of bounds [c:/project/RTDS/pcie_07/RTDS_test-1ch/RTDS_test-1ch/RTDS_test.srcs/sources_1/bd/design_1/ipshared/cc3e/hdl/xdma_v4_1_vl_rfs.sv:42013]
WARNING: [VRFC 10-3705] select index 3 into 'c2h_dat_bram_in' is out of bounds [c:/project/RTDS/pcie_07/RTDS_test-1ch/RTDS_test-1ch/RTDS_test.srcs/sources_1/bd/design_1/ipshared/cc3e/hdl/xdma_v4_1_vl_rfs.sv:42014]
WARNING: [VRFC 10-3705] select index 3 into 'c2h_dat_bram_out' is out of bounds [c:/project/RTDS/pcie_07/RTDS_test-1ch/RTDS_test-1ch/RTDS_test.srcs/sources_1/bd/design_1/ipshared/cc3e/hdl/xdma_v4_1_vl_rfs.sv:42015]
WARNING: [VRFC 10-3705] select index 3 into 'c2h_dat_bram_out' is out of bounds [c:/project/RTDS/pcie_07/RTDS_test-1ch/RTDS_test-1ch/RTDS_test.srcs/sources_1/bd/design_1/ipshared/cc3e/hdl/xdma_v4_1_vl_rfs.sv:42016]
WARNING: [VRFC 10-3705] select index 3 into 'c2h_dat_bram_cmd_out' is out of bounds [c:/project/RTDS/pcie_07/RTDS_test-1ch/RTDS_test-1ch/RTDS_test.srcs/sources_1/bd/design_1/ipshared/cc3e/hdl/xdma_v4_1_vl_rfs.sv:42017]
WARNING: [VRFC 10-3705] select index 3 into 'c2h_dat_bram_cmd_out' is out of bounds [c:/project/RTDS/pcie_07/RTDS_test-1ch/RTDS_test-1ch/RTDS_test.srcs/sources_1/bd/design_1/ipshared/cc3e/hdl/xdma_v4_1_vl_rfs.sv:42018]
WARNING: [VRFC 10-3705] select index 3 into 'c2h_dat_bram_cmd_out' is out of bounds [c:/project/RTDS/pcie_07/RTDS_test-1ch/RTDS_test-1ch/RTDS_test.srcs/sources_1/bd/design_1/ipshared/cc3e/hdl/xdma_v4_1_vl_rfs.sv:42020]
WARNING: [VRFC 10-3705] select index 119 into 's_axis_cq_tuser' is out of bounds [c:/project/RTDS/pcie_07/RTDS_test-1ch/RTDS_test-1ch/RTDS_test.srcs/sources_1/bd/design_1/ipshared/cc3e/hdl/xdma_v4_1_vl_rfs.sv:28417]
WARNING: [VRFC 10-3705] select index -1 into 'gen_gtwizard_gthe3.bgbypassb_int' is out of bounds [C:/project/RTDS/DDR/RTDS_test_DDR4_64bit_batch_dev/RTDS_test_DDR4_64bit.ip_user_files/bd/design_1/ip/design_1_xdma_0_0/ip_0/ip_0/sim/design_1_xdma_0_0_pcie3_ip_gt_gtwizard_gthe3.v:1068]
WARNING: [VRFC 10-3705] select index -1 into 'gen_gtwizard_gthe3.bgmonitorenb_int' is out of bounds [C:/project/RTDS/DDR/RTDS_test_DDR4_64bit_batch_dev/RTDS_test_DDR4_64bit.ip_user_files/bd/design_1/ip/design_1_xdma_0_0/ip_0/ip_0/sim/design_1_xdma_0_0_pcie3_ip_gt_gtwizard_gthe3.v:1069]
WARNING: [VRFC 10-3705] select index -1 into 'gen_gtwizard_gthe3.bgpdb_int' is out of bounds [C:/project/RTDS/DDR/RTDS_test_DDR4_64bit_batch_dev/RTDS_test_DDR4_64bit.ip_user_files/bd/design_1/ip/design_1_xdma_0_0/ip_0/ip_0/sim/design_1_xdma_0_0_pcie3_ip_gt_gtwizard_gthe3.v:1070]
ERROR: [VRFC 10-1219] part-select direction is opposite from prefix index direction [C:/project/RTDS/DDR/RTDS_test_DDR4_64bit_batch_dev/RTDS_test_DDR4_64bit.ip_user_files/bd/design_1/ip/design_1_xdma_0_0/ip_0/ip_0/sim/design_1_xdma_0_0_pcie3_ip_gt_gtwizard_gthe3.v:1071]
WARNING: [VRFC 10-3705] select index -1 into 'gen_gtwizard_gthe3.bgrcalovrdenb_int' is out of bounds [C:/project/RTDS/DDR/RTDS_test_DDR4_64bit_batch_dev/RTDS_test_DDR4_64bit.ip_user_files/bd/design_1/ip/design_1_xdma_0_0/ip_0/ip_0/sim/design_1_xdma_0_0_pcie3_ip_gt_gtwizard_gthe3.v:1072]
ERROR: [VRFC 10-1219] part-select direction is opposite from prefix index direction [C:/project/RTDS/DDR/RTDS_test_DDR4_64bit_batch_dev/RTDS_test_DDR4_64bit.ip_user_files/bd/design_1/ip/design_1_xdma_0_0/ip_0/ip_0/sim/design_1_xdma_0_0_pcie3_ip_gt_gtwizard_gthe3.v:1073]
WARNING: [VRFC 10-3705] select index -1 into 'gen_gtwizard_gthe3.drpclk_common_int' is out of bounds [C:/project/RTDS/DDR/RTDS_test_DDR4_64bit_batch_dev/RTDS_test_DDR4_64bit.ip_user_files/bd/design_1/ip/design_1_xdma_0_0/ip_0/ip_0/sim/design_1_xdma_0_0_pcie3_ip_gt_gtwizard_gthe3.v:1074]
ERROR: [VRFC 10-1219] part-select direction is opposite from prefix index direction [C:/project/RTDS/DDR/RTDS_test_DDR4_64bit_batch_dev/RTDS_test_DDR4_64bit.ip_user_files/bd/design_1/ip/design_1_xdma_0_0/ip_0/ip_0/sim/design_1_xdma_0_0_pcie3_ip_gt_gtwizard_gthe3.v:1075]
WARNING: [VRFC 10-3705] select index -1 into 'gen_gtwizard_gthe3.drpen_common_int' is out of bounds [C:/project/RTDS/DDR/RTDS_test_DDR4_64bit_batch_dev/RTDS_test_DDR4_64bit.ip_user_files/bd/design_1/ip/design_1_xdma_0_0/ip_0/ip_0/sim/design_1_xdma_0_0_pcie3_ip_gt_gtwizard_gthe3.v:1076]
WARNING: [VRFC 10-3705] select index -1 into 'gen_gtwizard_gthe3.drpwe_common_int' is out of bounds [C:/project/RTDS/DDR/RTDS_test_DDR4_64bit_batch_dev/RTDS_test_DDR4_64bit.ip_user_files/bd/design_1/ip/design_1_xdma_0_0/ip_0/ip_0/sim/design_1_xdma_0_0_pcie3_ip_gt_gtwizard_gthe3.v:1077]
WARNING: [VRFC 10-3705] select index -1 into 'gen_gtwizard_gthe3.gtgrefclk0_int' is out of bounds [C:/project/RTDS/DDR/RTDS_test_DDR4_64bit_batch_dev/RTDS_test_DDR4_64bit.ip_user_files/bd/design_1/ip/design_1_xdma_0_0/ip_0/ip_0/sim/design_1_xdma_0_0_pcie3_ip_gt_gtwizard_gthe3.v:1078]
WARNING: [VRFC 10-3705] select index -1 into 'gen_gtwizard_gthe3.gtgrefclk1_int' is out of bounds [C:/project/RTDS/DDR/RTDS_test_DDR4_64bit_batch_dev/RTDS_test_DDR4_64bit.ip_user_files/bd/design_1/ip/design_1_xdma_0_0/ip_0/ip_0/sim/design_1_xdma_0_0_pcie3_ip_gt_gtwizard_gthe3.v:1079]
WARNING: [VRFC 10-3705] select index -1 into 'gen_gtwizard_gthe3.gtnorthrefclk00_int' is out of bounds [C:/project/RTDS/DDR/RTDS_test_DDR4_64bit_batch_dev/RTDS_test_DDR4_64bit.ip_user_files/bd/design_1/ip/design_1_xdma_0_0/ip_0/ip_0/sim/design_1_xdma_0_0_pcie3_ip_gt_gtwizard_gthe3.v:1080]
WARNING: [VRFC 10-3705] select index -1 into 'gen_gtwizard_gthe3.gtnorthrefclk01_int' is out of bounds [C:/project/RTDS/DDR/RTDS_test_DDR4_64bit_batch_dev/RTDS_test_DDR4_64bit.ip_user_files/bd/design_1/ip/design_1_xdma_0_0/ip_0/ip_0/sim/design_1_xdma_0_0_pcie3_ip_gt_gtwizard_gthe3.v:1081]
WARNING: [VRFC 10-3705] select index -1 into 'gen_gtwizard_gthe3.gtnorthrefclk10_int' is out of bounds [C:/project/RTDS/DDR/RTDS_test_DDR4_64bit_batch_dev/RTDS_test_DDR4_64bit.ip_user_files/bd/design_1/ip/design_1_xdma_0_0/ip_0/ip_0/sim/design_1_xdma_0_0_pcie3_ip_gt_gtwizard_gthe3.v:1082]
WARNING: [VRFC 10-3705] select index -1 into 'gen_gtwizard_gthe3.gtnorthrefclk11_int' is out of bounds [C:/project/RTDS/DDR/RTDS_test_DDR4_64bit_batch_dev/RTDS_test_DDR4_64bit.ip_user_files/bd/design_1/ip/design_1_xdma_0_0/ip_0/ip_0/sim/design_1_xdma_0_0_pcie3_ip_gt_gtwizard_gthe3.v:1083]
WARNING: [VRFC 10-3705] select index -1 into 'gen_gtwizard_gthe3.gtrefclk00_int' is out of bounds [C:/project/RTDS/DDR/RTDS_test_DDR4_64bit_batch_dev/RTDS_test_DDR4_64bit.ip_user_files/bd/design_1/ip/design_1_xdma_0_0/ip_0/ip_0/sim/design_1_xdma_0_0_pcie3_ip_gt_gtwizard_gthe3.v:1084]
WARNING: [VRFC 10-3705] select index -1 into 'gen_gtwizard_gthe3.gtrefclk01_int' is out of bounds [C:/project/RTDS/DDR/RTDS_test_DDR4_64bit_batch_dev/RTDS_test_DDR4_64bit.ip_user_files/bd/design_1/ip/design_1_xdma_0_0/ip_0/ip_0/sim/design_1_xdma_0_0_pcie3_ip_gt_gtwizard_gthe3.v:1085]
WARNING: [VRFC 10-3705] select index -1 into 'gen_gtwizard_gthe3.gtrefclk10_int' is out of bounds [C:/project/RTDS/DDR/RTDS_test_DDR4_64bit_batch_dev/RTDS_test_DDR4_64bit.ip_user_files/bd/design_1/ip/design_1_xdma_0_0/ip_0/ip_0/sim/design_1_xdma_0_0_pcie3_ip_gt_gtwizard_gthe3.v:1086]
WARNING: [VRFC 10-3705] select index -1 into 'gen_gtwizard_gthe3.gtrefclk11_int' is out of bounds [C:/project/RTDS/DDR/RTDS_test_DDR4_64bit_batch_dev/RTDS_test_DDR4_64bit.ip_user_files/bd/design_1/ip/design_1_xdma_0_0/ip_0/ip_0/sim/design_1_xdma_0_0_pcie3_ip_gt_gtwizard_gthe3.v:1087]
WARNING: [VRFC 10-3705] select index -1 into 'gen_gtwizard_gthe3.gtsouthrefclk00_int' is out of bounds [C:/project/RTDS/DDR/RTDS_test_DDR4_64bit_batch_dev/RTDS_test_DDR4_64bit.ip_user_files/bd/design_1/ip/design_1_xdma_0_0/ip_0/ip_0/sim/design_1_xdma_0_0_pcie3_ip_gt_gtwizard_gthe3.v:1088]
WARNING: [VRFC 10-3705] select index -1 into 'gen_gtwizard_gthe3.gtsouthrefclk01_int' is out of bounds [C:/project/RTDS/DDR/RTDS_test_DDR4_64bit_batch_dev/RTDS_test_DDR4_64bit.ip_user_files/bd/design_1/ip/design_1_xdma_0_0/ip_0/ip_0/sim/design_1_xdma_0_0_pcie3_ip_gt_gtwizard_gthe3.v:1089]
WARNING: [VRFC 10-3705] select index -1 into 'gen_gtwizard_gthe3.gtsouthrefclk10_int' is out of bounds [C:/project/RTDS/DDR/RTDS_test_DDR4_64bit_batch_dev/RTDS_test_DDR4_64bit.ip_user_files/bd/design_1/ip/design_1_xdma_0_0/ip_0/ip_0/sim/design_1_xdma_0_0_pcie3_ip_gt_gtwizard_gthe3.v:1090]
WARNING: [VRFC 10-3705] select index -1 into 'gen_gtwizard_gthe3.gtsouthrefclk11_int' is out of bounds [C:/project/RTDS/DDR/RTDS_test_DDR4_64bit_batch_dev/RTDS_test_DDR4_64bit.ip_user_files/bd/design_1/ip/design_1_xdma_0_0/ip_0/ip_0/sim/design_1_xdma_0_0_pcie3_ip_gt_gtwizard_gthe3.v:1091]
ERROR: [VRFC 10-1219] part-select direction is opposite from prefix index direction [C:/project/RTDS/DDR/RTDS_test_DDR4_64bit_batch_dev/RTDS_test_DDR4_64bit.ip_user_files/bd/design_1/ip/design_1_xdma_0_0/ip_0/ip_0/sim/design_1_xdma_0_0_pcie3_ip_gt_gtwizard_gthe3.v:1092]
ERROR: [VRFC 10-1219] part-select direction is opposite from prefix index direction [C:/project/RTDS/DDR/RTDS_test_DDR4_64bit_batch_dev/RTDS_test_DDR4_64bit.ip_user_files/bd/design_1/ip/design_1_xdma_0_0/ip_0/ip_0/sim/design_1_xdma_0_0_pcie3_ip_gt_gtwizard_gthe3.v:1093]
WARNING: [VRFC 10-3705] select index -1 into 'gen_gtwizard_gthe3.qpll0clkrsvd0_int' is out of bounds [C:/project/RTDS/DDR/RTDS_test_DDR4_64bit_batch_dev/RTDS_test_DDR4_64bit.ip_user_files/bd/design_1/ip/design_1_xdma_0_0/ip_0/ip_0/sim/design_1_xdma_0_0_pcie3_ip_gt_gtwizard_gthe3.v:1094]
WARNING: [VRFC 10-3705] select index -1 into 'gen_gtwizard_gthe3.qpll0clkrsvd1_int' is out of bounds [C:/project/RTDS/DDR/RTDS_test_DDR4_64bit_batch_dev/RTDS_test_DDR4_64bit.ip_user_files/bd/design_1/ip/design_1_xdma_0_0/ip_0/ip_0/sim/design_1_xdma_0_0_pcie3_ip_gt_gtwizard_gthe3.v:1095]
WARNING: [VRFC 10-3705] select index -1 into 'gen_gtwizard_gthe3.qpll0lockdetclk_int' is out of bounds [C:/project/RTDS/DDR/RTDS_test_DDR4_64bit_batch_dev/RTDS_test_DDR4_64bit.ip_user_files/bd/design_1/ip/design_1_xdma_0_0/ip_0/ip_0/sim/design_1_xdma_0_0_pcie3_ip_gt_gtwizard_gthe3.v:1096]
WARNING: [VRFC 10-3705] select index -1 into 'gen_gtwizard_gthe3.qpll0locken_int' is out of bounds [C:/project/RTDS/DDR/RTDS_test_DDR4_64bit_batch_dev/RTDS_test_DDR4_64bit.ip_user_files/bd/design_1/ip/design_1_xdma_0_0/ip_0/ip_0/sim/design_1_xdma_0_0_pcie3_ip_gt_gtwizard_gthe3.v:1097]
WARNING: [VRFC 10-3705] select index -1 into 'gen_gtwizard_gthe3.qpll0pd_int' is out of bounds [C:/project/RTDS/DDR/RTDS_test_DDR4_64bit_batch_dev/RTDS_test_DDR4_64bit.ip_user_files/bd/design_1/ip/design_1_xdma_0_0/ip_0/ip_0/sim/design_1_xdma_0_0_pcie3_ip_gt_gtwizard_gthe3.v:1098]
ERROR: [VRFC 10-1219] part-select direction is opposite from prefix index direction [C:/project/RTDS/DDR/RTDS_test_DDR4_64bit_batch_dev/RTDS_test_DDR4_64bit.ip_user_files/bd/design_1/ip/design_1_xdma_0_0/ip_0/ip_0/sim/design_1_xdma_0_0_pcie3_ip_gt_gtwizard_gthe3.v:1099]
WARNING: [VRFC 10-3705] select index -1 into 'gen_gtwizard_gthe3.qpll0reset_int' is out of bounds [C:/project/RTDS/DDR/RTDS_test_DDR4_64bit_batch_dev/RTDS_test_DDR4_64bit.ip_user_files/bd/design_1/ip/design_1_xdma_0_0/ip_0/ip_0/sim/design_1_xdma_0_0_pcie3_ip_gt_gtwizard_gthe3.v:1100]
WARNING: [VRFC 10-3705] select index -1 into 'gen_gtwizard_gthe3.qpll1clkrsvd0_int' is out of bounds [C:/project/RTDS/DDR/RTDS_test_DDR4_64bit_batch_dev/RTDS_test_DDR4_64bit.ip_user_files/bd/design_1/ip/design_1_xdma_0_0/ip_0/ip_0/sim/design_1_xdma_0_0_pcie3_ip_gt_gtwizard_gthe3.v:1101]
WARNING: [VRFC 10-3705] select index -1 into 'gen_gtwizard_gthe3.qpll1clkrsvd1_int' is out of bounds [C:/project/RTDS/DDR/RTDS_test_DDR4_64bit_batch_dev/RTDS_test_DDR4_64bit.ip_user_files/bd/design_1/ip/design_1_xdma_0_0/ip_0/ip_0/sim/design_1_xdma_0_0_pcie3_ip_gt_gtwizard_gthe3.v:1102]
WARNING: [VRFC 10-3705] select index -1 into 'gen_gtwizard_gthe3.qpll1lockdetclk_int' is out of bounds [C:/project/RTDS/DDR/RTDS_test_DDR4_64bit_batch_dev/RTDS_test_DDR4_64bit.ip_user_files/bd/design_1/ip/design_1_xdma_0_0/ip_0/ip_0/sim/design_1_xdma_0_0_pcie3_ip_gt_gtwizard_gthe3.v:1103]
WARNING: [VRFC 10-3705] select index -1 into 'gen_gtwizard_gthe3.qpll1locken_int' is out of bounds [C:/project/RTDS/DDR/RTDS_test_DDR4_64bit_batch_dev/RTDS_test_DDR4_64bit.ip_user_files/bd/design_1/ip/design_1_xdma_0_0/ip_0/ip_0/sim/design_1_xdma_0_0_pcie3_ip_gt_gtwizard_gthe3.v:1104]
WARNING: [VRFC 10-3705] select index -1 into 'gen_gtwizard_gthe3.qpll1pd_int' is out of bounds [C:/project/RTDS/DDR/RTDS_test_DDR4_64bit_batch_dev/RTDS_test_DDR4_64bit.ip_user_files/bd/design_1/ip/design_1_xdma_0_0/ip_0/ip_0/sim/design_1_xdma_0_0_pcie3_ip_gt_gtwizard_gthe3.v:1105]
ERROR: [VRFC 10-1219] part-select direction is opposite from prefix index direction [C:/project/RTDS/DDR/RTDS_test_DDR4_64bit_batch_dev/RTDS_test_DDR4_64bit.ip_user_files/bd/design_1/ip/design_1_xdma_0_0/ip_0/ip_0/sim/design_1_xdma_0_0_pcie3_ip_gt_gtwizard_gthe3.v:1106]
WARNING: [VRFC 10-3705] select index -1 into 'gen_gtwizard_gthe3.qpll1reset_int' is out of bounds [C:/project/RTDS/DDR/RTDS_test_DDR4_64bit_batch_dev/RTDS_test_DDR4_64bit.ip_user_files/bd/design_1/ip/design_1_xdma_0_0/ip_0/ip_0/sim/design_1_xdma_0_0_pcie3_ip_gt_gtwizard_gthe3.v:1107]
ERROR: [VRFC 10-1219] part-select direction is opposite from prefix index direction [C:/project/RTDS/DDR/RTDS_test_DDR4_64bit_batch_dev/RTDS_test_DDR4_64bit.ip_user_files/bd/design_1/ip/design_1_xdma_0_0/ip_0/ip_0/sim/design_1_xdma_0_0_pcie3_ip_gt_gtwizard_gthe3.v:1108]
ERROR: [VRFC 10-1219] part-select direction is opposite from prefix index direction [C:/project/RTDS/DDR/RTDS_test_DDR4_64bit_batch_dev/RTDS_test_DDR4_64bit.ip_user_files/bd/design_1/ip/design_1_xdma_0_0/ip_0/ip_0/sim/design_1_xdma_0_0_pcie3_ip_gt_gtwizard_gthe3.v:1109]
ERROR: [VRFC 10-1219] part-select direction is opposite from prefix index direction [C:/project/RTDS/DDR/RTDS_test_DDR4_64bit_batch_dev/RTDS_test_DDR4_64bit.ip_user_files/bd/design_1/ip/design_1_xdma_0_0/ip_0/ip_0/sim/design_1_xdma_0_0_pcie3_ip_gt_gtwizard_gthe3.v:1110]
ERROR: [VRFC 10-1219] part-select direction is opposite from prefix index direction [C:/project/RTDS/DDR/RTDS_test_DDR4_64bit_batch_dev/RTDS_test_DDR4_64bit.ip_user_files/bd/design_1/ip/design_1_xdma_0_0/ip_0/ip_0/sim/design_1_xdma_0_0_pcie3_ip_gt_gtwizard_gthe3.v:1111]
WARNING: [VRFC 10-3705] select index -1 into 'gen_gtwizard_gthe3.rcalenb_int' is out of bounds [C:/project/RTDS/DDR/RTDS_test_DDR4_64bit_batch_dev/RTDS_test_DDR4_64bit.ip_user_files/bd/design_1/ip/design_1_xdma_0_0/ip_0/ip_0/sim/design_1_xdma_0_0_pcie3_ip_gt_gtwizard_gthe3.v:1112]
ERROR: [VRFC 10-1219] part-select direction is opposite from prefix index direction [C:/project/RTDS/DDR/RTDS_test_DDR4_64bit_batch_dev/RTDS_test_DDR4_64bit.ip_user_files/bd/design_1/ip/design_1_xdma_0_0/ip_0/ip_0/sim/design_1_xdma_0_0_pcie3_ip_gt_gtwizard_gthe3.v:1113]
WARNING: [VRFC 10-3705] select index -1 into 'gen_gtwizard_gthe3.drprdy_common_int' is out of bounds [C:/project/RTDS/DDR/RTDS_test_DDR4_64bit_batch_dev/RTDS_test_DDR4_64bit.ip_user_files/bd/design_1/ip/design_1_xdma_0_0/ip_0/ip_0/sim/design_1_xdma_0_0_pcie3_ip_gt_gtwizard_gthe3.v:1114]
ERROR: [VRFC 10-1219] part-select direction is opposite from prefix index direction [C:/project/RTDS/DDR/RTDS_test_DDR4_64bit_batch_dev/RTDS_test_DDR4_64bit.ip_user_files/bd/design_1/ip/design_1_xdma_0_0/ip_0/ip_0/sim/design_1_xdma_0_0_pcie3_ip_gt_gtwizard_gthe3.v:1115]
ERROR: [VRFC 10-1219] part-select direction is opposite from prefix index direction [C:/project/RTDS/DDR/RTDS_test_DDR4_64bit_batch_dev/RTDS_test_DDR4_64bit.ip_user_files/bd/design_1/ip/design_1_xdma_0_0/ip_0/ip_0/sim/design_1_xdma_0_0_pcie3_ip_gt_gtwizard_gthe3.v:1116]
WARNING: [VRFC 10-3705] select index -1 into 'gen_gtwizard_gthe3.qpll0fbclklost_int' is out of bounds [C:/project/RTDS/DDR/RTDS_test_DDR4_64bit_batch_dev/RTDS_test_DDR4_64bit.ip_user_files/bd/design_1/ip/design_1_xdma_0_0/ip_0/ip_0/sim/design_1_xdma_0_0_pcie3_ip_gt_gtwizard_gthe3.v:1117]
WARNING: [VRFC 10-3705] select index -1 into 'gen_gtwizard_gthe3.qpll0lock_int' is out of bounds [C:/project/RTDS/DDR/RTDS_test_DDR4_64bit_batch_dev/RTDS_test_DDR4_64bit.ip_user_files/bd/design_1/ip/design_1_xdma_0_0/ip_0/ip_0/sim/design_1_xdma_0_0_pcie3_ip_gt_gtwizard_gthe3.v:1118]
WARNING: [VRFC 10-3705] select index -1 into 'gen_gtwizard_gthe3.qpll0outclk_int' is out of bounds [C:/project/RTDS/DDR/RTDS_test_DDR4_64bit_batch_dev/RTDS_test_DDR4_64bit.ip_user_files/bd/design_1/ip/design_1_xdma_0_0/ip_0/ip_0/sim/design_1_xdma_0_0_pcie3_ip_gt_gtwizard_gthe3.v:1119]
WARNING: [VRFC 10-3705] select index -1 into 'gen_gtwizard_gthe3.qpll0outrefclk_int' is out of bounds [C:/project/RTDS/DDR/RTDS_test_DDR4_64bit_batch_dev/RTDS_test_DDR4_64bit.ip_user_files/bd/design_1/ip/design_1_xdma_0_0/ip_0/ip_0/sim/design_1_xdma_0_0_pcie3_ip_gt_gtwizard_gthe3.v:1120]
WARNING: [VRFC 10-3705] select index -1 into 'gen_gtwizard_gthe3.qpll0refclklost_int' is out of bounds [C:/project/RTDS/DDR/RTDS_test_DDR4_64bit_batch_dev/RTDS_test_DDR4_64bit.ip_user_files/bd/design_1/ip/design_1_xdma_0_0/ip_0/ip_0/sim/design_1_xdma_0_0_pcie3_ip_gt_gtwizard_gthe3.v:1121]
WARNING: [VRFC 10-3705] select index -1 into 'gen_gtwizard_gthe3.qpll1fbclklost_int' is out of bounds [C:/project/RTDS/DDR/RTDS_test_DDR4_64bit_batch_dev/RTDS_test_DDR4_64bit.ip_user_files/bd/design_1/ip/design_1_xdma_0_0/ip_0/ip_0/sim/design_1_xdma_0_0_pcie3_ip_gt_gtwizard_gthe3.v:1122]
WARNING: [VRFC 10-3705] select index -1 into 'gen_gtwizard_gthe3.qpll1lock_int' is out of bounds [C:/project/RTDS/DDR/RTDS_test_DDR4_64bit_batch_dev/RTDS_test_DDR4_64bit.ip_user_files/bd/design_1/ip/design_1_xdma_0_0/ip_0/ip_0/sim/design_1_xdma_0_0_pcie3_ip_gt_gtwizard_gthe3.v:1123]
WARNING: [VRFC 10-3705] select index -1 into 'gen_gtwizard_gthe3.qpll1outclk_int' is out of bounds [C:/project/RTDS/DDR/RTDS_test_DDR4_64bit_batch_dev/RTDS_test_DDR4_64bit.ip_user_files/bd/design_1/ip/design_1_xdma_0_0/ip_0/ip_0/sim/design_1_xdma_0_0_pcie3_ip_gt_gtwizard_gthe3.v:1124]
WARNING: [VRFC 10-3705] select index -1 into 'gen_gtwizard_gthe3.qpll1outrefclk_int' is out of bounds [C:/project/RTDS/DDR/RTDS_test_DDR4_64bit_batch_dev/RTDS_test_DDR4_64bit.ip_user_files/bd/design_1/ip/design_1_xdma_0_0/ip_0/ip_0/sim/design_1_xdma_0_0_pcie3_ip_gt_gtwizard_gthe3.v:1125]
WARNING: [VRFC 10-3705] select index -1 into 'gen_gtwizard_gthe3.qpll1refclklost_int' is out of bounds [C:/project/RTDS/DDR/RTDS_test_DDR4_64bit_batch_dev/RTDS_test_DDR4_64bit.ip_user_files/bd/design_1/ip/design_1_xdma_0_0/ip_0/ip_0/sim/design_1_xdma_0_0_pcie3_ip_gt_gtwizard_gthe3.v:1126]
ERROR: [VRFC 10-1219] part-select direction is opposite from prefix index direction [C:/project/RTDS/DDR/RTDS_test_DDR4_64bit_batch_dev/RTDS_test_DDR4_64bit.ip_user_files/bd/design_1/ip/design_1_xdma_0_0/ip_0/ip_0/sim/design_1_xdma_0_0_pcie3_ip_gt_gtwizard_gthe3.v:1127]
ERROR: [VRFC 10-1219] part-select direction is opposite from prefix index direction [C:/project/RTDS/DDR/RTDS_test_DDR4_64bit_batch_dev/RTDS_test_DDR4_64bit.ip_user_files/bd/design_1/ip/design_1_xdma_0_0/ip_0/ip_0/sim/design_1_xdma_0_0_pcie3_ip_gt_gtwizard_gthe3.v:1128]
WARNING: [VRFC 10-3705] select index -1 into 'gen_gtwizard_gthe3.refclkoutmonitor0_int' is out of bounds [C:/project/RTDS/DDR/RTDS_test_DDR4_64bit_batch_dev/RTDS_test_DDR4_64bit.ip_user_files/bd/design_1/ip/design_1_xdma_0_0/ip_0/ip_0/sim/design_1_xdma_0_0_pcie3_ip_gt_gtwizard_gthe3.v:1129]
WARNING: [VRFC 10-3705] select index -1 into 'gen_gtwizard_gthe3.refclkoutmonitor1_int' is out of bounds [C:/project/RTDS/DDR/RTDS_test_DDR4_64bit_batch_dev/RTDS_test_DDR4_64bit.ip_user_files/bd/design_1/ip/design_1_xdma_0_0/ip_0/ip_0/sim/design_1_xdma_0_0_pcie3_ip_gt_gtwizard_gthe3.v:1130]
ERROR: [VRFC 10-1219] part-select direction is opposite from prefix index direction [C:/project/RTDS/DDR/RTDS_test_DDR4_64bit_batch_dev/RTDS_test_DDR4_64bit.ip_user_files/bd/design_1/ip/design_1_xdma_0_0/ip_0/ip_0/sim/design_1_xdma_0_0_pcie3_ip_gt_gtwizard_gthe3.v:1131]
ERROR: [VRFC 10-1219] part-select direction is opposite from prefix index direction [C:/project/RTDS/DDR/RTDS_test_DDR4_64bit_batch_dev/RTDS_test_DDR4_64bit.ip_user_files/bd/design_1/ip/design_1_xdma_0_0/ip_0/ip_0/sim/design_1_xdma_0_0_pcie3_ip_gt_gtwizard_gthe3.v:1132]
INFO: [#UNDEF] Sorry, too many errors..
ERROR: [XSIM 43-3322] Static elaboration of top level Verilog design unit(s) in library work failed.
child process exited abnormally
V201 elaborate failed; inspect output
    while executing
"error "V201 $step failed; inspect output""
    ("foreach" body line 5)
    invoked from within
"foreach step {compile elaborate simulate} {
 puts "V201_STEP_BEGIN $step"
 set failed [catch {exec cmd /c ${step}.bat 2>@1} output]
 puts $output
 if ..."
    (file "c:\project\RTDS\DDR\RTDS_test_DDR4_64bit_batch_dev\scripts\resume_rootport_v201.tcl" line 13)
INFO: [Common 17-206] Exiting Vivado at Wed Sep 16 18:28:20 2026...
