#-----------------------------------------------------------
# Vivado v2020.2 (64-bit)
# SW Build 3064766 on Wed Nov 18 09:12:45 MST 2020
# IP Build 3064653 on Wed Nov 18 14:17:31 MST 2020
# Start of session at: Sun Sep 20 19:18:59 2026
# Process ID: 12536
# Current directory: F:/RTDS_test_DDR4_64bit_batch_dev
# Command line: vivado.exe -mode batch -source F:\RTDS_test_DDR4_64bit_batch_dev\scripts\rerun_synth_impl_after_mig_clock_fix_20260920.tcl -log F:\RTDS_test_DDR4_64bit_batch_dev\reports\impl_after_mig_clock_fix_20260920\vivado.log -journal F:\RTDS_test_DDR4_64bit_batch_dev\reports\impl_after_mig_clock_fix_20260920\vivado.jou
# Log file: F:/RTDS_test_DDR4_64bit_batch_dev/reports/impl_after_mig_clock_fix_20260920/vivado.log
# Journal file: F:\RTDS_test_DDR4_64bit_batch_dev\reports\impl_after_mig_clock_fix_20260920\vivado.jou
#-----------------------------------------------------------
source {F:\RTDS_test_DDR4_64bit_batch_dev\scripts\rerun_synth_impl_after_mig_clock_fix_20260920.tcl}
# set script_dir [file dirname [file normalize [info script]]]
# set root [file normalize [file join $script_dir ..]]
# set report_dir [file join $root reports impl_after_mig_clock_fix_20260920]
# file mkdir $report_dir
# open_project [file join $root RTDS_test_DDR4_64bit.xpr]
Scanning sources...
Finished scanning sources
INFO: [IP_Flow 19-234] Refreshing IP repositories
INFO: [IP_Flow 19-1704] No user IP repositories specified
INFO: [IP_Flow 19-2313] Loaded Vivado IP repository 'D:/Xilinx_2020_2/Vivado/2020.2/data/ip'.
INFO: [Device 21-403] Loading part xcku040-ffva1156-2-i
open_project: Time (s): cpu = 00:00:30 ; elapsed = 00:01:05 . Memory (MB): peak = 1064.902 ; gain = 64.605
# set_property verilog_define {DDR4_REAL} [get_filesets sources_1]
# set aurora1g_xci [get_files -all */aurora_8b10b_1p25g.xci]
# if {[llength $aurora1g_xci] != 1} {
#     error "RTDS_AURORA1G_XCI_COUNT_ERROR: expected 1, got [llength $aurora1g_xci]"
# }
# puts "RTDS_AURORA1G_GENERATE=[lindex $aurora1g_xci 0]"
RTDS_AURORA1G_GENERATE=F:/RTDS_test_DDR4_64bit_batch_dev/external_snapshot/aurora1g_verified/ip/aurora_8b10b_1p25g.xci
# generate_target all $aurora1g_xci
xit::source_ipfile: Time (s): cpu = 00:00:00 ; elapsed = 00:00:14 . Memory (MB): peak = 1064.902 ; gain = 0.000
xit::create_sub_core: Time (s): cpu = 00:00:03 ; elapsed = 00:00:42 . Memory (MB): peak = 1069.199 ; gain = 4.297
INFO: [IP_Flow 19-1686] Generating 'Instantiation Template' target for IP 'aurora_8b10b_1p25g'...
INFO: [IP_Flow 19-1686] Generating 'Synthesis' target for IP 'aurora_8b10b_1p25g'...
INFO: [IP_Flow 19-1686] Generating 'Simulation' target for IP 'aurora_8b10b_1p25g'...
INFO: [IP_Flow 19-1686] Generating 'Change Log' target for IP 'aurora_8b10b_1p25g'...
generate_target: Time (s): cpu = 00:00:29 ; elapsed = 00:01:47 . Memory (MB): peak = 1102.414 ; gain = 37.512
# export_ip_user_files -of_objects $aurora1g_xci -no_script -sync -force -quiet
# set aurora1g_ip [get_ips -all aurora_8b10b_1p25g]
# if {[llength $aurora1g_ip] != 1} {
#     error "RTDS_AURORA1G_IP_COUNT_ERROR: expected 1, got [llength $aurora1g_ip]"
# }
# synth_ip $aurora1g_ip
CRITICAL WARNING: [Vivado 12-5447] synth_ip is not supported in project mode, please use non-project mode.
INFO: [IP_Flow 19-234] Refreshing IP repositories
INFO: [IP_Flow 19-1704] No user IP repositories specified
INFO: [IP_Flow 19-2313] Loaded Vivado IP repository 'D:/Xilinx_2020_2/Vivado/2020.2/data/ip'.
Command: synth_design -top aurora_8b10b_1p25g -part xcku040-ffva1156-2-i -mode out_of_context
Starting synth_design
Attempting to get a license for feature 'Synthesis' and/or device 'xcku040'
INFO: [Common 17-349] Got license for feature 'Synthesis' and/or device 'xcku040'
INFO: [Synth 8-7079] Multithreading enabled for synth_design using a maximum of 2 processes.
INFO: [Synth 8-7078] Launching helper process for spawning children vivado processes
INFO: [Synth 8-7075] Helper process launched with PID 7672
---------------------------------------------------------------------------------
Starting RTL Elaboration : Time (s): cpu = 00:00:07 ; elapsed = 00:00:15 . Memory (MB): peak = 1390.086 ; gain = 270.930
---------------------------------------------------------------------------------
INFO: [Synth 8-6157] synthesizing module 'aurora_8b10b_1p25g' [f:/aurora_8b10b_1p25g_design.gen/sources_1/ip/aurora_8b10b_1p25g/aurora_8b10b_1p25g.v:54]
INFO: [Synth 8-6157] synthesizing module 'aurora_8b10b_1p25g_support' [f:/aurora_8b10b_1p25g_design.gen/sources_1/ip/aurora_8b10b_1p25g/aurora_8b10b_1p25g/src/aurora_8b10b_1p25g_support.v:53]
INFO: [Synth 8-6157] synthesizing module 'IBUFDS_GTE3' [D:/Xilinx_2020_2/Vivado/2020.2/scripts/rt/data/unisim_comp.v:33156]
	Parameter REFCLK_EN_TX_PATH bound to: 1'b0 
	Parameter REFCLK_HROW_CK_SEL bound to: 2'b00 
	Parameter REFCLK_ICNTL_RX bound to: 2'b00 
INFO: [Synth 8-6155] done synthesizing module 'IBUFDS_GTE3' (1#1) [D:/Xilinx_2020_2/Vivado/2020.2/scripts/rt/data/unisim_comp.v:33156]
INFO: [Synth 8-6157] synthesizing module 'aurora_8b10b_1p25g_CLOCK_MODULE' [f:/aurora_8b10b_1p25g_design.gen/sources_1/ip/aurora_8b10b_1p25g/aurora_8b10b_1p25g/src/aurora_8b10b_1p25g_clock_module.v:62]
INFO: [Synth 8-6157] synthesizing module 'BUFG_GT' [D:/Xilinx_2020_2/Vivado/2020.2/scripts/rt/data/unisim_comp.v:1259]
	Parameter SIM_DEVICE bound to: ULTRASCALE - type: string 
	Parameter STARTUP_SYNC bound to: FALSE - type: string 
INFO: [Synth 8-6155] done synthesizing module 'BUFG_GT' (2#1) [D:/Xilinx_2020_2/Vivado/2020.2/scripts/rt/data/unisim_comp.v:1259]
INFO: [Synth 8-6155] done synthesizing module 'aurora_8b10b_1p25g_CLOCK_MODULE' (3#1) [f:/aurora_8b10b_1p25g_design.gen/sources_1/ip/aurora_8b10b_1p25g/aurora_8b10b_1p25g/src/aurora_8b10b_1p25g_clock_module.v:62]
INFO: [Synth 8-6157] synthesizing module 'aurora_8b10b_1p25g_cdc_sync' [f:/aurora_8b10b_1p25g_design.gen/sources_1/ip/aurora_8b10b_1p25g/aurora_8b10b_1p25g/src/aurora_8b10b_1p25g_cdc_sync.v:104]
	Parameter c_cdc_type bound to: 2'b01 
	Parameter c_flop_input bound to: 1'b0 
	Parameter c_reset_state bound to: 1'b0 
	Parameter c_single_bit bound to: 1'b1 
	Parameter c_vector_width bound to: 6'b000010 
	Parameter c_mtbf_stages bound to: 3'b011 
INFO: [Synth 8-6155] done synthesizing module 'aurora_8b10b_1p25g_cdc_sync' (4#1) [f:/aurora_8b10b_1p25g_design.gen/sources_1/ip/aurora_8b10b_1p25g/aurora_8b10b_1p25g/src/aurora_8b10b_1p25g_cdc_sync.v:104]
INFO: [Synth 8-6157] synthesizing module 'aurora_8b10b_1p25g_SUPPORT_RESET_LOGIC' [f:/aurora_8b10b_1p25g_design.gen/sources_1/ip/aurora_8b10b_1p25g/aurora_8b10b_1p25g/src/aurora_8b10b_1p25g_support_reset_logic.v:62]
INFO: [Synth 8-6157] synthesizing module 'aurora_8b10b_1p25g_cdc_sync__parameterized0' [f:/aurora_8b10b_1p25g_design.gen/sources_1/ip/aurora_8b10b_1p25g/aurora_8b10b_1p25g/src/aurora_8b10b_1p25g_cdc_sync.v:104]
	Parameter c_cdc_type bound to: 2'b01 
	Parameter c_flop_input bound to: 1'b1 
	Parameter c_reset_state bound to: 1'b0 
	Parameter c_single_bit bound to: 1'b1 
	Parameter c_vector_width bound to: 6'b000010 
	Parameter c_mtbf_stages bound to: 3'b011 
INFO: [Synth 8-6155] done synthesizing module 'aurora_8b10b_1p25g_cdc_sync__parameterized0' (4#1) [f:/aurora_8b10b_1p25g_design.gen/sources_1/ip/aurora_8b10b_1p25g/aurora_8b10b_1p25g/src/aurora_8b10b_1p25g_cdc_sync.v:104]
INFO: [Synth 8-6155] done synthesizing module 'aurora_8b10b_1p25g_SUPPORT_RESET_LOGIC' (5#1) [f:/aurora_8b10b_1p25g_design.gen/sources_1/ip/aurora_8b10b_1p25g/aurora_8b10b_1p25g/src/aurora_8b10b_1p25g_support_reset_logic.v:62]
INFO: [Synth 8-6157] synthesizing module 'aurora_8b10b_1p25g_core' [f:/aurora_8b10b_1p25g_design.gen/sources_1/ip/aurora_8b10b_1p25g/aurora_8b10b_1p25g_core.v:62]
	Parameter CC_FREQ_FACTOR bound to: 5'b01100 
	Parameter EXAMPLE_SIMULATION bound to: 0 - type: integer 
INFO: [Synth 8-6157] synthesizing module 'aurora_8b10b_1p25g_RESET_LOGIC' [f:/aurora_8b10b_1p25g_design.gen/sources_1/ip/aurora_8b10b_1p25g/aurora_8b10b_1p25g/src/aurora_8b10b_1p25g_reset_logic.v:62]
INFO: [Synth 8-6155] done synthesizing module 'aurora_8b10b_1p25g_RESET_LOGIC' (6#1) [f:/aurora_8b10b_1p25g_design.gen/sources_1/ip/aurora_8b10b_1p25g/aurora_8b10b_1p25g/src/aurora_8b10b_1p25g_reset_logic.v:62]
INFO: [Synth 8-6157] synthesizing module 'aurora_8b10b_1p25g_AURORA_LANE_4BYTE' [f:/aurora_8b10b_1p25g_design.gen/sources_1/ip/aurora_8b10b_1p25g/aurora_8b10b_1p25g/src/aurora_8b10b_1p25g_aurora_lane_4byte.v:65]
	Parameter EXAMPLE_SIMULATION bound to: 0 - type: integer 
INFO: [Synth 8-6157] synthesizing module 'aurora_8b10b_1p25g_LANE_INIT_SM_4BYTE' [f:/aurora_8b10b_1p25g_design.gen/sources_1/ip/aurora_8b10b_1p25g/aurora_8b10b_1p25g/src/aurora_8b10b_1p25g_lane_init_sm_4byte.v:62]
INFO: [Synth 8-6157] synthesizing module 'FDR' [D:/Xilinx_2020_2/Vivado/2020.2/scripts/rt/data/unisim_comp.v:13711]
	Parameter INIT bound to: 1'b0 
INFO: [Synth 8-6155] done synthesizing module 'FDR' (7#1) [D:/Xilinx_2020_2/Vivado/2020.2/scripts/rt/data/unisim_comp.v:13711]
INFO: [Synth 8-6155] done synthesizing module 'aurora_8b10b_1p25g_LANE_INIT_SM_4BYTE' (8#1) [f:/aurora_8b10b_1p25g_design.gen/sources_1/ip/aurora_8b10b_1p25g/aurora_8b10b_1p25g/src/aurora_8b10b_1p25g_lane_init_sm_4byte.v:62]
INFO: [Synth 8-6157] synthesizing module 'aurora_8b10b_1p25g_CHBOND_COUNT_DEC_4BYTE' [f:/aurora_8b10b_1p25g_design.gen/sources_1/ip/aurora_8b10b_1p25g/aurora_8b10b_1p25g/src/aurora_8b10b_1p25g_chbond_count_dec_4byte.v:62]
	Parameter CHANNEL_BOND_LOAD_CODE bound to: 6'b100111 
INFO: [Synth 8-6155] done synthesizing module 'aurora_8b10b_1p25g_CHBOND_COUNT_DEC_4BYTE' (9#1) [f:/aurora_8b10b_1p25g_design.gen/sources_1/ip/aurora_8b10b_1p25g/aurora_8b10b_1p25g/src/aurora_8b10b_1p25g_chbond_count_dec_4byte.v:62]
INFO: [Synth 8-6157] synthesizing module 'aurora_8b10b_1p25g_SYM_GEN_4BYTE' [f:/aurora_8b10b_1p25g_design.gen/sources_1/ip/aurora_8b10b_1p25g/aurora_8b10b_1p25g/src/aurora_8b10b_1p25g_sym_gen_4byte.v:77]
INFO: [Synth 8-6155] done synthesizing module 'aurora_8b10b_1p25g_SYM_GEN_4BYTE' (10#1) [f:/aurora_8b10b_1p25g_design.gen/sources_1/ip/aurora_8b10b_1p25g/aurora_8b10b_1p25g/src/aurora_8b10b_1p25g_sym_gen_4byte.v:77]
INFO: [Synth 8-6157] synthesizing module 'aurora_8b10b_1p25g_SYM_DEC_4BYTE' [f:/aurora_8b10b_1p25g_design.gen/sources_1/ip/aurora_8b10b_1p25g/aurora_8b10b_1p25g/src/aurora_8b10b_1p25g_sym_dec_4byte.v:64]
	Parameter K_CHAR_0 bound to: 4'b1011 
	Parameter K_CHAR_1 bound to: 4'b1100 
	Parameter SP_DATA_0 bound to: 4'b0100 
	Parameter SP_DATA_1 bound to: 4'b1010 
	Parameter SPA_DATA_0 bound to: 4'b0010 
	Parameter SPA_DATA_1 bound to: 4'b1100 
	Parameter SP_NEG_DATA_0 bound to: 4'b1011 
	Parameter SP_NEG_DATA_1 bound to: 4'b0101 
	Parameter SPA_NEG_DATA_0 bound to: 4'b1101 
	Parameter SPA_NEG_DATA_1 bound to: 4'b0011 
	Parameter PAD_0 bound to: 4'b1001 
	Parameter PAD_1 bound to: 4'b1100 
	Parameter SCP_0 bound to: 4'b0101 
	Parameter SCP_1 bound to: 4'b1100 
	Parameter SCP_2 bound to: 4'b1111 
	Parameter SCP_3 bound to: 4'b1011 
	Parameter ECP_0 bound to: 4'b1111 
	Parameter ECP_1 bound to: 4'b1101 
	Parameter ECP_2 bound to: 4'b1111 
	Parameter ECP_3 bound to: 4'b1110 
	Parameter A_CHAR_0 bound to: 4'b0111 
	Parameter A_CHAR_1 bound to: 4'b1100 
	Parameter VER_DATA_0 bound to: 4'b1110 
	Parameter VER_DATA_1 bound to: 4'b1000 
	Parameter CC_CHAR_0 bound to: 4'b1111 
	Parameter CC_CHAR_1 bound to: 4'b0111 
INFO: [Synth 8-226] default block is never used [f:/aurora_8b10b_1p25g_design.gen/sources_1/ip/aurora_8b10b_1p25g/aurora_8b10b_1p25g/src/aurora_8b10b_1p25g_sym_dec_4byte.v:248]
INFO: [Synth 8-226] default block is never used [f:/aurora_8b10b_1p25g_design.gen/sources_1/ip/aurora_8b10b_1p25g/aurora_8b10b_1p25g/src/aurora_8b10b_1p25g_sym_dec_4byte.v:260]
INFO: [Synth 8-226] default block is never used [f:/aurora_8b10b_1p25g_design.gen/sources_1/ip/aurora_8b10b_1p25g/aurora_8b10b_1p25g/src/aurora_8b10b_1p25g_sym_dec_4byte.v:272]
INFO: [Synth 8-226] default block is never used [f:/aurora_8b10b_1p25g_design.gen/sources_1/ip/aurora_8b10b_1p25g/aurora_8b10b_1p25g/src/aurora_8b10b_1p25g_sym_dec_4byte.v:284]
INFO: [Synth 8-226] default block is never used [f:/aurora_8b10b_1p25g_design.gen/sources_1/ip/aurora_8b10b_1p25g/aurora_8b10b_1p25g/src/aurora_8b10b_1p25g_sym_dec_4byte.v:296]
INFO: [Synth 8-226] default block is never used [f:/aurora_8b10b_1p25g_design.gen/sources_1/ip/aurora_8b10b_1p25g/aurora_8b10b_1p25g/src/aurora_8b10b_1p25g_sym_dec_4byte.v:308]
INFO: [Synth 8-226] default block is never used [f:/aurora_8b10b_1p25g_design.gen/sources_1/ip/aurora_8b10b_1p25g/aurora_8b10b_1p25g/src/aurora_8b10b_1p25g_sym_dec_4byte.v:320]
INFO: [Synth 8-226] default block is never used [f:/aurora_8b10b_1p25g_design.gen/sources_1/ip/aurora_8b10b_1p25g/aurora_8b10b_1p25g/src/aurora_8b10b_1p25g_sym_dec_4byte.v:332]
INFO: [Synth 8-6155] done synthesizing module 'aurora_8b10b_1p25g_SYM_DEC_4BYTE' (11#1) [f:/aurora_8b10b_1p25g_design.gen/sources_1/ip/aurora_8b10b_1p25g/aurora_8b10b_1p25g/src/aurora_8b10b_1p25g_sym_dec_4byte.v:64]
INFO: [Synth 8-6157] synthesizing module 'aurora_8b10b_1p25g_ERR_DETECT_4BYTE' [f:/aurora_8b10b_1p25g_design.gen/sources_1/ip/aurora_8b10b_1p25g/aurora_8b10b_1p25g/src/aurora_8b10b_1p25g_err_detect_4byte.v:62]
	Parameter ENABLE_SOFT_ERR_MONITOR bound to: 1 - type: integer 
INFO: [Synth 8-6155] done synthesizing module 'aurora_8b10b_1p25g_ERR_DETECT_4BYTE' (12#1) [f:/aurora_8b10b_1p25g_design.gen/sources_1/ip/aurora_8b10b_1p25g/aurora_8b10b_1p25g/src/aurora_8b10b_1p25g_err_detect_4byte.v:62]
INFO: [Synth 8-6157] synthesizing module 'aurora_8b10b_1p25g_hotplug' [f:/aurora_8b10b_1p25g_design.gen/sources_1/ip/aurora_8b10b_1p25g/aurora_8b10b_1p25g/src/aurora_8b10b_1p25g_hotplug.v:53]
	Parameter ENABLE_HOTPLUG bound to: 1 - type: integer 
	Parameter EXAMPLE_SIMULATION bound to: 0 - type: integer 
INFO: [Synth 8-6155] done synthesizing module 'aurora_8b10b_1p25g_hotplug' (13#1) [f:/aurora_8b10b_1p25g_design.gen/sources_1/ip/aurora_8b10b_1p25g/aurora_8b10b_1p25g/src/aurora_8b10b_1p25g_hotplug.v:53]
INFO: [Synth 8-6155] done synthesizing module 'aurora_8b10b_1p25g_AURORA_LANE_4BYTE' (14#1) [f:/aurora_8b10b_1p25g_design.gen/sources_1/ip/aurora_8b10b_1p25g/aurora_8b10b_1p25g/src/aurora_8b10b_1p25g_aurora_lane_4byte.v:65]
INFO: [Synth 8-6157] synthesizing module 'aurora_8b10b_1p25g_GT_WRAPPER' [f:/aurora_8b10b_1p25g_design.gen/sources_1/ip/aurora_8b10b_1p25g/aurora_8b10b_1p25g/gt/aurora_8b10b_1p25g_transceiver_wrapper.v:57]
INFO: [Synth 8-6157] synthesizing module 'aurora_8b10b_1p25g_gt' [f:/aurora_8b10b_1p25g_design.gen/sources_1/ip/aurora_8b10b_1p25g/ip_0/synth/aurora_8b10b_1p25g_gt.v:62]
INFO: [Synth 8-6157] synthesizing module 'aurora_8b10b_1p25g_gt_gtwizard_top' [f:/aurora_8b10b_1p25g_design.gen/sources_1/ip/aurora_8b10b_1p25g/ip_0/synth/aurora_8b10b_1p25g_gt_gtwizard_top.v:175]
	Parameter C_CHANNEL_ENABLE bound to: 192'b000000000000000000000000000000000000000000000000000000000000000000000000000000000000000000000000000000000000000000000000000000000000000000000000000000000000000000000000000000000000000000000001 
	Parameter C_PCIE_ENABLE bound to: 0 - type: integer 
	Parameter C_PCIE_CORECLK_FREQ bound to: 250 - type: integer 
	Parameter C_COMMON_SCALING_FACTOR bound to: 1 - type: integer 
	Parameter C_CPLL_VCO_FREQUENCY bound to: 2500.000000 - type: double 
	Parameter C_FORCE_COMMONS bound to: 0 - type: integer 
	Parameter C_FREERUN_FREQUENCY bound to: 25.000000 - type: double 
	Parameter C_GT_TYPE bound to: 0 - type: integer 
	Parameter C_GT_REV bound to: 17 - type: integer 
	Parameter C_INCLUDE_CPLL_CAL bound to: 2 - type: integer 
	Parameter C_ENABLE_COMMON_USRCLK bound to: 0 - type: integer 
	Parameter C_USER_GTPOWERGOOD_DELAY_EN bound to: 0 - type: integer 
	Parameter C_SIM_CPLL_CAL_BYPASS bound to: 1 - type: integer 
	Parameter C_LOCATE_COMMON bound to: 0 - type: integer 
	Parameter C_LOCATE_RESET_CONTROLLER bound to: 0 - type: integer 
	Parameter C_LOCATE_USER_DATA_WIDTH_SIZING bound to: 0 - type: integer 
	Parameter C_LOCATE_RX_BUFFER_BYPASS_CONTROLLER bound to: 0 - type: integer 
	Parameter C_LOCATE_IN_SYSTEM_IBERT_CORE bound to: 2 - type: integer 
	Parameter C_LOCATE_RX_USER_CLOCKING bound to: 1 - type: integer 
	Parameter C_LOCATE_TX_BUFFER_BYPASS_CONTROLLER bound to: 0 - type: integer 
	Parameter C_LOCATE_TX_USER_CLOCKING bound to: 1 - type: integer 
	Parameter C_RESET_CONTROLLER_INSTANCE_CTRL bound to: 0 - type: integer 
	Parameter C_RX_BUFFBYPASS_MODE bound to: 0 - type: integer 
	Parameter C_RX_BUFFER_BYPASS_INSTANCE_CTRL bound to: 0 - type: integer 
	Parameter C_RX_BUFFER_MODE bound to: 1 - type: integer 
	Parameter C_RX_CB_DISP bound to: 8'b00000000 
	Parameter C_RX_CB_K bound to: 8'b00000000 
	Parameter C_RX_CB_MAX_LEVEL bound to: 1 - type: integer 
	Parameter C_RX_CB_LEN_SEQ bound to: 1 - type: integer 
	Parameter C_RX_CB_NUM_SEQ bound to: 0 - type: integer 
	Parameter C_RX_CB_VAL bound to: 80'b00000000000000000000000000000000000000000000000000000000000000000000000000000000 
	Parameter C_RX_CC_DISP bound to: 8'b00000000 
	Parameter C_RX_CC_ENABLE bound to: 1 - type: integer 
	Parameter C_RESET_SEQUENCE_INTERVAL bound to: 0 - type: integer 
	Parameter C_RX_CC_K bound to: 8'b00001111 
	Parameter C_RX_CC_LEN_SEQ bound to: 4 - type: integer 
	Parameter C_RX_CC_NUM_SEQ bound to: 1 - type: integer 
	Parameter C_RX_CC_PERIODICITY bound to: 2500 - type: integer 
	Parameter C_RX_CC_VAL bound to: 80'b00000000000000000000000000000000000000000011110111001111011100111101110011110111 
	Parameter C_RX_COMMA_M_ENABLE bound to: 1 - type: integer 
	Parameter C_RX_COMMA_M_VAL bound to: 10'b1010000011 
	Parameter C_RX_COMMA_P_ENABLE bound to: 1 - type: integer 
	Parameter C_RX_COMMA_P_VAL bound to: 10'b0101111100 
	Parameter C_RX_DATA_DECODING bound to: 1 - type: integer 
	Parameter C_RX_ENABLE bound to: 1 - type: integer 
	Parameter C_RX_INT_DATA_WIDTH bound to: 40 - type: integer 
	Parameter C_RX_LINE_RATE bound to: 1.250000 - type: double 
	Parameter C_RX_MASTER_CHANNEL_IDX bound to: 0 - type: integer 
	Parameter C_RX_OUTCLK_BUFG_GT_DIV bound to: 1 - type: integer 
	Parameter C_RX_OUTCLK_FREQUENCY bound to: 31.250000 - type: double 
	Parameter C_RX_OUTCLK_SOURCE bound to: 1 - type: integer 
	Parameter C_RX_PLL_TYPE bound to: 2 - type: integer 
	Parameter C_RX_RECCLK_OUTPUT bound to: 192'b000000000000000000000000000000000000000000000000000000000000000000000000000000000000000000000000000000000000000000000000000000000000000000000000000000000000000000000000000000000000000000000000 
	Parameter C_RX_REFCLK_FREQUENCY bound to: 125.000000 - type: double 
	Parameter C_RX_SLIDE_MODE bound to: 0 - type: integer 
	Parameter C_RX_USER_CLOCKING_CONTENTS bound to: 0 - type: integer 
	Parameter C_RX_USER_CLOCKING_INSTANCE_CTRL bound to: 0 - type: integer 
	Parameter C_RX_USER_CLOCKING_RATIO_FSRC_FUSRCLK bound to: 1 - type: integer 
	Parameter C_RX_USER_CLOCKING_RATIO_FUSRCLK_FUSRCLK2 bound to: 1 - type: integer 
	Parameter C_RX_USER_CLOCKING_SOURCE bound to: 0 - type: integer 
	Parameter C_RX_USER_DATA_WIDTH bound to: 32 - type: integer 
	Parameter C_RX_USRCLK_FREQUENCY bound to: 31.250000 - type: double 
	Parameter C_RX_USRCLK2_FREQUENCY bound to: 31.250000 - type: double 
	Parameter C_SECONDARY_QPLL_ENABLE bound to: 0 - type: integer 
	Parameter C_SECONDARY_QPLL_REFCLK_FREQUENCY bound to: 257.812500 - type: double 
	Parameter C_TOTAL_NUM_CHANNELS bound to: 1 - type: integer 
	Parameter C_TOTAL_NUM_COMMONS bound to: 0 - type: integer 
	Parameter C_TOTAL_NUM_COMMONS_EXAMPLE bound to: 0 - type: integer 
	Parameter C_TXPROGDIV_FREQ_ENABLE bound to: 0 - type: integer 
	Parameter C_TXPROGDIV_FREQ_SOURCE bound to: 2 - type: integer 
	Parameter C_TXPROGDIV_FREQ_VAL bound to: 31.250000 - type: double 
	Parameter C_TX_BUFFBYPASS_MODE bound to: 0 - type: integer 
	Parameter C_TX_BUFFER_BYPASS_INSTANCE_CTRL bound to: 0 - type: integer 
	Parameter C_TX_BUFFER_MODE bound to: 1 - type: integer 
	Parameter C_TX_DATA_ENCODING bound to: 1 - type: integer 
	Parameter C_TX_ENABLE bound to: 1 - type: integer 
	Parameter C_TX_INT_DATA_WIDTH bound to: 40 - type: integer 
	Parameter C_TX_LINE_RATE bound to: 1.250000 - type: double 
	Parameter C_TX_MASTER_CHANNEL_IDX bound to: 0 - type: integer 
	Parameter C_TX_OUTCLK_BUFG_GT_DIV bound to: 1 - type: integer 
	Parameter C_TX_OUTCLK_FREQUENCY bound to: 31.250000 - type: double 
	Parameter C_TX_OUTCLK_SOURCE bound to: 1 - type: integer 
	Parameter C_TX_PLL_TYPE bound to: 2 - type: integer 
	Parameter C_TX_REFCLK_FREQUENCY bound to: 125.000000 - type: double 
	Parameter C_TX_USER_CLOCKING_CONTENTS bound to: 0 - type: integer 
	Parameter C_TX_USER_CLOCKING_INSTANCE_CTRL bound to: 0 - type: integer 
	Parameter C_TX_USER_CLOCKING_RATIO_FSRC_FUSRCLK bound to: 1 - type: integer 
	Parameter C_TX_USER_CLOCKING_RATIO_FUSRCLK_FUSRCLK2 bound to: 1 - type: integer 
	Parameter C_TX_USER_CLOCKING_SOURCE bound to: 0 - type: integer 
	Parameter C_TX_USER_DATA_WIDTH bound to: 32 - type: integer 
	Parameter C_TX_USRCLK_FREQUENCY bound to: 31.250000 - type: double 
	Parameter C_TX_USRCLK2_FREQUENCY bound to: 31.250000 - type: double 
INFO: [Synth 8-6157] synthesizing module 'aurora_8b10b_1p25g_gt_gtwizard_gthe3' [f:/aurora_8b10b_1p25g_design.gen/sources_1/ip/aurora_8b10b_1p25g/ip_0/synth/aurora_8b10b_1p25g_gt_gtwizard_gthe3.v:143]
	Parameter C_CHANNEL_ENABLE bound to: 192'b000000000000000000000000000000000000000000000000000000000000000000000000000000000000000000000000000000000000000000000000000000000000000000000000000000000000000000000000000000000000000000000001 
	Parameter C_PCIE_ENABLE bound to: 0 - type: integer 
	Parameter C_PCIE_CORECLK_FREQ bound to: 250 - type: integer 
	Parameter C_COMMON_SCALING_FACTOR bound to: 1 - type: integer 
	Parameter C_CPLL_VCO_FREQUENCY bound to: 2500.000000 - type: double 
	Parameter C_FREERUN_FREQUENCY bound to: 25.000000 - type: double 
	Parameter C_GT_REV bound to: 17 - type: integer 
	Parameter C_INCLUDE_CPLL_CAL bound to: 2 - type: integer 
	Parameter C_ENABLE_COMMON_USRCLK bound to: 0 - type: integer 
	Parameter C_LOCATE_RESET_CONTROLLER bound to: 0 - type: integer 
	Parameter C_LOCATE_USER_DATA_WIDTH_SIZING bound to: 0 - type: integer 
	Parameter C_LOCATE_RX_BUFFER_BYPASS_CONTROLLER bound to: 0 - type: integer 
	Parameter C_LOCATE_RX_USER_CLOCKING bound to: 1 - type: integer 
	Parameter C_LOCATE_TX_BUFFER_BYPASS_CONTROLLER bound to: 0 - type: integer 
	Parameter C_LOCATE_TX_USER_CLOCKING bound to: 1 - type: integer 
	Parameter C_RESET_CONTROLLER_INSTANCE_CTRL bound to: 0 - type: integer 
	Parameter C_RX_BUFFBYPASS_MODE bound to: 0 - type: integer 
	Parameter C_RX_BUFFER_BYPASS_INSTANCE_CTRL bound to: 0 - type: integer 
	Parameter C_RX_BUFFER_MODE bound to: 1 - type: integer 
	Parameter C_RX_DATA_DECODING bound to: 1 - type: integer 
	Parameter C_RX_ENABLE bound to: 1 - type: integer 
	Parameter C_RX_INT_DATA_WIDTH bound to: 40 - type: integer 
	Parameter C_RX_LINE_RATE bound to: 1.250000 - type: double 
	Parameter C_RX_MASTER_CHANNEL_IDX bound to: 0 - type: integer 
	Parameter C_RX_OUTCLK_BUFG_GT_DIV bound to: 1 - type: integer 
	Parameter C_RX_PLL_TYPE bound to: 2 - type: integer 
	Parameter C_RX_USER_CLOCKING_CONTENTS bound to: 0 - type: integer 
	Parameter C_RX_USER_CLOCKING_INSTANCE_CTRL bound to: 0 - type: integer 
	Parameter C_RX_USER_CLOCKING_RATIO_FUSRCLK_FUSRCLK2 bound to: 1 - type: integer 
	Parameter C_RX_USER_CLOCKING_SOURCE bound to: 0 - type: integer 
	Parameter C_RX_USER_DATA_WIDTH bound to: 32 - type: integer 
	Parameter C_TOTAL_NUM_CHANNELS bound to: 1 - type: integer 
	Parameter C_TOTAL_NUM_COMMONS bound to: 0 - type: integer 
	Parameter C_TXPROGDIV_FREQ_ENABLE bound to: 0 - type: integer 
	Parameter C_TXPROGDIV_FREQ_SOURCE bound to: 2 - type: integer 
	Parameter C_TX_BUFFBYPASS_MODE bound to: 0 - type: integer 
	Parameter C_TX_BUFFER_BYPASS_INSTANCE_CTRL bound to: 0 - type: integer 
	Parameter C_TX_BUFFER_MODE bound to: 1 - type: integer 
	Parameter C_TX_DATA_ENCODING bound to: 1 - type: integer 
	Parameter C_TX_ENABLE bound to: 1 - type: integer 
	Parameter C_TX_INT_DATA_WIDTH bound to: 40 - type: integer 
	Parameter C_TX_MASTER_CHANNEL_IDX bound to: 0 - type: integer 
	Parameter C_TX_OUTCLK_BUFG_GT_DIV bound to: 1 - type: integer 
	Parameter C_TX_PLL_TYPE bound to: 2 - type: integer 
	Parameter C_TX_USER_CLOCKING_CONTENTS bound to: 0 - type: integer 
	Parameter C_TX_USER_CLOCKING_INSTANCE_CTRL bound to: 0 - type: integer 
	Parameter C_TX_USER_CLOCKING_RATIO_FUSRCLK_FUSRCLK2 bound to: 1 - type: integer 
	Parameter C_TX_USER_CLOCKING_SOURCE bound to: 0 - type: integer 
	Parameter C_TX_USER_DATA_WIDTH bound to: 32 - type: integer 
	Parameter P_COMMON_ENABLE bound to: 48'b000000000000000000000000000000000000000000000001 
	Parameter P_TX_MASTER_CH_PACKED_IDX bound to: 0 - type: integer 
	Parameter P_RX_MASTER_CH_PACKED_IDX bound to: 0 - type: integer 
	Parameter P_USE_CPLL_CAL bound to: 0 - type: integer 
	Parameter P_CPLL_CAL_FREQ_COUNT_WINDOW bound to: 16'b0011111010000000 
	Parameter P_CPLL_CAL_TXOUTCLK_PERIOD bound to: 18'b000100111000100000 
	Parameter P_CPLL_CAL_WAIT_DEASSERT_CPLLPD bound to: 16'b0000000100000000 
	Parameter P_CPLL_CAL_TXOUTCLK_PERIOD_DIV100 bound to: 18'b000000000011001000 
	Parameter P_CDR_TIMEOUT_FREERUN_CYC bound to: 26'b00000010110100101010100000 
INFO: [Synth 8-6157] synthesizing module 'aurora_8b10b_1p25g_gt_gthe3_channel_wrapper' [f:/aurora_8b10b_1p25g_design.gen/sources_1/ip/aurora_8b10b_1p25g/ip_0/synth/aurora_8b10b_1p25g_gt_gthe3_channel_wrapper.v:56]
	Parameter MASTER_EN bound to: 0 - type: integer 
	Parameter NUM_CHANNELS bound to: 1 - type: integer 
INFO: [Synth 8-6157] synthesizing module 'gtwizard_ultrascale_v1_7_9_gthe3_channel' [f:/aurora_8b10b_1p25g_design.gen/sources_1/ip/aurora_8b10b_1p25g/ip_0/synth/gtwizard_ultrascale_v1_7_gthe3_channel.v:55]
	Parameter NUM_CHANNELS bound to: 1 - type: integer 
	Parameter GTHE3_CHANNEL_ACJTAG_DEBUG_MODE bound to: 1'b0 
	Parameter GTHE3_CHANNEL_ACJTAG_MODE bound to: 1'b0 
	Parameter GTHE3_CHANNEL_ACJTAG_RESET bound to: 1'b0 
	Parameter GTHE3_CHANNEL_ADAPT_CFG0 bound to: 16'b1111100000000000 
	Parameter GTHE3_CHANNEL_ADAPT_CFG1 bound to: 16'b0000000000000000 
	Parameter GTHE3_CHANNEL_ALIGN_COMMA_DOUBLE bound to: FALSE - type: string 
	Parameter GTHE3_CHANNEL_ALIGN_COMMA_ENABLE bound to: 10'b1111111111 
	Parameter GTHE3_CHANNEL_ALIGN_COMMA_WORD bound to: 2 - type: integer 
	Parameter GTHE3_CHANNEL_ALIGN_MCOMMA_DET bound to: TRUE - type: string 
	Parameter GTHE3_CHANNEL_ALIGN_MCOMMA_VALUE bound to: 10'b1010000011 
	Parameter GTHE3_CHANNEL_ALIGN_PCOMMA_DET bound to: TRUE - type: string 
	Parameter GTHE3_CHANNEL_ALIGN_PCOMMA_VALUE bound to: 10'b0101111100 
	Parameter GTHE3_CHANNEL_A_RXOSCALRESET bound to: 1'b0 
	Parameter GTHE3_CHANNEL_A_RXPROGDIVRESET bound to: 1'b0 
	Parameter GTHE3_CHANNEL_A_TXPROGDIVRESET bound to: 1'b0 
	Parameter GTHE3_CHANNEL_CBCC_DATA_SOURCE_SEL bound to: DECODED - type: string 
	Parameter GTHE3_CHANNEL_CDR_SWAP_MODE_EN bound to: 1'b0 
	Parameter GTHE3_CHANNEL_CHAN_BOND_KEEP_ALIGN bound to: FALSE - type: string 
	Parameter GTHE3_CHANNEL_CHAN_BOND_MAX_SKEW bound to: 1 - type: integer 
	Parameter GTHE3_CHANNEL_CHAN_BOND_SEQ_1_1 bound to: 10'b0000000000 
	Parameter GTHE3_CHANNEL_CHAN_BOND_SEQ_1_2 bound to: 10'b0000000000 
	Parameter GTHE3_CHANNEL_CHAN_BOND_SEQ_1_3 bound to: 10'b0000000000 
	Parameter GTHE3_CHANNEL_CHAN_BOND_SEQ_1_4 bound to: 10'b0000000000 
	Parameter GTHE3_CHANNEL_CHAN_BOND_SEQ_1_ENABLE bound to: 4'b1111 
	Parameter GTHE3_CHANNEL_CHAN_BOND_SEQ_2_1 bound to: 10'b0000000000 
	Parameter GTHE3_CHANNEL_CHAN_BOND_SEQ_2_2 bound to: 10'b0000000000 
	Parameter GTHE3_CHANNEL_CHAN_BOND_SEQ_2_3 bound to: 10'b0000000000 
	Parameter GTHE3_CHANNEL_CHAN_BOND_SEQ_2_4 bound to: 10'b0000000000 
	Parameter GTHE3_CHANNEL_CHAN_BOND_SEQ_2_ENABLE bound to: 4'b1111 
	Parameter GTHE3_CHANNEL_CHAN_BOND_SEQ_2_USE bound to: FALSE - type: string 
	Parameter GTHE3_CHANNEL_CHAN_BOND_SEQ_LEN bound to: 1 - type: integer 
	Parameter GTHE3_CHANNEL_CLK_CORRECT_USE bound to: TRUE - type: string 
	Parameter GTHE3_CHANNEL_CLK_COR_KEEP_IDLE bound to: FALSE - type: string 
	Parameter GTHE3_CHANNEL_CLK_COR_MAX_LAT bound to: 31 - type: integer 
	Parameter GTHE3_CHANNEL_CLK_COR_MIN_LAT bound to: 24 - type: integer 
	Parameter GTHE3_CHANNEL_CLK_COR_PRECEDENCE bound to: TRUE - type: string 
	Parameter GTHE3_CHANNEL_CLK_COR_REPEAT_WAIT bound to: 0 - type: integer 
	Parameter GTHE3_CHANNEL_CLK_COR_SEQ_1_1 bound to: 10'b0111110111 
	Parameter GTHE3_CHANNEL_CLK_COR_SEQ_1_2 bound to: 10'b0111110111 
	Parameter GTHE3_CHANNEL_CLK_COR_SEQ_1_3 bound to: 10'b0111110111 
	Parameter GTHE3_CHANNEL_CLK_COR_SEQ_1_4 bound to: 10'b0111110111 
	Parameter GTHE3_CHANNEL_CLK_COR_SEQ_1_ENABLE bound to: 4'b1111 
	Parameter GTHE3_CHANNEL_CLK_COR_SEQ_2_1 bound to: 10'b0000000000 
	Parameter GTHE3_CHANNEL_CLK_COR_SEQ_2_2 bound to: 10'b0000000000 
	Parameter GTHE3_CHANNEL_CLK_COR_SEQ_2_3 bound to: 10'b0000000000 
	Parameter GTHE3_CHANNEL_CLK_COR_SEQ_2_4 bound to: 10'b0000000000 
	Parameter GTHE3_CHANNEL_CLK_COR_SEQ_2_ENABLE bound to: 4'b1111 
	Parameter GTHE3_CHANNEL_CLK_COR_SEQ_2_USE bound to: FALSE - type: string 
	Parameter GTHE3_CHANNEL_CLK_COR_SEQ_LEN bound to: 4 - type: integer 
	Parameter GTHE3_CHANNEL_CPLL_CFG0 bound to: 16'b0110011111111000 
	Parameter GTHE3_CHANNEL_CPLL_CFG1 bound to: 16'b1010010010101100 
	Parameter GTHE3_CHANNEL_CPLL_CFG2 bound to: 16'b0000000000000111 
	Parameter GTHE3_CHANNEL_CPLL_CFG3 bound to: 6'b000000 
	Parameter GTHE3_CHANNEL_CPLL_FBDIV bound to: 5 - type: integer 
	Parameter GTHE3_CHANNEL_CPLL_FBDIV_45 bound to: 4 - type: integer 
	Parameter GTHE3_CHANNEL_CPLL_INIT_CFG0 bound to: 16'b0000001010110010 
	Parameter GTHE3_CHANNEL_CPLL_INIT_CFG1 bound to: 8'b00000000 
	Parameter GTHE3_CHANNEL_CPLL_LOCK_CFG bound to: 16'b0000000111101000 
	Parameter GTHE3_CHANNEL_CPLL_REFCLK_DIV bound to: 1 - type: integer 
	Parameter GTHE3_CHANNEL_DDI_CTRL bound to: 2'b00 
	Parameter GTHE3_CHANNEL_DDI_REALIGN_WAIT bound to: 15 - type: integer 
	Parameter GTHE3_CHANNEL_DEC_MCOMMA_DETECT bound to: TRUE - type: string 
	Parameter GTHE3_CHANNEL_DEC_PCOMMA_DETECT bound to: TRUE - type: string 
	Parameter GTHE3_CHANNEL_DEC_VALID_COMMA_ONLY bound to: FALSE - type: string 
	Parameter GTHE3_CHANNEL_DFE_D_X_REL_POS bound to: 1'b0 
	Parameter GTHE3_CHANNEL_DFE_VCM_COMP_EN bound to: 1'b0 
	Parameter GTHE3_CHANNEL_DMONITOR_CFG0 bound to: 10'b0000000000 
	Parameter GTHE3_CHANNEL_DMONITOR_CFG1 bound to: 8'b00000000 
	Parameter GTHE3_CHANNEL_ES_CLK_PHASE_SEL bound to: 1'b0 
	Parameter GTHE3_CHANNEL_ES_CONTROL bound to: 6'b000000 
	Parameter GTHE3_CHANNEL_ES_ERRDET_EN bound to: FALSE - type: string 
	Parameter GTHE3_CHANNEL_ES_EYE_SCAN_EN bound to: FALSE - type: string 
	Parameter GTHE3_CHANNEL_ES_HORZ_OFFSET bound to: 12'b000000000000 
	Parameter GTHE3_CHANNEL_ES_PMA_CFG bound to: 10'b0000000000 
	Parameter GTHE3_CHANNEL_ES_PRESCALE bound to: 5'b00000 
	Parameter GTHE3_CHANNEL_ES_QUALIFIER0 bound to: 16'b0000000000000000 
	Parameter GTHE3_CHANNEL_ES_QUALIFIER1 bound to: 16'b0000000000000000 
	Parameter GTHE3_CHANNEL_ES_QUALIFIER2 bound to: 16'b0000000000000000 
	Parameter GTHE3_CHANNEL_ES_QUALIFIER3 bound to: 16'b0000000000000000 
	Parameter GTHE3_CHANNEL_ES_QUALIFIER4 bound to: 16'b0000000000000000 
	Parameter GTHE3_CHANNEL_ES_QUAL_MASK0 bound to: 16'b0000000000000000 
	Parameter GTHE3_CHANNEL_ES_QUAL_MASK1 bound to: 16'b0000000000000000 
	Parameter GTHE3_CHANNEL_ES_QUAL_MASK2 bound to: 16'b0000000000000000 
	Parameter GTHE3_CHANNEL_ES_QUAL_MASK3 bound to: 16'b0000000000000000 
	Parameter GTHE3_CHANNEL_ES_QUAL_MASK4 bound to: 16'b0000000000000000 
	Parameter GTHE3_CHANNEL_ES_SDATA_MASK0 bound to: 16'b0000000000000000 
	Parameter GTHE3_CHANNEL_ES_SDATA_MASK1 bound to: 16'b0000000000000000 
	Parameter GTHE3_CHANNEL_ES_SDATA_MASK2 bound to: 16'b0000000000000000 
	Parameter GTHE3_CHANNEL_ES_SDATA_MASK3 bound to: 16'b0000000000000000 
	Parameter GTHE3_CHANNEL_ES_SDATA_MASK4 bound to: 16'b0000000000000000 
	Parameter GTHE3_CHANNEL_EVODD_PHI_CFG bound to: 11'b00000000000 
	Parameter GTHE3_CHANNEL_EYE_SCAN_SWAP_EN bound to: 1'b0 
	Parameter GTHE3_CHANNEL_FTS_DESKEW_SEQ_ENABLE bound to: 4'b1111 
	Parameter GTHE3_CHANNEL_FTS_LANE_DESKEW_CFG bound to: 4'b1111 
	Parameter GTHE3_CHANNEL_FTS_LANE_DESKEW_EN bound to: FALSE - type: string 
	Parameter GTHE3_CHANNEL_GEARBOX_MODE bound to: 5'b00000 
	Parameter GTHE3_CHANNEL_GM_BIAS_SELECT bound to: 1'b0 
	Parameter GTHE3_CHANNEL_LOCAL_MASTER bound to: 1'b1 
	Parameter GTHE3_CHANNEL_OOBDIVCTL bound to: 2'b00 
	Parameter GTHE3_CHANNEL_OOB_PWRUP bound to: 1'b0 
	Parameter GTHE3_CHANNEL_PCI3_AUTO_REALIGN bound to: OVR_1K_BLK - type: string 
	Parameter GTHE3_CHANNEL_PCI3_PIPE_RX_ELECIDLE bound to: 1'b0 
	Parameter GTHE3_CHANNEL_PCI3_RX_ASYNC_EBUF_BYPASS bound to: 2'b00 
	Parameter GTHE3_CHANNEL_PCI3_RX_ELECIDLE_EI2_ENABLE bound to: 1'b0 
	Parameter GTHE3_CHANNEL_PCI3_RX_ELECIDLE_H2L_COUNT bound to: 6'b000000 
	Parameter GTHE3_CHANNEL_PCI3_RX_ELECIDLE_H2L_DISABLE bound to: 3'b000 
	Parameter GTHE3_CHANNEL_PCI3_RX_ELECIDLE_HI_COUNT bound to: 6'b000000 
	Parameter GTHE3_CHANNEL_PCI3_RX_ELECIDLE_LP4_DISABLE bound to: 1'b0 
	Parameter GTHE3_CHANNEL_PCI3_RX_FIFO_DISABLE bound to: 1'b0 
	Parameter GTHE3_CHANNEL_PCIE_BUFG_DIV_CTRL bound to: 16'b0001000000000000 
	Parameter GTHE3_CHANNEL_PCIE_RXPCS_CFG_GEN3 bound to: 16'b0000001010100100 
	Parameter GTHE3_CHANNEL_PCIE_RXPMA_CFG bound to: 16'b0000000000001010 
	Parameter GTHE3_CHANNEL_PCIE_TXPCS_CFG_GEN3 bound to: 16'b0010110010100100 
	Parameter GTHE3_CHANNEL_PCIE_TXPMA_CFG bound to: 16'b0000000000001010 
	Parameter GTHE3_CHANNEL_PCS_PCIE_EN bound to: FALSE - type: string 
	Parameter GTHE3_CHANNEL_PCS_RSVD0 bound to: 16'b0000000000000000 
	Parameter GTHE3_CHANNEL_PCS_RSVD1 bound to: 3'b000 
	Parameter GTHE3_CHANNEL_PD_TRANS_TIME_FROM_P2 bound to: 12'b000000111100 
	Parameter GTHE3_CHANNEL_PD_TRANS_TIME_NONE_P2 bound to: 8'b00011001 
	Parameter GTHE3_CHANNEL_PD_TRANS_TIME_TO_P2 bound to: 8'b01100100 
	Parameter GTHE3_CHANNEL_PLL_SEL_MODE_GEN12 bound to: 2'b00 
	Parameter GTHE3_CHANNEL_PLL_SEL_MODE_GEN3 bound to: 2'b11 
	Parameter GTHE3_CHANNEL_PMA_RSV1 bound to: 16'b1111000000000000 
	Parameter GTHE3_CHANNEL_PROCESS_PAR bound to: 3'b010 
	Parameter GTHE3_CHANNEL_RATE_SW_USE_DRP bound to: 1'b1 
	Parameter GTHE3_CHANNEL_RESET_POWERSAVE_DISABLE bound to: 1'b0 
	Parameter GTHE3_CHANNEL_RXBUFRESET_TIME bound to: 5'b00011 
	Parameter GTHE3_CHANNEL_RXBUF_ADDR_MODE bound to: FULL - type: string 
	Parameter GTHE3_CHANNEL_RXBUF_EIDLE_HI_CNT bound to: 4'b1000 
	Parameter GTHE3_CHANNEL_RXBUF_EIDLE_LO_CNT bound to: 4'b0000 
	Parameter GTHE3_CHANNEL_RXBUF_EN bound to: TRUE - type: string 
	Parameter GTHE3_CHANNEL_RXBUF_RESET_ON_CB_CHANGE bound to: TRUE - type: string 
	Parameter GTHE3_CHANNEL_RXBUF_RESET_ON_COMMAALIGN bound to: FALSE - type: string 
	Parameter GTHE3_CHANNEL_RXBUF_RESET_ON_EIDLE bound to: FALSE - type: string 
	Parameter GTHE3_CHANNEL_RXBUF_RESET_ON_RATE_CHANGE bound to: TRUE - type: string 
	Parameter GTHE3_CHANNEL_RXBUF_THRESH_OVFLW bound to: 0 - type: integer 
	Parameter GTHE3_CHANNEL_RXBUF_THRESH_OVRD bound to: FALSE - type: string 
	Parameter GTHE3_CHANNEL_RXBUF_THRESH_UNDFLW bound to: 0 - type: integer 
	Parameter GTHE3_CHANNEL_RXCDRFREQRESET_TIME bound to: 5'b00001 
	Parameter GTHE3_CHANNEL_RXCDRPHRESET_TIME bound to: 5'b00001 
	Parameter GTHE3_CHANNEL_RXCDR_CFG0 bound to: 16'b0000000000000000 
	Parameter GTHE3_CHANNEL_RXCDR_CFG0_GEN3 bound to: 16'b0000000000000000 
	Parameter GTHE3_CHANNEL_RXCDR_CFG1 bound to: 16'b0000000000000000 
	Parameter GTHE3_CHANNEL_RXCDR_CFG1_GEN3 bound to: 16'b0000000000000000 
	Parameter GTHE3_CHANNEL_RXCDR_CFG2 bound to: 16'b0000011101000110 
	Parameter GTHE3_CHANNEL_RXCDR_CFG2_GEN3 bound to: 16'b0000011111100110 
	Parameter GTHE3_CHANNEL_RXCDR_CFG3 bound to: 16'b0000000000000000 
	Parameter GTHE3_CHANNEL_RXCDR_CFG3_GEN3 bound to: 16'b0000000000000000 
	Parameter GTHE3_CHANNEL_RXCDR_CFG4 bound to: 16'b0000000000000000 
	Parameter GTHE3_CHANNEL_RXCDR_CFG4_GEN3 bound to: 16'b0000000000000000 
	Parameter GTHE3_CHANNEL_RXCDR_CFG5 bound to: 16'b0000000000000000 
	Parameter GTHE3_CHANNEL_RXCDR_CFG5_GEN3 bound to: 16'b0000000000000000 
	Parameter GTHE3_CHANNEL_RXCDR_FR_RESET_ON_EIDLE bound to: 1'b0 
	Parameter GTHE3_CHANNEL_RXCDR_HOLD_DURING_EIDLE bound to: 1'b0 
	Parameter GTHE3_CHANNEL_RXCDR_LOCK_CFG0 bound to: 16'b0100010010000000 
	Parameter GTHE3_CHANNEL_RXCDR_LOCK_CFG1 bound to: 16'b0101111111111111 
	Parameter GTHE3_CHANNEL_RXCDR_LOCK_CFG2 bound to: 16'b0111011111000011 
	Parameter GTHE3_CHANNEL_RXCDR_PH_RESET_ON_EIDLE bound to: 1'b0 
	Parameter GTHE3_CHANNEL_RXCFOK_CFG0 bound to: 16'b0100000000000000 
	Parameter GTHE3_CHANNEL_RXCFOK_CFG1 bound to: 16'b0000000001100101 
	Parameter GTHE3_CHANNEL_RXCFOK_CFG2 bound to: 16'b0000000000101110 
	Parameter GTHE3_CHANNEL_RXDFELPMRESET_TIME bound to: 7'b0001111 
	Parameter GTHE3_CHANNEL_RXDFELPM_KL_CFG0 bound to: 16'b0000000000000000 
	Parameter GTHE3_CHANNEL_RXDFELPM_KL_CFG1 bound to: 16'b0000000000110010 
	Parameter GTHE3_CHANNEL_RXDFELPM_KL_CFG2 bound to: 16'b0000000000000000 
	Parameter GTHE3_CHANNEL_RXDFE_CFG0 bound to: 16'b0000101000000000 
	Parameter GTHE3_CHANNEL_RXDFE_CFG1 bound to: 16'b0000000000000000 
	Parameter GTHE3_CHANNEL_RXDFE_GC_CFG0 bound to: 16'b0000000000000000 
	Parameter GTHE3_CHANNEL_RXDFE_GC_CFG1 bound to: 16'b0111100001110000 
	Parameter GTHE3_CHANNEL_RXDFE_GC_CFG2 bound to: 16'b0000000000000000 
	Parameter GTHE3_CHANNEL_RXDFE_H2_CFG0 bound to: 16'b0000000000000000 
	Parameter GTHE3_CHANNEL_RXDFE_H2_CFG1 bound to: 16'b0000000000000000 
	Parameter GTHE3_CHANNEL_RXDFE_H3_CFG0 bound to: 16'b0100000000000000 
	Parameter GTHE3_CHANNEL_RXDFE_H3_CFG1 bound to: 16'b0000000000000000 
	Parameter GTHE3_CHANNEL_RXDFE_H4_CFG0 bound to: 16'b0010000000000000 
	Parameter GTHE3_CHANNEL_RXDFE_H4_CFG1 bound to: 16'b0000000000000011 
	Parameter GTHE3_CHANNEL_RXDFE_H5_CFG0 bound to: 16'b0010000000000000 
	Parameter GTHE3_CHANNEL_RXDFE_H5_CFG1 bound to: 16'b0000000000000011 
	Parameter GTHE3_CHANNEL_RXDFE_H6_CFG0 bound to: 16'b0010000000000000 
	Parameter GTHE3_CHANNEL_RXDFE_H6_CFG1 bound to: 16'b0000000000000000 
	Parameter GTHE3_CHANNEL_RXDFE_H7_CFG0 bound to: 16'b0010000000000000 
	Parameter GTHE3_CHANNEL_RXDFE_H7_CFG1 bound to: 16'b0000000000000000 
	Parameter GTHE3_CHANNEL_RXDFE_H8_CFG0 bound to: 16'b0010000000000000 
	Parameter GTHE3_CHANNEL_RXDFE_H8_CFG1 bound to: 16'b0000000000000000 
	Parameter GTHE3_CHANNEL_RXDFE_H9_CFG0 bound to: 16'b0010000000000000 
	Parameter GTHE3_CHANNEL_RXDFE_H9_CFG1 bound to: 16'b0000000000000000 
	Parameter GTHE3_CHANNEL_RXDFE_HA_CFG0 bound to: 16'b0010000000000000 
	Parameter GTHE3_CHANNEL_RXDFE_HA_CFG1 bound to: 16'b0000000000000000 
	Parameter GTHE3_CHANNEL_RXDFE_HB_CFG0 bound to: 16'b0010000000000000 
	Parameter GTHE3_CHANNEL_RXDFE_HB_CFG1 bound to: 16'b0000000000000000 
	Parameter GTHE3_CHANNEL_RXDFE_HC_CFG0 bound to: 16'b0000000000000000 
	Parameter GTHE3_CHANNEL_RXDFE_HC_CFG1 bound to: 16'b0000000000000000 
	Parameter GTHE3_CHANNEL_RXDFE_HD_CFG0 bound to: 16'b0000000000000000 
	Parameter GTHE3_CHANNEL_RXDFE_HD_CFG1 bound to: 16'b0000000000000000 
	Parameter GTHE3_CHANNEL_RXDFE_HE_CFG0 bound to: 16'b0000000000000000 
	Parameter GTHE3_CHANNEL_RXDFE_HE_CFG1 bound to: 16'b0000000000000000 
	Parameter GTHE3_CHANNEL_RXDFE_HF_CFG0 bound to: 16'b0000000000000000 
	Parameter GTHE3_CHANNEL_RXDFE_HF_CFG1 bound to: 16'b0000000000000000 
	Parameter GTHE3_CHANNEL_RXDFE_OS_CFG0 bound to: 16'b1000000000000000 
	Parameter GTHE3_CHANNEL_RXDFE_OS_CFG1 bound to: 16'b0000000000000000 
	Parameter GTHE3_CHANNEL_RXDFE_UT_CFG0 bound to: 16'b1000000000000000 
	Parameter GTHE3_CHANNEL_RXDFE_UT_CFG1 bound to: 16'b0000000000000011 
	Parameter GTHE3_CHANNEL_RXDFE_VP_CFG0 bound to: 16'b1010101000000000 
	Parameter GTHE3_CHANNEL_RXDFE_VP_CFG1 bound to: 16'b0000000000110011 
	Parameter GTHE3_CHANNEL_RXDLY_CFG bound to: 16'b0000000000011111 
	Parameter GTHE3_CHANNEL_RXDLY_LCFG bound to: 16'b0000000000110000 
	Parameter GTHE3_CHANNEL_RXELECIDLE_CFG bound to: Sigcfg_4 - type: string 
	Parameter GTHE3_CHANNEL_RXGBOX_FIFO_INIT_RD_ADDR bound to: 4 - type: integer 
	Parameter GTHE3_CHANNEL_RXGEARBOX_EN bound to: FALSE - type: string 
	Parameter GTHE3_CHANNEL_RXISCANRESET_TIME bound to: 5'b00001 
	Parameter GTHE3_CHANNEL_RXLPM_CFG bound to: 16'b0000000000000000 
	Parameter GTHE3_CHANNEL_RXLPM_GC_CFG bound to: 16'b0001000000000000 
	Parameter GTHE3_CHANNEL_RXLPM_KH_CFG0 bound to: 16'b0000000000000000 
	Parameter GTHE3_CHANNEL_RXLPM_KH_CFG1 bound to: 16'b0000000000000010 
	Parameter GTHE3_CHANNEL_RXLPM_OS_CFG0 bound to: 16'b1000000000000000 
	Parameter GTHE3_CHANNEL_RXLPM_OS_CFG1 bound to: 16'b0000000000000010 
	Parameter GTHE3_CHANNEL_RXOOB_CFG bound to: 9'b000000110 
	Parameter GTHE3_CHANNEL_RXOOB_CLK_CFG bound to: PMA - type: string 
	Parameter GTHE3_CHANNEL_RXOSCALRESET_TIME bound to: 5'b00011 
	Parameter GTHE3_CHANNEL_RXOUT_DIV bound to: 4 - type: integer 
	Parameter GTHE3_CHANNEL_RXPCSRESET_TIME bound to: 5'b00011 
	Parameter GTHE3_CHANNEL_RXPHBEACON_CFG bound to: 16'b0000000000000000 
	Parameter GTHE3_CHANNEL_RXPHDLY_CFG bound to: 16'b0010000000100000 
	Parameter GTHE3_CHANNEL_RXPHSAMP_CFG bound to: 16'b0010000100000000 
	Parameter GTHE3_CHANNEL_RXPHSLIP_CFG bound to: 16'b0110011000100010 
	Parameter GTHE3_CHANNEL_RXPH_MONITOR_SEL bound to: 5'b00000 
	Parameter GTHE3_CHANNEL_RXPI_CFG0 bound to: 2'b01 
	Parameter GTHE3_CHANNEL_RXPI_CFG1 bound to: 2'b01 
	Parameter GTHE3_CHANNEL_RXPI_CFG2 bound to: 2'b01 
	Parameter GTHE3_CHANNEL_RXPI_CFG3 bound to: 2'b01 
	Parameter GTHE3_CHANNEL_RXPI_CFG4 bound to: 1'b1 
	Parameter GTHE3_CHANNEL_RXPI_CFG5 bound to: 1'b1 
	Parameter GTHE3_CHANNEL_RXPI_CFG6 bound to: 3'b011 
	Parameter GTHE3_CHANNEL_RXPI_LPM bound to: 1'b0 
	Parameter GTHE3_CHANNEL_RXPI_VREFSEL bound to: 1'b0 
	Parameter GTHE3_CHANNEL_RXPMACLK_SEL bound to: DATA - type: string 
	Parameter GTHE3_CHANNEL_RXPMARESET_TIME bound to: 5'b00011 
	Parameter GTHE3_CHANNEL_RXPRBS_ERR_LOOPBACK bound to: 1'b0 
	Parameter GTHE3_CHANNEL_RXPRBS_LINKACQ_CNT bound to: 15 - type: integer 
	Parameter GTHE3_CHANNEL_RXSLIDE_AUTO_WAIT bound to: 7 - type: integer 
	Parameter GTHE3_CHANNEL_RXSLIDE_MODE bound to: OFF - type: string 
	Parameter GTHE3_CHANNEL_RXSYNC_MULTILANE bound to: 1'b0 
	Parameter GTHE3_CHANNEL_RXSYNC_OVRD bound to: 1'b0 
	Parameter GTHE3_CHANNEL_RXSYNC_SKIP_DA bound to: 1'b0 
	Parameter GTHE3_CHANNEL_RX_AFE_CM_EN bound to: 1'b0 
	Parameter GTHE3_CHANNEL_RX_BIAS_CFG0 bound to: 16'b0000101010110100 
	Parameter GTHE3_CHANNEL_RX_BUFFER_CFG bound to: 6'b000000 
	Parameter GTHE3_CHANNEL_RX_CAPFF_SARC_ENB bound to: 1'b0 
	Parameter GTHE3_CHANNEL_RX_CLK25_DIV bound to: 5 - type: integer 
	Parameter GTHE3_CHANNEL_RX_CLKMUX_EN bound to: 1'b1 
	Parameter GTHE3_CHANNEL_RX_CLK_SLIP_OVRD bound to: 5'b00000 
	Parameter GTHE3_CHANNEL_RX_CM_BUF_CFG bound to: 4'b1010 
	Parameter GTHE3_CHANNEL_RX_CM_BUF_PD bound to: 1'b0 
	Parameter GTHE3_CHANNEL_RX_CM_SEL bound to: 2'b11 
	Parameter GTHE3_CHANNEL_RX_CM_TRIM bound to: 4'b1010 
	Parameter GTHE3_CHANNEL_RX_CTLE3_LPF bound to: 8'b00000001 
	Parameter GTHE3_CHANNEL_RX_DATA_WIDTH bound to: 40 - type: integer 
	Parameter GTHE3_CHANNEL_RX_DDI_SEL bound to: 6'b000000 
	Parameter GTHE3_CHANNEL_RX_DEFER_RESET_BUF_EN bound to: TRUE - type: string 
	Parameter GTHE3_CHANNEL_RX_DFELPM_CFG0 bound to: 4'b0110 
	Parameter GTHE3_CHANNEL_RX_DFELPM_CFG1 bound to: 1'b1 
	Parameter GTHE3_CHANNEL_RX_DFELPM_KLKH_AGC_STUP_EN bound to: 1'b1 
	Parameter GTHE3_CHANNEL_RX_DFE_AGC_CFG0 bound to: 2'b10 
	Parameter GTHE3_CHANNEL_RX_DFE_AGC_CFG1 bound to: 3'b000 
	Parameter GTHE3_CHANNEL_RX_DFE_KL_LPM_KH_CFG0 bound to: 2'b01 
	Parameter GTHE3_CHANNEL_RX_DFE_KL_LPM_KH_CFG1 bound to: 3'b000 
	Parameter GTHE3_CHANNEL_RX_DFE_KL_LPM_KL_CFG0 bound to: 2'b01 
	Parameter GTHE3_CHANNEL_RX_DFE_KL_LPM_KL_CFG1 bound to: 3'b000 
	Parameter GTHE3_CHANNEL_RX_DFE_LPM_HOLD_DURING_EIDLE bound to: 1'b0 
	Parameter GTHE3_CHANNEL_RX_DISPERR_SEQ_MATCH bound to: TRUE - type: string 
	Parameter GTHE3_CHANNEL_RX_DIVRESET_TIME bound to: 5'b00001 
	Parameter GTHE3_CHANNEL_RX_EN_HI_LR bound to: 1'b0 
	Parameter GTHE3_CHANNEL_RX_EYESCAN_VS_CODE bound to: 7'b0000000 
	Parameter GTHE3_CHANNEL_RX_EYESCAN_VS_NEG_DIR bound to: 1'b0 
	Parameter GTHE3_CHANNEL_RX_EYESCAN_VS_RANGE bound to: 2'b00 
	Parameter GTHE3_CHANNEL_RX_EYESCAN_VS_UT_SIGN bound to: 1'b0 
	Parameter GTHE3_CHANNEL_RX_FABINT_USRCLK_FLOP bound to: 1'b0 
	Parameter GTHE3_CHANNEL_RX_INT_DATAWIDTH bound to: 1 - type: integer 
	Parameter GTHE3_CHANNEL_RX_PMA_POWER_SAVE bound to: 1'b0 
	Parameter GTHE3_CHANNEL_RX_PROGDIV_CFG bound to: 0.000000 - type: double 
	Parameter GTHE3_CHANNEL_RX_SAMPLE_PERIOD bound to: 3'b111 
	Parameter GTHE3_CHANNEL_RX_SIG_VALID_DLY bound to: 11 - type: integer 
	Parameter GTHE3_CHANNEL_RX_SUM_DFETAPREP_EN bound to: 1'b0 
	Parameter GTHE3_CHANNEL_RX_SUM_IREF_TUNE bound to: 4'b1100 
	Parameter GTHE3_CHANNEL_RX_SUM_RES_CTRL bound to: 2'b11 
	Parameter GTHE3_CHANNEL_RX_SUM_VCMTUNE bound to: 4'b0000 
	Parameter GTHE3_CHANNEL_RX_SUM_VCM_OVWR bound to: 1'b0 
	Parameter GTHE3_CHANNEL_RX_SUM_VREF_TUNE bound to: 3'b000 
	Parameter GTHE3_CHANNEL_RX_TUNE_AFE_OS bound to: 2'b10 
	Parameter GTHE3_CHANNEL_RX_WIDEMODE_CDR bound to: 1'b0 
	Parameter GTHE3_CHANNEL_RX_XCLK_SEL bound to: RXDES - type: string 
	Parameter GTHE3_CHANNEL_SAS_MAX_COM bound to: 64 - type: integer 
	Parameter GTHE3_CHANNEL_SAS_MIN_COM bound to: 36 - type: integer 
	Parameter GTHE3_CHANNEL_SATA_BURST_SEQ_LEN bound to: 4'b1110 
	Parameter GTHE3_CHANNEL_SATA_BURST_VAL bound to: 3'b100 
	Parameter GTHE3_CHANNEL_SATA_CPLL_CFG bound to: VCO_3000MHZ - type: string 
	Parameter GTHE3_CHANNEL_SATA_EIDLE_VAL bound to: 3'b100 
	Parameter GTHE3_CHANNEL_SATA_MAX_BURST bound to: 8 - type: integer 
	Parameter GTHE3_CHANNEL_SATA_MAX_INIT bound to: 21 - type: integer 
	Parameter GTHE3_CHANNEL_SATA_MAX_WAKE bound to: 7 - type: integer 
	Parameter GTHE3_CHANNEL_SATA_MIN_BURST bound to: 4 - type: integer 
	Parameter GTHE3_CHANNEL_SATA_MIN_INIT bound to: 12 - type: integer 
	Parameter GTHE3_CHANNEL_SATA_MIN_WAKE bound to: 4 - type: integer 
	Parameter GTHE3_CHANNEL_SHOW_REALIGN_COMMA bound to: TRUE - type: string 
	Parameter GTHE3_CHANNEL_SIM_RECEIVER_DETECT_PASS bound to: TRUE - type: string 
	Parameter GTHE3_CHANNEL_SIM_RESET_SPEEDUP bound to: TRUE - type: string 
	Parameter GTHE3_CHANNEL_SIM_TX_EIDLE_DRIVE_LEVEL bound to: 1'b0 
	Parameter GTHE3_CHANNEL_SIM_VERSION bound to: 2 - type: integer 
	Parameter GTHE3_CHANNEL_TAPDLY_SET_TX bound to: 2'b00 
	Parameter GTHE3_CHANNEL_TEMPERATUR_PAR bound to: 4'b0010 
	Parameter GTHE3_CHANNEL_TERM_RCAL_CFG bound to: 15'b100001000010000 
	Parameter GTHE3_CHANNEL_TERM_RCAL_OVRD bound to: 3'b000 
	Parameter GTHE3_CHANNEL_TRANS_TIME_RATE bound to: 8'b00001110 
	Parameter GTHE3_CHANNEL_TST_RSV0 bound to: 8'b00000000 
	Parameter GTHE3_CHANNEL_TST_RSV1 bound to: 8'b00000000 
	Parameter GTHE3_CHANNEL_TXBUF_EN bound to: TRUE - type: string 
	Parameter GTHE3_CHANNEL_TXBUF_RESET_ON_RATE_CHANGE bound to: TRUE - type: string 
	Parameter GTHE3_CHANNEL_TXDLY_CFG bound to: 16'b0000000000001001 
	Parameter GTHE3_CHANNEL_TXDLY_LCFG bound to: 16'b0000000001010000 
	Parameter GTHE3_CHANNEL_TXDRVBIAS_N bound to: 4'b1010 
	Parameter GTHE3_CHANNEL_TXDRVBIAS_P bound to: 4'b1010 
	Parameter GTHE3_CHANNEL_TXFIFO_ADDR_CFG bound to: LOW - type: string 
	Parameter GTHE3_CHANNEL_TXGBOX_FIFO_INIT_RD_ADDR bound to: 4 - type: integer 
	Parameter GTHE3_CHANNEL_TXGEARBOX_EN bound to: FALSE - type: string 
	Parameter GTHE3_CHANNEL_TXOUT_DIV bound to: 4 - type: integer 
	Parameter GTHE3_CHANNEL_TXPCSRESET_TIME bound to: 5'b00011 
	Parameter GTHE3_CHANNEL_TXPHDLY_CFG0 bound to: 16'b0010000000100000 
	Parameter GTHE3_CHANNEL_TXPHDLY_CFG1 bound to: 16'b0000000001110101 
	Parameter GTHE3_CHANNEL_TXPH_CFG bound to: 16'b0000100110000000 
	Parameter GTHE3_CHANNEL_TXPH_MONITOR_SEL bound to: 5'b00000 
	Parameter GTHE3_CHANNEL_TXPI_CFG0 bound to: 2'b01 
	Parameter GTHE3_CHANNEL_TXPI_CFG1 bound to: 2'b01 
	Parameter GTHE3_CHANNEL_TXPI_CFG2 bound to: 2'b01 
	Parameter GTHE3_CHANNEL_TXPI_CFG3 bound to: 1'b1 
	Parameter GTHE3_CHANNEL_TXPI_CFG4 bound to: 1'b1 
	Parameter GTHE3_CHANNEL_TXPI_CFG5 bound to: 3'b011 
	Parameter GTHE3_CHANNEL_TXPI_GRAY_SEL bound to: 1'b0 
	Parameter GTHE3_CHANNEL_TXPI_INVSTROBE_SEL bound to: 1'b1 
	Parameter GTHE3_CHANNEL_TXPI_LPM bound to: 1'b0 
	Parameter GTHE3_CHANNEL_TXPI_PPMCLK_SEL bound to: TXUSRCLK2 - type: string 
	Parameter GTHE3_CHANNEL_TXPI_PPM_CFG bound to: 8'b00000000 
	Parameter GTHE3_CHANNEL_TXPI_SYNFREQ_PPM bound to: 3'b001 
	Parameter GTHE3_CHANNEL_TXPI_VREFSEL bound to: 1'b0 
	Parameter GTHE3_CHANNEL_TXPMARESET_TIME bound to: 5'b00011 
	Parameter GTHE3_CHANNEL_TXSYNC_MULTILANE bound to: 1'b0 
	Parameter GTHE3_CHANNEL_TXSYNC_OVRD bound to: 1'b0 
	Parameter GTHE3_CHANNEL_TXSYNC_SKIP_DA bound to: 1'b0 
	Parameter GTHE3_CHANNEL_TX_CLK25_DIV bound to: 5 - type: integer 
	Parameter GTHE3_CHANNEL_TX_CLKMUX_EN bound to: 1'b1 
	Parameter GTHE3_CHANNEL_TX_DATA_WIDTH bound to: 40 - type: integer 
	Parameter GTHE3_CHANNEL_TX_DCD_CFG bound to: 6'b000010 
	Parameter GTHE3_CHANNEL_TX_DCD_EN bound to: 1'b0 
	Parameter GTHE3_CHANNEL_TX_DEEMPH0 bound to: 6'b000000 
	Parameter GTHE3_CHANNEL_TX_DEEMPH1 bound to: 6'b000000 
	Parameter GTHE3_CHANNEL_TX_DIVRESET_TIME bound to: 5'b00001 
	Parameter GTHE3_CHANNEL_TX_DRIVE_MODE bound to: DIRECT - type: string 
	Parameter GTHE3_CHANNEL_TX_EIDLE_ASSERT_DELAY bound to: 3'b100 
	Parameter GTHE3_CHANNEL_TX_EIDLE_DEASSERT_DELAY bound to: 3'b011 
	Parameter GTHE3_CHANNEL_TX_EML_PHI_TUNE bound to: 1'b0 
	Parameter GTHE3_CHANNEL_TX_FABINT_USRCLK_FLOP bound to: 1'b0 
	Parameter GTHE3_CHANNEL_TX_IDLE_DATA_ZERO bound to: 1'b0 
	Parameter GTHE3_CHANNEL_TX_INT_DATAWIDTH bound to: 1 - type: integer 
	Parameter GTHE3_CHANNEL_TX_LOOPBACK_DRIVE_HIZ bound to: FALSE - type: string 
	Parameter GTHE3_CHANNEL_TX_MAINCURSOR_SEL bound to: 1'b0 
	Parameter GTHE3_CHANNEL_TX_MARGIN_FULL_0 bound to: 7'b1001111 
	Parameter GTHE3_CHANNEL_TX_MARGIN_FULL_1 bound to: 7'b1001110 
	Parameter GTHE3_CHANNEL_TX_MARGIN_FULL_2 bound to: 7'b1001100 
	Parameter GTHE3_CHANNEL_TX_MARGIN_FULL_3 bound to: 7'b1001010 
	Parameter GTHE3_CHANNEL_TX_MARGIN_FULL_4 bound to: 7'b1001000 
	Parameter GTHE3_CHANNEL_TX_MARGIN_LOW_0 bound to: 7'b1000110 
	Parameter GTHE3_CHANNEL_TX_MARGIN_LOW_1 bound to: 7'b1000101 
	Parameter GTHE3_CHANNEL_TX_MARGIN_LOW_2 bound to: 7'b1000011 
	Parameter GTHE3_CHANNEL_TX_MARGIN_LOW_3 bound to: 7'b1000010 
	Parameter GTHE3_CHANNEL_TX_MARGIN_LOW_4 bound to: 7'b1000000 
	Parameter GTHE3_CHANNEL_TX_MODE_SEL bound to: 3'b000 
	Parameter GTHE3_CHANNEL_TX_PMADATA_OPT bound to: 1'b0 
	Parameter GTHE3_CHANNEL_TX_PMA_POWER_SAVE bound to: 1'b0 
	Parameter GTHE3_CHANNEL_TX_PROGCLK_SEL bound to: PREPI - type: string 
	Parameter GTHE3_CHANNEL_TX_PROGDIV_CFG bound to: 0.000000 - type: double 
	Parameter GTHE3_CHANNEL_TX_QPI_STATUS_EN bound to: 1'b0 
	Parameter GTHE3_CHANNEL_TX_RXDETECT_CFG bound to: 14'b00000000110010 
	Parameter GTHE3_CHANNEL_TX_RXDETECT_REF bound to: 3'b100 
	Parameter GTHE3_CHANNEL_TX_SAMPLE_PERIOD bound to: 3'b111 
	Parameter GTHE3_CHANNEL_TX_SARC_LPBK_ENB bound to: 1'b0 
	Parameter GTHE3_CHANNEL_TX_XCLK_SEL bound to: TXOUT - type: string 
	Parameter GTHE3_CHANNEL_USE_PCS_CLK_PHASE_SEL bound to: 1'b0 
	Parameter GTHE3_CHANNEL_WB_MODE bound to: 2'b00 
	Parameter GTHE3_CHANNEL_CFGRESET_VAL bound to: 1'b0 
	Parameter GTHE3_CHANNEL_CLKRSVD0_VAL bound to: 1'b0 
	Parameter GTHE3_CHANNEL_CLKRSVD1_VAL bound to: 1'b0 
	Parameter GTHE3_CHANNEL_CPLLLOCKDETCLK_VAL bound to: 1'b0 
	Parameter GTHE3_CHANNEL_CPLLLOCKEN_VAL bound to: 1'b1 
	Parameter GTHE3_CHANNEL_CPLLPD_VAL bound to: 1'b0 
	Parameter GTHE3_CHANNEL_CPLLREFCLKSEL_VAL bound to: 3'b001 
	Parameter GTHE3_CHANNEL_CPLLRESET_VAL bound to: 1'b0 
	Parameter GTHE3_CHANNEL_DMONFIFORESET_VAL bound to: 1'b0 
	Parameter GTHE3_CHANNEL_DMONITORCLK_VAL bound to: 1'b0 
	Parameter GTHE3_CHANNEL_DRPADDR_VAL bound to: 9'b000000000 
	Parameter GTHE3_CHANNEL_DRPCLK_VAL bound to: 1'b0 
	Parameter GTHE3_CHANNEL_DRPDI_VAL bound to: 16'b0000000000000000 
	Parameter GTHE3_CHANNEL_DRPEN_VAL bound to: 1'b0 
	Parameter GTHE3_CHANNEL_DRPWE_VAL bound to: 1'b0 
	Parameter GTHE3_CHANNEL_EVODDPHICALDONE_VAL bound to: 1'b0 
	Parameter GTHE3_CHANNEL_EVODDPHICALSTART_VAL bound to: 1'b0 
	Parameter GTHE3_CHANNEL_EVODDPHIDRDEN_VAL bound to: 1'b0 
	Parameter GTHE3_CHANNEL_EVODDPHIDWREN_VAL bound to: 1'b0 
	Parameter GTHE3_CHANNEL_EVODDPHIXRDEN_VAL bound to: 1'b0 
	Parameter GTHE3_CHANNEL_EVODDPHIXWREN_VAL bound to: 1'b0 
	Parameter GTHE3_CHANNEL_EYESCANMODE_VAL bound to: 1'b0 
	Parameter GTHE3_CHANNEL_EYESCANRESET_VAL bound to: 1'b0 
	Parameter GTHE3_CHANNEL_EYESCANTRIGGER_VAL bound to: 1'b0 
	Parameter GTHE3_CHANNEL_GTGREFCLK_VAL bound to: 1'b0 
	Parameter GTHE3_CHANNEL_GTHRXN_VAL bound to: 1'b0 
	Parameter GTHE3_CHANNEL_GTHRXP_VAL bound to: 1'b0 
	Parameter GTHE3_CHANNEL_GTNORTHREFCLK0_VAL bound to: 1'b0 
	Parameter GTHE3_CHANNEL_GTNORTHREFCLK1_VAL bound to: 1'b0 
	Parameter GTHE3_CHANNEL_GTREFCLK0_VAL bound to: 1'b0 
	Parameter GTHE3_CHANNEL_GTREFCLK1_VAL bound to: 1'b0 
	Parameter GTHE3_CHANNEL_GTRESETSEL_VAL bound to: 1'b0 
	Parameter GTHE3_CHANNEL_GTRSVD_VAL bound to: 16'b0000000000000000 
	Parameter GTHE3_CHANNEL_GTRXRESET_VAL bound to: 1'b0 
	Parameter GTHE3_CHANNEL_GTSOUTHREFCLK0_VAL bound to: 1'b0 
	Parameter GTHE3_CHANNEL_GTSOUTHREFCLK1_VAL bound to: 1'b0 
	Parameter GTHE3_CHANNEL_GTTXRESET_VAL bound to: 1'b0 
	Parameter GTHE3_CHANNEL_LOOPBACK_VAL bound to: 3'b000 
	Parameter GTHE3_CHANNEL_LPBKRXTXSEREN_VAL bound to: 1'b0 
	Parameter GTHE3_CHANNEL_LPBKTXRXSEREN_VAL bound to: 1'b0 
	Parameter GTHE3_CHANNEL_PCIEEQRXEQADAPTDONE_VAL bound to: 1'b0 
	Parameter GTHE3_CHANNEL_PCIERSTIDLE_VAL bound to: 1'b0 
	Parameter GTHE3_CHANNEL_PCIERSTTXSYNCSTART_VAL bound to: 1'b0 
	Parameter GTHE3_CHANNEL_PCIEUSERRATEDONE_VAL bound to: 1'b0 
	Parameter GTHE3_CHANNEL_PCSRSVDIN_VAL bound to: 16'b0000000000000000 
	Parameter GTHE3_CHANNEL_PCSRSVDIN2_VAL bound to: 5'b00000 
	Parameter GTHE3_CHANNEL_PMARSVDIN_VAL bound to: 5'b00000 
	Parameter GTHE3_CHANNEL_QPLL0CLK_VAL bound to: 1'b0 
	Parameter GTHE3_CHANNEL_QPLL0REFCLK_VAL bound to: 1'b0 
	Parameter GTHE3_CHANNEL_QPLL1CLK_VAL bound to: 1'b0 
	Parameter GTHE3_CHANNEL_QPLL1REFCLK_VAL bound to: 1'b0 
	Parameter GTHE3_CHANNEL_RESETOVRD_VAL bound to: 1'b0 
	Parameter GTHE3_CHANNEL_RSTCLKENTX_VAL bound to: 1'b0 
	Parameter GTHE3_CHANNEL_RX8B10BEN_VAL bound to: 1'b1 
	Parameter GTHE3_CHANNEL_RXBUFRESET_VAL bound to: 1'b0 
	Parameter GTHE3_CHANNEL_RXCDRFREQRESET_VAL bound to: 1'b0 
	Parameter GTHE3_CHANNEL_RXCDRHOLD_VAL bound to: 1'b0 
	Parameter GTHE3_CHANNEL_RXCDROVRDEN_VAL bound to: 1'b0 
	Parameter GTHE3_CHANNEL_RXCDRRESET_VAL bound to: 1'b0 
	Parameter GTHE3_CHANNEL_RXCDRRESETRSV_VAL bound to: 1'b0 
	Parameter GTHE3_CHANNEL_RXCHBONDEN_VAL bound to: 1'b0 
	Parameter GTHE3_CHANNEL_RXCHBONDI_VAL bound to: 5'b00000 
	Parameter GTHE3_CHANNEL_RXCHBONDLEVEL_VAL bound to: 3'b000 
	Parameter GTHE3_CHANNEL_RXCHBONDMASTER_VAL bound to: 1'b0 
	Parameter GTHE3_CHANNEL_RXCHBONDSLAVE_VAL bound to: 1'b0 
	Parameter GTHE3_CHANNEL_RXCOMMADETEN_VAL bound to: 1'b1 
	Parameter GTHE3_CHANNEL_RXDFEAGCCTRL_VAL bound to: 2'b01 
	Parameter GTHE3_CHANNEL_RXDFEAGCHOLD_VAL bound to: 1'b0 
	Parameter GTHE3_CHANNEL_RXDFEAGCOVRDEN_VAL bound to: 1'b0 
	Parameter GTHE3_CHANNEL_RXDFELFHOLD_VAL bound to: 1'b0 
	Parameter GTHE3_CHANNEL_RXDFELFOVRDEN_VAL bound to: 1'b0 
	Parameter GTHE3_CHANNEL_RXDFELPMRESET_VAL bound to: 1'b0 
	Parameter GTHE3_CHANNEL_RXDFETAP10HOLD_VAL bound to: 1'b0 
	Parameter GTHE3_CHANNEL_RXDFETAP10OVRDEN_VAL bound to: 1'b0 
	Parameter GTHE3_CHANNEL_RXDFETAP11HOLD_VAL bound to: 1'b0 
	Parameter GTHE3_CHANNEL_RXDFETAP11OVRDEN_VAL bound to: 1'b0 
	Parameter GTHE3_CHANNEL_RXDFETAP12HOLD_VAL bound to: 1'b0 
	Parameter GTHE3_CHANNEL_RXDFETAP12OVRDEN_VAL bound to: 1'b0 
	Parameter GTHE3_CHANNEL_RXDFETAP13HOLD_VAL bound to: 1'b0 
	Parameter GTHE3_CHANNEL_RXDFETAP13OVRDEN_VAL bound to: 1'b0 
	Parameter GTHE3_CHANNEL_RXDFETAP14HOLD_VAL bound to: 1'b0 
	Parameter GTHE3_CHANNEL_RXDFETAP14OVRDEN_VAL bound to: 1'b0 
	Parameter GTHE3_CHANNEL_RXDFETAP15HOLD_VAL bound to: 1'b0 
	Parameter GTHE3_CHANNEL_RXDFETAP15OVRDEN_VAL bound to: 1'b0 
	Parameter GTHE3_CHANNEL_RXDFETAP2HOLD_VAL bound to: 1'b0 
	Parameter GTHE3_CHANNEL_RXDFETAP2OVRDEN_VAL bound to: 1'b0 
	Parameter GTHE3_CHANNEL_RXDFETAP3HOLD_VAL bound to: 1'b0 
	Parameter GTHE3_CHANNEL_RXDFETAP3OVRDEN_VAL bound to: 1'b0 
	Parameter GTHE3_CHANNEL_RXDFETAP4HOLD_VAL bound to: 1'b0 
	Parameter GTHE3_CHANNEL_RXDFETAP4OVRDEN_VAL bound to: 1'b0 
	Parameter GTHE3_CHANNEL_RXDFETAP5HOLD_VAL bound to: 1'b0 
	Parameter GTHE3_CHANNEL_RXDFETAP5OVRDEN_VAL bound to: 1'b0 
	Parameter GTHE3_CHANNEL_RXDFETAP6HOLD_VAL bound to: 1'b0 
	Parameter GTHE3_CHANNEL_RXDFETAP6OVRDEN_VAL bound to: 1'b0 
	Parameter GTHE3_CHANNEL_RXDFETAP7HOLD_VAL bound to: 1'b0 
	Parameter GTHE3_CHANNEL_RXDFETAP7OVRDEN_VAL bound to: 1'b0 
	Parameter GTHE3_CHANNEL_RXDFETAP8HOLD_VAL bound to: 1'b0 
	Parameter GTHE3_CHANNEL_RXDFETAP8OVRDEN_VAL bound to: 1'b0 
	Parameter GTHE3_CHANNEL_RXDFETAP9HOLD_VAL bound to: 1'b0 
	Parameter GTHE3_CHANNEL_RXDFETAP9OVRDEN_VAL bound to: 1'b0 
	Parameter GTHE3_CHANNEL_RXDFEUTHOLD_VAL bound to: 1'b0 
	Parameter GTHE3_CHANNEL_RXDFEUTOVRDEN_VAL bound to: 1'b0 
	Parameter GTHE3_CHANNEL_RXDFEVPHOLD_VAL bound to: 1'b0 
	Parameter GTHE3_CHANNEL_RXDFEVPOVRDEN_VAL bound to: 1'b0 
	Parameter GTHE3_CHANNEL_RXDFEVSEN_VAL bound to: 1'b0 
	Parameter GTHE3_CHANNEL_RXDFEXYDEN_VAL bound to: 1'b1 
	Parameter GTHE3_CHANNEL_RXDLYBYPASS_VAL bound to: 1'b1 
	Parameter GTHE3_CHANNEL_RXDLYEN_VAL bound to: 1'b0 
	Parameter GTHE3_CHANNEL_RXDLYOVRDEN_VAL bound to: 1'b0 
	Parameter GTHE3_CHANNEL_RXDLYSRESET_VAL bound to: 1'b0 
	Parameter GTHE3_CHANNEL_RXELECIDLEMODE_VAL bound to: 2'b11 
	Parameter GTHE3_CHANNEL_RXGEARBOXSLIP_VAL bound to: 1'b0 
	Parameter GTHE3_CHANNEL_RXLATCLK_VAL bound to: 1'b0 
	Parameter GTHE3_CHANNEL_RXLPMEN_VAL bound to: 1'b1 
	Parameter GTHE3_CHANNEL_RXLPMGCHOLD_VAL bound to: 1'b0 
	Parameter GTHE3_CHANNEL_RXLPMGCOVRDEN_VAL bound to: 1'b0 
	Parameter GTHE3_CHANNEL_RXLPMHFHOLD_VAL bound to: 1'b0 
	Parameter GTHE3_CHANNEL_RXLPMHFOVRDEN_VAL bound to: 1'b0 
	Parameter GTHE3_CHANNEL_RXLPMLFHOLD_VAL bound to: 1'b0 
	Parameter GTHE3_CHANNEL_RXLPMLFKLOVRDEN_VAL bound to: 1'b0 
	Parameter GTHE3_CHANNEL_RXLPMOSHOLD_VAL bound to: 1'b0 
	Parameter GTHE3_CHANNEL_RXLPMOSOVRDEN_VAL bound to: 1'b0 
	Parameter GTHE3_CHANNEL_RXMCOMMAALIGNEN_VAL bound to: 1'b1 
	Parameter GTHE3_CHANNEL_RXMONITORSEL_VAL bound to: 2'b00 
	Parameter GTHE3_CHANNEL_RXOOBRESET_VAL bound to: 1'b0 
	Parameter GTHE3_CHANNEL_RXOSCALRESET_VAL bound to: 1'b0 
	Parameter GTHE3_CHANNEL_RXOSHOLD_VAL bound to: 1'b0 
	Parameter GTHE3_CHANNEL_RXOSINTCFG_VAL bound to: 4'b1101 
	Parameter GTHE3_CHANNEL_RXOSINTEN_VAL bound to: 1'b1 
	Parameter GTHE3_CHANNEL_RXOSINTHOLD_VAL bound to: 1'b0 
	Parameter GTHE3_CHANNEL_RXOSINTOVRDEN_VAL bound to: 1'b0 
	Parameter GTHE3_CHANNEL_RXOSINTSTROBE_VAL bound to: 1'b0 
	Parameter GTHE3_CHANNEL_RXOSINTTESTOVRDEN_VAL bound to: 1'b0 
	Parameter GTHE3_CHANNEL_RXOSOVRDEN_VAL bound to: 1'b0 
	Parameter GTHE3_CHANNEL_RXOUTCLKSEL_VAL bound to: 3'b010 
	Parameter GTHE3_CHANNEL_RXPCOMMAALIGNEN_VAL bound to: 1'b1 
	Parameter GTHE3_CHANNEL_RXPCSRESET_VAL bound to: 1'b0 
	Parameter GTHE3_CHANNEL_RXPD_VAL bound to: 2'b00 
	Parameter GTHE3_CHANNEL_RXPHALIGN_VAL bound to: 1'b0 
	Parameter GTHE3_CHANNEL_RXPHALIGNEN_VAL bound to: 1'b0 
	Parameter GTHE3_CHANNEL_RXPHDLYPD_VAL bound to: 1'b1 
	Parameter GTHE3_CHANNEL_RXPHDLYRESET_VAL bound to: 1'b0 
	Parameter GTHE3_CHANNEL_RXPHOVRDEN_VAL bound to: 1'b0 
	Parameter GTHE3_CHANNEL_RXPLLCLKSEL_VAL bound to: 2'b00 
	Parameter GTHE3_CHANNEL_RXPMARESET_VAL bound to: 1'b0 
	Parameter GTHE3_CHANNEL_RXPOLARITY_VAL bound to: 1'b0 
	Parameter GTHE3_CHANNEL_RXPRBSCNTRESET_VAL bound to: 1'b0 
	Parameter GTHE3_CHANNEL_RXPRBSSEL_VAL bound to: 4'b0000 
	Parameter GTHE3_CHANNEL_RXPROGDIVRESET_VAL bound to: 1'b0 
	Parameter GTHE3_CHANNEL_RXQPIEN_VAL bound to: 1'b0 
	Parameter GTHE3_CHANNEL_RXRATE_VAL bound to: 3'b000 
	Parameter GTHE3_CHANNEL_RXRATEMODE_VAL bound to: 1'b0 
	Parameter GTHE3_CHANNEL_RXSLIDE_VAL bound to: 1'b0 
	Parameter GTHE3_CHANNEL_RXSLIPOUTCLK_VAL bound to: 1'b0 
	Parameter GTHE3_CHANNEL_RXSLIPPMA_VAL bound to: 1'b0 
	Parameter GTHE3_CHANNEL_RXSYNCALLIN_VAL bound to: 1'b0 
	Parameter GTHE3_CHANNEL_RXSYNCIN_VAL bound to: 1'b0 
	Parameter GTHE3_CHANNEL_RXSYNCMODE_VAL bound to: 1'b0 
	Parameter GTHE3_CHANNEL_RXSYSCLKSEL_VAL bound to: 2'b00 
	Parameter GTHE3_CHANNEL_RXUSERRDY_VAL bound to: 1'b1 
	Parameter GTHE3_CHANNEL_RXUSRCLK_VAL bound to: 1'b0 
	Parameter GTHE3_CHANNEL_RXUSRCLK2_VAL bound to: 1'b0 
	Parameter GTHE3_CHANNEL_SIGVALIDCLK_VAL bound to: 1'b0 
	Parameter GTHE3_CHANNEL_TSTIN_VAL bound to: 20'b00000000000000000000 
	Parameter GTHE3_CHANNEL_TX8B10BBYPASS_VAL bound to: 8'b00000000 
	Parameter GTHE3_CHANNEL_TX8B10BEN_VAL bound to: 1'b1 
	Parameter GTHE3_CHANNEL_TXBUFDIFFCTRL_VAL bound to: 3'b000 
	Parameter GTHE3_CHANNEL_TXCOMINIT_VAL bound to: 1'b0 
	Parameter GTHE3_CHANNEL_TXCOMSAS_VAL bound to: 1'b0 
	Parameter GTHE3_CHANNEL_TXCOMWAKE_VAL bound to: 1'b0 
	Parameter GTHE3_CHANNEL_TXCTRL0_VAL bound to: 16'b0000000000000000 
	Parameter GTHE3_CHANNEL_TXCTRL1_VAL bound to: 16'b0000000000000000 
	Parameter GTHE3_CHANNEL_TXCTRL2_VAL bound to: 8'b00000000 
	Parameter GTHE3_CHANNEL_TXDATA_VAL bound to: 128'b00000000000000000000000000000000000000000000000000000000000000000000000000000000000000000000000000000000000000000000000000000000 
	Parameter GTHE3_CHANNEL_TXDATAEXTENDRSVD_VAL bound to: 8'b00000000 
	Parameter GTHE3_CHANNEL_TXDEEMPH_VAL bound to: 1'b0 
	Parameter GTHE3_CHANNEL_TXDETECTRX_VAL bound to: 1'b0 
	Parameter GTHE3_CHANNEL_TXDIFFCTRL_VAL bound to: 4'b1100 
	Parameter GTHE3_CHANNEL_TXDIFFPD_VAL bound to: 1'b0 
	Parameter GTHE3_CHANNEL_TXDLYBYPASS_VAL bound to: 1'b1 
	Parameter GTHE3_CHANNEL_TXDLYEN_VAL bound to: 1'b0 
	Parameter GTHE3_CHANNEL_TXDLYHOLD_VAL bound to: 1'b0 
	Parameter GTHE3_CHANNEL_TXDLYOVRDEN_VAL bound to: 1'b0 
	Parameter GTHE3_CHANNEL_TXDLYSRESET_VAL bound to: 1'b0 
	Parameter GTHE3_CHANNEL_TXDLYUPDOWN_VAL bound to: 1'b0 
	Parameter GTHE3_CHANNEL_TXELECIDLE_VAL bound to: 1'b0 
	Parameter GTHE3_CHANNEL_TXHEADER_VAL bound to: 6'b000000 
	Parameter GTHE3_CHANNEL_TXINHIBIT_VAL bound to: 1'b0 
	Parameter GTHE3_CHANNEL_TXLATCLK_VAL bound to: 1'b0 
	Parameter GTHE3_CHANNEL_TXMAINCURSOR_VAL bound to: 7'b1000000 
	Parameter GTHE3_CHANNEL_TXMARGIN_VAL bound to: 3'b000 
	Parameter GTHE3_CHANNEL_TXOUTCLKSEL_VAL bound to: 3'b010 
	Parameter GTHE3_CHANNEL_TXPCSRESET_VAL bound to: 1'b0 
	Parameter GTHE3_CHANNEL_TXPD_VAL bound to: 2'b00 
	Parameter GTHE3_CHANNEL_TXPDELECIDLEMODE_VAL bound to: 1'b0 
	Parameter GTHE3_CHANNEL_TXPHALIGN_VAL bound to: 1'b0 
	Parameter GTHE3_CHANNEL_TXPHALIGNEN_VAL bound to: 1'b0 
	Parameter GTHE3_CHANNEL_TXPHDLYPD_VAL bound to: 1'b1 
	Parameter GTHE3_CHANNEL_TXPHDLYRESET_VAL bound to: 1'b0 
	Parameter GTHE3_CHANNEL_TXPHDLYTSTCLK_VAL bound to: 1'b0 
	Parameter GTHE3_CHANNEL_TXPHINIT_VAL bound to: 1'b0 
	Parameter GTHE3_CHANNEL_TXPHOVRDEN_VAL bound to: 1'b0 
	Parameter GTHE3_CHANNEL_TXPIPPMEN_VAL bound to: 1'b0 
	Parameter GTHE3_CHANNEL_TXPIPPMOVRDEN_VAL bound to: 1'b0 
	Parameter GTHE3_CHANNEL_TXPIPPMPD_VAL bound to: 1'b0 
	Parameter GTHE3_CHANNEL_TXPIPPMSEL_VAL bound to: 1'b0 
	Parameter GTHE3_CHANNEL_TXPIPPMSTEPSIZE_VAL bound to: 5'b00000 
	Parameter GTHE3_CHANNEL_TXPISOPD_VAL bound to: 1'b0 
	Parameter GTHE3_CHANNEL_TXPLLCLKSEL_VAL bound to: 2'b00 
	Parameter GTHE3_CHANNEL_TXPMARESET_VAL bound to: 1'b0 
	Parameter GTHE3_CHANNEL_TXPOLARITY_VAL bound to: 1'b0 
	Parameter GTHE3_CHANNEL_TXPOSTCURSOR_VAL bound to: 5'b00000 
	Parameter GTHE3_CHANNEL_TXPOSTCURSORINV_VAL bound to: 1'b0 
	Parameter GTHE3_CHANNEL_TXPRBSFORCEERR_VAL bound to: 1'b0 
	Parameter GTHE3_CHANNEL_TXPRBSSEL_VAL bound to: 4'b0000 
	Parameter GTHE3_CHANNEL_TXPRECURSOR_VAL bound to: 5'b00000 
	Parameter GTHE3_CHANNEL_TXPRECURSORINV_VAL bound to: 1'b0 
	Parameter GTHE3_CHANNEL_TXPROGDIVRESET_VAL bound to: 1'b0 
	Parameter GTHE3_CHANNEL_TXQPIBIASEN_VAL bound to: 1'b0 
	Parameter GTHE3_CHANNEL_TXQPISTRONGPDOWN_VAL bound to: 1'b0 
	Parameter GTHE3_CHANNEL_TXQPIWEAKPUP_VAL bound to: 1'b0 
	Parameter GTHE3_CHANNEL_TXRATE_VAL bound to: 3'b000 
	Parameter GTHE3_CHANNEL_TXRATEMODE_VAL bound to: 1'b0 
	Parameter GTHE3_CHANNEL_TXSEQUENCE_VAL bound to: 7'b0000000 
	Parameter GTHE3_CHANNEL_TXSWING_VAL bound to: 1'b0 
	Parameter GTHE3_CHANNEL_TXSYNCALLIN_VAL bound to: 1'b0 
	Parameter GTHE3_CHANNEL_TXSYNCIN_VAL bound to: 1'b0 
	Parameter GTHE3_CHANNEL_TXSYNCMODE_VAL bound to: 1'b0 
	Parameter GTHE3_CHANNEL_TXSYSCLKSEL_VAL bound to: 2'b00 
	Parameter GTHE3_CHANNEL_TXUSERRDY_VAL bound to: 1'b1 
	Parameter GTHE3_CHANNEL_TXUSRCLK_VAL bound to: 1'b0 
	Parameter GTHE3_CHANNEL_TXUSRCLK2_VAL bound to: 1'b0 
	Parameter GTHE3_CHANNEL_CFGRESET_TIE_EN bound to: 1'b0 
	Parameter GTHE3_CHANNEL_CLKRSVD0_TIE_EN bound to: 1'b0 
	Parameter GTHE3_CHANNEL_CLKRSVD1_TIE_EN bound to: 1'b0 
	Parameter GTHE3_CHANNEL_CPLLLOCKDETCLK_TIE_EN bound to: 1'b0 
	Parameter GTHE3_CHANNEL_CPLLLOCKEN_TIE_EN bound to: 1'b0 
	Parameter GTHE3_CHANNEL_CPLLPD_TIE_EN bound to: 1'b0 
	Parameter GTHE3_CHANNEL_CPLLREFCLKSEL_TIE_EN bound to: 1'b0 
	Parameter GTHE3_CHANNEL_CPLLRESET_TIE_EN bound to: 1'b0 
	Parameter GTHE3_CHANNEL_DMONFIFORESET_TIE_EN bound to: 1'b0 
	Parameter GTHE3_CHANNEL_DMONITORCLK_TIE_EN bound to: 1'b0 
	Parameter GTHE3_CHANNEL_DRPADDR_TIE_EN bound to: 1'b0 
	Parameter GTHE3_CHANNEL_DRPCLK_TIE_EN bound to: 1'b0 
	Parameter GTHE3_CHANNEL_DRPDI_TIE_EN bound to: 1'b0 
	Parameter GTHE3_CHANNEL_DRPEN_TIE_EN bound to: 1'b0 
	Parameter GTHE3_CHANNEL_DRPWE_TIE_EN bound to: 1'b0 
	Parameter GTHE3_CHANNEL_EVODDPHICALDONE_TIE_EN bound to: 1'b0 
	Parameter GTHE3_CHANNEL_EVODDPHICALSTART_TIE_EN bound to: 1'b0 
	Parameter GTHE3_CHANNEL_EVODDPHIDRDEN_TIE_EN bound to: 1'b0 
	Parameter GTHE3_CHANNEL_EVODDPHIDWREN_TIE_EN bound to: 1'b0 
	Parameter GTHE3_CHANNEL_EVODDPHIXRDEN_TIE_EN bound to: 1'b0 
	Parameter GTHE3_CHANNEL_EVODDPHIXWREN_TIE_EN bound to: 1'b0 
	Parameter GTHE3_CHANNEL_EYESCANMODE_TIE_EN bound to: 1'b0 
	Parameter GTHE3_CHANNEL_EYESCANRESET_TIE_EN bound to: 1'b0 
	Parameter GTHE3_CHANNEL_EYESCANTRIGGER_TIE_EN bound to: 1'b0 
	Parameter GTHE3_CHANNEL_GTGREFCLK_TIE_EN bound to: 1'b0 
	Parameter GTHE3_CHANNEL_GTHRXN_TIE_EN bound to: 1'b0 
	Parameter GTHE3_CHANNEL_GTHRXP_TIE_EN bound to: 1'b0 
	Parameter GTHE3_CHANNEL_GTNORTHREFCLK0_TIE_EN bound to: 1'b0 
	Parameter GTHE3_CHANNEL_GTNORTHREFCLK1_TIE_EN bound to: 1'b0 
	Parameter GTHE3_CHANNEL_GTREFCLK0_TIE_EN bound to: 1'b0 
	Parameter GTHE3_CHANNEL_GTREFCLK1_TIE_EN bound to: 1'b0 
	Parameter GTHE3_CHANNEL_GTRESETSEL_TIE_EN bound to: 1'b0 
	Parameter GTHE3_CHANNEL_GTRSVD_TIE_EN bound to: 1'b0 
	Parameter GTHE3_CHANNEL_GTRXRESET_TIE_EN bound to: 1'b0 
	Parameter GTHE3_CHANNEL_GTSOUTHREFCLK0_TIE_EN bound to: 1'b0 
	Parameter GTHE3_CHANNEL_GTSOUTHREFCLK1_TIE_EN bound to: 1'b0 
	Parameter GTHE3_CHANNEL_GTTXRESET_TIE_EN bound to: 1'b0 
	Parameter GTHE3_CHANNEL_LOOPBACK_TIE_EN bound to: 1'b0 
	Parameter GTHE3_CHANNEL_LPBKRXTXSEREN_TIE_EN bound to: 1'b0 
	Parameter GTHE3_CHANNEL_LPBKTXRXSEREN_TIE_EN bound to: 1'b0 
	Parameter GTHE3_CHANNEL_PCIEEQRXEQADAPTDONE_TIE_EN bound to: 1'b0 
	Parameter GTHE3_CHANNEL_PCIERSTIDLE_TIE_EN bound to: 1'b0 
	Parameter GTHE3_CHANNEL_PCIERSTTXSYNCSTART_TIE_EN bound to: 1'b0 
	Parameter GTHE3_CHANNEL_PCIEUSERRATEDONE_TIE_EN bound to: 1'b0 
	Parameter GTHE3_CHANNEL_PCSRSVDIN_TIE_EN bound to: 1'b0 
	Parameter GTHE3_CHANNEL_PCSRSVDIN2_TIE_EN bound to: 1'b0 
	Parameter GTHE3_CHANNEL_PMARSVDIN_TIE_EN bound to: 1'b0 
	Parameter GTHE3_CHANNEL_QPLL0CLK_TIE_EN bound to: 1'b0 
	Parameter GTHE3_CHANNEL_QPLL0REFCLK_TIE_EN bound to: 1'b0 
	Parameter GTHE3_CHANNEL_QPLL1CLK_TIE_EN bound to: 1'b0 
	Parameter GTHE3_CHANNEL_QPLL1REFCLK_TIE_EN bound to: 1'b0 
	Parameter GTHE3_CHANNEL_RESETOVRD_TIE_EN bound to: 1'b0 
	Parameter GTHE3_CHANNEL_RSTCLKENTX_TIE_EN bound to: 1'b0 
	Parameter GTHE3_CHANNEL_RX8B10BEN_TIE_EN bound to: 1'b0 
	Parameter GTHE3_CHANNEL_RXBUFRESET_TIE_EN bound to: 1'b0 
	Parameter GTHE3_CHANNEL_RXCDRFREQRESET_TIE_EN bound to: 1'b0 
	Parameter GTHE3_CHANNEL_RXCDRHOLD_TIE_EN bound to: 1'b0 
	Parameter GTHE3_CHANNEL_RXCDROVRDEN_TIE_EN bound to: 1'b0 
	Parameter GTHE3_CHANNEL_RXCDRRESET_TIE_EN bound to: 1'b0 
	Parameter GTHE3_CHANNEL_RXCDRRESETRSV_TIE_EN bound to: 1'b0 
	Parameter GTHE3_CHANNEL_RXCHBONDEN_TIE_EN bound to: 1'b0 
	Parameter GTHE3_CHANNEL_RXCHBONDI_TIE_EN bound to: 1'b0 
	Parameter GTHE3_CHANNEL_RXCHBONDLEVEL_TIE_EN bound to: 1'b0 
	Parameter GTHE3_CHANNEL_RXCHBONDMASTER_TIE_EN bound to: 1'b0 
	Parameter GTHE3_CHANNEL_RXCHBONDSLAVE_TIE_EN bound to: 1'b0 
	Parameter GTHE3_CHANNEL_RXCOMMADETEN_TIE_EN bound to: 1'b0 
	Parameter GTHE3_CHANNEL_RXDFEAGCCTRL_TIE_EN bound to: 1'b0 
	Parameter GTHE3_CHANNEL_RXDFEAGCHOLD_TIE_EN bound to: 1'b0 
	Parameter GTHE3_CHANNEL_RXDFEAGCOVRDEN_TIE_EN bound to: 1'b0 
	Parameter GTHE3_CHANNEL_RXDFELFHOLD_TIE_EN bound to: 1'b0 
	Parameter GTHE3_CHANNEL_RXDFELFOVRDEN_TIE_EN bound to: 1'b0 
	Parameter GTHE3_CHANNEL_RXDFELPMRESET_TIE_EN bound to: 1'b0 
	Parameter GTHE3_CHANNEL_RXDFETAP10HOLD_TIE_EN bound to: 1'b0 
	Parameter GTHE3_CHANNEL_RXDFETAP10OVRDEN_TIE_EN bound to: 1'b0 
	Parameter GTHE3_CHANNEL_RXDFETAP11HOLD_TIE_EN bound to: 1'b0 
	Parameter GTHE3_CHANNEL_RXDFETAP11OVRDEN_TIE_EN bound to: 1'b0 
	Parameter GTHE3_CHANNEL_RXDFETAP12HOLD_TIE_EN bound to: 1'b0 
	Parameter GTHE3_CHANNEL_RXDFETAP12OVRDEN_TIE_EN bound to: 1'b0 
	Parameter GTHE3_CHANNEL_RXDFETAP13HOLD_TIE_EN bound to: 1'b0 
	Parameter GTHE3_CHANNEL_RXDFETAP13OVRDEN_TIE_EN bound to: 1'b0 
	Parameter GTHE3_CHANNEL_RXDFETAP14HOLD_TIE_EN bound to: 1'b0 
	Parameter GTHE3_CHANNEL_RXDFETAP14OVRDEN_TIE_EN bound to: 1'b0 
	Parameter GTHE3_CHANNEL_RXDFETAP15HOLD_TIE_EN bound to: 1'b0 
	Parameter GTHE3_CHANNEL_RXDFETAP15OVRDEN_TIE_EN bound to: 1'b0 
	Parameter GTHE3_CHANNEL_RXDFETAP2HOLD_TIE_EN bound to: 1'b0 
	Parameter GTHE3_CHANNEL_RXDFETAP2OVRDEN_TIE_EN bound to: 1'b0 
	Parameter GTHE3_CHANNEL_RXDFETAP3HOLD_TIE_EN bound to: 1'b0 
	Parameter GTHE3_CHANNEL_RXDFETAP3OVRDEN_TIE_EN bound to: 1'b0 
	Parameter GTHE3_CHANNEL_RXDFETAP4HOLD_TIE_EN bound to: 1'b0 
	Parameter GTHE3_CHANNEL_RXDFETAP4OVRDEN_TIE_EN bound to: 1'b0 
	Parameter GTHE3_CHANNEL_RXDFETAP5HOLD_TIE_EN bound to: 1'b0 
	Parameter GTHE3_CHANNEL_RXDFETAP5OVRDEN_TIE_EN bound to: 1'b0 
	Parameter GTHE3_CHANNEL_RXDFETAP6HOLD_TIE_EN bound to: 1'b0 
	Parameter GTHE3_CHANNEL_RXDFETAP6OVRDEN_TIE_EN bound to: 1'b0 
	Parameter GTHE3_CHANNEL_RXDFETAP7HOLD_TIE_EN bound to: 1'b0 
	Parameter GTHE3_CHANNEL_RXDFETAP7OVRDEN_TIE_EN bound to: 1'b0 
	Parameter GTHE3_CHANNEL_RXDFETAP8HOLD_TIE_EN bound to: 1'b0 
	Parameter GTHE3_CHANNEL_RXDFETAP8OVRDEN_TIE_EN bound to: 1'b0 
	Parameter GTHE3_CHANNEL_RXDFETAP9HOLD_TIE_EN bound to: 1'b0 
	Parameter GTHE3_CHANNEL_RXDFETAP9OVRDEN_TIE_EN bound to: 1'b0 
	Parameter GTHE3_CHANNEL_RXDFEUTHOLD_TIE_EN bound to: 1'b0 
	Parameter GTHE3_CHANNEL_RXDFEUTOVRDEN_TIE_EN bound to: 1'b0 
	Parameter GTHE3_CHANNEL_RXDFEVPHOLD_TIE_EN bound to: 1'b0 
	Parameter GTHE3_CHANNEL_RXDFEVPOVRDEN_TIE_EN bound to: 1'b0 
	Parameter GTHE3_CHANNEL_RXDFEVSEN_TIE_EN bound to: 1'b0 
	Parameter GTHE3_CHANNEL_RXDFEXYDEN_TIE_EN bound to: 1'b0 
	Parameter GTHE3_CHANNEL_RXDLYBYPASS_TIE_EN bound to: 1'b0 
	Parameter GTHE3_CHANNEL_RXDLYEN_TIE_EN bound to: 1'b0 
	Parameter GTHE3_CHANNEL_RXDLYOVRDEN_TIE_EN bound to: 1'b0 
	Parameter GTHE3_CHANNEL_RXDLYSRESET_TIE_EN bound to: 1'b0 
	Parameter GTHE3_CHANNEL_RXELECIDLEMODE_TIE_EN bound to: 1'b0 
	Parameter GTHE3_CHANNEL_RXGEARBOXSLIP_TIE_EN bound to: 1'b0 
	Parameter GTHE3_CHANNEL_RXLATCLK_TIE_EN bound to: 1'b0 
	Parameter GTHE3_CHANNEL_RXLPMEN_TIE_EN bound to: 1'b0 
	Parameter GTHE3_CHANNEL_RXLPMGCHOLD_TIE_EN bound to: 1'b0 
	Parameter GTHE3_CHANNEL_RXLPMGCOVRDEN_TIE_EN bound to: 1'b0 
	Parameter GTHE3_CHANNEL_RXLPMHFHOLD_TIE_EN bound to: 1'b0 
	Parameter GTHE3_CHANNEL_RXLPMHFOVRDEN_TIE_EN bound to: 1'b0 
	Parameter GTHE3_CHANNEL_RXLPMLFHOLD_TIE_EN bound to: 1'b0 
	Parameter GTHE3_CHANNEL_RXLPMLFKLOVRDEN_TIE_EN bound to: 1'b0 
	Parameter GTHE3_CHANNEL_RXLPMOSHOLD_TIE_EN bound to: 1'b0 
	Parameter GTHE3_CHANNEL_RXLPMOSOVRDEN_TIE_EN bound to: 1'b0 
	Parameter GTHE3_CHANNEL_RXMCOMMAALIGNEN_TIE_EN bound to: 1'b0 
	Parameter GTHE3_CHANNEL_RXMONITORSEL_TIE_EN bound to: 1'b0 
	Parameter GTHE3_CHANNEL_RXOOBRESET_TIE_EN bound to: 1'b0 
	Parameter GTHE3_CHANNEL_RXOSCALRESET_TIE_EN bound to: 1'b0 
	Parameter GTHE3_CHANNEL_RXOSHOLD_TIE_EN bound to: 1'b0 
	Parameter GTHE3_CHANNEL_RXOSINTCFG_TIE_EN bound to: 1'b0 
	Parameter GTHE3_CHANNEL_RXOSINTEN_TIE_EN bound to: 1'b0 
	Parameter GTHE3_CHANNEL_RXOSINTHOLD_TIE_EN bound to: 1'b0 
	Parameter GTHE3_CHANNEL_RXOSINTOVRDEN_TIE_EN bound to: 1'b0 
	Parameter GTHE3_CHANNEL_RXOSINTSTROBE_TIE_EN bound to: 1'b0 
	Parameter GTHE3_CHANNEL_RXOSINTTESTOVRDEN_TIE_EN bound to: 1'b0 
	Parameter GTHE3_CHANNEL_RXOSOVRDEN_TIE_EN bound to: 1'b0 
	Parameter GTHE3_CHANNEL_RXOUTCLKSEL_TIE_EN bound to: 1'b0 
	Parameter GTHE3_CHANNEL_RXPCOMMAALIGNEN_TIE_EN bound to: 1'b0 
	Parameter GTHE3_CHANNEL_RXPCSRESET_TIE_EN bound to: 1'b0 
	Parameter GTHE3_CHANNEL_RXPD_TIE_EN bound to: 1'b0 
	Parameter GTHE3_CHANNEL_RXPHALIGN_TIE_EN bound to: 1'b0 
	Parameter GTHE3_CHANNEL_RXPHALIGNEN_TIE_EN bound to: 1'b0 
	Parameter GTHE3_CHANNEL_RXPHDLYPD_TIE_EN bound to: 1'b0 
	Parameter GTHE3_CHANNEL_RXPHDLYRESET_TIE_EN bound to: 1'b0 
	Parameter GTHE3_CHANNEL_RXPHOVRDEN_TIE_EN bound to: 1'b0 
	Parameter GTHE3_CHANNEL_RXPLLCLKSEL_TIE_EN bound to: 1'b0 
	Parameter GTHE3_CHANNEL_RXPMARESET_TIE_EN bound to: 1'b0 
	Parameter GTHE3_CHANNEL_RXPOLARITY_TIE_EN bound to: 1'b0 
	Parameter GTHE3_CHANNEL_RXPRBSCNTRESET_TIE_EN bound to: 1'b0 
	Parameter GTHE3_CHANNEL_RXPRBSSEL_TIE_EN bound to: 1'b0 
	Parameter GTHE3_CHANNEL_RXPROGDIVRESET_TIE_EN bound to: 1'b0 
	Parameter GTHE3_CHANNEL_RXQPIEN_TIE_EN bound to: 1'b0 
	Parameter GTHE3_CHANNEL_RXRATE_TIE_EN bound to: 1'b0 
	Parameter GTHE3_CHANNEL_RXRATEMODE_TIE_EN bound to: 1'b0 
	Parameter GTHE3_CHANNEL_RXSLIDE_TIE_EN bound to: 1'b0 
	Parameter GTHE3_CHANNEL_RXSLIPOUTCLK_TIE_EN bound to: 1'b0 
	Parameter GTHE3_CHANNEL_RXSLIPPMA_TIE_EN bound to: 1'b0 
	Parameter GTHE3_CHANNEL_RXSYNCALLIN_TIE_EN bound to: 1'b0 
	Parameter GTHE3_CHANNEL_RXSYNCIN_TIE_EN bound to: 1'b0 
	Parameter GTHE3_CHANNEL_RXSYNCMODE_TIE_EN bound to: 1'b0 
	Parameter GTHE3_CHANNEL_RXSYSCLKSEL_TIE_EN bound to: 1'b0 
	Parameter GTHE3_CHANNEL_RXUSERRDY_TIE_EN bound to: 1'b0 
	Parameter GTHE3_CHANNEL_RXUSRCLK_TIE_EN bound to: 1'b0 
	Parameter GTHE3_CHANNEL_RXUSRCLK2_TIE_EN bound to: 1'b0 
	Parameter GTHE3_CHANNEL_SIGVALIDCLK_TIE_EN bound to: 1'b0 
	Parameter GTHE3_CHANNEL_TSTIN_TIE_EN bound to: 1'b1 
	Parameter GTHE3_CHANNEL_TX8B10BBYPASS_TIE_EN bound to: 1'b0 
	Parameter GTHE3_CHANNEL_TX8B10BEN_TIE_EN bound to: 1'b0 
	Parameter GTHE3_CHANNEL_TXBUFDIFFCTRL_TIE_EN bound to: 1'b0 
	Parameter GTHE3_CHANNEL_TXCOMINIT_TIE_EN bound to: 1'b0 
	Parameter GTHE3_CHANNEL_TXCOMSAS_TIE_EN bound to: 1'b0 
	Parameter GTHE3_CHANNEL_TXCOMWAKE_TIE_EN bound to: 1'b0 
	Parameter GTHE3_CHANNEL_TXCTRL0_TIE_EN bound to: 1'b0 
	Parameter GTHE3_CHANNEL_TXCTRL1_TIE_EN bound to: 1'b0 
	Parameter GTHE3_CHANNEL_TXCTRL2_TIE_EN bound to: 1'b0 
	Parameter GTHE3_CHANNEL_TXDATA_TIE_EN bound to: 1'b0 
	Parameter GTHE3_CHANNEL_TXDATAEXTENDRSVD_TIE_EN bound to: 1'b0 
	Parameter GTHE3_CHANNEL_TXDEEMPH_TIE_EN bound to: 1'b0 
	Parameter GTHE3_CHANNEL_TXDETECTRX_TIE_EN bound to: 1'b0 
	Parameter GTHE3_CHANNEL_TXDIFFCTRL_TIE_EN bound to: 1'b0 
	Parameter GTHE3_CHANNEL_TXDIFFPD_TIE_EN bound to: 1'b0 
	Parameter GTHE3_CHANNEL_TXDLYBYPASS_TIE_EN bound to: 1'b0 
	Parameter GTHE3_CHANNEL_TXDLYEN_TIE_EN bound to: 1'b0 
	Parameter GTHE3_CHANNEL_TXDLYHOLD_TIE_EN bound to: 1'b0 
	Parameter GTHE3_CHANNEL_TXDLYOVRDEN_TIE_EN bound to: 1'b0 
	Parameter GTHE3_CHANNEL_TXDLYSRESET_TIE_EN bound to: 1'b0 
	Parameter GTHE3_CHANNEL_TXDLYUPDOWN_TIE_EN bound to: 1'b0 
	Parameter GTHE3_CHANNEL_TXELECIDLE_TIE_EN bound to: 1'b0 
	Parameter GTHE3_CHANNEL_TXHEADER_TIE_EN bound to: 1'b0 
	Parameter GTHE3_CHANNEL_TXINHIBIT_TIE_EN bound to: 1'b0 
	Parameter GTHE3_CHANNEL_TXLATCLK_TIE_EN bound to: 1'b0 
	Parameter GTHE3_CHANNEL_TXMAINCURSOR_TIE_EN bound to: 1'b0 
	Parameter GTHE3_CHANNEL_TXMARGIN_TIE_EN bound to: 1'b0 
	Parameter GTHE3_CHANNEL_TXOUTCLKSEL_TIE_EN bound to: 1'b0 
	Parameter GTHE3_CHANNEL_TXPCSRESET_TIE_EN bound to: 1'b0 
	Parameter GTHE3_CHANNEL_TXPD_TIE_EN bound to: 1'b0 
	Parameter GTHE3_CHANNEL_TXPDELECIDLEMODE_TIE_EN bound to: 1'b0 
	Parameter GTHE3_CHANNEL_TXPHALIGN_TIE_EN bound to: 1'b0 
	Parameter GTHE3_CHANNEL_TXPHALIGNEN_TIE_EN bound to: 1'b0 
	Parameter GTHE3_CHANNEL_TXPHDLYPD_TIE_EN bound to: 1'b0 
	Parameter GTHE3_CHANNEL_TXPHDLYRESET_TIE_EN bound to: 1'b0 
	Parameter GTHE3_CHANNEL_TXPHDLYTSTCLK_TIE_EN bound to: 1'b0 
	Parameter GTHE3_CHANNEL_TXPHINIT_TIE_EN bound to: 1'b0 
	Parameter GTHE3_CHANNEL_TXPHOVRDEN_TIE_EN bound to: 1'b0 
	Parameter GTHE3_CHANNEL_TXPIPPMEN_TIE_EN bound to: 1'b0 
	Parameter GTHE3_CHANNEL_TXPIPPMOVRDEN_TIE_EN bound to: 1'b0 
	Parameter GTHE3_CHANNEL_TXPIPPMPD_TIE_EN bound to: 1'b0 
	Parameter GTHE3_CHANNEL_TXPIPPMSEL_TIE_EN bound to: 1'b0 
	Parameter GTHE3_CHANNEL_TXPIPPMSTEPSIZE_TIE_EN bound to: 1'b0 
	Parameter GTHE3_CHANNEL_TXPISOPD_TIE_EN bound to: 1'b0 
	Parameter GTHE3_CHANNEL_TXPLLCLKSEL_TIE_EN bound to: 1'b0 
	Parameter GTHE3_CHANNEL_TXPMARESET_TIE_EN bound to: 1'b0 
	Parameter GTHE3_CHANNEL_TXPOLARITY_TIE_EN bound to: 1'b0 
	Parameter GTHE3_CHANNEL_TXPOSTCURSOR_TIE_EN bound to: 1'b0 
	Parameter GTHE3_CHANNEL_TXPOSTCURSORINV_TIE_EN bound to: 1'b0 
	Parameter GTHE3_CHANNEL_TXPRBSFORCEERR_TIE_EN bound to: 1'b0 
	Parameter GTHE3_CHANNEL_TXPRBSSEL_TIE_EN bound to: 1'b0 
	Parameter GTHE3_CHANNEL_TXPRECURSOR_TIE_EN bound to: 1'b0 
	Parameter GTHE3_CHANNEL_TXPRECURSORINV_TIE_EN bound to: 1'b0 
	Parameter GTHE3_CHANNEL_TXPROGDIVRESET_TIE_EN bound to: 1'b0 
	Parameter GTHE3_CHANNEL_TXQPIBIASEN_TIE_EN bound to: 1'b0 
	Parameter GTHE3_CHANNEL_TXQPISTRONGPDOWN_TIE_EN bound to: 1'b0 
	Parameter GTHE3_CHANNEL_TXQPIWEAKPUP_TIE_EN bound to: 1'b0 
	Parameter GTHE3_CHANNEL_TXRATE_TIE_EN bound to: 1'b0 
	Parameter GTHE3_CHANNEL_TXRATEMODE_TIE_EN bound to: 1'b0 
	Parameter GTHE3_CHANNEL_TXSEQUENCE_TIE_EN bound to: 1'b0 
	Parameter GTHE3_CHANNEL_TXSWING_TIE_EN bound to: 1'b0 
	Parameter GTHE3_CHANNEL_TXSYNCALLIN_TIE_EN bound to: 1'b0 
	Parameter GTHE3_CHANNEL_TXSYNCIN_TIE_EN bound to: 1'b0 
	Parameter GTHE3_CHANNEL_TXSYNCMODE_TIE_EN bound to: 1'b0 
	Parameter GTHE3_CHANNEL_TXSYSCLKSEL_TIE_EN bound to: 1'b0 
	Parameter GTHE3_CHANNEL_TXUSERRDY_TIE_EN bound to: 1'b0 
	Parameter GTHE3_CHANNEL_TXUSRCLK_TIE_EN bound to: 1'b0 
	Parameter GTHE3_CHANNEL_TXUSRCLK2_TIE_EN bound to: 1'b0 
INFO: [Synth 8-6157] synthesizing module 'GTHE3_CHANNEL' [D:/Xilinx_2020_2/Vivado/2020.2/scripts/rt/data/unisim_comp.v:15652]
	Parameter ACJTAG_DEBUG_MODE bound to: 1'b0 
	Parameter ACJTAG_MODE bound to: 1'b0 
	Parameter ACJTAG_RESET bound to: 1'b0 
	Parameter ADAPT_CFG0 bound to: 16'b1111100000000000 
	Parameter ADAPT_CFG1 bound to: 16'b0000000000000000 
	Parameter ALIGN_COMMA_DOUBLE bound to: FALSE - type: string 
	Parameter ALIGN_COMMA_ENABLE bound to: 10'b1111111111 
	Parameter ALIGN_COMMA_WORD bound to: 2 - type: integer 
	Parameter ALIGN_MCOMMA_DET bound to: TRUE - type: string 
	Parameter ALIGN_MCOMMA_VALUE bound to: 10'b1010000011 
	Parameter ALIGN_PCOMMA_DET bound to: TRUE - type: string 
	Parameter ALIGN_PCOMMA_VALUE bound to: 10'b0101111100 
	Parameter A_RXOSCALRESET bound to: 1'b0 
	Parameter A_RXPROGDIVRESET bound to: 1'b0 
	Parameter A_TXPROGDIVRESET bound to: 1'b0 
	Parameter CBCC_DATA_SOURCE_SEL bound to: DECODED - type: string 
	Parameter CDR_SWAP_MODE_EN bound to: 1'b0 
	Parameter CHAN_BOND_KEEP_ALIGN bound to: FALSE - type: string 
	Parameter CHAN_BOND_MAX_SKEW bound to: 1 - type: integer 
	Parameter CHAN_BOND_SEQ_1_1 bound to: 10'b0000000000 
	Parameter CHAN_BOND_SEQ_1_2 bound to: 10'b0000000000 
	Parameter CHAN_BOND_SEQ_1_3 bound to: 10'b0000000000 
	Parameter CHAN_BOND_SEQ_1_4 bound to: 10'b0000000000 
	Parameter CHAN_BOND_SEQ_1_ENABLE bound to: 4'b1111 
	Parameter CHAN_BOND_SEQ_2_1 bound to: 10'b0000000000 
	Parameter CHAN_BOND_SEQ_2_2 bound to: 10'b0000000000 
	Parameter CHAN_BOND_SEQ_2_3 bound to: 10'b0000000000 
	Parameter CHAN_BOND_SEQ_2_4 bound to: 10'b0000000000 
	Parameter CHAN_BOND_SEQ_2_ENABLE bound to: 4'b1111 
	Parameter CHAN_BOND_SEQ_2_USE bound to: FALSE - type: string 
	Parameter CHAN_BOND_SEQ_LEN bound to: 1 - type: integer 
	Parameter CLK_CORRECT_USE bound to: TRUE - type: string 
	Parameter CLK_COR_KEEP_IDLE bound to: FALSE - type: string 
	Parameter CLK_COR_MAX_LAT bound to: 31 - type: integer 
	Parameter CLK_COR_MIN_LAT bound to: 24 - type: integer 
	Parameter CLK_COR_PRECEDENCE bound to: TRUE - type: string 
	Parameter CLK_COR_REPEAT_WAIT bound to: 0 - type: integer 
	Parameter CLK_COR_SEQ_1_1 bound to: 10'b0111110111 
	Parameter CLK_COR_SEQ_1_2 bound to: 10'b0111110111 
	Parameter CLK_COR_SEQ_1_3 bound to: 10'b0111110111 
	Parameter CLK_COR_SEQ_1_4 bound to: 10'b0111110111 
	Parameter CLK_COR_SEQ_1_ENABLE bound to: 4'b1111 
	Parameter CLK_COR_SEQ_2_1 bound to: 10'b0000000000 
	Parameter CLK_COR_SEQ_2_2 bound to: 10'b0000000000 
	Parameter CLK_COR_SEQ_2_3 bound to: 10'b0000000000 
	Parameter CLK_COR_SEQ_2_4 bound to: 10'b0000000000 
	Parameter CLK_COR_SEQ_2_ENABLE bound to: 4'b1111 
	Parameter CLK_COR_SEQ_2_USE bound to: FALSE - type: string 
	Parameter CLK_COR_SEQ_LEN bound to: 4 - type: integer 
	Parameter CPLL_CFG0 bound to: 16'b0110011111111000 
	Parameter CPLL_CFG1 bound to: 16'b1010010010101100 
	Parameter CPLL_CFG2 bound to: 16'b0000000000000111 
	Parameter CPLL_CFG3 bound to: 6'b000000 
	Parameter CPLL_FBDIV bound to: 5 - type: integer 
	Parameter CPLL_FBDIV_45 bound to: 4 - type: integer 
	Parameter CPLL_INIT_CFG0 bound to: 16'b0000001010110010 
	Parameter CPLL_INIT_CFG1 bound to: 8'b00000000 
	Parameter CPLL_LOCK_CFG bound to: 16'b0000000111101000 
	Parameter CPLL_REFCLK_DIV bound to: 1 - type: integer 
	Parameter DDI_CTRL bound to: 2'b00 
	Parameter DDI_REALIGN_WAIT bound to: 15 - type: integer 
	Parameter DEC_MCOMMA_DETECT bound to: TRUE - type: string 
	Parameter DEC_PCOMMA_DETECT bound to: TRUE - type: string 
	Parameter DEC_VALID_COMMA_ONLY bound to: FALSE - type: string 
	Parameter DFE_D_X_REL_POS bound to: 1'b0 
	Parameter DFE_VCM_COMP_EN bound to: 1'b0 
	Parameter DMONITOR_CFG0 bound to: 10'b0000000000 
	Parameter DMONITOR_CFG1 bound to: 8'b00000000 
	Parameter ES_CLK_PHASE_SEL bound to: 1'b0 
	Parameter ES_CONTROL bound to: 6'b000000 
	Parameter ES_ERRDET_EN bound to: FALSE - type: string 
	Parameter ES_EYE_SCAN_EN bound to: FALSE - type: string 
	Parameter ES_HORZ_OFFSET bound to: 12'b000000000000 
	Parameter ES_PMA_CFG bound to: 10'b0000000000 
	Parameter ES_PRESCALE bound to: 5'b00000 
	Parameter ES_QUALIFIER0 bound to: 16'b0000000000000000 
	Parameter ES_QUALIFIER1 bound to: 16'b0000000000000000 
	Parameter ES_QUALIFIER2 bound to: 16'b0000000000000000 
	Parameter ES_QUALIFIER3 bound to: 16'b0000000000000000 
	Parameter ES_QUALIFIER4 bound to: 16'b0000000000000000 
	Parameter ES_QUAL_MASK0 bound to: 16'b0000000000000000 
	Parameter ES_QUAL_MASK1 bound to: 16'b0000000000000000 
	Parameter ES_QUAL_MASK2 bound to: 16'b0000000000000000 
	Parameter ES_QUAL_MASK3 bound to: 16'b0000000000000000 
	Parameter ES_QUAL_MASK4 bound to: 16'b0000000000000000 
	Parameter ES_SDATA_MASK0 bound to: 16'b0000000000000000 
	Parameter ES_SDATA_MASK1 bound to: 16'b0000000000000000 
	Parameter ES_SDATA_MASK2 bound to: 16'b0000000000000000 
	Parameter ES_SDATA_MASK3 bound to: 16'b0000000000000000 
	Parameter ES_SDATA_MASK4 bound to: 16'b0000000000000000 
	Parameter EVODD_PHI_CFG bound to: 11'b00000000000 
	Parameter EYE_SCAN_SWAP_EN bound to: 1'b0 
	Parameter FTS_DESKEW_SEQ_ENABLE bound to: 4'b1111 
	Parameter FTS_LANE_DESKEW_CFG bound to: 4'b1111 
	Parameter FTS_LANE_DESKEW_EN bound to: FALSE - type: string 
	Parameter GEARBOX_MODE bound to: 5'b00000 
	Parameter GM_BIAS_SELECT bound to: 1'b0 
	Parameter LOCAL_MASTER bound to: 1'b1 
	Parameter OOBDIVCTL bound to: 2'b00 
	Parameter OOB_PWRUP bound to: 1'b0 
	Parameter PCI3_AUTO_REALIGN bound to: OVR_1K_BLK - type: string 
	Parameter PCI3_PIPE_RX_ELECIDLE bound to: 1'b0 
	Parameter PCI3_RX_ASYNC_EBUF_BYPASS bound to: 2'b00 
	Parameter PCI3_RX_ELECIDLE_EI2_ENABLE bound to: 1'b0 
	Parameter PCI3_RX_ELECIDLE_H2L_COUNT bound to: 6'b000000 
	Parameter PCI3_RX_ELECIDLE_H2L_DISABLE bound to: 3'b000 
	Parameter PCI3_RX_ELECIDLE_HI_COUNT bound to: 6'b000000 
	Parameter PCI3_RX_ELECIDLE_LP4_DISABLE bound to: 1'b0 
	Parameter PCI3_RX_FIFO_DISABLE bound to: 1'b0 
	Parameter PCIE_BUFG_DIV_CTRL bound to: 16'b0001000000000000 
	Parameter PCIE_RXPCS_CFG_GEN3 bound to: 16'b0000001010100100 
	Parameter PCIE_RXPMA_CFG bound to: 16'b0000000000001010 
	Parameter PCIE_TXPCS_CFG_GEN3 bound to: 16'b0010110010100100 
	Parameter PCIE_TXPMA_CFG bound to: 16'b0000000000001010 
	Parameter PCS_PCIE_EN bound to: FALSE - type: string 
	Parameter PCS_RSVD0 bound to: 16'b0000000000000000 
	Parameter PCS_RSVD1 bound to: 3'b000 
	Parameter PD_TRANS_TIME_FROM_P2 bound to: 12'b000000111100 
	Parameter PD_TRANS_TIME_NONE_P2 bound to: 8'b00011001 
	Parameter PD_TRANS_TIME_TO_P2 bound to: 8'b01100100 
	Parameter PLL_SEL_MODE_GEN12 bound to: 2'b00 
	Parameter PLL_SEL_MODE_GEN3 bound to: 2'b11 
	Parameter PMA_RSV1 bound to: 16'b1111000000000000 
	Parameter PROCESS_PAR bound to: 3'b010 
	Parameter RATE_SW_USE_DRP bound to: 1'b1 
	Parameter RESET_POWERSAVE_DISABLE bound to: 1'b0 
	Parameter RXBUFRESET_TIME bound to: 5'b00011 
	Parameter RXBUF_ADDR_MODE bound to: FULL - type: string 
	Parameter RXBUF_EIDLE_HI_CNT bound to: 4'b1000 
	Parameter RXBUF_EIDLE_LO_CNT bound to: 4'b0000 
	Parameter RXBUF_EN bound to: TRUE - type: string 
	Parameter RXBUF_RESET_ON_CB_CHANGE bound to: TRUE - type: string 
	Parameter RXBUF_RESET_ON_COMMAALIGN bound to: FALSE - type: string 
	Parameter RXBUF_RESET_ON_EIDLE bound to: FALSE - type: string 
	Parameter RXBUF_RESET_ON_RATE_CHANGE bound to: TRUE - type: string 
	Parameter RXBUF_THRESH_OVFLW bound to: 0 - type: integer 
	Parameter RXBUF_THRESH_OVRD bound to: FALSE - type: string 
	Parameter RXBUF_THRESH_UNDFLW bound to: 0 - type: integer 
	Parameter RXCDRFREQRESET_TIME bound to: 5'b00001 
	Parameter RXCDRPHRESET_TIME bound to: 5'b00001 
	Parameter RXCDR_CFG0 bound to: 16'b0000000000000000 
	Parameter RXCDR_CFG0_GEN3 bound to: 16'b0000000000000000 
	Parameter RXCDR_CFG1 bound to: 16'b0000000000000000 
	Parameter RXCDR_CFG1_GEN3 bound to: 16'b0000000000000000 
	Parameter RXCDR_CFG2 bound to: 16'b0000011101000110 
	Parameter RXCDR_CFG2_GEN3 bound to: 16'b0000011111100110 
	Parameter RXCDR_CFG3 bound to: 16'b0000000000000000 
	Parameter RXCDR_CFG3_GEN3 bound to: 16'b0000000000000000 
	Parameter RXCDR_CFG4 bound to: 16'b0000000000000000 
	Parameter RXCDR_CFG4_GEN3 bound to: 16'b0000000000000000 
	Parameter RXCDR_CFG5 bound to: 16'b0000000000000000 
	Parameter RXCDR_CFG5_GEN3 bound to: 16'b0000000000000000 
	Parameter RXCDR_FR_RESET_ON_EIDLE bound to: 1'b0 
	Parameter RXCDR_HOLD_DURING_EIDLE bound to: 1'b0 
	Parameter RXCDR_LOCK_CFG0 bound to: 16'b0100010010000000 
	Parameter RXCDR_LOCK_CFG1 bound to: 16'b0101111111111111 
	Parameter RXCDR_LOCK_CFG2 bound to: 16'b0111011111000011 
	Parameter RXCDR_PH_RESET_ON_EIDLE bound to: 1'b0 
	Parameter RXCFOK_CFG0 bound to: 16'b0100000000000000 
	Parameter RXCFOK_CFG1 bound to: 16'b0000000001100101 
	Parameter RXCFOK_CFG2 bound to: 16'b0000000000101110 
	Parameter RXDFELPMRESET_TIME bound to: 7'b0001111 
	Parameter RXDFELPM_KL_CFG0 bound to: 16'b0000000000000000 
	Parameter RXDFELPM_KL_CFG1 bound to: 16'b0000000000110010 
	Parameter RXDFELPM_KL_CFG2 bound to: 16'b0000000000000000 
	Parameter RXDFE_CFG0 bound to: 16'b0000101000000000 
	Parameter RXDFE_CFG1 bound to: 16'b0000000000000000 
	Parameter RXDFE_GC_CFG0 bound to: 16'b0000000000000000 
	Parameter RXDFE_GC_CFG1 bound to: 16'b0111100001110000 
	Parameter RXDFE_GC_CFG2 bound to: 16'b0000000000000000 
	Parameter RXDFE_H2_CFG0 bound to: 16'b0000000000000000 
	Parameter RXDFE_H2_CFG1 bound to: 16'b0000000000000000 
	Parameter RXDFE_H3_CFG0 bound to: 16'b0100000000000000 
	Parameter RXDFE_H3_CFG1 bound to: 16'b0000000000000000 
	Parameter RXDFE_H4_CFG0 bound to: 16'b0010000000000000 
	Parameter RXDFE_H4_CFG1 bound to: 16'b0000000000000011 
	Parameter RXDFE_H5_CFG0 bound to: 16'b0010000000000000 
	Parameter RXDFE_H5_CFG1 bound to: 16'b0000000000000011 
	Parameter RXDFE_H6_CFG0 bound to: 16'b0010000000000000 
	Parameter RXDFE_H6_CFG1 bound to: 16'b0000000000000000 
	Parameter RXDFE_H7_CFG0 bound to: 16'b0010000000000000 
	Parameter RXDFE_H7_CFG1 bound to: 16'b0000000000000000 
	Parameter RXDFE_H8_CFG0 bound to: 16'b0010000000000000 
	Parameter RXDFE_H8_CFG1 bound to: 16'b0000000000000000 
	Parameter RXDFE_H9_CFG0 bound to: 16'b0010000000000000 
	Parameter RXDFE_H9_CFG1 bound to: 16'b0000000000000000 
	Parameter RXDFE_HA_CFG0 bound to: 16'b0010000000000000 
	Parameter RXDFE_HA_CFG1 bound to: 16'b0000000000000000 
	Parameter RXDFE_HB_CFG0 bound to: 16'b0010000000000000 
	Parameter RXDFE_HB_CFG1 bound to: 16'b0000000000000000 
	Parameter RXDFE_HC_CFG0 bound to: 16'b0000000000000000 
	Parameter RXDFE_HC_CFG1 bound to: 16'b0000000000000000 
	Parameter RXDFE_HD_CFG0 bound to: 16'b0000000000000000 
	Parameter RXDFE_HD_CFG1 bound to: 16'b0000000000000000 
	Parameter RXDFE_HE_CFG0 bound to: 16'b0000000000000000 
	Parameter RXDFE_HE_CFG1 bound to: 16'b0000000000000000 
	Parameter RXDFE_HF_CFG0 bound to: 16'b0000000000000000 
	Parameter RXDFE_HF_CFG1 bound to: 16'b0000000000000000 
	Parameter RXDFE_OS_CFG0 bound to: 16'b1000000000000000 
	Parameter RXDFE_OS_CFG1 bound to: 16'b0000000000000000 
	Parameter RXDFE_UT_CFG0 bound to: 16'b1000000000000000 
	Parameter RXDFE_UT_CFG1 bound to: 16'b0000000000000011 
	Parameter RXDFE_VP_CFG0 bound to: 16'b1010101000000000 
	Parameter RXDFE_VP_CFG1 bound to: 16'b0000000000110011 
	Parameter RXDLY_CFG bound to: 16'b0000000000011111 
	Parameter RXDLY_LCFG bound to: 16'b0000000000110000 
	Parameter RXELECIDLE_CFG bound to: Sigcfg_4 - type: string 
	Parameter RXGBOX_FIFO_INIT_RD_ADDR bound to: 4 - type: integer 
	Parameter RXGEARBOX_EN bound to: FALSE - type: string 
	Parameter RXISCANRESET_TIME bound to: 5'b00001 
	Parameter RXLPM_CFG bound to: 16'b0000000000000000 
	Parameter RXLPM_GC_CFG bound to: 16'b0001000000000000 
	Parameter RXLPM_KH_CFG0 bound to: 16'b0000000000000000 
	Parameter RXLPM_KH_CFG1 bound to: 16'b0000000000000010 
	Parameter RXLPM_OS_CFG0 bound to: 16'b1000000000000000 
	Parameter RXLPM_OS_CFG1 bound to: 16'b0000000000000010 
	Parameter RXOOB_CFG bound to: 9'b000000110 
	Parameter RXOOB_CLK_CFG bound to: PMA - type: string 
	Parameter RXOSCALRESET_TIME bound to: 5'b00011 
	Parameter RXOUT_DIV bound to: 4 - type: integer 
	Parameter RXPCSRESET_TIME bound to: 5'b00011 
	Parameter RXPHBEACON_CFG bound to: 16'b0000000000000000 
	Parameter RXPHDLY_CFG bound to: 16'b0010000000100000 
	Parameter RXPHSAMP_CFG bound to: 16'b0010000100000000 
	Parameter RXPHSLIP_CFG bound to: 16'b0110011000100010 
	Parameter RXPH_MONITOR_SEL bound to: 5'b00000 
	Parameter RXPI_CFG0 bound to: 2'b01 
	Parameter RXPI_CFG1 bound to: 2'b01 
	Parameter RXPI_CFG2 bound to: 2'b01 
	Parameter RXPI_CFG3 bound to: 2'b01 
	Parameter RXPI_CFG4 bound to: 1'b1 
	Parameter RXPI_CFG5 bound to: 1'b1 
	Parameter RXPI_CFG6 bound to: 3'b011 
	Parameter RXPI_LPM bound to: 1'b0 
	Parameter RXPI_VREFSEL bound to: 1'b0 
	Parameter RXPMACLK_SEL bound to: DATA - type: string 
	Parameter RXPMARESET_TIME bound to: 5'b00011 
	Parameter RXPRBS_ERR_LOOPBACK bound to: 1'b0 
	Parameter RXPRBS_LINKACQ_CNT bound to: 15 - type: integer 
	Parameter RXSLIDE_AUTO_WAIT bound to: 7 - type: integer 
	Parameter RXSLIDE_MODE bound to: OFF - type: string 
	Parameter RXSYNC_MULTILANE bound to: 1'b0 
	Parameter RXSYNC_OVRD bound to: 1'b0 
	Parameter RXSYNC_SKIP_DA bound to: 1'b0 
	Parameter RX_AFE_CM_EN bound to: 1'b0 
	Parameter RX_BIAS_CFG0 bound to: 16'b0000101010110100 
	Parameter RX_BUFFER_CFG bound to: 6'b000000 
	Parameter RX_CAPFF_SARC_ENB bound to: 1'b0 
	Parameter RX_CLK25_DIV bound to: 5 - type: integer 
	Parameter RX_CLKMUX_EN bound to: 1'b1 
	Parameter RX_CLK_SLIP_OVRD bound to: 5'b00000 
	Parameter RX_CM_BUF_CFG bound to: 4'b1010 
	Parameter RX_CM_BUF_PD bound to: 1'b0 
	Parameter RX_CM_SEL bound to: 2'b11 
	Parameter RX_CM_TRIM bound to: 4'b1010 
	Parameter RX_CTLE3_LPF bound to: 8'b00000001 
	Parameter RX_DATA_WIDTH bound to: 40 - type: integer 
	Parameter RX_DDI_SEL bound to: 6'b000000 
	Parameter RX_DEFER_RESET_BUF_EN bound to: TRUE - type: string 
	Parameter RX_DFELPM_CFG0 bound to: 4'b0110 
	Parameter RX_DFELPM_CFG1 bound to: 1'b1 
	Parameter RX_DFELPM_KLKH_AGC_STUP_EN bound to: 1'b1 
	Parameter RX_DFE_AGC_CFG0 bound to: 2'b10 
	Parameter RX_DFE_AGC_CFG1 bound to: 3'b000 
	Parameter RX_DFE_KL_LPM_KH_CFG0 bound to: 2'b01 
	Parameter RX_DFE_KL_LPM_KH_CFG1 bound to: 3'b000 
	Parameter RX_DFE_KL_LPM_KL_CFG0 bound to: 2'b01 
	Parameter RX_DFE_KL_LPM_KL_CFG1 bound to: 3'b000 
	Parameter RX_DFE_LPM_HOLD_DURING_EIDLE bound to: 1'b0 
	Parameter RX_DISPERR_SEQ_MATCH bound to: TRUE - type: string 
	Parameter RX_DIVRESET_TIME bound to: 5'b00001 
	Parameter RX_EN_HI_LR bound to: 1'b0 
	Parameter RX_EYESCAN_VS_CODE bound to: 7'b0000000 
	Parameter RX_EYESCAN_VS_NEG_DIR bound to: 1'b0 
	Parameter RX_EYESCAN_VS_RANGE bound to: 2'b00 
	Parameter RX_EYESCAN_VS_UT_SIGN bound to: 1'b0 
	Parameter RX_FABINT_USRCLK_FLOP bound to: 1'b0 
	Parameter RX_INT_DATAWIDTH bound to: 1 - type: integer 
	Parameter RX_PMA_POWER_SAVE bound to: 1'b0 
	Parameter RX_PROGDIV_CFG bound to: 0.000000 - type: double 
	Parameter RX_SAMPLE_PERIOD bound to: 3'b111 
	Parameter RX_SIG_VALID_DLY bound to: 11 - type: integer 
	Parameter RX_SUM_DFETAPREP_EN bound to: 1'b0 
	Parameter RX_SUM_IREF_TUNE bound to: 4'b1100 
	Parameter RX_SUM_RES_CTRL bound to: 2'b11 
	Parameter RX_SUM_VCMTUNE bound to: 4'b0000 
	Parameter RX_SUM_VCM_OVWR bound to: 1'b0 
	Parameter RX_SUM_VREF_TUNE bound to: 3'b000 
	Parameter RX_TUNE_AFE_OS bound to: 2'b10 
	Parameter RX_WIDEMODE_CDR bound to: 1'b0 
	Parameter RX_XCLK_SEL bound to: RXDES - type: string 
	Parameter SAS_MAX_COM bound to: 64 - type: integer 
	Parameter SAS_MIN_COM bound to: 36 - type: integer 
	Parameter SATA_BURST_SEQ_LEN bound to: 4'b1110 
	Parameter SATA_BURST_VAL bound to: 3'b100 
	Parameter SATA_CPLL_CFG bound to: VCO_3000MHZ - type: string 
	Parameter SATA_EIDLE_VAL bound to: 3'b100 
	Parameter SATA_MAX_BURST bound to: 8 - type: integer 
	Parameter SATA_MAX_INIT bound to: 21 - type: integer 
	Parameter SATA_MAX_WAKE bound to: 7 - type: integer 
	Parameter SATA_MIN_BURST bound to: 4 - type: integer 
	Parameter SATA_MIN_INIT bound to: 12 - type: integer 
	Parameter SATA_MIN_WAKE bound to: 4 - type: integer 
	Parameter SHOW_REALIGN_COMMA bound to: TRUE - type: string 
	Parameter SIM_MODE bound to: FAST - type: string 
	Parameter SIM_RECEIVER_DETECT_PASS bound to: TRUE - type: string 
	Parameter SIM_RESET_SPEEDUP bound to: TRUE - type: string 
	Parameter SIM_TX_EIDLE_DRIVE_LEVEL bound to: 1'b0 
	Parameter SIM_VERSION bound to: 2 - type: integer 
	Parameter TAPDLY_SET_TX bound to: 2'b00 
	Parameter TEMPERATUR_PAR bound to: 4'b0010 
	Parameter TERM_RCAL_CFG bound to: 15'b100001000010000 
	Parameter TERM_RCAL_OVRD bound to: 3'b000 
	Parameter TRANS_TIME_RATE bound to: 8'b00001110 
	Parameter TST_RSV0 bound to: 8'b00000000 
	Parameter TST_RSV1 bound to: 8'b00000000 
	Parameter TXBUF_EN bound to: TRUE - type: string 
	Parameter TXBUF_RESET_ON_RATE_CHANGE bound to: TRUE - type: string 
	Parameter TXDLY_CFG bound to: 16'b0000000000001001 
	Parameter TXDLY_LCFG bound to: 16'b0000000001010000 
	Parameter TXDRVBIAS_N bound to: 4'b1010 
	Parameter TXDRVBIAS_P bound to: 4'b1010 
	Parameter TXFIFO_ADDR_CFG bound to: LOW - type: string 
	Parameter TXGBOX_FIFO_INIT_RD_ADDR bound to: 4 - type: integer 
	Parameter TXGEARBOX_EN bound to: FALSE - type: string 
	Parameter TXOUT_DIV bound to: 4 - type: integer 
	Parameter TXPCSRESET_TIME bound to: 5'b00011 
	Parameter TXPHDLY_CFG0 bound to: 16'b0010000000100000 
	Parameter TXPHDLY_CFG1 bound to: 16'b0000000001110101 
	Parameter TXPH_CFG bound to: 16'b0000100110000000 
	Parameter TXPH_MONITOR_SEL bound to: 5'b00000 
	Parameter TXPI_CFG0 bound to: 2'b01 
	Parameter TXPI_CFG1 bound to: 2'b01 
	Parameter TXPI_CFG2 bound to: 2'b01 
	Parameter TXPI_CFG3 bound to: 1'b1 
	Parameter TXPI_CFG4 bound to: 1'b1 
	Parameter TXPI_CFG5 bound to: 3'b011 
	Parameter TXPI_GRAY_SEL bound to: 1'b0 
	Parameter TXPI_INVSTROBE_SEL bound to: 1'b1 
	Parameter TXPI_LPM bound to: 1'b0 
	Parameter TXPI_PPMCLK_SEL bound to: TXUSRCLK2 - type: string 
	Parameter TXPI_PPM_CFG bound to: 8'b00000000 
	Parameter TXPI_SYNFREQ_PPM bound to: 3'b001 
	Parameter TXPI_VREFSEL bound to: 1'b0 
	Parameter TXPMARESET_TIME bound to: 5'b00011 
	Parameter TXSYNC_MULTILANE bound to: 1'b0 
	Parameter TXSYNC_OVRD bound to: 1'b0 
	Parameter TXSYNC_SKIP_DA bound to: 1'b0 
	Parameter TX_CLK25_DIV bound to: 5 - type: integer 
	Parameter TX_CLKMUX_EN bound to: 1'b1 
	Parameter TX_DATA_WIDTH bound to: 40 - type: integer 
	Parameter TX_DCD_CFG bound to: 6'b000010 
	Parameter TX_DCD_EN bound to: 1'b0 
	Parameter TX_DEEMPH0 bound to: 6'b000000 
	Parameter TX_DEEMPH1 bound to: 6'b000000 
	Parameter TX_DIVRESET_TIME bound to: 5'b00001 
	Parameter TX_DRIVE_MODE bound to: DIRECT - type: string 
	Parameter TX_EIDLE_ASSERT_DELAY bound to: 3'b100 
	Parameter TX_EIDLE_DEASSERT_DELAY bound to: 3'b011 
	Parameter TX_EML_PHI_TUNE bound to: 1'b0 
	Parameter TX_FABINT_USRCLK_FLOP bound to: 1'b0 
	Parameter TX_IDLE_DATA_ZERO bound to: 1'b0 
	Parameter TX_INT_DATAWIDTH bound to: 1 - type: integer 
	Parameter TX_LOOPBACK_DRIVE_HIZ bound to: FALSE - type: string 
	Parameter TX_MAINCURSOR_SEL bound to: 1'b0 
	Parameter TX_MARGIN_FULL_0 bound to: 7'b1001111 
	Parameter TX_MARGIN_FULL_1 bound to: 7'b1001110 
	Parameter TX_MARGIN_FULL_2 bound to: 7'b1001100 
	Parameter TX_MARGIN_FULL_3 bound to: 7'b1001010 
	Parameter TX_MARGIN_FULL_4 bound to: 7'b1001000 
	Parameter TX_MARGIN_LOW_0 bound to: 7'b1000110 
	Parameter TX_MARGIN_LOW_1 bound to: 7'b1000101 
	Parameter TX_MARGIN_LOW_2 bound to: 7'b1000011 
	Parameter TX_MARGIN_LOW_3 bound to: 7'b1000010 
	Parameter TX_MARGIN_LOW_4 bound to: 7'b1000000 
	Parameter TX_MODE_SEL bound to: 3'b000 
	Parameter TX_PMADATA_OPT bound to: 1'b0 
	Parameter TX_PMA_POWER_SAVE bound to: 1'b0 
	Parameter TX_PROGCLK_SEL bound to: PREPI - type: string 
	Parameter TX_PROGDIV_CFG bound to: 0.000000 - type: double 
	Parameter TX_QPI_STATUS_EN bound to: 1'b0 
	Parameter TX_RXDETECT_CFG bound to: 14'b00000000110010 
	Parameter TX_RXDETECT_REF bound to: 3'b100 
	Parameter TX_SAMPLE_PERIOD bound to: 3'b111 
	Parameter TX_SARC_LPBK_ENB bound to: 1'b0 
	Parameter TX_XCLK_SEL bound to: TXOUT - type: string 
	Parameter USE_PCS_CLK_PHASE_SEL bound to: 1'b0 
	Parameter WB_MODE bound to: 2'b00 
INFO: [Synth 8-6155] done synthesizing module 'GTHE3_CHANNEL' (15#1) [D:/Xilinx_2020_2/Vivado/2020.2/scripts/rt/data/unisim_comp.v:15652]
INFO: [Synth 8-6155] done synthesizing module 'gtwizard_ultrascale_v1_7_9_gthe3_channel' (16#1) [f:/aurora_8b10b_1p25g_design.gen/sources_1/ip/aurora_8b10b_1p25g/ip_0/synth/gtwizard_ultrascale_v1_7_gthe3_channel.v:55]
INFO: [Synth 8-6155] done synthesizing module 'aurora_8b10b_1p25g_gt_gthe3_channel_wrapper' (17#1) [f:/aurora_8b10b_1p25g_design.gen/sources_1/ip/aurora_8b10b_1p25g/ip_0/synth/aurora_8b10b_1p25g_gt_gthe3_channel_wrapper.v:56]
INFO: [Synth 8-6157] synthesizing module 'gtwizard_ultrascale_v1_7_9_bit_synchronizer' [f:/aurora_8b10b_1p25g_design.gen/sources_1/ip/aurora_8b10b_1p25g/ip_0/hdl/gtwizard_ultrascale_v1_7_bit_sync.v:55]
	Parameter INITIALIZE bound to: 5'b00000 
	Parameter FREQUENCY bound to: 512 - type: integer 
INFO: [Synth 8-6155] done synthesizing module 'gtwizard_ultrascale_v1_7_9_bit_synchronizer' (18#1) [f:/aurora_8b10b_1p25g_design.gen/sources_1/ip/aurora_8b10b_1p25g/ip_0/hdl/gtwizard_ultrascale_v1_7_bit_sync.v:55]
INFO: [Synth 8-6157] synthesizing module 'gtwizard_ultrascale_v1_7_9_gtwiz_reset' [f:/aurora_8b10b_1p25g_design.gen/sources_1/ip/aurora_8b10b_1p25g/ip_0/hdl/gtwizard_ultrascale_v1_7_gtwiz_reset.v:55]
	Parameter P_FREERUN_FREQUENCY bound to: 25.000000 - type: double 
	Parameter P_USE_CPLL_CAL bound to: 0 - type: integer 
	Parameter P_TX_PLL_TYPE bound to: 2 - type: integer 
	Parameter P_RX_PLL_TYPE bound to: 2 - type: integer 
	Parameter P_RX_LINE_RATE bound to: 1.250000 - type: double 
	Parameter P_CDR_TIMEOUT_FREERUN_CYC bound to: 26'b00000010110100101010100000 
	Parameter ST_RESET_ALL_INIT bound to: 3'b000 
	Parameter ST_RESET_ALL_BRANCH bound to: 3'b001 
	Parameter ST_RESET_ALL_TX_PLL bound to: 3'b010 
	Parameter ST_RESET_ALL_TX_PLL_WAIT bound to: 3'b011 
	Parameter ST_RESET_ALL_RX_DP bound to: 3'b100 
	Parameter ST_RESET_ALL_RX_PLL bound to: 3'b101 
	Parameter ST_RESET_ALL_RX_WAIT bound to: 3'b110 
	Parameter ST_RESET_ALL_DONE bound to: 3'b111 
	Parameter P_TX_PLL_RESET_FREERUN_CYC bound to: 10'b0000110100 
	Parameter ST_RESET_TX_BRANCH bound to: 3'b000 
	Parameter ST_RESET_TX_PLL bound to: 3'b001 
	Parameter ST_RESET_TX_DATAPATH bound to: 3'b010 
	Parameter ST_RESET_TX_WAIT_LOCK bound to: 3'b011 
	Parameter ST_RESET_TX_WAIT_USERRDY bound to: 3'b100 
	Parameter ST_RESET_TX_WAIT_RESETDONE bound to: 3'b101 
	Parameter ST_RESET_TX_IDLE bound to: 3'b110 
	Parameter P_RX_PLL_RESET_FREERUN_CYC bound to: 10'b0000110100 
	Parameter ST_RESET_RX_BRANCH bound to: 3'b000 
	Parameter ST_RESET_RX_PLL bound to: 3'b001 
	Parameter ST_RESET_RX_DATAPATH bound to: 3'b010 
	Parameter ST_RESET_RX_WAIT_LOCK bound to: 3'b011 
	Parameter ST_RESET_RX_WAIT_CDR bound to: 3'b100 
	Parameter ST_RESET_RX_WAIT_USERRDY bound to: 3'b101 
	Parameter ST_RESET_RX_WAIT_RESETDONE bound to: 3'b110 
	Parameter ST_RESET_RX_IDLE bound to: 3'b111 
INFO: [Synth 8-6157] synthesizing module 'gtwizard_ultrascale_v1_7_9_reset_synchronizer' [f:/aurora_8b10b_1p25g_design.gen/sources_1/ip/aurora_8b10b_1p25g/ip_0/hdl/gtwizard_ultrascale_v1_7_reset_sync.v:55]
	Parameter FREQUENCY bound to: 512 - type: integer 
INFO: [Synth 8-6155] done synthesizing module 'gtwizard_ultrascale_v1_7_9_reset_synchronizer' (19#1) [f:/aurora_8b10b_1p25g_design.gen/sources_1/ip/aurora_8b10b_1p25g/ip_0/hdl/gtwizard_ultrascale_v1_7_reset_sync.v:55]
INFO: [Synth 8-155] case statement is not full and has no default [f:/aurora_8b10b_1p25g_design.gen/sources_1/ip/aurora_8b10b_1p25g/ip_0/hdl/gtwizard_ultrascale_v1_7_gtwiz_reset.v:164]
INFO: [Synth 8-6157] synthesizing module 'gtwizard_ultrascale_v1_7_9_reset_inv_synchronizer' [f:/aurora_8b10b_1p25g_design.gen/sources_1/ip/aurora_8b10b_1p25g/ip_0/hdl/gtwizard_ultrascale_v1_7_reset_inv_sync.v:55]
	Parameter FREQUENCY bound to: 512 - type: integer 
INFO: [Synth 8-6155] done synthesizing module 'gtwizard_ultrascale_v1_7_9_reset_inv_synchronizer' (20#1) [f:/aurora_8b10b_1p25g_design.gen/sources_1/ip/aurora_8b10b_1p25g/ip_0/hdl/gtwizard_ultrascale_v1_7_reset_inv_sync.v:55]
INFO: [Synth 8-6155] done synthesizing module 'gtwizard_ultrascale_v1_7_9_gtwiz_reset' (21#1) [f:/aurora_8b10b_1p25g_design.gen/sources_1/ip/aurora_8b10b_1p25g/ip_0/hdl/gtwizard_ultrascale_v1_7_gtwiz_reset.v:55]
INFO: [Synth 8-6157] synthesizing module 'gtwizard_ultrascale_v1_7_9_gtwiz_userdata_tx' [f:/aurora_8b10b_1p25g_design.gen/sources_1/ip/aurora_8b10b_1p25g/ip_0/hdl/gtwizard_ultrascale_v1_7_gtwiz_userdata_tx.v:55]
	Parameter P_TX_USER_DATA_WIDTH bound to: 32 - type: integer 
	Parameter P_TX_DATA_ENCODING bound to: 1 - type: integer 
	Parameter P_TOTAL_NUMBER_OF_CHANNELS bound to: 1 - type: integer 
INFO: [Synth 8-6155] done synthesizing module 'gtwizard_ultrascale_v1_7_9_gtwiz_userdata_tx' (22#1) [f:/aurora_8b10b_1p25g_design.gen/sources_1/ip/aurora_8b10b_1p25g/ip_0/hdl/gtwizard_ultrascale_v1_7_gtwiz_userdata_tx.v:55]
INFO: [Synth 8-6157] synthesizing module 'gtwizard_ultrascale_v1_7_9_gtwiz_userdata_rx' [f:/aurora_8b10b_1p25g_design.gen/sources_1/ip/aurora_8b10b_1p25g/ip_0/hdl/gtwizard_ultrascale_v1_7_gtwiz_userdata_rx.v:55]
	Parameter P_RX_USER_DATA_WIDTH bound to: 32 - type: integer 
	Parameter P_RX_DATA_DECODING bound to: 1 - type: integer 
	Parameter P_TOTAL_NUMBER_OF_CHANNELS bound to: 1 - type: integer 
INFO: [Synth 8-6155] done synthesizing module 'gtwizard_ultrascale_v1_7_9_gtwiz_userdata_rx' (23#1) [f:/aurora_8b10b_1p25g_design.gen/sources_1/ip/aurora_8b10b_1p25g/ip_0/hdl/gtwizard_ultrascale_v1_7_gtwiz_userdata_rx.v:55]
INFO: [Synth 8-6155] done synthesizing module 'aurora_8b10b_1p25g_gt_gtwizard_gthe3' (24#1) [f:/aurora_8b10b_1p25g_design.gen/sources_1/ip/aurora_8b10b_1p25g/ip_0/synth/aurora_8b10b_1p25g_gt_gtwizard_gthe3.v:143]
INFO: [Synth 8-6155] done synthesizing module 'aurora_8b10b_1p25g_gt_gtwizard_top' (25#1) [f:/aurora_8b10b_1p25g_design.gen/sources_1/ip/aurora_8b10b_1p25g/ip_0/synth/aurora_8b10b_1p25g_gt_gtwizard_top.v:175]
INFO: [Synth 8-6155] done synthesizing module 'aurora_8b10b_1p25g_gt' (26#1) [f:/aurora_8b10b_1p25g_design.gen/sources_1/ip/aurora_8b10b_1p25g/ip_0/synth/aurora_8b10b_1p25g_gt.v:62]
INFO: [Synth 8-6155] done synthesizing module 'aurora_8b10b_1p25g_GT_WRAPPER' (27#1) [f:/aurora_8b10b_1p25g_design.gen/sources_1/ip/aurora_8b10b_1p25g/aurora_8b10b_1p25g/gt/aurora_8b10b_1p25g_transceiver_wrapper.v:57]
INFO: [Synth 8-6157] synthesizing module 'aurora_8b10b_1p25g_GLOBAL_LOGIC' [f:/aurora_8b10b_1p25g_design.gen/sources_1/ip/aurora_8b10b_1p25g/aurora_8b10b_1p25g/src/aurora_8b10b_1p25g_global_logic.v:62]
INFO: [Synth 8-6157] synthesizing module 'aurora_8b10b_1p25g_CHANNEL_INIT_SM' [f:/aurora_8b10b_1p25g_design.gen/sources_1/ip/aurora_8b10b_1p25g/aurora_8b10b_1p25g/src/aurora_8b10b_1p25g_channel_init_sm.v:79]
	Parameter WATCHDOG_TIMEOUT bound to: 14 - type: integer 
INFO: [Synth 8-6157] synthesizing module 'FD' [D:/Xilinx_2020_2/Vivado/2020.2/scripts/rt/data/unisim_comp.v:13483]
	Parameter INIT bound to: 1'b1 
INFO: [Synth 8-6155] done synthesizing module 'FD' (28#1) [D:/Xilinx_2020_2/Vivado/2020.2/scripts/rt/data/unisim_comp.v:13483]
INFO: [Synth 8-6155] done synthesizing module 'aurora_8b10b_1p25g_CHANNEL_INIT_SM' (29#1) [f:/aurora_8b10b_1p25g_design.gen/sources_1/ip/aurora_8b10b_1p25g/aurora_8b10b_1p25g/src/aurora_8b10b_1p25g_channel_init_sm.v:79]
INFO: [Synth 8-6157] synthesizing module 'aurora_8b10b_1p25g_IDLE_AND_VER_GEN' [f:/aurora_8b10b_1p25g_design.gen/sources_1/ip/aurora_8b10b_1p25g/aurora_8b10b_1p25g/src/aurora_8b10b_1p25g_idle_and_ver_gen.v:65]
INFO: [Synth 8-6157] synthesizing module 'SRL16' [D:/Xilinx_2020_2/Vivado/2020.2/scripts/rt/data/unisim_comp.v:78018]
	Parameter INIT bound to: 16'b0000000000000000 
INFO: [Synth 8-6155] done synthesizing module 'SRL16' (30#1) [D:/Xilinx_2020_2/Vivado/2020.2/scripts/rt/data/unisim_comp.v:78018]
INFO: [Synth 8-6157] synthesizing module 'FD__parameterized0' [D:/Xilinx_2020_2/Vivado/2020.2/scripts/rt/data/unisim_comp.v:13483]
	Parameter INIT bound to: 1'b0 
INFO: [Synth 8-6155] done synthesizing module 'FD__parameterized0' (30#1) [D:/Xilinx_2020_2/Vivado/2020.2/scripts/rt/data/unisim_comp.v:13483]
INFO: [Synth 8-6155] done synthesizing module 'aurora_8b10b_1p25g_IDLE_AND_VER_GEN' (31#1) [f:/aurora_8b10b_1p25g_design.gen/sources_1/ip/aurora_8b10b_1p25g/aurora_8b10b_1p25g/src/aurora_8b10b_1p25g_idle_and_ver_gen.v:65]
INFO: [Synth 8-6157] synthesizing module 'aurora_8b10b_1p25g_CHANNEL_ERR_DETECT' [f:/aurora_8b10b_1p25g_design.gen/sources_1/ip/aurora_8b10b_1p25g/aurora_8b10b_1p25g/src/aurora_8b10b_1p25g_channel_err_detect.v:65]
INFO: [Synth 8-6155] done synthesizing module 'aurora_8b10b_1p25g_CHANNEL_ERR_DETECT' (32#1) [f:/aurora_8b10b_1p25g_design.gen/sources_1/ip/aurora_8b10b_1p25g/aurora_8b10b_1p25g/src/aurora_8b10b_1p25g_channel_err_detect.v:65]
INFO: [Synth 8-6155] done synthesizing module 'aurora_8b10b_1p25g_GLOBAL_LOGIC' (33#1) [f:/aurora_8b10b_1p25g_design.gen/sources_1/ip/aurora_8b10b_1p25g/aurora_8b10b_1p25g/src/aurora_8b10b_1p25g_global_logic.v:62]
INFO: [Synth 8-6157] synthesizing module 'aurora_8b10b_1p25g_AXI_TO_LL' [f:/aurora_8b10b_1p25g_design.gen/sources_1/ip/aurora_8b10b_1p25g/aurora_8b10b_1p25g/src/aurora_8b10b_1p25g_axi_to_ll.v:62]
	Parameter DATA_WIDTH bound to: 32 - type: integer 
	Parameter STRB_WIDTH bound to: 4 - type: integer 
	Parameter BC bound to: 4 - type: integer 
	Parameter USE_4_NFC bound to: 0 - type: integer 
	Parameter REM_WIDTH bound to: 2 - type: integer 
INFO: [Synth 8-6155] done synthesizing module 'aurora_8b10b_1p25g_AXI_TO_LL' (34#1) [f:/aurora_8b10b_1p25g_design.gen/sources_1/ip/aurora_8b10b_1p25g/aurora_8b10b_1p25g/src/aurora_8b10b_1p25g_axi_to_ll.v:62]
INFO: [Synth 8-6157] synthesizing module 'aurora_8b10b_1p25g_TX_CRC' [f:/aurora_8b10b_1p25g_design.gen/sources_1/ip/aurora_8b10b_1p25g/aurora_8b10b_1p25g/src/aurora_8b10b_1p25g_txcrc.v:63]
	Parameter CRC_INIT bound to: -1 - type: integer 
INFO: [Synth 8-6157] synthesizing module 'aurora_8b10b_1p25g_CRC_TOP' [f:/aurora_8b10b_1p25g_design.gen/sources_1/ip/aurora_8b10b_1p25g/aurora_8b10b_1p25g/src/aurora_8b10b_1p25g_crc_top.v:66]
	Parameter CRC_INIT bound to: -1 - type: integer 
INFO: [Synth 8-226] default block is never used [f:/aurora_8b10b_1p25g_design.gen/sources_1/ip/aurora_8b10b_1p25g/aurora_8b10b_1p25g/src/aurora_8b10b_1p25g_crc_top.v:115]
INFO: [Synth 8-6155] done synthesizing module 'aurora_8b10b_1p25g_CRC_TOP' (35#1) [f:/aurora_8b10b_1p25g_design.gen/sources_1/ip/aurora_8b10b_1p25g/aurora_8b10b_1p25g/src/aurora_8b10b_1p25g_crc_top.v:66]
INFO: [Synth 8-6155] done synthesizing module 'aurora_8b10b_1p25g_TX_CRC' (36#1) [f:/aurora_8b10b_1p25g_design.gen/sources_1/ip/aurora_8b10b_1p25g/aurora_8b10b_1p25g/src/aurora_8b10b_1p25g_txcrc.v:63]
INFO: [Synth 8-6157] synthesizing module 'aurora_8b10b_1p25g_STANDARD_CC_MODULE' [f:/aurora_8b10b_1p25g_design.gen/sources_1/ip/aurora_8b10b_1p25g/aurora_8b10b_1p25g/src/aurora_8b10b_1p25g_standard_cc_module.v:65]
	Parameter CC_FREQ_FACTOR bound to: 5'b01100 
INFO: [Synth 8-6155] done synthesizing module 'aurora_8b10b_1p25g_STANDARD_CC_MODULE' (37#1) [f:/aurora_8b10b_1p25g_design.gen/sources_1/ip/aurora_8b10b_1p25g/aurora_8b10b_1p25g/src/aurora_8b10b_1p25g_standard_cc_module.v:65]
INFO: [Synth 8-6157] synthesizing module 'aurora_8b10b_1p25g_TX_LL' [f:/aurora_8b10b_1p25g_design.gen/sources_1/ip/aurora_8b10b_1p25g/aurora_8b10b_1p25g/src/aurora_8b10b_1p25g_tx_ll.v:63]
INFO: [Synth 8-6157] synthesizing module 'aurora_8b10b_1p25g_TX_LL_DATAPATH' [f:/aurora_8b10b_1p25g_design.gen/sources_1/ip/aurora_8b10b_1p25g/aurora_8b10b_1p25g/src/aurora_8b10b_1p25g_tx_ll_datapath.v:62]
INFO: [Synth 8-226] default block is never used [f:/aurora_8b10b_1p25g_design.gen/sources_1/ip/aurora_8b10b_1p25g/aurora_8b10b_1p25g/src/aurora_8b10b_1p25g_tx_ll_datapath.v:194]
INFO: [Synth 8-226] default block is never used [f:/aurora_8b10b_1p25g_design.gen/sources_1/ip/aurora_8b10b_1p25g/aurora_8b10b_1p25g/src/aurora_8b10b_1p25g_tx_ll_datapath.v:237]
INFO: [Synth 8-6155] done synthesizing module 'aurora_8b10b_1p25g_TX_LL_DATAPATH' (38#1) [f:/aurora_8b10b_1p25g_design.gen/sources_1/ip/aurora_8b10b_1p25g/aurora_8b10b_1p25g/src/aurora_8b10b_1p25g_tx_ll_datapath.v:62]
INFO: [Synth 8-6157] synthesizing module 'aurora_8b10b_1p25g_TX_LL_CONTROL' [f:/aurora_8b10b_1p25g_design.gen/sources_1/ip/aurora_8b10b_1p25g/aurora_8b10b_1p25g/src/aurora_8b10b_1p25g_tx_ll_control.v:63]
INFO: [Synth 8-6155] done synthesizing module 'aurora_8b10b_1p25g_TX_LL_CONTROL' (39#1) [f:/aurora_8b10b_1p25g_design.gen/sources_1/ip/aurora_8b10b_1p25g/aurora_8b10b_1p25g/src/aurora_8b10b_1p25g_tx_ll_control.v:63]
INFO: [Synth 8-6155] done synthesizing module 'aurora_8b10b_1p25g_TX_LL' (40#1) [f:/aurora_8b10b_1p25g_design.gen/sources_1/ip/aurora_8b10b_1p25g/aurora_8b10b_1p25g/src/aurora_8b10b_1p25g_tx_ll.v:63]
INFO: [Synth 8-6157] synthesizing module 'aurora_8b10b_1p25g_LL_TO_AXI' [f:/aurora_8b10b_1p25g_design.gen/sources_1/ip/aurora_8b10b_1p25g/aurora_8b10b_1p25g/src/aurora_8b10b_1p25g_ll_to_axi.v:62]
	Parameter DATA_WIDTH bound to: 32 - type: integer 
	Parameter STRB_WIDTH bound to: 4 - type: integer 
	Parameter USE_UFC_REM bound to: 0 - type: integer 
	Parameter BC bound to: 4 - type: integer 
	Parameter REM_WIDTH bound to: 2 - type: integer 
INFO: [Synth 8-6155] done synthesizing module 'aurora_8b10b_1p25g_LL_TO_AXI' (41#1) [f:/aurora_8b10b_1p25g_design.gen/sources_1/ip/aurora_8b10b_1p25g/aurora_8b10b_1p25g/src/aurora_8b10b_1p25g_ll_to_axi.v:62]
INFO: [Synth 8-6157] synthesizing module 'aurora_8b10b_1p25g_RX_CRC' [f:/aurora_8b10b_1p25g_design.gen/sources_1/ip/aurora_8b10b_1p25g/aurora_8b10b_1p25g/src/aurora_8b10b_1p25g_rxcrc.v:62]
	Parameter CRC_INIT bound to: -1 - type: integer 
INFO: [Synth 8-6155] done synthesizing module 'aurora_8b10b_1p25g_RX_CRC' (42#1) [f:/aurora_8b10b_1p25g_design.gen/sources_1/ip/aurora_8b10b_1p25g/aurora_8b10b_1p25g/src/aurora_8b10b_1p25g_rxcrc.v:62]
INFO: [Synth 8-6157] synthesizing module 'aurora_8b10b_1p25g_RX_LL' [f:/aurora_8b10b_1p25g_design.gen/sources_1/ip/aurora_8b10b_1p25g/aurora_8b10b_1p25g/src/aurora_8b10b_1p25g_rx_ll.v:64]
INFO: [Synth 8-6157] synthesizing module 'aurora_8b10b_1p25g_RX_LL_PDU_DATAPATH' [f:/aurora_8b10b_1p25g_design.gen/sources_1/ip/aurora_8b10b_1p25g/aurora_8b10b_1p25g/src/aurora_8b10b_1p25g_rx_ll_pdu_datapath.v:63]
INFO: [Synth 8-6157] synthesizing module 'aurora_8b10b_1p25g_RX_LL_DEFRAMER' [f:/aurora_8b10b_1p25g_design.gen/sources_1/ip/aurora_8b10b_1p25g/aurora_8b10b_1p25g/src/aurora_8b10b_1p25g_rx_ll_deframer.v:64]
INFO: [Synth 8-6157] synthesizing module 'MUXCY' [D:/Xilinx_2020_2/Vivado/2020.2/scripts/rt/data/unisim_comp.v:42936]
INFO: [Synth 8-6155] done synthesizing module 'MUXCY' (43#1) [D:/Xilinx_2020_2/Vivado/2020.2/scripts/rt/data/unisim_comp.v:42936]
INFO: [Synth 8-6155] done synthesizing module 'aurora_8b10b_1p25g_RX_LL_DEFRAMER' (44#1) [f:/aurora_8b10b_1p25g_design.gen/sources_1/ip/aurora_8b10b_1p25g/aurora_8b10b_1p25g/src/aurora_8b10b_1p25g_rx_ll_deframer.v:64]
INFO: [Synth 8-6157] synthesizing module 'aurora_8b10b_1p25g_LEFT_ALIGN_CONTROL' [f:/aurora_8b10b_1p25g_design.gen/sources_1/ip/aurora_8b10b_1p25g/aurora_8b10b_1p25g/src/aurora_8b10b_1p25g_left_align_control.v:63]
INFO: [Synth 8-6155] done synthesizing module 'aurora_8b10b_1p25g_LEFT_ALIGN_CONTROL' (45#1) [f:/aurora_8b10b_1p25g_design.gen/sources_1/ip/aurora_8b10b_1p25g/aurora_8b10b_1p25g/src/aurora_8b10b_1p25g_left_align_control.v:63]
INFO: [Synth 8-6157] synthesizing module 'aurora_8b10b_1p25g_VALID_DATA_COUNTER' [f:/aurora_8b10b_1p25g_design.gen/sources_1/ip/aurora_8b10b_1p25g/aurora_8b10b_1p25g/src/aurora_8b10b_1p25g_valid_data_counter.v:70]
INFO: [Synth 8-6155] done synthesizing module 'aurora_8b10b_1p25g_VALID_DATA_COUNTER' (46#1) [f:/aurora_8b10b_1p25g_design.gen/sources_1/ip/aurora_8b10b_1p25g/aurora_8b10b_1p25g/src/aurora_8b10b_1p25g_valid_data_counter.v:70]
INFO: [Synth 8-6157] synthesizing module 'aurora_8b10b_1p25g_LEFT_ALIGN_MUX' [f:/aurora_8b10b_1p25g_design.gen/sources_1/ip/aurora_8b10b_1p25g/aurora_8b10b_1p25g/src/aurora_8b10b_1p25g_left_align_mux.v:67]
INFO: [Synth 8-6155] done synthesizing module 'aurora_8b10b_1p25g_LEFT_ALIGN_MUX' (47#1) [f:/aurora_8b10b_1p25g_design.gen/sources_1/ip/aurora_8b10b_1p25g/aurora_8b10b_1p25g/src/aurora_8b10b_1p25g_left_align_mux.v:67]
INFO: [Synth 8-6157] synthesizing module 'aurora_8b10b_1p25g_STORAGE_COUNT_CONTROL' [f:/aurora_8b10b_1p25g_design.gen/sources_1/ip/aurora_8b10b_1p25g/aurora_8b10b_1p25g/src/aurora_8b10b_1p25g_storage_count_control.v:62]
INFO: [Synth 8-226] default block is never used [f:/aurora_8b10b_1p25g_design.gen/sources_1/ip/aurora_8b10b_1p25g/aurora_8b10b_1p25g/src/aurora_8b10b_1p25g_storage_count_control.v:116]
INFO: [Synth 8-6155] done synthesizing module 'aurora_8b10b_1p25g_STORAGE_COUNT_CONTROL' (48#1) [f:/aurora_8b10b_1p25g_design.gen/sources_1/ip/aurora_8b10b_1p25g/aurora_8b10b_1p25g/src/aurora_8b10b_1p25g_storage_count_control.v:62]
INFO: [Synth 8-6157] synthesizing module 'aurora_8b10b_1p25g_STORAGE_CE_CONTROL' [f:/aurora_8b10b_1p25g_design.gen/sources_1/ip/aurora_8b10b_1p25g/aurora_8b10b_1p25g/src/aurora_8b10b_1p25g_storage_ce_control.v:63]
INFO: [Synth 8-6155] done synthesizing module 'aurora_8b10b_1p25g_STORAGE_CE_CONTROL' (49#1) [f:/aurora_8b10b_1p25g_design.gen/sources_1/ip/aurora_8b10b_1p25g/aurora_8b10b_1p25g/src/aurora_8b10b_1p25g_storage_ce_control.v:63]
INFO: [Synth 8-6157] synthesizing module 'aurora_8b10b_1p25g_STORAGE_SWITCH_CONTROL' [f:/aurora_8b10b_1p25g_design.gen/sources_1/ip/aurora_8b10b_1p25g/aurora_8b10b_1p25g/src/aurora_8b10b_1p25g_storage_switch_control.v:62]
INFO: [Synth 8-6155] done synthesizing module 'aurora_8b10b_1p25g_STORAGE_SWITCH_CONTROL' (50#1) [f:/aurora_8b10b_1p25g_design.gen/sources_1/ip/aurora_8b10b_1p25g/aurora_8b10b_1p25g/src/aurora_8b10b_1p25g_storage_switch_control.v:62]
INFO: [Synth 8-6157] synthesizing module 'aurora_8b10b_1p25g_OUTPUT_SWITCH_CONTROL' [f:/aurora_8b10b_1p25g_design.gen/sources_1/ip/aurora_8b10b_1p25g/aurora_8b10b_1p25g/src/aurora_8b10b_1p25g_output_switch_control.v:62]
INFO: [Synth 8-6155] done synthesizing module 'aurora_8b10b_1p25g_OUTPUT_SWITCH_CONTROL' (51#1) [f:/aurora_8b10b_1p25g_design.gen/sources_1/ip/aurora_8b10b_1p25g/aurora_8b10b_1p25g/src/aurora_8b10b_1p25g_output_switch_control.v:62]
INFO: [Synth 8-6157] synthesizing module 'aurora_8b10b_1p25g_SIDEBAND_OUTPUT' [f:/aurora_8b10b_1p25g_design.gen/sources_1/ip/aurora_8b10b_1p25g/aurora_8b10b_1p25g/src/aurora_8b10b_1p25g_sideband_output.v:63]
INFO: [Synth 8-6155] done synthesizing module 'aurora_8b10b_1p25g_SIDEBAND_OUTPUT' (52#1) [f:/aurora_8b10b_1p25g_design.gen/sources_1/ip/aurora_8b10b_1p25g/aurora_8b10b_1p25g/src/aurora_8b10b_1p25g_sideband_output.v:63]
INFO: [Synth 8-6157] synthesizing module 'aurora_8b10b_1p25g_STORAGE_MUX' [f:/aurora_8b10b_1p25g_design.gen/sources_1/ip/aurora_8b10b_1p25g/aurora_8b10b_1p25g/src/aurora_8b10b_1p25g_storage_mux.v:64]
INFO: [Synth 8-6155] done synthesizing module 'aurora_8b10b_1p25g_STORAGE_MUX' (53#1) [f:/aurora_8b10b_1p25g_design.gen/sources_1/ip/aurora_8b10b_1p25g/aurora_8b10b_1p25g/src/aurora_8b10b_1p25g_storage_mux.v:64]
INFO: [Synth 8-6157] synthesizing module 'aurora_8b10b_1p25g_OUTPUT_MUX' [f:/aurora_8b10b_1p25g_design.gen/sources_1/ip/aurora_8b10b_1p25g/aurora_8b10b_1p25g/src/aurora_8b10b_1p25g_output_mux.v:65]
INFO: [Synth 8-6155] done synthesizing module 'aurora_8b10b_1p25g_OUTPUT_MUX' (54#1) [f:/aurora_8b10b_1p25g_design.gen/sources_1/ip/aurora_8b10b_1p25g/aurora_8b10b_1p25g/src/aurora_8b10b_1p25g_output_mux.v:65]
INFO: [Synth 8-6155] done synthesizing module 'aurora_8b10b_1p25g_RX_LL_PDU_DATAPATH' (55#1) [f:/aurora_8b10b_1p25g_design.gen/sources_1/ip/aurora_8b10b_1p25g/aurora_8b10b_1p25g/src/aurora_8b10b_1p25g_rx_ll_pdu_datapath.v:63]
INFO: [Synth 8-6155] done synthesizing module 'aurora_8b10b_1p25g_RX_LL' (56#1) [f:/aurora_8b10b_1p25g_design.gen/sources_1/ip/aurora_8b10b_1p25g/aurora_8b10b_1p25g/src/aurora_8b10b_1p25g_rx_ll.v:64]
INFO: [Synth 8-6155] done synthesizing module 'aurora_8b10b_1p25g_core' (57#1) [f:/aurora_8b10b_1p25g_design.gen/sources_1/ip/aurora_8b10b_1p25g/aurora_8b10b_1p25g_core.v:62]
INFO: [Synth 8-6155] done synthesizing module 'aurora_8b10b_1p25g_support' (58#1) [f:/aurora_8b10b_1p25g_design.gen/sources_1/ip/aurora_8b10b_1p25g/aurora_8b10b_1p25g/src/aurora_8b10b_1p25g_support.v:53]
INFO: [Synth 8-6155] done synthesizing module 'aurora_8b10b_1p25g' (59#1) [f:/aurora_8b10b_1p25g_design.gen/sources_1/ip/aurora_8b10b_1p25g/aurora_8b10b_1p25g.v:54]
---------------------------------------------------------------------------------
Finished RTL Elaboration : Time (s): cpu = 00:00:13 ; elapsed = 00:00:25 . Memory (MB): peak = 1485.266 ; gain = 366.109
---------------------------------------------------------------------------------
---------------------------------------------------------------------------------
Start Handling Custom Attributes
---------------------------------------------------------------------------------
---------------------------------------------------------------------------------
Finished Handling Custom Attributes : Time (s): cpu = 00:00:14 ; elapsed = 00:00:27 . Memory (MB): peak = 1503.191 ; gain = 384.035
---------------------------------------------------------------------------------
---------------------------------------------------------------------------------
Finished RTL Optimization Phase 1 : Time (s): cpu = 00:00:14 ; elapsed = 00:00:27 . Memory (MB): peak = 1503.191 ; gain = 384.035
---------------------------------------------------------------------------------
Netlist sorting complete. Time (s): cpu = 00:00:00 ; elapsed = 00:00:00.170 . Memory (MB): peak = 1515.195 ; gain = 0.000
INFO: [Netlist 29-17] Analyzing 21 Unisim elements for replacement
INFO: [Netlist 29-28] Unisim Transformation completed in 0 CPU seconds
INFO: [Project 1-570] Preparing netlist for logic optimization

Processing XDC Constraints
Initializing timing engine
Parsing XDC File [f:/aurora_8b10b_1p25g_design.gen/sources_1/ip/aurora_8b10b_1p25g/aurora_8b10b_1p25g_ooc.xdc] for cell 'inst'
Finished Parsing XDC File [f:/aurora_8b10b_1p25g_design.gen/sources_1/ip/aurora_8b10b_1p25g/aurora_8b10b_1p25g_ooc.xdc] for cell 'inst'
Parsing XDC File [f:/aurora_8b10b_1p25g_design.gen/sources_1/ip/aurora_8b10b_1p25g/ip_0/synth/aurora_8b10b_1p25g_gt.xdc] for cell 'inst/aurora_8b10b_1p25g_core_i/gt_wrapper_i/aurora_8b10b_1p25g_gt_i/inst'
Finished Parsing XDC File [f:/aurora_8b10b_1p25g_design.gen/sources_1/ip/aurora_8b10b_1p25g/ip_0/synth/aurora_8b10b_1p25g_gt.xdc] for cell 'inst/aurora_8b10b_1p25g_core_i/gt_wrapper_i/aurora_8b10b_1p25g_gt_i/inst'
INFO: [Project 1-236] Implementation specific constraints were found while reading constraint file [f:/aurora_8b10b_1p25g_design.gen/sources_1/ip/aurora_8b10b_1p25g/ip_0/synth/aurora_8b10b_1p25g_gt.xdc]. These constraints will be ignored for synthesis but will be used in implementation. Impacted constraints are listed in the file [.Xil/aurora_8b10b_1p25g_propImpl.xdc].
Resolution: To avoid this warning, move constraints listed in [.Xil/aurora_8b10b_1p25g_propImpl.xdc] to another XDC file and exclude this new file from synthesis with the used_in_synthesis property (File Properties dialog in GUI) and re-run elaboration/synthesis.
Parsing XDC File [f:/aurora_8b10b_1p25g_design.gen/sources_1/ip/aurora_8b10b_1p25g/aurora_8b10b_1p25g.xdc] for cell 'inst'
Finished Parsing XDC File [f:/aurora_8b10b_1p25g_design.gen/sources_1/ip/aurora_8b10b_1p25g/aurora_8b10b_1p25g.xdc] for cell 'inst'
INFO: [Timing 38-2] Deriving generated clocks
Parsing XDC File [f:/aurora_8b10b_1p25g_design.gen/sources_1/ip/aurora_8b10b_1p25g/aurora_8b10b_1p25g_clocks.xdc] for cell 'inst'
Finished Parsing XDC File [f:/aurora_8b10b_1p25g_design.gen/sources_1/ip/aurora_8b10b_1p25g/aurora_8b10b_1p25g_clocks.xdc] for cell 'inst'
Completed Processing XDC Constraints

Netlist sorting complete. Time (s): cpu = 00:00:00 ; elapsed = 00:00:00.005 . Memory (MB): peak = 1612.207 ; gain = 0.000
INFO: [Project 1-111] Unisim Transformation Summary:
  A total of 17 instances were transformed.
  FD => FDRE: 14 instances
  FDR => FDRE: 2 instances
  SRL16 => SRL16E: 1 instance 

Constraint Validation Runtime : Time (s): cpu = 00:00:00 ; elapsed = 00:00:00.224 . Memory (MB): peak = 1612.207 ; gain = 0.000
---------------------------------------------------------------------------------
Finished Constraint Validation : Time (s): cpu = 00:00:23 ; elapsed = 00:00:40 . Memory (MB): peak = 1612.207 ; gain = 493.051
---------------------------------------------------------------------------------
---------------------------------------------------------------------------------
Start Loading Part and Timing Information
---------------------------------------------------------------------------------
Loading part: xcku040-ffva1156-2-i
INFO: [Synth 8-6742] Reading net delay rules and data
---------------------------------------------------------------------------------
Finished Loading Part and Timing Information : Time (s): cpu = 00:00:24 ; elapsed = 00:00:41 . Memory (MB): peak = 1612.207 ; gain = 493.051
---------------------------------------------------------------------------------
---------------------------------------------------------------------------------
Start Applying 'set_property' XDC Constraints
---------------------------------------------------------------------------------
Applied set_property KEEP_HIERARCHY = SOFT for inst/aurora_8b10b_1p25g_core_i/gt_wrapper_i/aurora_8b10b_1p25g_gt_i. (constraint file  auto generated constraint).
Applied set_property KEEP_HIERARCHY = SOFT for inst/aurora_8b10b_1p25g_core_i/gt_wrapper_i/aurora_8b10b_1p25g_gt_i/inst. (constraint file  auto generated constraint).
Applied set_property KEEP_HIERARCHY = SOFT for inst. (constraint file  auto generated constraint).
---------------------------------------------------------------------------------
Finished applying 'set_property' XDC Constraints : Time (s): cpu = 00:00:24 ; elapsed = 00:00:41 . Memory (MB): peak = 1612.207 ; gain = 493.051
---------------------------------------------------------------------------------
INFO: [Synth 8-802] inferred FSM for state register 'sm_reset_all_reg' in module 'gtwizard_ultrascale_v1_7_9_gtwiz_reset'
INFO: [Synth 8-802] inferred FSM for state register 'sm_reset_tx_reg' in module 'gtwizard_ultrascale_v1_7_9_gtwiz_reset'
INFO: [Synth 8-802] inferred FSM for state register 'sm_reset_rx_reg' in module 'gtwizard_ultrascale_v1_7_9_gtwiz_reset'
---------------------------------------------------------------------------------------------------
                   State |                     New Encoding |                Previous Encoding 
---------------------------------------------------------------------------------------------------
      ST_RESET_TX_BRANCH |                              000 |                              000
         ST_RESET_TX_PLL |                              001 |                              001
    ST_RESET_TX_DATAPATH |                              010 |                              010
   ST_RESET_TX_WAIT_LOCK |                              011 |                              011
ST_RESET_TX_WAIT_USERRDY |                              100 |                              100
ST_RESET_TX_WAIT_RESETDONE |                              101 |                              101
        ST_RESET_TX_IDLE |                              110 |                              110
---------------------------------------------------------------------------------------------------
INFO: [Synth 8-3354] encoded FSM with state register 'sm_reset_tx_reg' using encoding 'sequential' in module 'gtwizard_ultrascale_v1_7_9_gtwiz_reset'
---------------------------------------------------------------------------------------------------
                   State |                     New Encoding |                Previous Encoding 
---------------------------------------------------------------------------------------------------
      ST_RESET_RX_BRANCH |                              000 |                              000
         ST_RESET_RX_PLL |                              001 |                              001
    ST_RESET_RX_DATAPATH |                              010 |                              010
   ST_RESET_RX_WAIT_LOCK |                              011 |                              011
    ST_RESET_RX_WAIT_CDR |                              100 |                              100
ST_RESET_RX_WAIT_USERRDY |                              101 |                              101
ST_RESET_RX_WAIT_RESETDONE |                              110 |                              110
        ST_RESET_RX_IDLE |                              111 |                              111
---------------------------------------------------------------------------------------------------
INFO: [Synth 8-3354] encoded FSM with state register 'sm_reset_rx_reg' using encoding 'sequential' in module 'gtwizard_ultrascale_v1_7_9_gtwiz_reset'
---------------------------------------------------------------------------------------------------
                   State |                     New Encoding |                Previous Encoding 
---------------------------------------------------------------------------------------------------
     ST_RESET_ALL_BRANCH |                              000 |                              001
     ST_RESET_ALL_TX_PLL |                              001 |                              010
ST_RESET_ALL_TX_PLL_WAIT |                              010 |                              011
      ST_RESET_ALL_RX_DP |                              011 |                              100
     ST_RESET_ALL_RX_PLL |                              100 |                              101
    ST_RESET_ALL_RX_WAIT |                              101 |                              110
                  iSTATE |                              110 |                              111
       ST_RESET_ALL_INIT |                              111 |                              000
---------------------------------------------------------------------------------------------------
INFO: [Synth 8-3354] encoded FSM with state register 'sm_reset_all_reg' using encoding 'sequential' in module 'gtwizard_ultrascale_v1_7_9_gtwiz_reset'
---------------------------------------------------------------------------------
Finished RTL Optimization Phase 2 : Time (s): cpu = 00:00:26 ; elapsed = 00:00:45 . Memory (MB): peak = 1612.207 ; gain = 493.051
---------------------------------------------------------------------------------
---------------------------------------------------------------------------------
Start RTL Component Statistics 
---------------------------------------------------------------------------------
Detailed RTL Component Info : 
+---Adders : 
	   2 Input   14 Bit       Adders := 1     
	   2 Input   10 Bit       Adders := 2     
	   2 Input    8 Bit       Adders := 1     
	   2 Input    4 Bit       Adders := 1     
	   2 Input    3 Bit       Adders := 8     
	   5 Input    2 Bit       Adders := 1     
	   2 Input    2 Bit       Adders := 3     
	   3 Input    2 Bit       Adders := 2     
+---XORs : 
	   2 Input     33 Bit         XORs := 2     
	   2 Input     32 Bit         XORs := 64    
	   2 Input      1 Bit         XORs := 1     
	   3 Input      1 Bit         XORs := 1     
+---Registers : 
	               32 Bit    Registers := 22    
	               24 Bit    Registers := 1     
	               16 Bit    Registers := 6     
	               15 Bit    Registers := 1     
	               14 Bit    Registers := 1     
	               12 Bit    Registers := 1     
	               11 Bit    Registers := 1     
	               10 Bit    Registers := 4     
	                8 Bit    Registers := 19    
	                6 Bit    Registers := 2     
	                5 Bit    Registers := 1     
	                4 Bit    Registers := 13    
	                3 Bit    Registers := 8     
	                2 Bit    Registers := 36    
	                1 Bit    Registers := 346   
+---Muxes : 
	   2 Input   32 Bit        Muxes := 73    
	   4 Input   32 Bit        Muxes := 5     
	   2 Input   16 Bit        Muxes := 10    
	   3 Input    8 Bit        Muxes := 1     
	   4 Input    8 Bit        Muxes := 4     
	   2 Input    8 Bit        Muxes := 6     
	   4 Input    4 Bit        Muxes := 2     
	   2 Input    4 Bit        Muxes := 2     
	   7 Input    3 Bit        Muxes := 2     
	   2 Input    3 Bit        Muxes := 8     
	   8 Input    3 Bit        Muxes := 2     
	   7 Input    2 Bit        Muxes := 1     
	   2 Input    2 Bit        Muxes := 6     
	   5 Input    2 Bit        Muxes := 1     
	   4 Input    2 Bit        Muxes := 2     
	   3 Input    2 Bit        Muxes := 1     
	  10 Input    1 Bit        Muxes := 3     
	   9 Input    1 Bit        Muxes := 1     
	   7 Input    1 Bit        Muxes := 14    
	   4 Input    1 Bit        Muxes := 6     
	   2 Input    1 Bit        Muxes := 19    
	   8 Input    1 Bit        Muxes := 27    
	   6 Input    1 Bit        Muxes := 2     
---------------------------------------------------------------------------------
Finished RTL Component Statistics 
---------------------------------------------------------------------------------
---------------------------------------------------------------------------------
Start Part Resource Summary
---------------------------------------------------------------------------------
Part Resources:
DSPs: 1920 (col length:120)
BRAMs: 1200 (col length: RAMB18 120 RAMB36 60)
---------------------------------------------------------------------------------
Finished Part Resource Summary
---------------------------------------------------------------------------------
---------------------------------------------------------------------------------
Start Cross Boundary and Area Optimization
---------------------------------------------------------------------------------
---------------------------------------------------------------------------------
Finished Cross Boundary and Area Optimization : Time (s): cpu = 00:00:41 ; elapsed = 00:01:00 . Memory (MB): peak = 1612.207 ; gain = 493.051
---------------------------------------------------------------------------------
---------------------------------------------------------------------------------
Start Applying XDC Timing Constraints
---------------------------------------------------------------------------------
---------------------------------------------------------------------------------
Finished Applying XDC Timing Constraints : Time (s): cpu = 00:00:50 ; elapsed = 00:01:23 . Memory (MB): peak = 1675.121 ; gain = 555.965
---------------------------------------------------------------------------------
---------------------------------------------------------------------------------
Start Timing Optimization
---------------------------------------------------------------------------------
---------------------------------------------------------------------------------
Finished Timing Optimization : Time (s): cpu = 00:00:55 ; elapsed = 00:01:28 . Memory (MB): peak = 1802.469 ; gain = 683.312
---------------------------------------------------------------------------------
---------------------------------------------------------------------------------
Start Technology Mapping
---------------------------------------------------------------------------------
---------------------------------------------------------------------------------
Finished Technology Mapping : Time (s): cpu = 00:00:57 ; elapsed = 00:01:30 . Memory (MB): peak = 1812.570 ; gain = 693.414
---------------------------------------------------------------------------------
---------------------------------------------------------------------------------
Start IO Insertion
---------------------------------------------------------------------------------
---------------------------------------------------------------------------------
Start Flattening Before IO Insertion
---------------------------------------------------------------------------------
---------------------------------------------------------------------------------
Finished Flattening Before IO Insertion
---------------------------------------------------------------------------------
---------------------------------------------------------------------------------
Start Final Netlist Cleanup
---------------------------------------------------------------------------------
---------------------------------------------------------------------------------
Finished Final Netlist Cleanup
---------------------------------------------------------------------------------
---------------------------------------------------------------------------------
Finished IO Insertion : Time (s): cpu = 00:01:03 ; elapsed = 00:01:36 . Memory (MB): peak = 1812.570 ; gain = 693.414
---------------------------------------------------------------------------------
---------------------------------------------------------------------------------
Start Renaming Generated Instances
---------------------------------------------------------------------------------
---------------------------------------------------------------------------------
Finished Renaming Generated Instances : Time (s): cpu = 00:01:03 ; elapsed = 00:01:36 . Memory (MB): peak = 1812.570 ; gain = 693.414
---------------------------------------------------------------------------------
---------------------------------------------------------------------------------
Start Rebuilding User Hierarchy
---------------------------------------------------------------------------------
---------------------------------------------------------------------------------
Finished Rebuilding User Hierarchy : Time (s): cpu = 00:01:03 ; elapsed = 00:01:36 . Memory (MB): peak = 1812.570 ; gain = 693.414
---------------------------------------------------------------------------------
---------------------------------------------------------------------------------
Start Renaming Generated Ports
---------------------------------------------------------------------------------
---------------------------------------------------------------------------------
Finished Renaming Generated Ports : Time (s): cpu = 00:01:03 ; elapsed = 00:01:36 . Memory (MB): peak = 1812.570 ; gain = 693.414
---------------------------------------------------------------------------------
---------------------------------------------------------------------------------
Start Handling Custom Attributes
---------------------------------------------------------------------------------
---------------------------------------------------------------------------------
Finished Handling Custom Attributes : Time (s): cpu = 00:01:03 ; elapsed = 00:01:37 . Memory (MB): peak = 1812.570 ; gain = 693.414
---------------------------------------------------------------------------------
---------------------------------------------------------------------------------
Start Renaming Generated Nets
---------------------------------------------------------------------------------
---------------------------------------------------------------------------------
Finished Renaming Generated Nets : Time (s): cpu = 00:01:03 ; elapsed = 00:01:37 . Memory (MB): peak = 1812.570 ; gain = 693.414
---------------------------------------------------------------------------------
---------------------------------------------------------------------------------
Start ROM, RAM, DSP, Shift Register and Retiming Reporting
---------------------------------------------------------------------------------

Static Shift Register Report:
+---------------------------+-------------------------------------------------------------------------------------------------------------------------------+--------+-------+--------------+--------------------+-------------------+--------+---------+
|Module Name                | RTL Name                                                                                                                      | Length | Width | Reset Signal | Pull out first Reg | Pull out last Reg | SRL16E | SRLC32E | 
+---------------------------+-------------------------------------------------------------------------------------------------------------------------------+--------+-------+--------------+--------------------+-------------------+--------+---------+
|aurora_8b10b_1p25g_support | aurora_8b10b_1p25g_core_i/aurora_8b10b_1p25g_aurora_lane_4byte_0_i/aurora_8b10b_1p25g_lane_init_sm_4byte_i/counter4_r_reg[15] | 16     | 1     | NO           | NO                 | YES               | 1      | 0       | 
|aurora_8b10b_1p25g_support | aurora_8b10b_1p25g_core_i/aurora_8b10b_1p25g_aurora_lane_4byte_0_i/aurora_8b10b_1p25g_lane_init_sm_4byte_i/counter3_r_reg[3]  | 4      | 1     | NO           | NO                 | YES               | 1      | 0       | 
|aurora_8b10b_1p25g_support | aurora_8b10b_1p25g_core_i/aurora_8b10b_1p25g_aurora_lane_4byte_0_i/aurora_8b10b_1p25g_lane_init_sm_4byte_i/counter5_r_reg[15] | 16     | 1     | NO           | NO                 | YES               | 1      | 0       | 
|aurora_8b10b_1p25g_support | aurora_8b10b_1p25g_core_i/aurora_8b10b_1p25g_aurora_lane_4byte_0_i/aurora_8b10b_1p25g_lane_init_sm_4byte_i/counter2_r_reg[15] | 15     | 1     | NO           | NO                 | YES               | 1      | 0       | 
|aurora_8b10b_1p25g_support | aurora_8b10b_1p25g_core_i/aurora_8b10b_1p25g_global_logic_i/channel_init_sm_i/v_count_r_reg[15]                               | 16     | 1     | NO           | NO                 | YES               | 1      | 0       | 
|aurora_8b10b_1p25g_support | aurora_8b10b_1p25g_core_i/aurora_8b10b_1p25g_global_logic_i/channel_init_sm_i/rxver_count_r_reg[2]                            | 3      | 1     | NO           | NO                 | YES               | 1      | 0       | 
|aurora_8b10b_1p25g_support | aurora_8b10b_1p25g_core_i/aurora_8b10b_1p25g_global_logic_i/channel_init_sm_i/txver_count_r_reg[7]                            | 8      | 1     | NO           | NO                 | YES               | 1      | 0       | 
|aurora_8b10b_1p25g_support | aurora_8b10b_1p25g_core_i/aurora_8b10b_1p25g_global_logic_i/channel_init_sm_i/verify_watchdog_r_reg[15]                       | 16     | 1     | NO           | NO                 | YES               | 1      | 0       | 
|aurora_8b10b_1p25g_support | aurora_8b10b_1p25g_core_i/aurora_8b10b_1p25g_rx_ll_i/rx_ll_pdu_datapath_i/stage_2_data_r_reg[0]                               | 4      | 32    | NO           | NO                 | YES               | 32     | 0       | 
|aurora_8b10b_1p25g_support | aurora_8b10b_1p25g_core_i/gt_wrapper_i/gt_txresetdone_r3_reg                                                                  | 3      | 1     | NO           | NO                 | YES               | 1      | 0       | 
|aurora_8b10b_1p25g_support | aurora_8b10b_1p25g_core_i/gt_wrapper_i/gt_rxresetdone_r3_reg                                                                  | 3      | 1     | NO           | NO                 | YES               | 1      | 0       | 
|aurora_8b10b_1p25g_support | aurora_8b10b_1p25g_core_i/standard_cc_module_i/count_13d_srl_r_reg[11]                                                        | 13     | 1     | YES          | NO                 | YES               | 1      | 0       | 
|aurora_8b10b_1p25g_support | aurora_8b10b_1p25g_core_i/standard_cc_module_i/prepare_count_r_reg[9]                                                         | 6      | 1     | YES          | NO                 | YES               | 1      | 0       | 
+---------------------------+-------------------------------------------------------------------------------------------------------------------------------+--------+-------+--------------+--------------------+-------------------+--------+---------+

---------------------------------------------------------------------------------
Finished ROM, RAM, DSP, Shift Register and Retiming Reporting
---------------------------------------------------------------------------------
---------------------------------------------------------------------------------
Start Writing Synthesis Report
---------------------------------------------------------------------------------

Report BlackBoxes: 
+-+--------------+----------+
| |BlackBox name |Instances |
+-+--------------+----------+
+-+--------------+----------+

Report Cell Usage: 
+------+--------------+------+
|      |Cell          |Count |
+------+--------------+------+
|1     |BUFG_GT       |     1|
|2     |CARRY8        |    12|
|3     |GTHE3_CHANNEL |     1|
|4     |IBUFDS_GTE3   |     1|
|5     |LUT1          |   239|
|6     |LUT2          |   145|
|7     |LUT3          |   130|
|8     |LUT4          |   215|
|9     |LUT5          |   103|
|10    |LUT6          |   617|
|11    |MUXCY         |     4|
|12    |MUXF7         |    16|
|13    |SRL16         |     1|
|14    |SRL16E        |    44|
|15    |FD            |    14|
|16    |FDCE          |    14|
|17    |FDPE          |    40|
|18    |FDR           |     2|
|19    |FDRE          |  1206|
|20    |FDSE          |   128|
+------+--------------+------+
---------------------------------------------------------------------------------
Finished Writing Synthesis Report : Time (s): cpu = 00:01:03 ; elapsed = 00:01:37 . Memory (MB): peak = 1812.570 ; gain = 693.414
---------------------------------------------------------------------------------
Synthesis finished with 0 errors, 0 critical warnings and 0 warnings.
Synthesis Optimization Runtime : Time (s): cpu = 00:00:47 ; elapsed = 00:01:30 . Memory (MB): peak = 1812.570 ; gain = 584.398
Synthesis Optimization Complete : Time (s): cpu = 00:01:04 ; elapsed = 00:01:37 . Memory (MB): peak = 1812.570 ; gain = 693.414
INFO: [Project 1-571] Translating synthesized netlist
Netlist sorting complete. Time (s): cpu = 00:00:00 ; elapsed = 00:00:00.105 . Memory (MB): peak = 1812.570 ; gain = 0.000
INFO: [Netlist 29-17] Analyzing 49 Unisim elements for replacement
INFO: [Netlist 29-28] Unisim Transformation completed in 0 CPU seconds
INFO: [Project 1-570] Preparing netlist for logic optimization
Parsing XDC File [f:/aurora_8b10b_1p25g_design.gen/sources_1/ip/aurora_8b10b_1p25g/aurora_8b10b_1p25g_ooc.xdc] for cell 'inst'
Finished Parsing XDC File [f:/aurora_8b10b_1p25g_design.gen/sources_1/ip/aurora_8b10b_1p25g/aurora_8b10b_1p25g_ooc.xdc] for cell 'inst'
Parsing XDC File [f:/aurora_8b10b_1p25g_design.gen/sources_1/ip/aurora_8b10b_1p25g/ip_0/synth/aurora_8b10b_1p25g_gt.xdc] for cell 'inst/aurora_8b10b_1p25g_core_i/gt_wrapper_i/aurora_8b10b_1p25g_gt_i/inst'
Finished Parsing XDC File [f:/aurora_8b10b_1p25g_design.gen/sources_1/ip/aurora_8b10b_1p25g/ip_0/synth/aurora_8b10b_1p25g_gt.xdc] for cell 'inst/aurora_8b10b_1p25g_core_i/gt_wrapper_i/aurora_8b10b_1p25g_gt_i/inst'
Parsing XDC File [f:/aurora_8b10b_1p25g_design.gen/sources_1/ip/aurora_8b10b_1p25g/aurora_8b10b_1p25g.xdc] for cell 'inst'
Finished Parsing XDC File [f:/aurora_8b10b_1p25g_design.gen/sources_1/ip/aurora_8b10b_1p25g/aurora_8b10b_1p25g.xdc] for cell 'inst'
Parsing XDC File [f:/aurora_8b10b_1p25g_design.gen/sources_1/ip/aurora_8b10b_1p25g/aurora_8b10b_1p25g_clocks.xdc] for cell 'inst'
Finished Parsing XDC File [f:/aurora_8b10b_1p25g_design.gen/sources_1/ip/aurora_8b10b_1p25g/aurora_8b10b_1p25g_clocks.xdc] for cell 'inst'
INFO: [Opt 31-138] Pushed 0 inverter(s) to 0 load pin(s).
INFO: [Opt 31-441] Inserted BUFG_GT_SYNC inst/aurora_8b10b_1p25g_core_i/gt_wrapper_i/aurora_8b10b_1p25g_gt_i/inst/gen_gtwizard_gthe3_top.aurora_8b10b_1p25g_gt_gtwizard_gthe3_inst/gen_gtwizard_gthe3.gen_channel_container[0].gen_enabled_channel.gthe3_channel_wrapper_inst/channel_inst/BUFG_GT_SYNC for BUFG_GT inst/clock_module_i/user_clk_buf_i
Netlist sorting complete. Time (s): cpu = 00:00:00 ; elapsed = 00:00:00.001 . Memory (MB): peak = 1823.047 ; gain = 0.000
INFO: [Project 1-111] Unisim Transformation Summary:
  A total of 19 instances were transformed.
  (CARRY4) => CARRY8: 2 instances
  FD => FDRE: 14 instances
  FDR => FDRE: 2 instances
  SRL16 => SRL16E: 1 instance 

INFO: [Common 17-83] Releasing license: Synthesis
163 Infos, 0 Warnings, 0 Critical Warnings and 0 Errors encountered.
synth_design completed successfully
synth_design: Time (s): cpu = 00:01:11 ; elapsed = 00:01:51 . Memory (MB): peak = 1823.047 ; gain = 720.633
INFO: [Coretcl 2-1174] Renamed 74 cell refs.
INFO: [Timing 38-35] Done setting XDC timing constraints.
INFO: [Timing 38-2] Deriving generated clocks
INFO: [Timing 38-480] Writing timing data to binary archive.
Writing placer database...
Writing XDEF routing.
Writing XDEF routing logical nets.
Writing XDEF routing special nets.
Write XDEF Complete: Time (s): cpu = 00:00:01 ; elapsed = 00:00:00.291 . Memory (MB): peak = 1910.656 ; gain = 15.211
INFO: [Common 17-1381] The checkpoint 'f:/aurora_8b10b_1p25g_design.gen/sources_1/ip/aurora_8b10b_1p25g/aurora_8b10b_1p25g.dcp' has been generated.
write_checkpoint: Time (s): cpu = 00:00:03 ; elapsed = 00:00:05 . Memory (MB): peak = 1910.656 ; gain = 87.609
INFO: [Vivado 12-3441] generate_netlist_ip - operation complete
synth_ip: Time (s): cpu = 00:01:17 ; elapsed = 00:02:01 . Memory (MB): peak = 1910.656 ; gain = 808.242
# update_compile_order -fileset sources_1
update_compile_order: Time (s): cpu = 00:00:01 ; elapsed = 00:00:06 . Memory (MB): peak = 1910.656 ; gain = 0.000
# reset_run synth_1
# launch_runs synth_1 -jobs 4
INFO: [Vivado 12-4149] The synthesis checkpoint for IP 'F:/RTDS_test_DDR4_64bit_batch_dev/RTDS_test_DDR4_64bit.srcs/sources_1/ip/sys_mon/sys_mon.xci' is already up-to-date
INFO: [Vivado 12-4149] The synthesis checkpoint for IP 'F:/RTDS_test_DDR4_64bit_batch_dev/external_snapshot/fdma_aurora_brg/fdma_aurora_brg.srcs/sources_1 - loop_validate/ip/aurora_64b66b_0/aurora_64b66b_0.xci' is already up-to-date
INFO: [Vivado 12-4149] The synthesis checkpoint for IP 'F:/RTDS_test_DDR4_64bit_batch_dev/RTDS_test_DDR4_64bit.srcs/sources_1/ip/clk_wiz_0/clk_wiz_0.xci' is already up-to-date
[Sun Sep 20 19:24:28 2026] Launched synth_1...
Run output will be captured here: F:/RTDS_test_DDR4_64bit_batch_dev/RTDS_test_DDR4_64bit.runs/synth_1/runme.log
launch_runs: Time (s): cpu = 00:00:00 ; elapsed = 00:00:06 . Memory (MB): peak = 1910.656 ; gain = 0.000
# wait_on_run synth_1
[Sun Sep 20 19:24:28 2026] Waiting for synth_1 to finish...

*** Running vivado
    with args -log TOP.vds -m64 -product Vivado -mode batch -messageDb vivado.pb -notrace -source TOP.tcl



****** Vivado v2020.2 (64-bit)
  **** SW Build 3064766 on Wed Nov 18 09:12:45 MST 2020
  **** IP Build 3064653 on Wed Nov 18 14:17:31 MST 2020
    ** Copyright 1986-2020 Xilinx, Inc. All Rights Reserved.

source TOP.tcl -notrace
add_files: Time (s): cpu = 00:00:03 ; elapsed = 00:00:11 . Memory (MB): peak = 1000.605 ; gain = 0.000
Command: synth_design -top TOP -part xcku040-ffva1156-2-i
Starting synth_design
Attempting to get a license for feature 'Synthesis' and/or device 'xcku040'
INFO: [Common 17-349] Got license for feature 'Synthesis' and/or device 'xcku040'
INFO: [Device 21-403] Loading part xcku040-ffva1156-2-i
INFO: [Synth 8-7079] Multithreading enabled for synth_design using a maximum of 2 processes.
INFO: [Synth 8-7078] Launching helper process for spawning children vivado processes
INFO: [Synth 8-7075] Helper process launched with PID 7952
WARNING: [Synth 8-6901] identifier 'tx_start_valid' is used before its declaration [F:/RTDS_test_DDR4_64bit_batch_dev/RTDS_test_DDR4_64bit.srcs/sources_1/new/pcie_fdma_aurora_brg_adapter.v:225]
WARNING: [Synth 8-6901] identifier 'tx_frame_done_fdma' is used before its declaration [F:/RTDS_test_DDR4_64bit_batch_dev/RTDS_test_DDR4_64bit.srcs/sources_1/new/pcie_fdma_aurora_brg_adapter.v:226]
WARNING: [Synth 8-6901] identifier 'FPGA_TEMP_BUSY_W' is used before its declaration [F:/RTDS_test_DDR4_64bit_batch_dev/RTDS_test_DDR4_64bit.srcs/sources_1/new/TOP.v:98]
WARNING: [Synth 8-6901] identifier 'FPGA_TEMP_W' is used before its declaration [F:/RTDS_test_DDR4_64bit_batch_dev/RTDS_test_DDR4_64bit.srcs/sources_1/new/TOP.v:98]
---------------------------------------------------------------------------------
Starting RTL Elaboration : Time (s): cpu = 00:00:07 ; elapsed = 00:00:16 . Memory (MB): peak = 1270.344 ; gain = 255.629
---------------------------------------------------------------------------------
INFO: [Synth 8-6157] synthesizing module 'TOP' [F:/RTDS_test_DDR4_64bit_batch_dev/RTDS_test_DDR4_64bit.srcs/sources_1/new/TOP.v:3]
	Parameter AURORA_SIMULATION bound to: 0 - type: integer 
	Parameter RX_PERIOD_CYCLES bound to: 25000000 - type: integer 
	Parameter AURORA1G_PERIOD_CYCLES bound to: 63 - type: integer 
INFO: [Synth 8-6157] synthesizing module 'IBUFDS' [D:/Xilinx_2020_2/Vivado/2020.2/scripts/rt/data/unisim_comp.v:32998]
	Parameter CAPACITANCE bound to: DONT_CARE - type: string 
	Parameter DIFF_TERM bound to: FALSE - type: string 
	Parameter DQS_BIAS bound to: FALSE - type: string 
	Parameter IBUF_DELAY_VALUE bound to: 0 - type: string 
	Parameter IBUF_LOW_PWR bound to: TRUE - type: string 
	Parameter IFD_DELAY_VALUE bound to: AUTO - type: string 
	Parameter IOSTANDARD bound to: DEFAULT - type: string 
INFO: [Synth 8-6155] done synthesizing module 'IBUFDS' (1#1) [D:/Xilinx_2020_2/Vivado/2020.2/scripts/rt/data/unisim_comp.v:32998]
INFO: [Synth 8-6157] synthesizing module 'CLK_GEN' [F:/RTDS_test_DDR4_64bit_batch_dev/RTDS_test_DDR4_64bit.srcs/sources_1/new/CLK_GEN.v:23]
INFO: [Synth 8-6157] synthesizing module 'clk_wiz_0' [F:/RTDS_test_DDR4_64bit_batch_dev/RTDS_test_DDR4_64bit.runs/synth_1/.Xil/Vivado-3576-LAPTOP-P4UDTRLL/realtime/clk_wiz_0_stub.v:5]
INFO: [Synth 8-6155] done synthesizing module 'clk_wiz_0' (2#1) [F:/RTDS_test_DDR4_64bit_batch_dev/RTDS_test_DDR4_64bit.runs/synth_1/.Xil/Vivado-3576-LAPTOP-P4UDTRLL/realtime/clk_wiz_0_stub.v:5]
INFO: [Synth 8-6155] done synthesizing module 'CLK_GEN' (3#1) [F:/RTDS_test_DDR4_64bit_batch_dev/RTDS_test_DDR4_64bit.srcs/sources_1/new/CLK_GEN.v:23]
INFO: [Synth 8-6157] synthesizing module 'aurora_64b66b_top' [F:/RTDS_test_DDR4_64bit_batch_dev/external_snapshot/fdma_aurora_brg/fdma_aurora_brg.srcs/sources_1 - loop_validate/imports/aurora_64b66b_0_ex/aurora_64b66b_0_ex.srcs/sources_1/new/aurora_64b66b_top.v:23]
	Parameter SIMULATION bound to: 0 - type: integer 
	Parameter INIT_CLK_FREQ_HZ bound to: 100000000 - type: integer 
	Parameter PMA_HOLD_TIME_MS bound to: 1600 - type: integer 
	Parameter RESET_GAP_TIME_MS bound to: 20 - type: integer 
	Parameter CYCLES_PER_MS bound to: 100000 - type: integer 
	Parameter PMA_HOLD_CYCLES bound to: 160000000 - type: integer 
	Parameter RESET_GAP_CYCLES bound to: 2000000 - type: integer 
INFO: [Synth 8-6157] synthesizing module 'aurora_power_on_reset_seq' [F:/RTDS_test_DDR4_64bit_batch_dev/external_snapshot/fdma_aurora_brg/fdma_aurora_brg.srcs/sources_1 - loop_validate/imports/aurora_64b66b_0_ex/aurora_64b66b_0_ex.srcs/sources_1/new/aurora_64b66b_top.v:203]
	Parameter PMA_HOLD_CYCLES bound to: 160000000 - type: integer 
	Parameter RESET_GAP_CYCLES bound to: 2000000 - type: integer 
	Parameter ST_HOLD_BOTH bound to: 2'b00 
	Parameter ST_RESET_ONLY bound to: 2'b01 
	Parameter ST_RUN bound to: 2'b10 
INFO: [Synth 8-6155] done synthesizing module 'aurora_power_on_reset_seq' (4#1) [F:/RTDS_test_DDR4_64bit_batch_dev/external_snapshot/fdma_aurora_brg/fdma_aurora_brg.srcs/sources_1 - loop_validate/imports/aurora_64b66b_0_ex/aurora_64b66b_0_ex.srcs/sources_1/new/aurora_64b66b_top.v:203]
INFO: [Synth 8-6157] synthesizing module 'aurora_64b66b_0_exdes' [F:/RTDS_test_DDR4_64bit_batch_dev/external_snapshot/fdma_aurora_brg/fdma_aurora_brg.srcs/sources_1 - loop_validate/imports/aurora_64b66b_0_ex/imports/aurora_64b66b_0_exdes.v:71]
	Parameter USE_CORE_TRAFFIC bound to: 1'b1 
	Parameter USR_CLK_PCOUNT bound to: 9'b011111111 
	Parameter EXAMPLE_SIMULATION bound to: 1'b0 
	Parameter USE_LABTOOLS bound to: 1'b1 
INFO: [Synth 8-6157] synthesizing module 'aurora_64b66b_0_EXAMPLE_LL_TO_AXI' [F:/RTDS_test_DDR4_64bit_batch_dev/external_snapshot/fdma_aurora_brg/fdma_aurora_brg.srcs/sources_1 - loop_validate/imports/aurora_64b66b_0_ex/imports/aurora_64b66b_0_example_ll_to_axi.v:64]
	Parameter DATA_WIDTH bound to: 64 - type: integer 
	Parameter STRB_WIDTH bound to: 8 - type: integer 
	Parameter USE_4_NFC bound to: 0 - type: integer 
	Parameter BC bound to: 8 - type: integer 
	Parameter REM_WIDTH bound to: 3 - type: integer 
INFO: [Synth 8-6157] synthesizing module 'aurora_64b66b_0_reg_slice_0' [F:/RTDS_test_DDR4_64bit_batch_dev/RTDS_test_DDR4_64bit.runs/synth_1/.Xil/Vivado-3576-LAPTOP-P4UDTRLL/realtime/aurora_64b66b_0_reg_slice_0_stub.v:6]
INFO: [Synth 8-6155] done synthesizing module 'aurora_64b66b_0_reg_slice_0' (5#1) [F:/RTDS_test_DDR4_64bit_batch_dev/RTDS_test_DDR4_64bit.runs/synth_1/.Xil/Vivado-3576-LAPTOP-P4UDTRLL/realtime/aurora_64b66b_0_reg_slice_0_stub.v:6]
INFO: [Synth 8-6155] done synthesizing module 'aurora_64b66b_0_EXAMPLE_LL_TO_AXI' (6#1) [F:/RTDS_test_DDR4_64bit_batch_dev/external_snapshot/fdma_aurora_brg/fdma_aurora_brg.srcs/sources_1 - loop_validate/imports/aurora_64b66b_0_ex/imports/aurora_64b66b_0_example_ll_to_axi.v:64]
INFO: [Synth 8-6157] synthesizing module 'aurora_64b66b_0_EXAMPLE_AXI_TO_LL' [F:/RTDS_test_DDR4_64bit_batch_dev/external_snapshot/fdma_aurora_brg/fdma_aurora_brg.srcs/sources_1 - loop_validate/imports/aurora_64b66b_0_ex/imports/aurora_64b66b_0_example_axi_to_ll.v:64]
	Parameter DATA_WIDTH bound to: 64 - type: integer 
	Parameter STRB_WIDTH bound to: 8 - type: integer 
	Parameter BC bound to: 8 - type: integer 
	Parameter ISUFC bound to: 0 - type: integer 
	Parameter REM_WIDTH bound to: 3 - type: integer 
INFO: [Synth 8-6157] synthesizing module 'aurora_64b66b_0_reg_slice_2' [F:/RTDS_test_DDR4_64bit_batch_dev/RTDS_test_DDR4_64bit.runs/synth_1/.Xil/Vivado-3576-LAPTOP-P4UDTRLL/realtime/aurora_64b66b_0_reg_slice_2_stub.v:6]
INFO: [Synth 8-6155] done synthesizing module 'aurora_64b66b_0_reg_slice_2' (7#1) [F:/RTDS_test_DDR4_64bit_batch_dev/RTDS_test_DDR4_64bit.runs/synth_1/.Xil/Vivado-3576-LAPTOP-P4UDTRLL/realtime/aurora_64b66b_0_reg_slice_2_stub.v:6]
INFO: [Synth 8-6155] done synthesizing module 'aurora_64b66b_0_EXAMPLE_AXI_TO_LL' (8#1) [F:/RTDS_test_DDR4_64bit_batch_dev/external_snapshot/fdma_aurora_brg/fdma_aurora_brg.srcs/sources_1 - loop_validate/imports/aurora_64b66b_0_ex/imports/aurora_64b66b_0_example_axi_to_ll.v:64]
INFO: [Synth 8-6157] synthesizing module 'BUFG' [D:/Xilinx_2020_2/Vivado/2020.2/scripts/rt/data/unisim_comp.v:1083]
INFO: [Synth 8-6155] done synthesizing module 'BUFG' (9#1) [D:/Xilinx_2020_2/Vivado/2020.2/scripts/rt/data/unisim_comp.v:1083]
INFO: [Synth 8-6157] synthesizing module 'aurora_64b66b_0' [F:/RTDS_test_DDR4_64bit_batch_dev/RTDS_test_DDR4_64bit.runs/synth_1/.Xil/Vivado-3576-LAPTOP-P4UDTRLL/realtime/aurora_64b66b_0_stub.v:6]
INFO: [Synth 8-6155] done synthesizing module 'aurora_64b66b_0' (10#1) [F:/RTDS_test_DDR4_64bit_batch_dev/RTDS_test_DDR4_64bit.runs/synth_1/.Xil/Vivado-3576-LAPTOP-P4UDTRLL/realtime/aurora_64b66b_0_stub.v:6]
INFO: [Synth 8-6155] done synthesizing module 'aurora_64b66b_0_exdes' (11#1) [F:/RTDS_test_DDR4_64bit_batch_dev/external_snapshot/fdma_aurora_brg/fdma_aurora_brg.srcs/sources_1 - loop_validate/imports/aurora_64b66b_0_ex/imports/aurora_64b66b_0_exdes.v:71]
INFO: [Synth 8-6155] done synthesizing module 'aurora_64b66b_top' (12#1) [F:/RTDS_test_DDR4_64bit_batch_dev/external_snapshot/fdma_aurora_brg/fdma_aurora_brg.srcs/sources_1 - loop_validate/imports/aurora_64b66b_0_ex/aurora_64b66b_0_ex.srcs/sources_1/new/aurora_64b66b_top.v:23]
INFO: [Synth 8-6157] synthesizing module 'RTDS_FPGA_1G_INIT' [F:/RTDS_test_DDR4_64bit_batch_dev/rtl/rtds_fpga_1g_init.v:3]
INFO: [Synth 8-6157] synthesizing module 'BUFGCE_DIV' [D:/Xilinx_2020_2/Vivado/2020.2/scripts/rt/data/unisim_comp.v:1122]
	Parameter BUFGCE_DIVIDE bound to: 4 - type: integer 
	Parameter CE_TYPE bound to: SYNC - type: string 
	Parameter HARDSYNC_CLR bound to: FALSE - type: string 
	Parameter IS_CE_INVERTED bound to: 1'b0 
	Parameter IS_CLR_INVERTED bound to: 1'b0 
	Parameter IS_I_INVERTED bound to: 1'b0 
	Parameter SIM_DEVICE bound to: ULTRASCALE - type: string 
	Parameter STARTUP_SYNC bound to: FALSE - type: string 
INFO: [Synth 8-6155] done synthesizing module 'BUFGCE_DIV' (13#1) [D:/Xilinx_2020_2/Vivado/2020.2/scripts/rt/data/unisim_comp.v:1122]
INFO: [Synth 8-6157] synthesizing module 'RTDS_FPGA_RESET_SYNC' [F:/RTDS_test_DDR4_64bit_batch_dev/rtl/rtds_fpga_reset_sync.v:4]
INFO: [Synth 8-6157] synthesizing module 'xpm_cdc_async_rst' [D:/Xilinx_2020_2/Vivado/2020.2/data/ip/xpm/xpm_cdc/hdl/xpm_cdc.sv:1175]
	Parameter DEST_SYNC_FF bound to: 4 - type: integer 
	Parameter INIT_SYNC_FF bound to: 1 - type: integer 
	Parameter RST_ACTIVE_HIGH bound to: 0 - type: integer 
	Parameter VERSION bound to: 0 - type: integer 
	Parameter DEF_VAL bound to: 1'b1 
	Parameter INV_DEF_VAL bound to: 1'b0 
INFO: [Synth 8-6155] done synthesizing module 'xpm_cdc_async_rst' (14#1) [D:/Xilinx_2020_2/Vivado/2020.2/data/ip/xpm/xpm_cdc/hdl/xpm_cdc.sv:1175]
INFO: [Synth 8-6155] done synthesizing module 'RTDS_FPGA_RESET_SYNC' (15#1) [F:/RTDS_test_DDR4_64bit_batch_dev/rtl/rtds_fpga_reset_sync.v:4]
INFO: [Synth 8-6155] done synthesizing module 'RTDS_FPGA_1G_INIT' (16#1) [F:/RTDS_test_DDR4_64bit_batch_dev/rtl/rtds_fpga_1g_init.v:3]
INFO: [Synth 8-6157] synthesizing module 'aurora_8b10b_1p25g_design' [F:/RTDS_test_DDR4_64bit_batch_dev/external_snapshot/aurora1g_verified/rtl/aurora_8b10b_1p25g_design.v:10]
INFO: [Synth 8-6157] synthesizing module 'aurora_8b10b_1p25g_LL_TO_AXI_EXDES' [F:/RTDS_test_DDR4_64bit_batch_dev/external_snapshot/aurora1g_verified/rtl/aurora_8b10b_1p25g_ll_to_axi_exdes.v:62]
	Parameter DATA_WIDTH bound to: 32 - type: integer 
	Parameter STRB_WIDTH bound to: 4 - type: integer 
	Parameter USE_UFC_REM bound to: 0 - type: integer 
	Parameter USE_4_NFC bound to: 0 - type: integer 
	Parameter BC bound to: 4 - type: integer 
	Parameter REM_WIDTH bound to: 2 - type: integer 
INFO: [Synth 8-6155] done synthesizing module 'aurora_8b10b_1p25g_LL_TO_AXI_EXDES' (17#1) [F:/RTDS_test_DDR4_64bit_batch_dev/external_snapshot/aurora1g_verified/rtl/aurora_8b10b_1p25g_ll_to_axi_exdes.v:62]
INFO: [Synth 8-6157] synthesizing module 'aurora_8b10b_1p25g_AXI_TO_LL_EXDES' [F:/RTDS_test_DDR4_64bit_batch_dev/external_snapshot/aurora1g_verified/rtl/aurora_8b10b_1p25g_axi_to_ll_exdes.v:62]
	Parameter DATA_WIDTH bound to: 32 - type: integer 
	Parameter STRB_WIDTH bound to: 4 - type: integer 
	Parameter BC bound to: 4 - type: integer 
	Parameter USE_4_NFC bound to: 0 - type: integer 
	Parameter REM_WIDTH bound to: 2 - type: integer 
INFO: [Synth 8-6155] done synthesizing module 'aurora_8b10b_1p25g_AXI_TO_LL_EXDES' (18#1) [F:/RTDS_test_DDR4_64bit_batch_dev/external_snapshot/aurora1g_verified/rtl/aurora_8b10b_1p25g_axi_to_ll_exdes.v:62]
INFO: [Synth 8-6157] synthesizing module 'aurora_8b10b_1p25g' [F:/RTDS_test_DDR4_64bit_batch_dev/RTDS_test_DDR4_64bit.runs/synth_1/.Xil/Vivado-3576-LAPTOP-P4UDTRLL/realtime/aurora_8b10b_1p25g_stub.v:5]
INFO: [Synth 8-6155] done synthesizing module 'aurora_8b10b_1p25g' (19#1) [F:/RTDS_test_DDR4_64bit_batch_dev/RTDS_test_DDR4_64bit.runs/synth_1/.Xil/Vivado-3576-LAPTOP-P4UDTRLL/realtime/aurora_8b10b_1p25g_stub.v:5]
INFO: [Synth 8-6155] done synthesizing module 'aurora_8b10b_1p25g_design' (20#1) [F:/RTDS_test_DDR4_64bit_batch_dev/external_snapshot/aurora1g_verified/rtl/aurora_8b10b_1p25g_design.v:10]
INFO: [Synth 8-6157] synthesizing module 'RTDS_1G_PERIODIC_TX' [F:/RTDS_test_DDR4_64bit_batch_dev/rtl/rtds_1g_periodic_tx.v:4]
	Parameter PERIOD_CYCLES bound to: 63 - type: integer 
	Parameter IDLE bound to: 2'b00 
	Parameter FIRST bound to: 2'b01 
	Parameter LAST bound to: 2'b10 
INFO: [Synth 8-6157] synthesizing module 'RTDS_FPGA_CFG_CDC' [F:/RTDS_test_DDR4_64bit_batch_dev/rtl/rtds_fpga_cfg_cdc.v:6]
INFO: [Synth 8-6157] synthesizing module 'xpm_cdc_handshake' [D:/Xilinx_2020_2/Vivado/2020.2/data/ip/xpm/xpm_cdc/hdl/xpm_cdc.sv:469]
	Parameter DEST_EXT_HSK bound to: 1 - type: integer 
	Parameter DEST_SYNC_FF bound to: 4 - type: integer 
	Parameter INIT_SYNC_FF bound to: 1 - type: integer 
	Parameter SIM_ASSERT_CHK bound to: 1 - type: integer 
	Parameter SRC_SYNC_FF bound to: 4 - type: integer 
	Parameter VERSION bound to: 0 - type: integer 
	Parameter WIDTH bound to: 48 - type: integer 
INFO: [Synth 8-6157] synthesizing module 'xpm_cdc_single' [D:/Xilinx_2020_2/Vivado/2020.2/data/ip/xpm/xpm_cdc/hdl/xpm_cdc.sv:153]
	Parameter DEST_SYNC_FF bound to: 4 - type: integer 
	Parameter INIT_SYNC_FF bound to: 1 - type: integer 
	Parameter SIM_ASSERT_CHK bound to: 0 - type: integer 
	Parameter SRC_INPUT_REG bound to: 0 - type: integer 
	Parameter VERSION bound to: 0 - type: integer 
INFO: [Synth 8-6155] done synthesizing module 'xpm_cdc_single' (21#1) [D:/Xilinx_2020_2/Vivado/2020.2/data/ip/xpm/xpm_cdc/hdl/xpm_cdc.sv:153]
INFO: [Synth 8-6155] done synthesizing module 'xpm_cdc_handshake' (22#1) [D:/Xilinx_2020_2/Vivado/2020.2/data/ip/xpm/xpm_cdc/hdl/xpm_cdc.sv:469]
INFO: [Synth 8-6155] done synthesizing module 'RTDS_FPGA_CFG_CDC' (23#1) [F:/RTDS_test_DDR4_64bit_batch_dev/rtl/rtds_fpga_cfg_cdc.v:6]
INFO: [Synth 8-6155] done synthesizing module 'RTDS_1G_PERIODIC_TX' (24#1) [F:/RTDS_test_DDR4_64bit_batch_dev/rtl/rtds_1g_periodic_tx.v:4]
INFO: [Synth 8-6157] synthesizing module 'PCIe' [F:/RTDS_test_DDR4_64bit_batch_dev/RTDS_test_DDR4_64bit.srcs/sources_1/new/PCIe.v:17]
	Parameter RX_PERIOD_CYCLES bound to: 25000000 - type: integer 
	Parameter FRAME_BYTES bound to: 16 - type: integer 
	Parameter ACTIVE_WINDOW_BYTES bound to: 32768 - type: integer 
	Parameter RX_BASE_ADDR_LO bound to: 1048576 - type: integer 
	Parameter TX_BASE_ADDR_LO bound to: 32768 - type: integer 
	Parameter CARD_ADDR_HI bound to: 0 - type: integer 
INFO: [Synth 8-6157] synthesizing module 'pcie_fdma_aurora_brg_adapter' [F:/RTDS_test_DDR4_64bit_batch_dev/RTDS_test_DDR4_64bit.srcs/sources_1/new/pcie_fdma_aurora_brg_adapter.v:33]
	Parameter FRAME_BYTES bound to: 16 - type: integer 
	Parameter ACTIVE_WINDOW_BYTES bound to: 32768 - type: integer 
	Parameter RX_BASE_ADDR_LO bound to: 1048576 - type: integer 
	Parameter TX_BASE_ADDR_LO bound to: 32768 - type: integer 
	Parameter CARD_ADDR_HI bound to: 0 - type: integer 
	Parameter RX_PERIOD_CYCLES bound to: 25000000 - type: integer 
	Parameter RX_BLOCK_BYTES bound to: 262144 - type: integer 
	Parameter RX_BLOCK_COUNT bound to: 8 - type: integer 
	Parameter FDMA_TIMEOUT_CYCLES bound to: 65535 - type: integer 
	Parameter FRAME_WORDS bound to: 2 - type: integer 
	Parameter FRAME_BYTES_32 bound to: 16 - type: integer 
	Parameter FRAME_WORDS_16 bound to: 2 - type: integer 
INFO: [Synth 8-6157] synthesizing module 'xpm_cdc_single__parameterized0' [D:/Xilinx_2020_2/Vivado/2020.2/data/ip/xpm/xpm_cdc/hdl/xpm_cdc.sv:153]
	Parameter DEST_SYNC_FF bound to: 2 - type: integer 
	Parameter INIT_SYNC_FF bound to: 0 - type: integer 
	Parameter SIM_ASSERT_CHK bound to: 0 - type: integer 
	Parameter SRC_INPUT_REG bound to: 0 - type: integer 
	Parameter VERSION bound to: 0 - type: integer 
INFO: [Synth 8-6155] done synthesizing module 'xpm_cdc_single__parameterized0' (24#1) [D:/Xilinx_2020_2/Vivado/2020.2/data/ip/xpm/xpm_cdc/hdl/xpm_cdc.sv:153]
INFO: [Synth 8-6157] synthesizing module 'fdma_aurora_brg_tx' [F:/RTDS_test_DDR4_64bit_batch_dev/external_snapshot/fdma_aurora_brg/fdma_aurora_brg.srcs/sources_1 - loop_validate/new/fdma_aurora_brg_tx.v:26]
	Parameter FRAME_BYTES bound to: 16 - type: integer 
	Parameter MEM_WINDOW_BYTES bound to: 32768 - type: integer 
	Parameter TEST_MEM_SIZE bound to: 32768 - type: integer 
	Parameter FDMA_BURST_LEN bound to: 16 - type: integer 
	Parameter BURST_WORDS bound to: 2 - type: integer 
	Parameter FRAME_WORDS bound to: 2 - type: integer 
	Parameter TX_FIFO_RESERVE_WORDS bound to: 8 - type: integer 
	Parameter TX_PROG_FULL_THRESH bound to: 504 - type: integer 
	Parameter RD_IDLE bound to: 2'b00 
	Parameter RD_REQ bound to: 2'b01 
	Parameter RD_DATA bound to: 2'b10 
	Parameter RD_WAIT bound to: 2'b11 
	Parameter TX_IDLE bound to: 2'b00 
	Parameter TX_SOF bound to: 2'b01 
	Parameter TX_DATA bound to: 2'b10 
INFO: [Synth 8-226] default block is never used [F:/RTDS_test_DDR4_64bit_batch_dev/external_snapshot/fdma_aurora_brg/fdma_aurora_brg.srcs/sources_1 - loop_validate/new/fdma_aurora_brg_tx.v:204]
INFO: [Synth 8-6157] synthesizing module 'xpm_fifo_async' [D:/Xilinx_2020_2/Vivado/2020.2/data/ip/xpm/xpm_fifo/hdl/xpm_fifo.sv:2142]
	Parameter FIFO_MEMORY_TYPE bound to: auto - type: string 
	Parameter ECC_MODE bound to: no_ecc - type: string 
	Parameter RELATED_CLOCKS bound to: 0 - type: integer 
	Parameter SIM_ASSERT_CHK bound to: 0 - type: integer 
	Parameter CASCADE_HEIGHT bound to: 0 - type: integer 
	Parameter FIFO_WRITE_DEPTH bound to: 512 - type: integer 
	Parameter WRITE_DATA_WIDTH bound to: 64 - type: integer 
	Parameter WR_DATA_COUNT_WIDTH bound to: 10 - type: integer 
	Parameter PROG_FULL_THRESH bound to: 504 - type: integer 
	Parameter FULL_RESET_VALUE bound to: 0 - type: integer 
	Parameter USE_ADV_FEATURES bound to: 1f1f - type: string 
	Parameter READ_MODE bound to: fwft - type: string 
	Parameter FIFO_READ_LATENCY bound to: 0 - type: integer 
	Parameter READ_DATA_WIDTH bound to: 64 - type: integer 
	Parameter RD_DATA_COUNT_WIDTH bound to: 10 - type: integer 
	Parameter PROG_EMPTY_THRESH bound to: 10 - type: integer 
	Parameter DOUT_RESET_VALUE bound to: 0 - type: string 
	Parameter CDC_SYNC_STAGES bound to: 2 - type: integer 
	Parameter WAKEUP_TIME bound to: 0 - type: integer 
	Parameter EN_ADV_FEATURE_ASYNC bound to: 16'b0001111100011111 
	Parameter P_FIFO_MEMORY_TYPE bound to: 0 - type: integer 
	Parameter P_COMMON_CLOCK bound to: 0 - type: integer 
	Parameter P_ECC_MODE bound to: 0 - type: integer 
	Parameter P_READ_MODE bound to: 1 - type: integer 
	Parameter P_WAKEUP_TIME bound to: 2 - type: integer 
INFO: [Synth 8-6157] synthesizing module 'xpm_fifo_base' [D:/Xilinx_2020_2/Vivado/2020.2/data/ip/xpm/xpm_fifo/hdl/xpm_fifo.sv:56]
	Parameter COMMON_CLOCK bound to: 0 - type: integer 
	Parameter RELATED_CLOCKS bound to: 0 - type: integer 
	Parameter FIFO_MEMORY_TYPE bound to: 0 - type: integer 
	Parameter ECC_MODE bound to: 0 - type: integer 
	Parameter SIM_ASSERT_CHK bound to: 0 - type: integer 
	Parameter CASCADE_HEIGHT bound to: 0 - type: integer 
	Parameter FIFO_WRITE_DEPTH bound to: 512 - type: integer 
	Parameter WRITE_DATA_WIDTH bound to: 64 - type: integer 
	Parameter WR_DATA_COUNT_WIDTH bound to: 10 - type: integer 
	Parameter PROG_FULL_THRESH bound to: 504 - type: integer 
	Parameter USE_ADV_FEATURES bound to: 1f1f - type: string 
	Parameter READ_MODE bound to: 1 - type: integer 
	Parameter FIFO_READ_LATENCY bound to: 0 - type: integer 
	Parameter READ_DATA_WIDTH bound to: 64 - type: integer 
	Parameter RD_DATA_COUNT_WIDTH bound to: 10 - type: integer 
	Parameter PROG_EMPTY_THRESH bound to: 10 - type: integer 
	Parameter DOUT_RESET_VALUE bound to: 0 - type: string 
	Parameter CDC_DEST_SYNC_FF bound to: 2 - type: integer 
	Parameter FULL_RESET_VALUE bound to: 0 - type: integer 
	Parameter REMOVE_WR_RD_PROT_LOGIC bound to: 0 - type: integer 
	Parameter WAKEUP_TIME bound to: 0 - type: integer 
	Parameter VERSION bound to: 0 - type: integer 
	Parameter invalid bound to: 0 - type: integer 
	Parameter stage1_valid bound to: 2 - type: integer 
	Parameter stage2_valid bound to: 1 - type: integer 
	Parameter both_stages_valid bound to: 3 - type: integer 
	Parameter FIFO_MEM_TYPE bound to: 0 - type: integer 
	Parameter RD_MODE bound to: 1 - type: integer 
	Parameter ENABLE_ECC bound to: 0 - type: integer 
	Parameter FIFO_READ_DEPTH bound to: 512 - type: integer 
	Parameter FIFO_SIZE bound to: 32768 - type: integer 
	Parameter WR_WIDTH_LOG bound to: 6 - type: integer 
	Parameter WR_DEPTH_LOG bound to: 9 - type: integer 
	Parameter WR_PNTR_WIDTH bound to: 9 - type: integer 
	Parameter RD_PNTR_WIDTH bound to: 9 - type: integer 
	Parameter FULL_RST_VAL bound to: 1'b0 
	Parameter WR_RD_RATIO bound to: 0 - type: integer 
	Parameter READ_MODE_LL bound to: 1 - type: integer 
	Parameter PF_THRESH_ADJ bound to: 502 - type: integer 
	Parameter PE_THRESH_ADJ bound to: 8 - type: integer 
	Parameter PF_THRESH_MIN bound to: 7 - type: integer 
	Parameter PF_THRESH_MAX bound to: 507 - type: integer 
	Parameter PE_THRESH_MIN bound to: 5 - type: integer 
	Parameter PE_THRESH_MAX bound to: 507 - type: integer 
	Parameter WR_DC_WIDTH_EXT bound to: 10 - type: integer 
	Parameter RD_DC_WIDTH_EXT bound to: 10 - type: integer 
	Parameter RD_LATENCY bound to: 2 - type: integer 
	Parameter WIDTH_RATIO bound to: 1 - type: integer 
	Parameter EN_ADV_FEATURE bound to: 16'b0001111100011111 
	Parameter EN_OF bound to: 1'b1 
	Parameter EN_PF bound to: 1'b1 
	Parameter EN_WDC bound to: 1'b1 
	Parameter EN_AF bound to: 1'b1 
	Parameter EN_WACK bound to: 1'b1 
	Parameter FG_EQ_ASYM_DOUT bound to: 1'b0 
	Parameter EN_UF bound to: 1'b1 
	Parameter EN_PE bound to: 1'b1 
	Parameter EN_RDC bound to: 1'b1 
	Parameter EN_AE bound to: 1'b1 
	Parameter EN_DVLD bound to: 1'b1 
INFO: [Synth 8-6157] synthesizing module 'xpm_counter_updn' [D:/Xilinx_2020_2/Vivado/2020.2/data/ip/xpm/xpm_fifo/hdl/xpm_fifo.sv:1854]
	Parameter COUNTER_WIDTH bound to: 9 - type: integer 
	Parameter RESET_VALUE bound to: 3 - type: integer 
INFO: [Synth 8-6155] done synthesizing module 'xpm_counter_updn' (25#1) [D:/Xilinx_2020_2/Vivado/2020.2/data/ip/xpm/xpm_fifo/hdl/xpm_fifo.sv:1854]
INFO: [Synth 8-6157] synthesizing module 'xpm_counter_updn__parameterized0' [D:/Xilinx_2020_2/Vivado/2020.2/data/ip/xpm/xpm_fifo/hdl/xpm_fifo.sv:1854]
	Parameter COUNTER_WIDTH bound to: 9 - type: integer 
	Parameter RESET_VALUE bound to: 2 - type: integer 
INFO: [Synth 8-6155] done synthesizing module 'xpm_counter_updn__parameterized0' (25#1) [D:/Xilinx_2020_2/Vivado/2020.2/data/ip/xpm/xpm_fifo/hdl/xpm_fifo.sv:1854]
INFO: [Synth 8-6157] synthesizing module 'xpm_memory_base' [D:/Xilinx_2020_2/Vivado/2020.2/data/ip/xpm/xpm_memory/hdl/xpm_memory.sv:57]
	Parameter MEMORY_TYPE bound to: 1 - type: integer 
	Parameter MEMORY_SIZE bound to: 32768 - type: integer 
	Parameter MEMORY_PRIMITIVE bound to: 0 - type: integer 
	Parameter CLOCKING_MODE bound to: 1 - type: integer 
	Parameter ECC_MODE bound to: 0 - type: integer 
	Parameter MEMORY_INIT_FILE bound to: none - type: string 
	Parameter MEMORY_INIT_PARAM bound to: (null) - type: string 
	Parameter USE_MEM_INIT_MMI bound to: 0 - type: integer 
	Parameter USE_MEM_INIT bound to: 0 - type: integer 
	Parameter MEMORY_OPTIMIZATION bound to: true - type: string 
	Parameter WAKEUP_TIME bound to: 0 - type: integer 
	Parameter AUTO_SLEEP_TIME bound to: 0 - type: integer 
	Parameter MESSAGE_CONTROL bound to: 0 - type: integer 
	Parameter VERSION bound to: 0 - type: integer 
	Parameter USE_EMBEDDED_CONSTRAINT bound to: 0 - type: integer 
	Parameter CASCADE_HEIGHT bound to: 0 - type: integer 
	Parameter SIM_ASSERT_CHK bound to: 0 - type: integer 
	Parameter WRITE_PROTECT bound to: 1 - type: integer 
	Parameter WRITE_DATA_WIDTH_A bound to: 64 - type: integer 
	Parameter READ_DATA_WIDTH_A bound to: 64 - type: integer 
	Parameter BYTE_WRITE_WIDTH_A bound to: 64 - type: integer 
	Parameter ADDR_WIDTH_A bound to: 9 - type: integer 
	Parameter READ_RESET_VALUE_A bound to: 0 - type: string 
	Parameter READ_LATENCY_A bound to: 2 - type: integer 
	Parameter WRITE_MODE_A bound to: 2 - type: integer 
	Parameter RST_MODE_A bound to: SYNC - type: string 
	Parameter WRITE_DATA_WIDTH_B bound to: 64 - type: integer 
	Parameter READ_DATA_WIDTH_B bound to: 64 - type: integer 
	Parameter BYTE_WRITE_WIDTH_B bound to: 64 - type: integer 
	Parameter ADDR_WIDTH_B bound to: 9 - type: integer 
	Parameter READ_RESET_VALUE_B bound to: 0 - type: string 
	Parameter READ_LATENCY_B bound to: 2 - type: integer 
	Parameter WRITE_MODE_B bound to: 2 - type: integer 
	Parameter RST_MODE_B bound to: SYNC - type: string 
	Parameter P_MEMORY_PRIMITIVE bound to: auto - type: string 
	Parameter P_MIN_WIDTH_DATA_A bound to: 64 - type: integer 
	Parameter P_MIN_WIDTH_DATA_B bound to: 64 - type: integer 
	Parameter P_MIN_WIDTH_DATA bound to: 64 - type: integer 
	Parameter P_MIN_WIDTH_DATA_ECC bound to: 64 - type: integer 
	Parameter P_MAX_DEPTH_DATA bound to: 512 - type: integer 
	Parameter P_ECC_MODE bound to: no_ecc - type: string 
	Parameter P_MEMORY_OPT bound to: yes - type: string 
	Parameter P_WIDTH_COL_WRITE_A bound to: 64 - type: integer 
	Parameter P_WIDTH_COL_WRITE_B bound to: 64 - type: integer 
	Parameter P_NUM_COLS_WRITE_A bound to: 1 - type: integer 
	Parameter P_NUM_COLS_WRITE_B bound to: 1 - type: integer 
	Parameter P_NUM_ROWS_WRITE_A bound to: 1 - type: integer 
	Parameter P_NUM_ROWS_WRITE_B bound to: 1 - type: integer 
	Parameter P_NUM_ROWS_READ_A bound to: 1 - type: integer 
	Parameter P_NUM_ROWS_READ_B bound to: 1 - type: integer 
	Parameter P_WIDTH_ADDR_WRITE_A bound to: 9 - type: integer 
	Parameter P_WIDTH_ADDR_WRITE_B bound to: 9 - type: integer 
	Parameter P_WIDTH_ADDR_READ_A bound to: 9 - type: integer 
	Parameter P_WIDTH_ADDR_READ_B bound to: 9 - type: integer 
	Parameter P_WIDTH_ADDR_LSB_WRITE_A bound to: 0 - type: integer 
	Parameter P_WIDTH_ADDR_LSB_WRITE_B bound to: 0 - type: integer 
	Parameter P_WIDTH_ADDR_LSB_READ_A bound to: 0 - type: integer 
	Parameter P_WIDTH_ADDR_LSB_READ_B bound to: 0 - type: integer 
	Parameter P_ENABLE_BYTE_WRITE_A bound to: 0 - type: integer 
	Parameter P_ENABLE_BYTE_WRITE_B bound to: 0 - type: integer 
	Parameter P_SDP_WRITE_MODE bound to: yes - type: string 
	Parameter rsta_loop_iter bound to: 64 - type: integer 
	Parameter rstb_loop_iter bound to: 64 - type: integer 
	Parameter NUM_CHAR_LOC bound to: 0 - type: integer 
	Parameter MAX_NUM_CHAR bound to: 0 - type: integer 
	Parameter P_MIN_WIDTH_DATA_SHFT bound to: 64 - type: integer 
	Parameter P_MIN_WIDTH_DATA_LDW bound to: 4 - type: integer 
INFO: [Synth 8-6059] Synth Info: [XPM_MEMORY 20-1] MEMORY_PRIMITIVE (0) instructs Vivado Synthesis to choose the memory primitive type. Depending on their values, other XPM_MEMORY parameters may preclude the choice of certain memory primitive types. Review XPM_MEMORY documentation and parameter values to understand any limitations, or set MEMORY_PRIMITIVE to a different value.   [D:/Xilinx_2020_2/Vivado/2020.2/data/ip/xpm/xpm_memory/hdl/xpm_memory.sv:488]
INFO: [Synth 8-6155] done synthesizing module 'xpm_memory_base' (26#1) [D:/Xilinx_2020_2/Vivado/2020.2/data/ip/xpm/xpm_memory/hdl/xpm_memory.sv:57]
INFO: [Synth 8-6157] synthesizing module 'xpm_cdc_gray' [D:/Xilinx_2020_2/Vivado/2020.2/data/ip/xpm/xpm_cdc/hdl/xpm_cdc.sv:284]
	Parameter DEST_SYNC_FF bound to: 2 - type: integer 
	Parameter INIT_SYNC_FF bound to: 1 - type: integer 
	Parameter REG_OUTPUT bound to: 0 - type: integer 
	Parameter SIM_ASSERT_CHK bound to: 0 - type: integer 
	Parameter SIM_LOSSLESS_GRAY_CHK bound to: 0 - type: integer 
	Parameter VERSION bound to: 0 - type: integer 
	Parameter WIDTH bound to: 9 - type: integer 
INFO: [Synth 8-6155] done synthesizing module 'xpm_cdc_gray' (27#1) [D:/Xilinx_2020_2/Vivado/2020.2/data/ip/xpm/xpm_cdc/hdl/xpm_cdc.sv:284]
INFO: [Synth 8-6157] synthesizing module 'xpm_fifo_reg_vec' [D:/Xilinx_2020_2/Vivado/2020.2/data/ip/xpm/xpm_fifo/hdl/xpm_fifo.sv:1880]
	Parameter REG_WIDTH bound to: 9 - type: integer 
INFO: [Synth 8-6155] done synthesizing module 'xpm_fifo_reg_vec' (28#1) [D:/Xilinx_2020_2/Vivado/2020.2/data/ip/xpm/xpm_fifo/hdl/xpm_fifo.sv:1880]
INFO: [Synth 8-6157] synthesizing module 'xpm_cdc_gray__parameterized0' [D:/Xilinx_2020_2/Vivado/2020.2/data/ip/xpm/xpm_cdc/hdl/xpm_cdc.sv:284]
	Parameter DEST_SYNC_FF bound to: 4 - type: integer 
	Parameter INIT_SYNC_FF bound to: 1 - type: integer 
	Parameter REG_OUTPUT bound to: 0 - type: integer 
	Parameter SIM_ASSERT_CHK bound to: 0 - type: integer 
	Parameter SIM_LOSSLESS_GRAY_CHK bound to: 0 - type: integer 
	Parameter VERSION bound to: 0 - type: integer 
	Parameter WIDTH bound to: 10 - type: integer 
INFO: [Synth 8-6155] done synthesizing module 'xpm_cdc_gray__parameterized0' (28#1) [D:/Xilinx_2020_2/Vivado/2020.2/data/ip/xpm/xpm_cdc/hdl/xpm_cdc.sv:284]
INFO: [Synth 8-6157] synthesizing module 'xpm_fifo_reg_vec__parameterized0' [D:/Xilinx_2020_2/Vivado/2020.2/data/ip/xpm/xpm_fifo/hdl/xpm_fifo.sv:1880]
	Parameter REG_WIDTH bound to: 10 - type: integer 
INFO: [Synth 8-6155] done synthesizing module 'xpm_fifo_reg_vec__parameterized0' (28#1) [D:/Xilinx_2020_2/Vivado/2020.2/data/ip/xpm/xpm_fifo/hdl/xpm_fifo.sv:1880]
INFO: [Synth 8-6157] synthesizing module 'xpm_cdc_gray__parameterized1' [D:/Xilinx_2020_2/Vivado/2020.2/data/ip/xpm/xpm_cdc/hdl/xpm_cdc.sv:284]
	Parameter DEST_SYNC_FF bound to: 2 - type: integer 
	Parameter INIT_SYNC_FF bound to: 1 - type: integer 
	Parameter REG_OUTPUT bound to: 0 - type: integer 
	Parameter SIM_ASSERT_CHK bound to: 0 - type: integer 
	Parameter SIM_LOSSLESS_GRAY_CHK bound to: 0 - type: integer 
	Parameter VERSION bound to: 0 - type: integer 
	Parameter WIDTH bound to: 10 - type: integer 
INFO: [Synth 8-6155] done synthesizing module 'xpm_cdc_gray__parameterized1' (28#1) [D:/Xilinx_2020_2/Vivado/2020.2/data/ip/xpm/xpm_cdc/hdl/xpm_cdc.sv:284]
INFO: [Synth 8-226] default block is never used [D:/Xilinx_2020_2/Vivado/2020.2/data/ip/xpm/xpm_fifo/hdl/xpm_fifo.sv:1204]
INFO: [Synth 8-226] default block is never used [D:/Xilinx_2020_2/Vivado/2020.2/data/ip/xpm/xpm_fifo/hdl/xpm_fifo.sv:1271]
INFO: [Synth 8-226] default block is never used [D:/Xilinx_2020_2/Vivado/2020.2/data/ip/xpm/xpm_fifo/hdl/xpm_fifo.sv:1293]
INFO: [Synth 8-6157] synthesizing module 'xpm_fifo_reg_bit' [D:/Xilinx_2020_2/Vivado/2020.2/data/ip/xpm/xpm_fifo/hdl/xpm_fifo.sv:1902]
	Parameter RST_VALUE bound to: 0 - type: integer 
INFO: [Synth 8-6155] done synthesizing module 'xpm_fifo_reg_bit' (29#1) [D:/Xilinx_2020_2/Vivado/2020.2/data/ip/xpm/xpm_fifo/hdl/xpm_fifo.sv:1902]
INFO: [Synth 8-6157] synthesizing module 'xpm_counter_updn__parameterized1' [D:/Xilinx_2020_2/Vivado/2020.2/data/ip/xpm/xpm_fifo/hdl/xpm_fifo.sv:1854]
	Parameter COUNTER_WIDTH bound to: 2 - type: integer 
	Parameter RESET_VALUE bound to: 0 - type: integer 
INFO: [Synth 8-6155] done synthesizing module 'xpm_counter_updn__parameterized1' (29#1) [D:/Xilinx_2020_2/Vivado/2020.2/data/ip/xpm/xpm_fifo/hdl/xpm_fifo.sv:1854]
INFO: [Synth 8-6157] synthesizing module 'xpm_fifo_rst' [D:/Xilinx_2020_2/Vivado/2020.2/data/ip/xpm/xpm_fifo/hdl/xpm_fifo.sv:1618]
	Parameter COMMON_CLOCK bound to: 0 - type: integer 
	Parameter CDC_DEST_SYNC_FF bound to: 2 - type: integer 
	Parameter SIM_ASSERT_CHK bound to: 0 - type: integer 
INFO: [Synth 8-6157] synthesizing module 'xpm_cdc_sync_rst' [D:/Xilinx_2020_2/Vivado/2020.2/data/ip/xpm/xpm_cdc/hdl/xpm_cdc.sv:1059]
	Parameter DEST_SYNC_FF bound to: 2 - type: integer 
	Parameter INIT bound to: 32'sb00000000000000000000000000000000 
	Parameter INIT_SYNC_FF bound to: 1 - type: integer 
	Parameter SIM_ASSERT_CHK bound to: 0 - type: integer 
	Parameter VERSION bound to: 0 - type: integer 
	Parameter DEF_VAL bound to: 1'b0 
INFO: [Synth 8-6155] done synthesizing module 'xpm_cdc_sync_rst' (30#1) [D:/Xilinx_2020_2/Vivado/2020.2/data/ip/xpm/xpm_cdc/hdl/xpm_cdc.sv:1059]
INFO: [Synth 8-6155] done synthesizing module 'xpm_fifo_rst' (31#1) [D:/Xilinx_2020_2/Vivado/2020.2/data/ip/xpm/xpm_fifo/hdl/xpm_fifo.sv:1618]
INFO: [Synth 8-6157] synthesizing module 'xpm_counter_updn__parameterized2' [D:/Xilinx_2020_2/Vivado/2020.2/data/ip/xpm/xpm_fifo/hdl/xpm_fifo.sv:1854]
	Parameter COUNTER_WIDTH bound to: 10 - type: integer 
	Parameter RESET_VALUE bound to: 0 - type: integer 
INFO: [Synth 8-6155] done synthesizing module 'xpm_counter_updn__parameterized2' (31#1) [D:/Xilinx_2020_2/Vivado/2020.2/data/ip/xpm/xpm_fifo/hdl/xpm_fifo.sv:1854]
INFO: [Synth 8-6157] synthesizing module 'xpm_counter_updn__parameterized3' [D:/Xilinx_2020_2/Vivado/2020.2/data/ip/xpm/xpm_fifo/hdl/xpm_fifo.sv:1854]
	Parameter COUNTER_WIDTH bound to: 9 - type: integer 
	Parameter RESET_VALUE bound to: 1 - type: integer 
INFO: [Synth 8-6155] done synthesizing module 'xpm_counter_updn__parameterized3' (31#1) [D:/Xilinx_2020_2/Vivado/2020.2/data/ip/xpm/xpm_fifo/hdl/xpm_fifo.sv:1854]
INFO: [Synth 8-6155] done synthesizing module 'xpm_fifo_base' (32#1) [D:/Xilinx_2020_2/Vivado/2020.2/data/ip/xpm/xpm_fifo/hdl/xpm_fifo.sv:56]
INFO: [Synth 8-6155] done synthesizing module 'xpm_fifo_async' (33#1) [D:/Xilinx_2020_2/Vivado/2020.2/data/ip/xpm/xpm_fifo/hdl/xpm_fifo.sv:2142]
INFO: [Synth 8-6155] done synthesizing module 'fdma_aurora_brg_tx' (34#1) [F:/RTDS_test_DDR4_64bit_batch_dev/external_snapshot/fdma_aurora_brg/fdma_aurora_brg.srcs/sources_1 - loop_validate/new/fdma_aurora_brg_tx.v:26]
INFO: [Synth 8-6157] synthesizing module 'RTDS_RX_FRAME_FIFO' [F:/RTDS_test_DDR4_64bit_batch_dev/rtl/rtds_rx_frame_fifo.v:4]
	Parameter FIFO_DEPTH bound to: 2048 - type: integer 
INFO: [Synth 8-6157] synthesizing module 'RTDS_FPGA_COUNT_CDC' [F:/RTDS_test_DDR4_64bit_batch_dev/rtl/rtds_fpga_count_cdc.v:4]
INFO: [Synth 8-6157] synthesizing module 'xpm_cdc_gray__parameterized2' [D:/Xilinx_2020_2/Vivado/2020.2/data/ip/xpm/xpm_cdc/hdl/xpm_cdc.sv:284]
	Parameter DEST_SYNC_FF bound to: 2 - type: integer 
	Parameter INIT_SYNC_FF bound to: 1 - type: integer 
	Parameter REG_OUTPUT bound to: 1 - type: integer 
	Parameter SIM_ASSERT_CHK bound to: 0 - type: integer 
	Parameter SIM_LOSSLESS_GRAY_CHK bound to: 0 - type: integer 
	Parameter VERSION bound to: 0 - type: integer 
	Parameter WIDTH bound to: 32 - type: integer 
INFO: [Synth 8-6155] done synthesizing module 'xpm_cdc_gray__parameterized2' (34#1) [D:/Xilinx_2020_2/Vivado/2020.2/data/ip/xpm/xpm_cdc/hdl/xpm_cdc.sv:284]
INFO: [Synth 8-6155] done synthesizing module 'RTDS_FPGA_COUNT_CDC' (35#1) [F:/RTDS_test_DDR4_64bit_batch_dev/rtl/rtds_fpga_count_cdc.v:4]
INFO: [Synth 8-6157] synthesizing module 'xpm_fifo_async__parameterized0' [D:/Xilinx_2020_2/Vivado/2020.2/data/ip/xpm/xpm_fifo/hdl/xpm_fifo.sv:2142]
	Parameter FIFO_MEMORY_TYPE bound to: block - type: string 
	Parameter ECC_MODE bound to: no_ecc - type: string 
	Parameter RELATED_CLOCKS bound to: 0 - type: integer 
	Parameter SIM_ASSERT_CHK bound to: 0 - type: integer 
	Parameter CASCADE_HEIGHT bound to: 0 - type: integer 
	Parameter FIFO_WRITE_DEPTH bound to: 2048 - type: integer 
	Parameter WRITE_DATA_WIDTH bound to: 64 - type: integer 
	Parameter WR_DATA_COUNT_WIDTH bound to: 12 - type: integer 
	Parameter PROG_FULL_THRESH bound to: 2043 - type: integer 
	Parameter FULL_RESET_VALUE bound to: 0 - type: integer 
	Parameter USE_ADV_FEATURES bound to: 0707 - type: string 
	Parameter READ_MODE bound to: fwft - type: string 
	Parameter FIFO_READ_LATENCY bound to: 0 - type: integer 
	Parameter READ_DATA_WIDTH bound to: 64 - type: integer 
	Parameter RD_DATA_COUNT_WIDTH bound to: 12 - type: integer 
	Parameter PROG_EMPTY_THRESH bound to: 5 - type: integer 
	Parameter DOUT_RESET_VALUE bound to: 0 - type: string 
	Parameter CDC_SYNC_STAGES bound to: 2 - type: integer 
	Parameter WAKEUP_TIME bound to: 0 - type: integer 
	Parameter EN_ADV_FEATURE_ASYNC bound to: 16'b0000011100000111 
	Parameter P_FIFO_MEMORY_TYPE bound to: 2 - type: integer 
	Parameter P_COMMON_CLOCK bound to: 0 - type: integer 
	Parameter P_ECC_MODE bound to: 0 - type: integer 
	Parameter P_READ_MODE bound to: 1 - type: integer 
	Parameter P_WAKEUP_TIME bound to: 2 - type: integer 
INFO: [Synth 8-6157] synthesizing module 'xpm_fifo_base__parameterized0' [D:/Xilinx_2020_2/Vivado/2020.2/data/ip/xpm/xpm_fifo/hdl/xpm_fifo.sv:56]
	Parameter COMMON_CLOCK bound to: 0 - type: integer 
	Parameter RELATED_CLOCKS bound to: 0 - type: integer 
	Parameter FIFO_MEMORY_TYPE bound to: 2 - type: integer 
	Parameter ECC_MODE bound to: 0 - type: integer 
	Parameter SIM_ASSERT_CHK bound to: 0 - type: integer 
	Parameter CASCADE_HEIGHT bound to: 0 - type: integer 
	Parameter FIFO_WRITE_DEPTH bound to: 2048 - type: integer 
	Parameter WRITE_DATA_WIDTH bound to: 64 - type: integer 
	Parameter WR_DATA_COUNT_WIDTH bound to: 12 - type: integer 
	Parameter PROG_FULL_THRESH bound to: 2043 - type: integer 
	Parameter USE_ADV_FEATURES bound to: 0707 - type: string 
	Parameter READ_MODE bound to: 1 - type: integer 
	Parameter FIFO_READ_LATENCY bound to: 0 - type: integer 
	Parameter READ_DATA_WIDTH bound to: 64 - type: integer 
	Parameter RD_DATA_COUNT_WIDTH bound to: 12 - type: integer 
	Parameter PROG_EMPTY_THRESH bound to: 5 - type: integer 
	Parameter DOUT_RESET_VALUE bound to: 0 - type: string 
	Parameter CDC_DEST_SYNC_FF bound to: 2 - type: integer 
	Parameter FULL_RESET_VALUE bound to: 0 - type: integer 
	Parameter REMOVE_WR_RD_PROT_LOGIC bound to: 0 - type: integer 
	Parameter WAKEUP_TIME bound to: 0 - type: integer 
	Parameter VERSION bound to: 0 - type: integer 
	Parameter invalid bound to: 0 - type: integer 
	Parameter stage1_valid bound to: 2 - type: integer 
	Parameter stage2_valid bound to: 1 - type: integer 
	Parameter both_stages_valid bound to: 3 - type: integer 
	Parameter FIFO_MEM_TYPE bound to: 2 - type: integer 
	Parameter RD_MODE bound to: 1 - type: integer 
	Parameter ENABLE_ECC bound to: 0 - type: integer 
	Parameter FIFO_READ_DEPTH bound to: 2048 - type: integer 
	Parameter FIFO_SIZE bound to: 131072 - type: integer 
	Parameter WR_WIDTH_LOG bound to: 6 - type: integer 
	Parameter WR_DEPTH_LOG bound to: 11 - type: integer 
	Parameter WR_PNTR_WIDTH bound to: 11 - type: integer 
	Parameter RD_PNTR_WIDTH bound to: 11 - type: integer 
	Parameter FULL_RST_VAL bound to: 1'b0 
	Parameter WR_RD_RATIO bound to: 0 - type: integer 
	Parameter READ_MODE_LL bound to: 1 - type: integer 
	Parameter PF_THRESH_ADJ bound to: 2041 - type: integer 
	Parameter PE_THRESH_ADJ bound to: 3 - type: integer 
	Parameter PF_THRESH_MIN bound to: 7 - type: integer 
	Parameter PF_THRESH_MAX bound to: 2043 - type: integer 
	Parameter PE_THRESH_MIN bound to: 5 - type: integer 
	Parameter PE_THRESH_MAX bound to: 2043 - type: integer 
	Parameter WR_DC_WIDTH_EXT bound to: 12 - type: integer 
	Parameter RD_DC_WIDTH_EXT bound to: 12 - type: integer 
	Parameter RD_LATENCY bound to: 2 - type: integer 
	Parameter WIDTH_RATIO bound to: 1 - type: integer 
	Parameter EN_ADV_FEATURE bound to: 16'b0000011100000111 
	Parameter EN_OF bound to: 1'b1 
	Parameter EN_PF bound to: 1'b1 
	Parameter EN_WDC bound to: 1'b1 
	Parameter EN_AF bound to: 1'b0 
	Parameter EN_WACK bound to: 1'b0 
	Parameter FG_EQ_ASYM_DOUT bound to: 1'b0 
	Parameter EN_UF bound to: 1'b1 
	Parameter EN_PE bound to: 1'b1 
	Parameter EN_RDC bound to: 1'b1 
	Parameter EN_AE bound to: 1'b0 
	Parameter EN_DVLD bound to: 1'b0 
INFO: [Synth 8-6157] synthesizing module 'xpm_memory_base__parameterized0' [D:/Xilinx_2020_2/Vivado/2020.2/data/ip/xpm/xpm_memory/hdl/xpm_memory.sv:57]
	Parameter MEMORY_TYPE bound to: 1 - type: integer 
	Parameter MEMORY_SIZE bound to: 131072 - type: integer 
	Parameter MEMORY_PRIMITIVE bound to: 2 - type: integer 
	Parameter CLOCKING_MODE bound to: 1 - type: integer 
	Parameter ECC_MODE bound to: 0 - type: integer 
	Parameter MEMORY_INIT_FILE bound to: none - type: string 
	Parameter MEMORY_INIT_PARAM bound to: (null) - type: string 
	Parameter USE_MEM_INIT_MMI bound to: 0 - type: integer 
	Parameter USE_MEM_INIT bound to: 0 - type: integer 
	Parameter MEMORY_OPTIMIZATION bound to: true - type: string 
	Parameter WAKEUP_TIME bound to: 0 - type: integer 
	Parameter AUTO_SLEEP_TIME bound to: 0 - type: integer 
	Parameter MESSAGE_CONTROL bound to: 0 - type: integer 
	Parameter VERSION bound to: 0 - type: integer 
	Parameter USE_EMBEDDED_CONSTRAINT bound to: 0 - type: integer 
	Parameter CASCADE_HEIGHT bound to: 0 - type: integer 
	Parameter SIM_ASSERT_CHK bound to: 0 - type: integer 
	Parameter WRITE_PROTECT bound to: 1 - type: integer 
	Parameter WRITE_DATA_WIDTH_A bound to: 64 - type: integer 
	Parameter READ_DATA_WIDTH_A bound to: 64 - type: integer 
	Parameter BYTE_WRITE_WIDTH_A bound to: 64 - type: integer 
	Parameter ADDR_WIDTH_A bound to: 11 - type: integer 
	Parameter READ_RESET_VALUE_A bound to: 0 - type: string 
	Parameter READ_LATENCY_A bound to: 2 - type: integer 
	Parameter WRITE_MODE_A bound to: 2 - type: integer 
	Parameter RST_MODE_A bound to: SYNC - type: string 
	Parameter WRITE_DATA_WIDTH_B bound to: 64 - type: integer 
	Parameter READ_DATA_WIDTH_B bound to: 64 - type: integer 
	Parameter BYTE_WRITE_WIDTH_B bound to: 64 - type: integer 
	Parameter ADDR_WIDTH_B bound to: 11 - type: integer 
	Parameter READ_RESET_VALUE_B bound to: 0 - type: string 
	Parameter READ_LATENCY_B bound to: 2 - type: integer 
	Parameter WRITE_MODE_B bound to: 2 - type: integer 
	Parameter RST_MODE_B bound to: SYNC - type: string 
	Parameter P_MEMORY_PRIMITIVE bound to: block - type: string 
	Parameter P_MIN_WIDTH_DATA_A bound to: 64 - type: integer 
	Parameter P_MIN_WIDTH_DATA_B bound to: 64 - type: integer 
	Parameter P_MIN_WIDTH_DATA bound to: 64 - type: integer 
	Parameter P_MIN_WIDTH_DATA_ECC bound to: 64 - type: integer 
	Parameter P_MAX_DEPTH_DATA bound to: 2048 - type: integer 
	Parameter P_ECC_MODE bound to: no_ecc - type: string 
	Parameter P_MEMORY_OPT bound to: yes - type: string 
	Parameter P_WIDTH_COL_WRITE_A bound to: 64 - type: integer 
	Parameter P_WIDTH_COL_WRITE_B bound to: 64 - type: integer 
	Parameter P_NUM_COLS_WRITE_A bound to: 1 - type: integer 
	Parameter P_NUM_COLS_WRITE_B bound to: 1 - type: integer 
	Parameter P_NUM_ROWS_WRITE_A bound to: 1 - type: integer 
	Parameter P_NUM_ROWS_WRITE_B bound to: 1 - type: integer 
	Parameter P_NUM_ROWS_READ_A bound to: 1 - type: integer 
	Parameter P_NUM_ROWS_READ_B bound to: 1 - type: integer 
	Parameter P_WIDTH_ADDR_WRITE_A bound to: 11 - type: integer 
	Parameter P_WIDTH_ADDR_WRITE_B bound to: 11 - type: integer 
	Parameter P_WIDTH_ADDR_READ_A bound to: 11 - type: integer 
	Parameter P_WIDTH_ADDR_READ_B bound to: 11 - type: integer 
	Parameter P_WIDTH_ADDR_LSB_WRITE_A bound to: 0 - type: integer 
	Parameter P_WIDTH_ADDR_LSB_WRITE_B bound to: 0 - type: integer 
	Parameter P_WIDTH_ADDR_LSB_READ_A bound to: 0 - type: integer 
	Parameter P_WIDTH_ADDR_LSB_READ_B bound to: 0 - type: integer 
	Parameter P_ENABLE_BYTE_WRITE_A bound to: 0 - type: integer 
	Parameter P_ENABLE_BYTE_WRITE_B bound to: 0 - type: integer 
	Parameter P_SDP_WRITE_MODE bound to: no - type: string 
	Parameter rsta_loop_iter bound to: 64 - type: integer 
	Parameter rstb_loop_iter bound to: 64 - type: integer 
	Parameter NUM_CHAR_LOC bound to: 0 - type: integer 
	Parameter MAX_NUM_CHAR bound to: 0 - type: integer 
	Parameter P_MIN_WIDTH_DATA_SHFT bound to: 64 - type: integer 
	Parameter P_MIN_WIDTH_DATA_LDW bound to: 4 - type: integer 
INFO: [Synth 8-6155] done synthesizing module 'xpm_memory_base__parameterized0' (35#1) [D:/Xilinx_2020_2/Vivado/2020.2/data/ip/xpm/xpm_memory/hdl/xpm_memory.sv:57]
INFO: [Synth 8-6157] synthesizing module 'xpm_cdc_gray__parameterized3' [D:/Xilinx_2020_2/Vivado/2020.2/data/ip/xpm/xpm_cdc/hdl/xpm_cdc.sv:284]
	Parameter DEST_SYNC_FF bound to: 2 - type: integer 
	Parameter INIT_SYNC_FF bound to: 1 - type: integer 
	Parameter REG_OUTPUT bound to: 0 - type: integer 
	Parameter SIM_ASSERT_CHK bound to: 0 - type: integer 
	Parameter SIM_LOSSLESS_GRAY_CHK bound to: 0 - type: integer 
	Parameter VERSION bound to: 0 - type: integer 
	Parameter WIDTH bound to: 11 - type: integer 
INFO: [Synth 8-6155] done synthesizing module 'xpm_cdc_gray__parameterized3' (35#1) [D:/Xilinx_2020_2/Vivado/2020.2/data/ip/xpm/xpm_cdc/hdl/xpm_cdc.sv:284]
INFO: [Synth 8-6157] synthesizing module 'xpm_fifo_reg_vec__parameterized1' [D:/Xilinx_2020_2/Vivado/2020.2/data/ip/xpm/xpm_fifo/hdl/xpm_fifo.sv:1880]
	Parameter REG_WIDTH bound to: 11 - type: integer 
INFO: [Synth 8-6155] done synthesizing module 'xpm_fifo_reg_vec__parameterized1' (35#1) [D:/Xilinx_2020_2/Vivado/2020.2/data/ip/xpm/xpm_fifo/hdl/xpm_fifo.sv:1880]
INFO: [Synth 8-6157] synthesizing module 'xpm_cdc_gray__parameterized4' [D:/Xilinx_2020_2/Vivado/2020.2/data/ip/xpm/xpm_cdc/hdl/xpm_cdc.sv:284]
	Parameter DEST_SYNC_FF bound to: 4 - type: integer 
	Parameter INIT_SYNC_FF bound to: 1 - type: integer 
	Parameter REG_OUTPUT bound to: 0 - type: integer 
	Parameter SIM_ASSERT_CHK bound to: 0 - type: integer 
	Parameter SIM_LOSSLESS_GRAY_CHK bound to: 0 - type: integer 
	Parameter VERSION bound to: 0 - type: integer 
	Parameter WIDTH bound to: 12 - type: integer 
INFO: [Synth 8-6155] done synthesizing module 'xpm_cdc_gray__parameterized4' (35#1) [D:/Xilinx_2020_2/Vivado/2020.2/data/ip/xpm/xpm_cdc/hdl/xpm_cdc.sv:284]
INFO: [Synth 8-6157] synthesizing module 'xpm_fifo_reg_vec__parameterized2' [D:/Xilinx_2020_2/Vivado/2020.2/data/ip/xpm/xpm_fifo/hdl/xpm_fifo.sv:1880]
	Parameter REG_WIDTH bound to: 12 - type: integer 
INFO: [Synth 8-6155] done synthesizing module 'xpm_fifo_reg_vec__parameterized2' (35#1) [D:/Xilinx_2020_2/Vivado/2020.2/data/ip/xpm/xpm_fifo/hdl/xpm_fifo.sv:1880]
INFO: [Synth 8-6157] synthesizing module 'xpm_cdc_gray__parameterized5' [D:/Xilinx_2020_2/Vivado/2020.2/data/ip/xpm/xpm_cdc/hdl/xpm_cdc.sv:284]
	Parameter DEST_SYNC_FF bound to: 2 - type: integer 
	Parameter INIT_SYNC_FF bound to: 1 - type: integer 
	Parameter REG_OUTPUT bound to: 0 - type: integer 
	Parameter SIM_ASSERT_CHK bound to: 0 - type: integer 
	Parameter SIM_LOSSLESS_GRAY_CHK bound to: 0 - type: integer 
	Parameter VERSION bound to: 0 - type: integer 
	Parameter WIDTH bound to: 12 - type: integer 
INFO: [Synth 8-6155] done synthesizing module 'xpm_cdc_gray__parameterized5' (35#1) [D:/Xilinx_2020_2/Vivado/2020.2/data/ip/xpm/xpm_cdc/hdl/xpm_cdc.sv:284]
INFO: [Synth 8-226] default block is never used [D:/Xilinx_2020_2/Vivado/2020.2/data/ip/xpm/xpm_fifo/hdl/xpm_fifo.sv:1204]
INFO: [Synth 8-226] default block is never used [D:/Xilinx_2020_2/Vivado/2020.2/data/ip/xpm/xpm_fifo/hdl/xpm_fifo.sv:1271]
INFO: [Synth 8-226] default block is never used [D:/Xilinx_2020_2/Vivado/2020.2/data/ip/xpm/xpm_fifo/hdl/xpm_fifo.sv:1293]
INFO: [Synth 8-6157] synthesizing module 'xpm_counter_updn__parameterized4' [D:/Xilinx_2020_2/Vivado/2020.2/data/ip/xpm/xpm_fifo/hdl/xpm_fifo.sv:1854]
	Parameter COUNTER_WIDTH bound to: 12 - type: integer 
	Parameter RESET_VALUE bound to: 0 - type: integer 
INFO: [Synth 8-6155] done synthesizing module 'xpm_counter_updn__parameterized4' (35#1) [D:/Xilinx_2020_2/Vivado/2020.2/data/ip/xpm/xpm_fifo/hdl/xpm_fifo.sv:1854]
INFO: [Synth 8-6157] synthesizing module 'xpm_counter_updn__parameterized5' [D:/Xilinx_2020_2/Vivado/2020.2/data/ip/xpm/xpm_fifo/hdl/xpm_fifo.sv:1854]
	Parameter COUNTER_WIDTH bound to: 11 - type: integer 
	Parameter RESET_VALUE bound to: 1 - type: integer 
INFO: [Synth 8-6155] done synthesizing module 'xpm_counter_updn__parameterized5' (35#1) [D:/Xilinx_2020_2/Vivado/2020.2/data/ip/xpm/xpm_fifo/hdl/xpm_fifo.sv:1854]
INFO: [Synth 8-6157] synthesizing module 'xpm_counter_updn__parameterized6' [D:/Xilinx_2020_2/Vivado/2020.2/data/ip/xpm/xpm_fifo/hdl/xpm_fifo.sv:1854]
	Parameter COUNTER_WIDTH bound to: 11 - type: integer 
	Parameter RESET_VALUE bound to: 2 - type: integer 
INFO: [Synth 8-6155] done synthesizing module 'xpm_counter_updn__parameterized6' (35#1) [D:/Xilinx_2020_2/Vivado/2020.2/data/ip/xpm/xpm_fifo/hdl/xpm_fifo.sv:1854]
INFO: [Synth 8-6155] done synthesizing module 'xpm_fifo_base__parameterized0' (35#1) [D:/Xilinx_2020_2/Vivado/2020.2/data/ip/xpm/xpm_fifo/hdl/xpm_fifo.sv:56]
INFO: [Synth 8-6155] done synthesizing module 'xpm_fifo_async__parameterized0' (35#1) [D:/Xilinx_2020_2/Vivado/2020.2/data/ip/xpm/xpm_fifo/hdl/xpm_fifo.sv:2142]
INFO: [Synth 8-6155] done synthesizing module 'RTDS_RX_FRAME_FIFO' (36#1) [F:/RTDS_test_DDR4_64bit_batch_dev/rtl/rtds_rx_frame_fifo.v:4]
INFO: [Synth 8-6157] synthesizing module 'RTDS_RX_BLOCK_WRITER' [F:/RTDS_test_DDR4_64bit_batch_dev/rtl/rtds_rx_block_writer.v:4]
	Parameter BLOCK_COUNT bound to: 8 - type: integer 
	Parameter BLOCK_BYTES bound to: 262144 - type: integer 
	Parameter PERIOD_CYCLES bound to: 25000000 - type: integer 
	Parameter BASE_ADDR bound to: 1048576 - type: integer 
	Parameter INDEX_BITS bound to: 3 - type: integer 
	Parameter IDLE bound to: 3'b000 
	Parameter REQ bound to: 3'b001 
	Parameter DATA bound to: 3'b010 
	Parameter RESPONSE bound to: 3'b011 
INFO: [Synth 8-6155] done synthesizing module 'RTDS_RX_BLOCK_WRITER' (37#1) [F:/RTDS_test_DDR4_64bit_batch_dev/rtl/rtds_rx_block_writer.v:4]
INFO: [Synth 8-6155] done synthesizing module 'pcie_fdma_aurora_brg_adapter' (38#1) [F:/RTDS_test_DDR4_64bit_batch_dev/RTDS_test_DDR4_64bit.srcs/sources_1/new/pcie_fdma_aurora_brg_adapter.v:33]
WARNING: [Synth 8-4446] all outputs are unconnected for this instance and logic may be removed [F:/RTDS_test_DDR4_64bit_batch_dev/RTDS_test_DDR4_64bit.srcs/sources_1/new/PCIe.v:255]
INFO: [Synth 8-6157] synthesizing module 'ila_FDMA' [F:/RTDS_test_DDR4_64bit_batch_dev/RTDS_test_DDR4_64bit.runs/synth_1/.Xil/Vivado-3576-LAPTOP-P4UDTRLL/realtime/ila_FDMA_stub.v:6]
INFO: [Synth 8-6155] done synthesizing module 'ila_FDMA' (39#1) [F:/RTDS_test_DDR4_64bit_batch_dev/RTDS_test_DDR4_64bit.runs/synth_1/.Xil/Vivado-3576-LAPTOP-P4UDTRLL/realtime/ila_FDMA_stub.v:6]
INFO: [Synth 8-6157] synthesizing module 'design_1_wrapper' [F:/RTDS_test_DDR4_64bit_batch_dev/RTDS_test_DDR4_64bit.srcs/sources_1/bd/design_1/hdl/design_1_wrapper.v:12]
INFO: [Synth 8-6157] synthesizing module 'design_1' [F:/RTDS_test_DDR4_64bit_batch_dev/RTDS_test_DDR4_64bit.srcs/sources_1/bd/design_1/synth/design_1.v:13]
INFO: [Synth 8-6157] synthesizing module 'design_1_CONV_DMA_0_0' [F:/RTDS_test_DDR4_64bit_batch_dev/RTDS_test_DDR4_64bit.runs/synth_1/.Xil/Vivado-3576-LAPTOP-P4UDTRLL/realtime/design_1_CONV_DMA_0_0_stub.v:6]
INFO: [Synth 8-6155] done synthesizing module 'design_1_CONV_DMA_0_0' (40#1) [F:/RTDS_test_DDR4_64bit_batch_dev/RTDS_test_DDR4_64bit.runs/synth_1/.Xil/Vivado-3576-LAPTOP-P4UDTRLL/realtime/design_1_CONV_DMA_0_0_stub.v:6]
WARNING: [Synth 8-7071] port 'M_AXI_WID' of module 'design_1_CONV_DMA_0_0' is unconnected for instance 'CONV_DMA_0' [F:/RTDS_test_DDR4_64bit_batch_dev/RTDS_test_DDR4_64bit.srcs/sources_1/bd/design_1/synth/design_1.v:466]
WARNING: [Synth 8-7023] instance 'CONV_DMA_0' of module 'design_1_CONV_DMA_0_0' has 57 connections declared, but only 56 given [F:/RTDS_test_DDR4_64bit_batch_dev/RTDS_test_DDR4_64bit.srcs/sources_1/bd/design_1/synth/design_1.v:466]
INFO: [Synth 8-6157] synthesizing module 'design_1_INFO_EXCH_0_0' [F:/RTDS_test_DDR4_64bit_batch_dev/RTDS_test_DDR4_64bit.runs/synth_1/.Xil/Vivado-3576-LAPTOP-P4UDTRLL/realtime/design_1_INFO_EXCH_0_0_stub.v:6]
INFO: [Synth 8-6155] done synthesizing module 'design_1_INFO_EXCH_0_0' (41#1) [F:/RTDS_test_DDR4_64bit_batch_dev/RTDS_test_DDR4_64bit.runs/synth_1/.Xil/Vivado-3576-LAPTOP-P4UDTRLL/realtime/design_1_INFO_EXCH_0_0_stub.v:6]
INFO: [Synth 8-6157] synthesizing module 'design_1_axi_interconnect_0_1' [F:/RTDS_test_DDR4_64bit_batch_dev/RTDS_test_DDR4_64bit.srcs/sources_1/bd/design_1/synth/design_1.v:800]
INFO: [Synth 8-6157] synthesizing module 'm00_couplers_imp_1CA5Z32' [F:/RTDS_test_DDR4_64bit_batch_dev/RTDS_test_DDR4_64bit.srcs/sources_1/bd/design_1/synth/design_1.v:1932]
INFO: [Synth 8-6155] done synthesizing module 'm00_couplers_imp_1CA5Z32' (42#1) [F:/RTDS_test_DDR4_64bit_batch_dev/RTDS_test_DDR4_64bit.srcs/sources_1/bd/design_1/synth/design_1.v:1932]
INFO: [Synth 8-6157] synthesizing module 's00_couplers_imp_O7FAN0' [F:/RTDS_test_DDR4_64bit_batch_dev/RTDS_test_DDR4_64bit.srcs/sources_1/bd/design_1/synth/design_1.v:2434]
INFO: [Synth 8-6155] done synthesizing module 's00_couplers_imp_O7FAN0' (43#1) [F:/RTDS_test_DDR4_64bit_batch_dev/RTDS_test_DDR4_64bit.srcs/sources_1/bd/design_1/synth/design_1.v:2434]
INFO: [Synth 8-6157] synthesizing module 's01_couplers_imp_1F69D31' [F:/RTDS_test_DDR4_64bit_batch_dev/RTDS_test_DDR4_64bit.srcs/sources_1/bd/design_1/synth/design_1.v:2706]
INFO: [Synth 8-6157] synthesizing module 'design_1_auto_cc_0' [F:/RTDS_test_DDR4_64bit_batch_dev/RTDS_test_DDR4_64bit.runs/synth_1/.Xil/Vivado-3576-LAPTOP-P4UDTRLL/realtime/design_1_auto_cc_0_stub.v:6]
INFO: [Synth 8-6155] done synthesizing module 'design_1_auto_cc_0' (44#1) [F:/RTDS_test_DDR4_64bit_batch_dev/RTDS_test_DDR4_64bit.runs/synth_1/.Xil/Vivado-3576-LAPTOP-P4UDTRLL/realtime/design_1_auto_cc_0_stub.v:6]
WARNING: [Synth 8-7071] port 'm_axi_awregion' of module 'design_1_auto_cc_0' is unconnected for instance 'auto_cc' [F:/RTDS_test_DDR4_64bit_batch_dev/RTDS_test_DDR4_64bit.srcs/sources_1/bd/design_1/synth/design_1.v:3013]
WARNING: [Synth 8-7071] port 'm_axi_arregion' of module 'design_1_auto_cc_0' is unconnected for instance 'auto_cc' [F:/RTDS_test_DDR4_64bit_batch_dev/RTDS_test_DDR4_64bit.srcs/sources_1/bd/design_1/synth/design_1.v:3013]
WARNING: [Synth 8-7023] instance 'auto_cc' of module 'design_1_auto_cc_0' has 82 connections declared, but only 80 given [F:/RTDS_test_DDR4_64bit_batch_dev/RTDS_test_DDR4_64bit.srcs/sources_1/bd/design_1/synth/design_1.v:3013]
INFO: [Synth 8-6155] done synthesizing module 's01_couplers_imp_1F69D31' (45#1) [F:/RTDS_test_DDR4_64bit_batch_dev/RTDS_test_DDR4_64bit.srcs/sources_1/bd/design_1/synth/design_1.v:2706]
INFO: [Synth 8-6157] synthesizing module 'design_1_xbar_0' [F:/RTDS_test_DDR4_64bit_batch_dev/RTDS_test_DDR4_64bit.runs/synth_1/.Xil/Vivado-3576-LAPTOP-P4UDTRLL/realtime/design_1_xbar_0_stub.v:6]
INFO: [Synth 8-6155] done synthesizing module 'design_1_xbar_0' (46#1) [F:/RTDS_test_DDR4_64bit_batch_dev/RTDS_test_DDR4_64bit.runs/synth_1/.Xil/Vivado-3576-LAPTOP-P4UDTRLL/realtime/design_1_xbar_0_stub.v:6]
INFO: [Synth 8-6155] done synthesizing module 'design_1_axi_interconnect_0_1' (47#1) [F:/RTDS_test_DDR4_64bit_batch_dev/RTDS_test_DDR4_64bit.srcs/sources_1/bd/design_1/synth/design_1.v:800]
INFO: [Synth 8-6157] synthesizing module 'design_1_axi_interconnect_0_2' [F:/RTDS_test_DDR4_64bit_batch_dev/RTDS_test_DDR4_64bit.srcs/sources_1/bd/design_1/synth/design_1.v:1712]
INFO: [Synth 8-6157] synthesizing module 's00_couplers_imp_HS4N6K' [F:/RTDS_test_DDR4_64bit_batch_dev/RTDS_test_DDR4_64bit.srcs/sources_1/bd/design_1/synth/design_1.v:2218]
INFO: [Synth 8-6157] synthesizing module 'design_1_auto_cc_1' [F:/RTDS_test_DDR4_64bit_batch_dev/RTDS_test_DDR4_64bit.runs/synth_1/.Xil/Vivado-3576-LAPTOP-P4UDTRLL/realtime/design_1_auto_cc_1_stub.v:6]
INFO: [Synth 8-6155] done synthesizing module 'design_1_auto_cc_1' (48#1) [F:/RTDS_test_DDR4_64bit_batch_dev/RTDS_test_DDR4_64bit.runs/synth_1/.Xil/Vivado-3576-LAPTOP-P4UDTRLL/realtime/design_1_auto_cc_1_stub.v:6]
INFO: [Synth 8-6155] done synthesizing module 's00_couplers_imp_HS4N6K' (49#1) [F:/RTDS_test_DDR4_64bit_batch_dev/RTDS_test_DDR4_64bit.srcs/sources_1/bd/design_1/synth/design_1.v:2218]
INFO: [Synth 8-6155] done synthesizing module 'design_1_axi_interconnect_0_2' (50#1) [F:/RTDS_test_DDR4_64bit_batch_dev/RTDS_test_DDR4_64bit.srcs/sources_1/bd/design_1/synth/design_1.v:1712]
INFO: [Synth 8-6157] synthesizing module 'design_1_util_ds_buf_0' [F:/RTDS_test_DDR4_64bit_batch_dev/RTDS_test_DDR4_64bit.runs/synth_1/.Xil/Vivado-3576-LAPTOP-P4UDTRLL/realtime/design_1_util_ds_buf_0_stub.v:6]
INFO: [Synth 8-6155] done synthesizing module 'design_1_util_ds_buf_0' (51#1) [F:/RTDS_test_DDR4_64bit_batch_dev/RTDS_test_DDR4_64bit.runs/synth_1/.Xil/Vivado-3576-LAPTOP-P4UDTRLL/realtime/design_1_util_ds_buf_0_stub.v:6]
INFO: [Synth 8-6157] synthesizing module 'design_1_xdma_0_0' [F:/RTDS_test_DDR4_64bit_batch_dev/RTDS_test_DDR4_64bit.runs/synth_1/.Xil/Vivado-3576-LAPTOP-P4UDTRLL/realtime/design_1_xdma_0_0_stub.v:6]
INFO: [Synth 8-6155] done synthesizing module 'design_1_xdma_0_0' (52#1) [F:/RTDS_test_DDR4_64bit_batch_dev/RTDS_test_DDR4_64bit.runs/synth_1/.Xil/Vivado-3576-LAPTOP-P4UDTRLL/realtime/design_1_xdma_0_0_stub.v:6]
WARNING: [Synth 8-7071] port 'usr_irq_ack' of module 'design_1_xdma_0_0' is unconnected for instance 'xdma_0' [F:/RTDS_test_DDR4_64bit_batch_dev/RTDS_test_DDR4_64bit.srcs/sources_1/bd/design_1/synth/design_1.v:732]
WARNING: [Synth 8-7071] port 'msi_enable' of module 'design_1_xdma_0_0' is unconnected for instance 'xdma_0' [F:/RTDS_test_DDR4_64bit_batch_dev/RTDS_test_DDR4_64bit.srcs/sources_1/bd/design_1/synth/design_1.v:732]
WARNING: [Synth 8-7071] port 'msi_vector_width' of module 'design_1_xdma_0_0' is unconnected for instance 'xdma_0' [F:/RTDS_test_DDR4_64bit_batch_dev/RTDS_test_DDR4_64bit.srcs/sources_1/bd/design_1/synth/design_1.v:732]
WARNING: [Synth 8-7071] port 'int_qpll1lock_out' of module 'design_1_xdma_0_0' is unconnected for instance 'xdma_0' [F:/RTDS_test_DDR4_64bit_batch_dev/RTDS_test_DDR4_64bit.srcs/sources_1/bd/design_1/synth/design_1.v:732]
WARNING: [Synth 8-7071] port 'int_qpll1outrefclk_out' of module 'design_1_xdma_0_0' is unconnected for instance 'xdma_0' [F:/RTDS_test_DDR4_64bit_batch_dev/RTDS_test_DDR4_64bit.srcs/sources_1/bd/design_1/synth/design_1.v:732]
WARNING: [Synth 8-7071] port 'int_qpll1outclk_out' of module 'design_1_xdma_0_0' is unconnected for instance 'xdma_0' [F:/RTDS_test_DDR4_64bit_batch_dev/RTDS_test_DDR4_64bit.srcs/sources_1/bd/design_1/synth/design_1.v:732]
WARNING: [Synth 8-7023] instance 'xdma_0' of module 'design_1_xdma_0_0' has 71 connections declared, but only 65 given [F:/RTDS_test_DDR4_64bit_batch_dev/RTDS_test_DDR4_64bit.srcs/sources_1/bd/design_1/synth/design_1.v:732]
INFO: [Synth 8-6155] done synthesizing module 'design_1' (53#1) [F:/RTDS_test_DDR4_64bit_batch_dev/RTDS_test_DDR4_64bit.srcs/sources_1/bd/design_1/synth/design_1.v:13]
INFO: [Synth 8-6155] done synthesizing module 'design_1_wrapper' (54#1) [F:/RTDS_test_DDR4_64bit_batch_dev/RTDS_test_DDR4_64bit.srcs/sources_1/bd/design_1/hdl/design_1_wrapper.v:12]
INFO: [Synth 8-6157] synthesizing module 'rtds_ddr4_backend' [F:/RTDS_test_DDR4_64bit_batch_dev/rtl/ddr4/rtds_ddr4_backend.sv:16]
	Parameter AXI_ADDR_WIDTH bound to: 32 - type: integer 
	Parameter AXI_DATA_WIDTH bound to: 64 - type: integer 
	Parameter AXI_ID_WIDTH bound to: 5 - type: integer 
	Parameter TIMEOUT_CYCLES bound to: 65535 - type: integer 
INFO: [Synth 8-6157] synthesizing module 'rtds_axi_clock_converter' [F:/RTDS_test_DDR4_64bit_batch_dev/RTDS_test_DDR4_64bit.runs/synth_1/.Xil/Vivado-3576-LAPTOP-P4UDTRLL/realtime/rtds_axi_clock_converter_stub.v:6]
INFO: [Synth 8-6155] done synthesizing module 'rtds_axi_clock_converter' (55#1) [F:/RTDS_test_DDR4_64bit_batch_dev/RTDS_test_DDR4_64bit.runs/synth_1/.Xil/Vivado-3576-LAPTOP-P4UDTRLL/realtime/rtds_axi_clock_converter_stub.v:6]
INFO: [Synth 8-6157] synthesizing module 'rtds_ddr4_mig' [F:/RTDS_test_DDR4_64bit_batch_dev/RTDS_test_DDR4_64bit.runs/synth_1/.Xil/Vivado-3576-LAPTOP-P4UDTRLL/realtime/rtds_ddr4_mig_stub.v:6]
INFO: [Synth 8-6155] done synthesizing module 'rtds_ddr4_mig' (56#1) [F:/RTDS_test_DDR4_64bit_batch_dev/RTDS_test_DDR4_64bit.runs/synth_1/.Xil/Vivado-3576-LAPTOP-P4UDTRLL/realtime/rtds_ddr4_mig_stub.v:6]
INFO: [Synth 8-6155] done synthesizing module 'rtds_ddr4_backend' (57#1) [F:/RTDS_test_DDR4_64bit_batch_dev/rtl/ddr4/rtds_ddr4_backend.sv:16]
INFO: [Synth 8-6071] Mark debug on the nets applies keep_hierarchy on instance 'u_pcie_fdma_aurora_brg_adapter'. This will prevent further optimization [F:/RTDS_test_DDR4_64bit_batch_dev/RTDS_test_DDR4_64bit.srcs/sources_1/new/PCIe.v:179]
INFO: [Synth 8-6071] Mark debug on the nets applies keep_hierarchy on instance 'design_1_wrapper_inst'. This will prevent further optimization [F:/RTDS_test_DDR4_64bit_batch_dev/RTDS_test_DDR4_64bit.srcs/sources_1/new/PCIe.v:278]
INFO: [Synth 8-6071] Mark debug on the nets applies keep_hierarchy on instance 'ila_FDMA_inst'. This will prevent further optimization [F:/RTDS_test_DDR4_64bit_batch_dev/RTDS_test_DDR4_64bit.srcs/sources_1/new/PCIe.v:255]
INFO: [Synth 8-6155] done synthesizing module 'PCIe' (58#1) [F:/RTDS_test_DDR4_64bit_batch_dev/RTDS_test_DDR4_64bit.srcs/sources_1/new/PCIe.v:17]
INFO: [Synth 8-6157] synthesizing module 'LED' [F:/RTDS_test_DDR4_64bit_batch_dev/RTDS_test_DDR4_64bit.srcs/sources_1/new/LED.v:23]
	Parameter SYS_CLK bound to: 250000000 - type: integer 
	Parameter LED_CYCLE bound to: 1000000 - type: integer 
	Parameter CYCLE bound to: 250000000 - type: integer 
INFO: [Synth 8-6155] done synthesizing module 'LED' (59#1) [F:/RTDS_test_DDR4_64bit_batch_dev/RTDS_test_DDR4_64bit.srcs/sources_1/new/LED.v:23]
INFO: [Synth 8-6157] synthesizing module 'TEMP_RD' [F:/RTDS_test_DDR4_64bit_batch_dev/RTDS_test_DDR4_64bit.srcs/sources_1/new/TEMP_RD.v:23]
	Parameter SYS_CLK bound to: 250000000 - type: integer 
	Parameter RD_TEMP_CYCLE bound to: 1000 - type: integer 
	Parameter CYCLE bound to: 250000 - type: integer 
INFO: [Synth 8-6157] synthesizing module 'sys_mon' [F:/RTDS_test_DDR4_64bit_batch_dev/RTDS_test_DDR4_64bit.runs/synth_1/.Xil/Vivado-3576-LAPTOP-P4UDTRLL/realtime/sys_mon_stub.v:5]
INFO: [Synth 8-6155] done synthesizing module 'sys_mon' (60#1) [F:/RTDS_test_DDR4_64bit_batch_dev/RTDS_test_DDR4_64bit.runs/synth_1/.Xil/Vivado-3576-LAPTOP-P4UDTRLL/realtime/sys_mon_stub.v:5]
WARNING: [Synth 8-4446] all outputs are unconnected for this instance and logic may be removed [F:/RTDS_test_DDR4_64bit_batch_dev/RTDS_test_DDR4_64bit.srcs/sources_1/new/TEMP_RD.v:286]
INFO: [Synth 8-6157] synthesizing module 'ila_temp' [F:/RTDS_test_DDR4_64bit_batch_dev/RTDS_test_DDR4_64bit.runs/synth_1/.Xil/Vivado-3576-LAPTOP-P4UDTRLL/realtime/ila_temp_stub.v:6]
INFO: [Synth 8-6155] done synthesizing module 'ila_temp' (61#1) [F:/RTDS_test_DDR4_64bit_batch_dev/RTDS_test_DDR4_64bit.runs/synth_1/.Xil/Vivado-3576-LAPTOP-P4UDTRLL/realtime/ila_temp_stub.v:6]
INFO: [Synth 8-6071] Mark debug on the nets applies keep_hierarchy on instance 'ila_temp_inst'. This will prevent further optimization [F:/RTDS_test_DDR4_64bit_batch_dev/RTDS_test_DDR4_64bit.srcs/sources_1/new/TEMP_RD.v:286]
INFO: [Synth 8-6071] Mark debug on the nets applies keep_hierarchy on instance 'sys_mon_inst'. This will prevent further optimization [F:/RTDS_test_DDR4_64bit_batch_dev/RTDS_test_DDR4_64bit.srcs/sources_1/new/TEMP_RD.v:96]
INFO: [Synth 8-6155] done synthesizing module 'TEMP_RD' (62#1) [F:/RTDS_test_DDR4_64bit_batch_dev/RTDS_test_DDR4_64bit.srcs/sources_1/new/TEMP_RD.v:23]
INFO: [Synth 8-6155] done synthesizing module 'TOP' (63#1) [F:/RTDS_test_DDR4_64bit_batch_dev/RTDS_test_DDR4_64bit.srcs/sources_1/new/TOP.v:3]
---------------------------------------------------------------------------------
Finished RTL Elaboration : Time (s): cpu = 00:00:12 ; elapsed = 00:00:42 . Memory (MB): peak = 1363.457 ; gain = 348.742
---------------------------------------------------------------------------------
---------------------------------------------------------------------------------
Start Handling Custom Attributes
---------------------------------------------------------------------------------
---------------------------------------------------------------------------------
Finished Handling Custom Attributes : Time (s): cpu = 00:00:13 ; elapsed = 00:00:45 . Memory (MB): peak = 1381.387 ; gain = 366.672
---------------------------------------------------------------------------------
---------------------------------------------------------------------------------
Finished RTL Optimization Phase 1 : Time (s): cpu = 00:00:13 ; elapsed = 00:00:45 . Memory (MB): peak = 1381.387 ; gain = 366.672
---------------------------------------------------------------------------------
Netlist sorting complete. Time (s): cpu = 00:00:00 ; elapsed = 00:00:00.259 . Memory (MB): peak = 1381.387 ; gain = 0.000
INFO: [Netlist 29-17] Analyzing 2 Unisim elements for replacement
INFO: [Netlist 29-28] Unisim Transformation completed in 0 CPU seconds
INFO: [Project 1-570] Preparing netlist for logic optimization

Processing XDC Constraints
Initializing timing engine
Parsing XDC File [f:/RTDS_test_DDR4_64bit_batch_dev/RTDS_test_DDR4_64bit.srcs/sources_1/ip/sys_mon/sys_mon/sys_mon_in_context.xdc] for cell 'u_temp_rd/sys_mon_inst'
Finished Parsing XDC File [f:/RTDS_test_DDR4_64bit_batch_dev/RTDS_test_DDR4_64bit.srcs/sources_1/ip/sys_mon/sys_mon/sys_mon_in_context.xdc] for cell 'u_temp_rd/sys_mon_inst'
Parsing XDC File [f:/RTDS_test_DDR4_64bit_batch_dev/RTDS_test_DDR4_64bit.srcs/sources_1/bd/design_1/ip/design_1_CONV_DMA_0_0/design_1_CONV_DMA_0_0/design_1_CONV_DMA_0_0_in_context.xdc] for cell 'u_pcie/design_1_wrapper_inst/design_1_i/CONV_DMA_0'
Finished Parsing XDC File [f:/RTDS_test_DDR4_64bit_batch_dev/RTDS_test_DDR4_64bit.srcs/sources_1/bd/design_1/ip/design_1_CONV_DMA_0_0/design_1_CONV_DMA_0_0/design_1_CONV_DMA_0_0_in_context.xdc] for cell 'u_pcie/design_1_wrapper_inst/design_1_i/CONV_DMA_0'
Parsing XDC File [f:/RTDS_test_DDR4_64bit_batch_dev/RTDS_test_DDR4_64bit.srcs/sources_1/bd/design_1/ip/design_1_xdma_0_0/design_1_xdma_0_0/design_1_xdma_0_0_in_context.xdc] for cell 'u_pcie/design_1_wrapper_inst/design_1_i/xdma_0'
Finished Parsing XDC File [f:/RTDS_test_DDR4_64bit_batch_dev/RTDS_test_DDR4_64bit.srcs/sources_1/bd/design_1/ip/design_1_xdma_0_0/design_1_xdma_0_0/design_1_xdma_0_0_in_context.xdc] for cell 'u_pcie/design_1_wrapper_inst/design_1_i/xdma_0'
Parsing XDC File [f:/RTDS_test_DDR4_64bit_batch_dev/RTDS_test_DDR4_64bit.srcs/sources_1/bd/design_1/ip/design_1_util_ds_buf_0/design_1_util_ds_buf_0/design_1_util_ds_buf_0_in_context.xdc] for cell 'u_pcie/design_1_wrapper_inst/design_1_i/util_ds_buf'
Finished Parsing XDC File [f:/RTDS_test_DDR4_64bit_batch_dev/RTDS_test_DDR4_64bit.srcs/sources_1/bd/design_1/ip/design_1_util_ds_buf_0/design_1_util_ds_buf_0/design_1_util_ds_buf_0_in_context.xdc] for cell 'u_pcie/design_1_wrapper_inst/design_1_i/util_ds_buf'
Parsing XDC File [f:/RTDS_test_DDR4_64bit_batch_dev/RTDS_test_DDR4_64bit.srcs/sources_1/bd/design_1/ip/design_1_INFO_EXCH_0_0/design_1_INFO_EXCH_0_0/design_1_INFO_EXCH_0_0_in_context.xdc] for cell 'u_pcie/design_1_wrapper_inst/design_1_i/INFO_EXCH_0'
Finished Parsing XDC File [f:/RTDS_test_DDR4_64bit_batch_dev/RTDS_test_DDR4_64bit.srcs/sources_1/bd/design_1/ip/design_1_INFO_EXCH_0_0/design_1_INFO_EXCH_0_0/design_1_INFO_EXCH_0_0_in_context.xdc] for cell 'u_pcie/design_1_wrapper_inst/design_1_i/INFO_EXCH_0'
Parsing XDC File [f:/RTDS_test_DDR4_64bit_batch_dev/RTDS_test_DDR4_64bit.srcs/sources_1/bd/design_1/ip/design_1_xbar_0/design_1_xbar_0/design_1_xbar_0_in_context.xdc] for cell 'u_pcie/design_1_wrapper_inst/design_1_i/axi_interconnect_0/xbar'
Finished Parsing XDC File [f:/RTDS_test_DDR4_64bit_batch_dev/RTDS_test_DDR4_64bit.srcs/sources_1/bd/design_1/ip/design_1_xbar_0/design_1_xbar_0/design_1_xbar_0_in_context.xdc] for cell 'u_pcie/design_1_wrapper_inst/design_1_i/axi_interconnect_0/xbar'
Parsing XDC File [f:/RTDS_test_DDR4_64bit_batch_dev/RTDS_test_DDR4_64bit.srcs/sources_1/bd/design_1/ip/design_1_auto_cc_0/design_1_auto_cc_0/design_1_auto_cc_0_in_context.xdc] for cell 'u_pcie/design_1_wrapper_inst/design_1_i/axi_interconnect_0/s01_couplers/auto_cc'
Finished Parsing XDC File [f:/RTDS_test_DDR4_64bit_batch_dev/RTDS_test_DDR4_64bit.srcs/sources_1/bd/design_1/ip/design_1_auto_cc_0/design_1_auto_cc_0/design_1_auto_cc_0_in_context.xdc] for cell 'u_pcie/design_1_wrapper_inst/design_1_i/axi_interconnect_0/s01_couplers/auto_cc'
Parsing XDC File [f:/RTDS_test_DDR4_64bit_batch_dev/RTDS_test_DDR4_64bit.srcs/sources_1/bd/design_1/ip/design_1_auto_cc_1/design_1_auto_cc_1/design_1_auto_cc_1_in_context.xdc] for cell 'u_pcie/design_1_wrapper_inst/design_1_i/axi_interconnect_1/s00_couplers/auto_cc'
Finished Parsing XDC File [f:/RTDS_test_DDR4_64bit_batch_dev/RTDS_test_DDR4_64bit.srcs/sources_1/bd/design_1/ip/design_1_auto_cc_1/design_1_auto_cc_1/design_1_auto_cc_1_in_context.xdc] for cell 'u_pcie/design_1_wrapper_inst/design_1_i/axi_interconnect_1/s00_couplers/auto_cc'
Parsing XDC File [f:/RTDS_test_DDR4_64bit_batch_dev/external_snapshot/fdma_aurora_brg/fdma_aurora_brg.gen/sources_1/ip/aurora_64b66b_0/aurora_64b66b_0/aurora_64b66b_0_in_context.xdc] for cell 'u_aurora_64b66b_top/aurora_64b66b_0_exdes_inst/aurora_64b66b_0_block_i'
Finished Parsing XDC File [f:/RTDS_test_DDR4_64bit_batch_dev/external_snapshot/fdma_aurora_brg/fdma_aurora_brg.gen/sources_1/ip/aurora_64b66b_0/aurora_64b66b_0/aurora_64b66b_0_in_context.xdc] for cell 'u_aurora_64b66b_top/aurora_64b66b_0_exdes_inst/aurora_64b66b_0_block_i'
Parsing XDC File [f:/RTDS_test_DDR4_64bit_batch_dev/RTDS_test_DDR4_64bit.srcs/sources_1/ip/clk_wiz_0/clk_wiz_0/clk_wiz_0_in_context.xdc] for cell 'u_clk_gen/clk_wiz_0_inst'
Finished Parsing XDC File [f:/RTDS_test_DDR4_64bit_batch_dev/RTDS_test_DDR4_64bit.srcs/sources_1/ip/clk_wiz_0/clk_wiz_0/clk_wiz_0_in_context.xdc] for cell 'u_clk_gen/clk_wiz_0_inst'
Parsing XDC File [f:/RTDS_test_DDR4_64bit_batch_dev/RTDS_test_DDR4_64bit.srcs/sources_1/ip/ila_FDMA/ila_FDMA/ila_FDMA_in_context.xdc] for cell 'u_pcie/ila_FDMA_inst'
Finished Parsing XDC File [f:/RTDS_test_DDR4_64bit_batch_dev/RTDS_test_DDR4_64bit.srcs/sources_1/ip/ila_FDMA/ila_FDMA/ila_FDMA_in_context.xdc] for cell 'u_pcie/ila_FDMA_inst'
Parsing XDC File [f:/RTDS_test_DDR4_64bit_batch_dev/RTDS_test_DDR4_64bit.srcs/sources_1/ip/ila_temp/ila_temp/ila_temp_in_context.xdc] for cell 'u_temp_rd/ila_temp_inst'
Finished Parsing XDC File [f:/RTDS_test_DDR4_64bit_batch_dev/RTDS_test_DDR4_64bit.srcs/sources_1/ip/ila_temp/ila_temp/ila_temp_in_context.xdc] for cell 'u_temp_rd/ila_temp_inst'
Parsing XDC File [f:/aurora_8b10b_1p25g_design.gen/sources_1/ip/aurora_8b10b_1p25g/aurora_8b10b_1p25g/aurora_8b10b_1p25g_in_context.xdc] for cell 'U_AURORA_1G/aurora_i'
Finished Parsing XDC File [f:/aurora_8b10b_1p25g_design.gen/sources_1/ip/aurora_8b10b_1p25g/aurora_8b10b_1p25g/aurora_8b10b_1p25g_in_context.xdc] for cell 'U_AURORA_1G/aurora_i'
Parsing XDC File [f:/RTDS_test_DDR4_64bit_batch_dev/external_snapshot/fdma_aurora_brg/fdma_aurora_brg.gen/sources_1/ip/aurora_64b66b_0_reg_slice_2/aurora_64b66b_0_reg_slice_2/aurora_64b66b_0_reg_slice_2_in_context.xdc] for cell 'u_aurora_64b66b_top/aurora_64b66b_0_exdes_inst/core_traffic.frame_chk_axi_to_ll_data_i/axis_reg_i'
Finished Parsing XDC File [f:/RTDS_test_DDR4_64bit_batch_dev/external_snapshot/fdma_aurora_brg/fdma_aurora_brg.gen/sources_1/ip/aurora_64b66b_0_reg_slice_2/aurora_64b66b_0_reg_slice_2/aurora_64b66b_0_reg_slice_2_in_context.xdc] for cell 'u_aurora_64b66b_top/aurora_64b66b_0_exdes_inst/core_traffic.frame_chk_axi_to_ll_data_i/axis_reg_i'
Parsing XDC File [f:/RTDS_test_DDR4_64bit_batch_dev/external_snapshot/fdma_aurora_brg/fdma_aurora_brg.gen/sources_1/ip/aurora_64b66b_0_reg_slice_0/aurora_64b66b_0_reg_slice_0/aurora_64b66b_0_reg_slice_0_in_context.xdc] for cell 'u_aurora_64b66b_top/aurora_64b66b_0_exdes_inst/core_traffic.frame_gen_ll_to_axi_data_i/axis_reg_i'
Finished Parsing XDC File [f:/RTDS_test_DDR4_64bit_batch_dev/external_snapshot/fdma_aurora_brg/fdma_aurora_brg.gen/sources_1/ip/aurora_64b66b_0_reg_slice_0/aurora_64b66b_0_reg_slice_0/aurora_64b66b_0_reg_slice_0_in_context.xdc] for cell 'u_aurora_64b66b_top/aurora_64b66b_0_exdes_inst/core_traffic.frame_gen_ll_to_axi_data_i/axis_reg_i'
Parsing XDC File [f:/RTDS_test_DDR4_64bit_batch_dev/external_snapshot/fdma_aurora_brg/fdma_aurora_brg.gen/sources_1/ip/aurora_64b66b_0_reg_slice_0/aurora_64b66b_0_reg_slice_0/aurora_64b66b_0_reg_slice_0_in_context.xdc] for cell 'u_aurora_64b66b_top/aurora_64b66b_0_exdes_inst/core_traffic.frame_chk_axi_to_ll_data_i/axis_reg_ii'
Finished Parsing XDC File [f:/RTDS_test_DDR4_64bit_batch_dev/external_snapshot/fdma_aurora_brg/fdma_aurora_brg.gen/sources_1/ip/aurora_64b66b_0_reg_slice_0/aurora_64b66b_0_reg_slice_0/aurora_64b66b_0_reg_slice_0_in_context.xdc] for cell 'u_aurora_64b66b_top/aurora_64b66b_0_exdes_inst/core_traffic.frame_chk_axi_to_ll_data_i/axis_reg_ii'
Parsing XDC File [f:/RTDS_test_DDR4_64bit_batch_dev/RTDS_test_DDR4_64bit.srcs/sources_1/ip/rtds_axi_clock_converter/rtds_axi_clock_converter/rtds_axi_clock_converter_in_context.xdc] for cell 'u_pcie/u_rtds_ddr4_backend/u_axi_clock_converter'
Finished Parsing XDC File [f:/RTDS_test_DDR4_64bit_batch_dev/RTDS_test_DDR4_64bit.srcs/sources_1/ip/rtds_axi_clock_converter/rtds_axi_clock_converter/rtds_axi_clock_converter_in_context.xdc] for cell 'u_pcie/u_rtds_ddr4_backend/u_axi_clock_converter'
Parsing XDC File [f:/RTDS_test_DDR4_64bit_batch_dev/RTDS_test_DDR4_64bit.srcs/sources_1/ip/rtds_ddr4_mig/rtds_ddr4_mig/rtds_ddr4_mig_in_context.xdc] for cell 'u_pcie/u_rtds_ddr4_backend/u_ddr4_mig'
Finished Parsing XDC File [f:/RTDS_test_DDR4_64bit_batch_dev/RTDS_test_DDR4_64bit.srcs/sources_1/ip/rtds_ddr4_mig/rtds_ddr4_mig/rtds_ddr4_mig_in_context.xdc] for cell 'u_pcie/u_rtds_ddr4_backend/u_ddr4_mig'
Parsing XDC File [F:/RTDS_test_DDR4_64bit_batch_dev/RTDS_test_DDR4_64bit.srcs/constrs_1/new/DDR4_PIN.xdc]
Finished Parsing XDC File [F:/RTDS_test_DDR4_64bit_batch_dev/RTDS_test_DDR4_64bit.srcs/constrs_1/new/DDR4_PIN.xdc]
INFO: [Project 1-236] Implementation specific constraints were found while reading constraint file [F:/RTDS_test_DDR4_64bit_batch_dev/RTDS_test_DDR4_64bit.srcs/constrs_1/new/DDR4_PIN.xdc]. These constraints will be ignored for synthesis but will be used in implementation. Impacted constraints are listed in the file [.Xil/TOP_propImpl.xdc].
Resolution: To avoid this warning, move constraints listed in [.Xil/TOP_propImpl.xdc] to another XDC file and exclude this new file from synthesis with the used_in_synthesis property (File Properties dialog in GUI) and re-run elaboration/synthesis.
Parsing XDC File [F:/RTDS_test_DDR4_64bit_batch_dev/rtl/aurora1g_board.xdc]
Finished Parsing XDC File [F:/RTDS_test_DDR4_64bit_batch_dev/rtl/aurora1g_board.xdc]
INFO: [Project 1-236] Implementation specific constraints were found while reading constraint file [F:/RTDS_test_DDR4_64bit_batch_dev/rtl/aurora1g_board.xdc]. These constraints will be ignored for synthesis but will be used in implementation. Impacted constraints are listed in the file [.Xil/TOP_propImpl.xdc].
Resolution: To avoid this warning, move constraints listed in [.Xil/TOP_propImpl.xdc] to another XDC file and exclude this new file from synthesis with the used_in_synthesis property (File Properties dialog in GUI) and re-run elaboration/synthesis.
Parsing XDC File [F:/RTDS_test_DDR4_64bit_batch_dev/RTDS_test_DDR4_64bit.runs/synth_1/dont_touch.xdc]
Finished Parsing XDC File [F:/RTDS_test_DDR4_64bit_batch_dev/RTDS_test_DDR4_64bit.runs/synth_1/dont_touch.xdc]
INFO: [Project 1-236] Implementation specific constraints were found while reading constraint file [D:/Xilinx_2020_2/Vivado/2020.2/data/ip/xpm/xpm_cdc/tcl/xpm_cdc_gray.tcl]. These constraints will be ignored for synthesis but will be used in implementation. Impacted constraints are listed in the file [.Xil/TOP_propImpl.xdc].
Resolution: To avoid this warning, move constraints listed in [.Xil/TOP_propImpl.xdc] to another XDC file and exclude this new file from synthesis with the used_in_synthesis property (File Properties dialog in GUI) and re-run elaboration/synthesis.
INFO: [Project 1-236] Implementation specific constraints were found while reading constraint file [D:/Xilinx_2020_2/Vivado/2020.2/data/ip/xpm/xpm_cdc/tcl/xpm_cdc_handshake.tcl]. These constraints will be ignored for synthesis but will be used in implementation. Impacted constraints are listed in the file [.Xil/TOP_propImpl.xdc].
Resolution: To avoid this warning, move constraints listed in [.Xil/TOP_propImpl.xdc] to another XDC file and exclude this new file from synthesis with the used_in_synthesis property (File Properties dialog in GUI) and re-run elaboration/synthesis.
INFO: [Project 1-236] Implementation specific constraints were found while reading constraint file [D:/Xilinx_2020_2/Vivado/2020.2/data/ip/xpm/xpm_cdc/tcl/xpm_cdc_single.tcl]. These constraints will be ignored for synthesis but will be used in implementation. Impacted constraints are listed in the file [.Xil/TOP_propImpl.xdc].
Resolution: To avoid this warning, move constraints listed in [.Xil/TOP_propImpl.xdc] to another XDC file and exclude this new file from synthesis with the used_in_synthesis property (File Properties dialog in GUI) and re-run elaboration/synthesis.
INFO: [Project 1-236] Implementation specific constraints were found while reading constraint file [D:/Xilinx_2020_2/Vivado/2020.2/data/ip/xpm/xpm_fifo/tcl/xpm_fifo_rst.tcl]. These constraints will be ignored for synthesis but will be used in implementation. Impacted constraints are listed in the file [.Xil/TOP_propImpl.xdc].
Resolution: To avoid this warning, move constraints listed in [.Xil/TOP_propImpl.xdc] to another XDC file and exclude this new file from synthesis with the used_in_synthesis property (File Properties dialog in GUI) and re-run elaboration/synthesis.
INFO: [Project 1-1715] 6 XPM XDC files have been applied to the design.
Completed Processing XDC Constraints

Netlist sorting complete. Time (s): cpu = 00:00:00 ; elapsed = 00:00:00.005 . Memory (MB): peak = 1458.898 ; gain = 0.000
INFO: [Project 1-111] Unisim Transformation Summary:
  A total of 2 instances were transformed.
  BUFG => BUFGCE: 1 instance 
  IBUFDS => IBUFDS (DIFFINBUF, IBUFCTRL): 1 instance 

Constraint Validation Runtime : Time (s): cpu = 00:00:00 ; elapsed = 00:00:00.647 . Memory (MB): peak = 1458.898 ; gain = 0.000
WARNING: [Timing 38-316] Clock period '100.000' specified during out-of-context synthesis of instance 'u_aurora_64b66b_top/aurora_64b66b_0_exdes_inst/core_traffic.frame_chk_axi_to_ll_data_i/axis_reg_i' at clock pin 'aclk' is different from the actual clock period '6.206', this can lead to different synthesis results.
WARNING: [Timing 38-316] Clock period '100.000' specified during out-of-context synthesis of instance 'u_aurora_64b66b_top/aurora_64b66b_0_exdes_inst/core_traffic.frame_chk_axi_to_ll_data_i/axis_reg_ii' at clock pin 'aclk' is different from the actual clock period '6.206', this can lead to different synthesis results.
WARNING: [Timing 38-316] Clock period '100.000' specified during out-of-context synthesis of instance 'u_aurora_64b66b_top/aurora_64b66b_0_exdes_inst/core_traffic.frame_gen_ll_to_axi_data_i/axis_reg_i' at clock pin 'aclk' is different from the actual clock period '6.206', this can lead to different synthesis results.
---------------------------------------------------------------------------------
Finished Constraint Validation : Time (s): cpu = 00:00:31 ; elapsed = 00:01:34 . Memory (MB): peak = 1460.266 ; gain = 445.551
---------------------------------------------------------------------------------
---------------------------------------------------------------------------------
Start Loading Part and Timing Information
---------------------------------------------------------------------------------
Loading part: xcku040-ffva1156-2-i
INFO: [Synth 8-6742] Reading net delay rules and data
---------------------------------------------------------------------------------
Finished Loading Part and Timing Information : Time (s): cpu = 00:00:31 ; elapsed = 00:01:34 . Memory (MB): peak = 1460.266 ; gain = 445.551
---------------------------------------------------------------------------------
---------------------------------------------------------------------------------
Start Applying 'set_property' XDC Constraints
---------------------------------------------------------------------------------
Applied set_property IO_BUFFER_TYPE = NONE for pcie_mgt_rxn[0]. (constraint file  f:/RTDS_test_DDR4_64bit_batch_dev/RTDS_test_DDR4_64bit.srcs/sources_1/bd/design_1/ip/design_1_xdma_0_0/design_1_xdma_0_0/design_1_xdma_0_0_in_context.xdc, line 4).
Applied set_property CLOCK_BUFFER_TYPE = NONE for pcie_mgt_rxn[0]. (constraint file  f:/RTDS_test_DDR4_64bit_batch_dev/RTDS_test_DDR4_64bit.srcs/sources_1/bd/design_1/ip/design_1_xdma_0_0/design_1_xdma_0_0/design_1_xdma_0_0_in_context.xdc, line 5).
Applied set_property IO_BUFFER_TYPE = NONE for pcie_mgt_rxn[1]. (constraint file  f:/RTDS_test_DDR4_64bit_batch_dev/RTDS_test_DDR4_64bit.srcs/sources_1/bd/design_1/ip/design_1_xdma_0_0/design_1_xdma_0_0/design_1_xdma_0_0_in_context.xdc, line 6).
Applied set_property CLOCK_BUFFER_TYPE = NONE for pcie_mgt_rxn[1]. (constraint file  f:/RTDS_test_DDR4_64bit_batch_dev/RTDS_test_DDR4_64bit.srcs/sources_1/bd/design_1/ip/design_1_xdma_0_0/design_1_xdma_0_0/design_1_xdma_0_0_in_context.xdc, line 7).
Applied set_property IO_BUFFER_TYPE = NONE for pcie_mgt_rxp[0]. (constraint file  f:/RTDS_test_DDR4_64bit_batch_dev/RTDS_test_DDR4_64bit.srcs/sources_1/bd/design_1/ip/design_1_xdma_0_0/design_1_xdma_0_0/design_1_xdma_0_0_in_context.xdc, line 8).
Applied set_property CLOCK_BUFFER_TYPE = NONE for pcie_mgt_rxp[0]. (constraint file  f:/RTDS_test_DDR4_64bit_batch_dev/RTDS_test_DDR4_64bit.srcs/sources_1/bd/design_1/ip/design_1_xdma_0_0/design_1_xdma_0_0/design_1_xdma_0_0_in_context.xdc, line 9).
Applied set_property IO_BUFFER_TYPE = NONE for pcie_mgt_rxp[1]. (constraint file  f:/RTDS_test_DDR4_64bit_batch_dev/RTDS_test_DDR4_64bit.srcs/sources_1/bd/design_1/ip/design_1_xdma_0_0/design_1_xdma_0_0/design_1_xdma_0_0_in_context.xdc, line 10).
Applied set_property CLOCK_BUFFER_TYPE = NONE for pcie_mgt_rxp[1]. (constraint file  f:/RTDS_test_DDR4_64bit_batch_dev/RTDS_test_DDR4_64bit.srcs/sources_1/bd/design_1/ip/design_1_xdma_0_0/design_1_xdma_0_0/design_1_xdma_0_0_in_context.xdc, line 11).
Applied set_property IO_BUFFER_TYPE = NONE for pcie_mgt_txn[0]. (constraint file  f:/RTDS_test_DDR4_64bit_batch_dev/RTDS_test_DDR4_64bit.srcs/sources_1/bd/design_1/ip/design_1_xdma_0_0/design_1_xdma_0_0/design_1_xdma_0_0_in_context.xdc, line 12).
Applied set_property CLOCK_BUFFER_TYPE = NONE for pcie_mgt_txn[0]. (constraint file  f:/RTDS_test_DDR4_64bit_batch_dev/RTDS_test_DDR4_64bit.srcs/sources_1/bd/design_1/ip/design_1_xdma_0_0/design_1_xdma_0_0/design_1_xdma_0_0_in_context.xdc, line 13).
Applied set_property IO_BUFFER_TYPE = NONE for pcie_mgt_txn[1]. (constraint file  f:/RTDS_test_DDR4_64bit_batch_dev/RTDS_test_DDR4_64bit.srcs/sources_1/bd/design_1/ip/design_1_xdma_0_0/design_1_xdma_0_0/design_1_xdma_0_0_in_context.xdc, line 14).
Applied set_property CLOCK_BUFFER_TYPE = NONE for pcie_mgt_txn[1]. (constraint file  f:/RTDS_test_DDR4_64bit_batch_dev/RTDS_test_DDR4_64bit.srcs/sources_1/bd/design_1/ip/design_1_xdma_0_0/design_1_xdma_0_0/design_1_xdma_0_0_in_context.xdc, line 15).
Applied set_property IO_BUFFER_TYPE = NONE for pcie_mgt_txp[0]. (constraint file  f:/RTDS_test_DDR4_64bit_batch_dev/RTDS_test_DDR4_64bit.srcs/sources_1/bd/design_1/ip/design_1_xdma_0_0/design_1_xdma_0_0/design_1_xdma_0_0_in_context.xdc, line 16).
Applied set_property CLOCK_BUFFER_TYPE = NONE for pcie_mgt_txp[0]. (constraint file  f:/RTDS_test_DDR4_64bit_batch_dev/RTDS_test_DDR4_64bit.srcs/sources_1/bd/design_1/ip/design_1_xdma_0_0/design_1_xdma_0_0/design_1_xdma_0_0_in_context.xdc, line 17).
Applied set_property IO_BUFFER_TYPE = NONE for pcie_mgt_txp[1]. (constraint file  f:/RTDS_test_DDR4_64bit_batch_dev/RTDS_test_DDR4_64bit.srcs/sources_1/bd/design_1/ip/design_1_xdma_0_0/design_1_xdma_0_0/design_1_xdma_0_0_in_context.xdc, line 18).
Applied set_property CLOCK_BUFFER_TYPE = NONE for pcie_mgt_txp[1]. (constraint file  f:/RTDS_test_DDR4_64bit_batch_dev/RTDS_test_DDR4_64bit.srcs/sources_1/bd/design_1/ip/design_1_xdma_0_0/design_1_xdma_0_0/design_1_xdma_0_0_in_context.xdc, line 19).
Applied set_property IO_BUFFER_TYPE = NONE for pcie_diff_clk_n[0]. (constraint file  f:/RTDS_test_DDR4_64bit_batch_dev/RTDS_test_DDR4_64bit.srcs/sources_1/bd/design_1/ip/design_1_util_ds_buf_0/design_1_util_ds_buf_0/design_1_util_ds_buf_0_in_context.xdc, line 2).
Applied set_property CLOCK_BUFFER_TYPE = NONE for pcie_diff_clk_n[0]. (constraint file  f:/RTDS_test_DDR4_64bit_batch_dev/RTDS_test_DDR4_64bit.srcs/sources_1/bd/design_1/ip/design_1_util_ds_buf_0/design_1_util_ds_buf_0/design_1_util_ds_buf_0_in_context.xdc, line 3).
Applied set_property IO_BUFFER_TYPE = NONE for pcie_diff_clk_p[0]. (constraint file  f:/RTDS_test_DDR4_64bit_batch_dev/RTDS_test_DDR4_64bit.srcs/sources_1/bd/design_1/ip/design_1_util_ds_buf_0/design_1_util_ds_buf_0/design_1_util_ds_buf_0_in_context.xdc, line 4).
Applied set_property CLOCK_BUFFER_TYPE = NONE for pcie_diff_clk_p[0]. (constraint file  f:/RTDS_test_DDR4_64bit_batch_dev/RTDS_test_DDR4_64bit.srcs/sources_1/bd/design_1/ip/design_1_util_ds_buf_0/design_1_util_ds_buf_0/design_1_util_ds_buf_0_in_context.xdc, line 5).
Applied set_property IO_BUFFER_TYPE = NONE for GTHQ0_N. (constraint file  f:/RTDS_test_DDR4_64bit_batch_dev/external_snapshot/fdma_aurora_brg/fdma_aurora_brg.gen/sources_1/ip/aurora_64b66b_0/aurora_64b66b_0/aurora_64b66b_0_in_context.xdc, line 6).
Applied set_property CLOCK_BUFFER_TYPE = NONE for GTHQ0_N. (constraint file  f:/RTDS_test_DDR4_64bit_batch_dev/external_snapshot/fdma_aurora_brg/fdma_aurora_brg.gen/sources_1/ip/aurora_64b66b_0/aurora_64b66b_0/aurora_64b66b_0_in_context.xdc, line 7).
Applied set_property IO_BUFFER_TYPE = NONE for GTHQ0_P. (constraint file  f:/RTDS_test_DDR4_64bit_batch_dev/external_snapshot/fdma_aurora_brg/fdma_aurora_brg.gen/sources_1/ip/aurora_64b66b_0/aurora_64b66b_0/aurora_64b66b_0_in_context.xdc, line 8).
Applied set_property CLOCK_BUFFER_TYPE = NONE for GTHQ0_P. (constraint file  f:/RTDS_test_DDR4_64bit_batch_dev/external_snapshot/fdma_aurora_brg/fdma_aurora_brg.gen/sources_1/ip/aurora_64b66b_0/aurora_64b66b_0/aurora_64b66b_0_in_context.xdc, line 9).
Applied set_property IO_BUFFER_TYPE = NONE for aurora_rxn. (constraint file  f:/RTDS_test_DDR4_64bit_batch_dev/external_snapshot/fdma_aurora_brg/fdma_aurora_brg.gen/sources_1/ip/aurora_64b66b_0/aurora_64b66b_0/aurora_64b66b_0_in_context.xdc, line 10).
Applied set_property CLOCK_BUFFER_TYPE = NONE for aurora_rxn. (constraint file  f:/RTDS_test_DDR4_64bit_batch_dev/external_snapshot/fdma_aurora_brg/fdma_aurora_brg.gen/sources_1/ip/aurora_64b66b_0/aurora_64b66b_0/aurora_64b66b_0_in_context.xdc, line 11).
Applied set_property IO_BUFFER_TYPE = NONE for aurora_rxp. (constraint file  f:/RTDS_test_DDR4_64bit_batch_dev/external_snapshot/fdma_aurora_brg/fdma_aurora_brg.gen/sources_1/ip/aurora_64b66b_0/aurora_64b66b_0/aurora_64b66b_0_in_context.xdc, line 12).
Applied set_property CLOCK_BUFFER_TYPE = NONE for aurora_rxp. (constraint file  f:/RTDS_test_DDR4_64bit_batch_dev/external_snapshot/fdma_aurora_brg/fdma_aurora_brg.gen/sources_1/ip/aurora_64b66b_0/aurora_64b66b_0/aurora_64b66b_0_in_context.xdc, line 13).
Applied set_property IO_BUFFER_TYPE = NONE for aurora_txn. (constraint file  f:/RTDS_test_DDR4_64bit_batch_dev/external_snapshot/fdma_aurora_brg/fdma_aurora_brg.gen/sources_1/ip/aurora_64b66b_0/aurora_64b66b_0/aurora_64b66b_0_in_context.xdc, line 14).
Applied set_property CLOCK_BUFFER_TYPE = NONE for aurora_txn. (constraint file  f:/RTDS_test_DDR4_64bit_batch_dev/external_snapshot/fdma_aurora_brg/fdma_aurora_brg.gen/sources_1/ip/aurora_64b66b_0/aurora_64b66b_0/aurora_64b66b_0_in_context.xdc, line 15).
Applied set_property IO_BUFFER_TYPE = NONE for aurora_txp. (constraint file  f:/RTDS_test_DDR4_64bit_batch_dev/external_snapshot/fdma_aurora_brg/fdma_aurora_brg.gen/sources_1/ip/aurora_64b66b_0/aurora_64b66b_0/aurora_64b66b_0_in_context.xdc, line 16).
Applied set_property CLOCK_BUFFER_TYPE = NONE for aurora_txp. (constraint file  f:/RTDS_test_DDR4_64bit_batch_dev/external_snapshot/fdma_aurora_brg/fdma_aurora_brg.gen/sources_1/ip/aurora_64b66b_0/aurora_64b66b_0/aurora_64b66b_0_in_context.xdc, line 17).
Applied set_property IO_BUFFER_TYPE = NONE for aurora1g_refclk_n. (constraint file  f:/aurora_8b10b_1p25g_design.gen/sources_1/ip/aurora_8b10b_1p25g/aurora_8b10b_1p25g/aurora_8b10b_1p25g_in_context.xdc, line 3).
Applied set_property CLOCK_BUFFER_TYPE = NONE for aurora1g_refclk_n. (constraint file  f:/aurora_8b10b_1p25g_design.gen/sources_1/ip/aurora_8b10b_1p25g/aurora_8b10b_1p25g/aurora_8b10b_1p25g_in_context.xdc, line 4).
Applied set_property IO_BUFFER_TYPE = NONE for aurora1g_refclk_p. (constraint file  f:/aurora_8b10b_1p25g_design.gen/sources_1/ip/aurora_8b10b_1p25g/aurora_8b10b_1p25g/aurora_8b10b_1p25g_in_context.xdc, line 5).
Applied set_property CLOCK_BUFFER_TYPE = NONE for aurora1g_refclk_p. (constraint file  f:/aurora_8b10b_1p25g_design.gen/sources_1/ip/aurora_8b10b_1p25g/aurora_8b10b_1p25g/aurora_8b10b_1p25g_in_context.xdc, line 6).
Applied set_property IO_BUFFER_TYPE = NONE for aurora1g_rxn. (constraint file  f:/aurora_8b10b_1p25g_design.gen/sources_1/ip/aurora_8b10b_1p25g/aurora_8b10b_1p25g/aurora_8b10b_1p25g_in_context.xdc, line 7).
Applied set_property CLOCK_BUFFER_TYPE = NONE for aurora1g_rxn. (constraint file  f:/aurora_8b10b_1p25g_design.gen/sources_1/ip/aurora_8b10b_1p25g/aurora_8b10b_1p25g/aurora_8b10b_1p25g_in_context.xdc, line 8).
Applied set_property IO_BUFFER_TYPE = NONE for aurora1g_rxp. (constraint file  f:/aurora_8b10b_1p25g_design.gen/sources_1/ip/aurora_8b10b_1p25g/aurora_8b10b_1p25g/aurora_8b10b_1p25g_in_context.xdc, line 9).
Applied set_property CLOCK_BUFFER_TYPE = NONE for aurora1g_rxp. (constraint file  f:/aurora_8b10b_1p25g_design.gen/sources_1/ip/aurora_8b10b_1p25g/aurora_8b10b_1p25g/aurora_8b10b_1p25g_in_context.xdc, line 10).
Applied set_property IO_BUFFER_TYPE = NONE for aurora1g_txn. (constraint file  f:/aurora_8b10b_1p25g_design.gen/sources_1/ip/aurora_8b10b_1p25g/aurora_8b10b_1p25g/aurora_8b10b_1p25g_in_context.xdc, line 11).
Applied set_property CLOCK_BUFFER_TYPE = NONE for aurora1g_txn. (constraint file  f:/aurora_8b10b_1p25g_design.gen/sources_1/ip/aurora_8b10b_1p25g/aurora_8b10b_1p25g/aurora_8b10b_1p25g_in_context.xdc, line 12).
Applied set_property IO_BUFFER_TYPE = NONE for aurora1g_txp. (constraint file  f:/aurora_8b10b_1p25g_design.gen/sources_1/ip/aurora_8b10b_1p25g/aurora_8b10b_1p25g/aurora_8b10b_1p25g_in_context.xdc, line 13).
Applied set_property CLOCK_BUFFER_TYPE = NONE for aurora1g_txp. (constraint file  f:/aurora_8b10b_1p25g_design.gen/sources_1/ip/aurora_8b10b_1p25g/aurora_8b10b_1p25g/aurora_8b10b_1p25g_in_context.xdc, line 14).
Applied set_property IO_BUFFER_TYPE = NONE for c0_ddr4_act_n. (constraint file  f:/RTDS_test_DDR4_64bit_batch_dev/RTDS_test_DDR4_64bit.srcs/sources_1/ip/rtds_ddr4_mig/rtds_ddr4_mig/rtds_ddr4_mig_in_context.xdc, line 1).
Applied set_property CLOCK_BUFFER_TYPE = NONE for c0_ddr4_act_n. (constraint file  f:/RTDS_test_DDR4_64bit_batch_dev/RTDS_test_DDR4_64bit.srcs/sources_1/ip/rtds_ddr4_mig/rtds_ddr4_mig/rtds_ddr4_mig_in_context.xdc, line 2).
Applied set_property IO_BUFFER_TYPE = NONE for c0_ddr4_adr[0]. (constraint file  f:/RTDS_test_DDR4_64bit_batch_dev/RTDS_test_DDR4_64bit.srcs/sources_1/ip/rtds_ddr4_mig/rtds_ddr4_mig/rtds_ddr4_mig_in_context.xdc, line 3).
Applied set_property CLOCK_BUFFER_TYPE = NONE for c0_ddr4_adr[0]. (constraint file  f:/RTDS_test_DDR4_64bit_batch_dev/RTDS_test_DDR4_64bit.srcs/sources_1/ip/rtds_ddr4_mig/rtds_ddr4_mig/rtds_ddr4_mig_in_context.xdc, line 4).
Applied set_property IO_BUFFER_TYPE = NONE for c0_ddr4_adr[10]. (constraint file  f:/RTDS_test_DDR4_64bit_batch_dev/RTDS_test_DDR4_64bit.srcs/sources_1/ip/rtds_ddr4_mig/rtds_ddr4_mig/rtds_ddr4_mig_in_context.xdc, line 5).
Applied set_property CLOCK_BUFFER_TYPE = NONE for c0_ddr4_adr[10]. (constraint file  f:/RTDS_test_DDR4_64bit_batch_dev/RTDS_test_DDR4_64bit.srcs/sources_1/ip/rtds_ddr4_mig/rtds_ddr4_mig/rtds_ddr4_mig_in_context.xdc, line 6).
Applied set_property IO_BUFFER_TYPE = NONE for c0_ddr4_adr[11]. (constraint file  f:/RTDS_test_DDR4_64bit_batch_dev/RTDS_test_DDR4_64bit.srcs/sources_1/ip/rtds_ddr4_mig/rtds_ddr4_mig/rtds_ddr4_mig_in_context.xdc, line 7).
Applied set_property CLOCK_BUFFER_TYPE = NONE for c0_ddr4_adr[11]. (constraint file  f:/RTDS_test_DDR4_64bit_batch_dev/RTDS_test_DDR4_64bit.srcs/sources_1/ip/rtds_ddr4_mig/rtds_ddr4_mig/rtds_ddr4_mig_in_context.xdc, line 8).
Applied set_property IO_BUFFER_TYPE = NONE for c0_ddr4_adr[12]. (constraint file  f:/RTDS_test_DDR4_64bit_batch_dev/RTDS_test_DDR4_64bit.srcs/sources_1/ip/rtds_ddr4_mig/rtds_ddr4_mig/rtds_ddr4_mig_in_context.xdc, line 9).
Applied set_property CLOCK_BUFFER_TYPE = NONE for c0_ddr4_adr[12]. (constraint file  f:/RTDS_test_DDR4_64bit_batch_dev/RTDS_test_DDR4_64bit.srcs/sources_1/ip/rtds_ddr4_mig/rtds_ddr4_mig/rtds_ddr4_mig_in_context.xdc, line 10).
Applied set_property IO_BUFFER_TYPE = NONE for c0_ddr4_adr[13]. (constraint file  f:/RTDS_test_DDR4_64bit_batch_dev/RTDS_test_DDR4_64bit.srcs/sources_1/ip/rtds_ddr4_mig/rtds_ddr4_mig/rtds_ddr4_mig_in_context.xdc, line 11).
Applied set_property CLOCK_BUFFER_TYPE = NONE for c0_ddr4_adr[13]. (constraint file  f:/RTDS_test_DDR4_64bit_batch_dev/RTDS_test_DDR4_64bit.srcs/sources_1/ip/rtds_ddr4_mig/rtds_ddr4_mig/rtds_ddr4_mig_in_context.xdc, line 12).
Applied set_property IO_BUFFER_TYPE = NONE for c0_ddr4_adr[14]. (constraint file  f:/RTDS_test_DDR4_64bit_batch_dev/RTDS_test_DDR4_64bit.srcs/sources_1/ip/rtds_ddr4_mig/rtds_ddr4_mig/rtds_ddr4_mig_in_context.xdc, line 13).
Applied set_property CLOCK_BUFFER_TYPE = NONE for c0_ddr4_adr[14]. (constraint file  f:/RTDS_test_DDR4_64bit_batch_dev/RTDS_test_DDR4_64bit.srcs/sources_1/ip/rtds_ddr4_mig/rtds_ddr4_mig/rtds_ddr4_mig_in_context.xdc, line 14).
Applied set_property IO_BUFFER_TYPE = NONE for c0_ddr4_adr[15]. (constraint file  f:/RTDS_test_DDR4_64bit_batch_dev/RTDS_test_DDR4_64bit.srcs/sources_1/ip/rtds_ddr4_mig/rtds_ddr4_mig/rtds_ddr4_mig_in_context.xdc, line 15).
Applied set_property CLOCK_BUFFER_TYPE = NONE for c0_ddr4_adr[15]. (constraint file  f:/RTDS_test_DDR4_64bit_batch_dev/RTDS_test_DDR4_64bit.srcs/sources_1/ip/rtds_ddr4_mig/rtds_ddr4_mig/rtds_ddr4_mig_in_context.xdc, line 16).
Applied set_property IO_BUFFER_TYPE = NONE for c0_ddr4_adr[16]. (constraint file  f:/RTDS_test_DDR4_64bit_batch_dev/RTDS_test_DDR4_64bit.srcs/sources_1/ip/rtds_ddr4_mig/rtds_ddr4_mig/rtds_ddr4_mig_in_context.xdc, line 17).
Applied set_property CLOCK_BUFFER_TYPE = NONE for c0_ddr4_adr[16]. (constraint file  f:/RTDS_test_DDR4_64bit_batch_dev/RTDS_test_DDR4_64bit.srcs/sources_1/ip/rtds_ddr4_mig/rtds_ddr4_mig/rtds_ddr4_mig_in_context.xdc, line 18).
Applied set_property IO_BUFFER_TYPE = NONE for c0_ddr4_adr[1]. (constraint file  f:/RTDS_test_DDR4_64bit_batch_dev/RTDS_test_DDR4_64bit.srcs/sources_1/ip/rtds_ddr4_mig/rtds_ddr4_mig/rtds_ddr4_mig_in_context.xdc, line 19).
Applied set_property CLOCK_BUFFER_TYPE = NONE for c0_ddr4_adr[1]. (constraint file  f:/RTDS_test_DDR4_64bit_batch_dev/RTDS_test_DDR4_64bit.srcs/sources_1/ip/rtds_ddr4_mig/rtds_ddr4_mig/rtds_ddr4_mig_in_context.xdc, line 20).
Applied set_property IO_BUFFER_TYPE = NONE for c0_ddr4_adr[2]. (constraint file  f:/RTDS_test_DDR4_64bit_batch_dev/RTDS_test_DDR4_64bit.srcs/sources_1/ip/rtds_ddr4_mig/rtds_ddr4_mig/rtds_ddr4_mig_in_context.xdc, line 21).
Applied set_property CLOCK_BUFFER_TYPE = NONE for c0_ddr4_adr[2]. (constraint file  f:/RTDS_test_DDR4_64bit_batch_dev/RTDS_test_DDR4_64bit.srcs/sources_1/ip/rtds_ddr4_mig/rtds_ddr4_mig/rtds_ddr4_mig_in_context.xdc, line 22).
Applied set_property IO_BUFFER_TYPE = NONE for c0_ddr4_adr[3]. (constraint file  f:/RTDS_test_DDR4_64bit_batch_dev/RTDS_test_DDR4_64bit.srcs/sources_1/ip/rtds_ddr4_mig/rtds_ddr4_mig/rtds_ddr4_mig_in_context.xdc, line 23).
Applied set_property CLOCK_BUFFER_TYPE = NONE for c0_ddr4_adr[3]. (constraint file  f:/RTDS_test_DDR4_64bit_batch_dev/RTDS_test_DDR4_64bit.srcs/sources_1/ip/rtds_ddr4_mig/rtds_ddr4_mig/rtds_ddr4_mig_in_context.xdc, line 24).
Applied set_property IO_BUFFER_TYPE = NONE for c0_ddr4_adr[4]. (constraint file  f:/RTDS_test_DDR4_64bit_batch_dev/RTDS_test_DDR4_64bit.srcs/sources_1/ip/rtds_ddr4_mig/rtds_ddr4_mig/rtds_ddr4_mig_in_context.xdc, line 25).
Applied set_property CLOCK_BUFFER_TYPE = NONE for c0_ddr4_adr[4]. (constraint file  f:/RTDS_test_DDR4_64bit_batch_dev/RTDS_test_DDR4_64bit.srcs/sources_1/ip/rtds_ddr4_mig/rtds_ddr4_mig/rtds_ddr4_mig_in_context.xdc, line 26).
Applied set_property IO_BUFFER_TYPE = NONE for c0_ddr4_adr[5]. (constraint file  f:/RTDS_test_DDR4_64bit_batch_dev/RTDS_test_DDR4_64bit.srcs/sources_1/ip/rtds_ddr4_mig/rtds_ddr4_mig/rtds_ddr4_mig_in_context.xdc, line 27).
Applied set_property CLOCK_BUFFER_TYPE = NONE for c0_ddr4_adr[5]. (constraint file  f:/RTDS_test_DDR4_64bit_batch_dev/RTDS_test_DDR4_64bit.srcs/sources_1/ip/rtds_ddr4_mig/rtds_ddr4_mig/rtds_ddr4_mig_in_context.xdc, line 28).
Applied set_property IO_BUFFER_TYPE = NONE for c0_ddr4_adr[6]. (constraint file  f:/RTDS_test_DDR4_64bit_batch_dev/RTDS_test_DDR4_64bit.srcs/sources_1/ip/rtds_ddr4_mig/rtds_ddr4_mig/rtds_ddr4_mig_in_context.xdc, line 29).
Applied set_property CLOCK_BUFFER_TYPE = NONE for c0_ddr4_adr[6]. (constraint file  f:/RTDS_test_DDR4_64bit_batch_dev/RTDS_test_DDR4_64bit.srcs/sources_1/ip/rtds_ddr4_mig/rtds_ddr4_mig/rtds_ddr4_mig_in_context.xdc, line 30).
Applied set_property IO_BUFFER_TYPE = NONE for c0_ddr4_adr[7]. (constraint file  f:/RTDS_test_DDR4_64bit_batch_dev/RTDS_test_DDR4_64bit.srcs/sources_1/ip/rtds_ddr4_mig/rtds_ddr4_mig/rtds_ddr4_mig_in_context.xdc, line 31).
Applied set_property CLOCK_BUFFER_TYPE = NONE for c0_ddr4_adr[7]. (constraint file  f:/RTDS_test_DDR4_64bit_batch_dev/RTDS_test_DDR4_64bit.srcs/sources_1/ip/rtds_ddr4_mig/rtds_ddr4_mig/rtds_ddr4_mig_in_context.xdc, line 32).
Applied set_property IO_BUFFER_TYPE = NONE for c0_ddr4_adr[8]. (constraint file  f:/RTDS_test_DDR4_64bit_batch_dev/RTDS_test_DDR4_64bit.srcs/sources_1/ip/rtds_ddr4_mig/rtds_ddr4_mig/rtds_ddr4_mig_in_context.xdc, line 33).
Applied set_property CLOCK_BUFFER_TYPE = NONE for c0_ddr4_adr[8]. (constraint file  f:/RTDS_test_DDR4_64bit_batch_dev/RTDS_test_DDR4_64bit.srcs/sources_1/ip/rtds_ddr4_mig/rtds_ddr4_mig/rtds_ddr4_mig_in_context.xdc, line 34).
Applied set_property IO_BUFFER_TYPE = NONE for c0_ddr4_adr[9]. (constraint file  f:/RTDS_test_DDR4_64bit_batch_dev/RTDS_test_DDR4_64bit.srcs/sources_1/ip/rtds_ddr4_mig/rtds_ddr4_mig/rtds_ddr4_mig_in_context.xdc, line 35).
Applied set_property CLOCK_BUFFER_TYPE = NONE for c0_ddr4_adr[9]. (constraint file  f:/RTDS_test_DDR4_64bit_batch_dev/RTDS_test_DDR4_64bit.srcs/sources_1/ip/rtds_ddr4_mig/rtds_ddr4_mig/rtds_ddr4_mig_in_context.xdc, line 36).
Applied set_property IO_BUFFER_TYPE = NONE for c0_ddr4_ba[0]. (constraint file  f:/RTDS_test_DDR4_64bit_batch_dev/RTDS_test_DDR4_64bit.srcs/sources_1/ip/rtds_ddr4_mig/rtds_ddr4_mig/rtds_ddr4_mig_in_context.xdc, line 37).
Applied set_property CLOCK_BUFFER_TYPE = NONE for c0_ddr4_ba[0]. (constraint file  f:/RTDS_test_DDR4_64bit_batch_dev/RTDS_test_DDR4_64bit.srcs/sources_1/ip/rtds_ddr4_mig/rtds_ddr4_mig/rtds_ddr4_mig_in_context.xdc, line 38).
Applied set_property IO_BUFFER_TYPE = NONE for c0_ddr4_ba[1]. (constraint file  f:/RTDS_test_DDR4_64bit_batch_dev/RTDS_test_DDR4_64bit.srcs/sources_1/ip/rtds_ddr4_mig/rtds_ddr4_mig/rtds_ddr4_mig_in_context.xdc, line 39).
Applied set_property CLOCK_BUFFER_TYPE = NONE for c0_ddr4_ba[1]. (constraint file  f:/RTDS_test_DDR4_64bit_batch_dev/RTDS_test_DDR4_64bit.srcs/sources_1/ip/rtds_ddr4_mig/rtds_ddr4_mig/rtds_ddr4_mig_in_context.xdc, line 40).
Applied set_property IO_BUFFER_TYPE = NONE for c0_ddr4_bg[0]. (constraint file  f:/RTDS_test_DDR4_64bit_batch_dev/RTDS_test_DDR4_64bit.srcs/sources_1/ip/rtds_ddr4_mig/rtds_ddr4_mig/rtds_ddr4_mig_in_context.xdc, line 41).
Applied set_property CLOCK_BUFFER_TYPE = NONE for c0_ddr4_bg[0]. (constraint file  f:/RTDS_test_DDR4_64bit_batch_dev/RTDS_test_DDR4_64bit.srcs/sources_1/ip/rtds_ddr4_mig/rtds_ddr4_mig/rtds_ddr4_mig_in_context.xdc, line 42).
Applied set_property IO_BUFFER_TYPE = NONE for c0_ddr4_ck_c[0]. (constraint file  f:/RTDS_test_DDR4_64bit_batch_dev/RTDS_test_DDR4_64bit.srcs/sources_1/ip/rtds_ddr4_mig/rtds_ddr4_mig/rtds_ddr4_mig_in_context.xdc, line 43).
Applied set_property CLOCK_BUFFER_TYPE = NONE for c0_ddr4_ck_c[0]. (constraint file  f:/RTDS_test_DDR4_64bit_batch_dev/RTDS_test_DDR4_64bit.srcs/sources_1/ip/rtds_ddr4_mig/rtds_ddr4_mig/rtds_ddr4_mig_in_context.xdc, line 44).
Applied set_property IO_BUFFER_TYPE = NONE for c0_ddr4_ck_t[0]. (constraint file  f:/RTDS_test_DDR4_64bit_batch_dev/RTDS_test_DDR4_64bit.srcs/sources_1/ip/rtds_ddr4_mig/rtds_ddr4_mig/rtds_ddr4_mig_in_context.xdc, line 45).
Applied set_property CLOCK_BUFFER_TYPE = NONE for c0_ddr4_ck_t[0]. (constraint file  f:/RTDS_test_DDR4_64bit_batch_dev/RTDS_test_DDR4_64bit.srcs/sources_1/ip/rtds_ddr4_mig/rtds_ddr4_mig/rtds_ddr4_mig_in_context.xdc, line 46).
Applied set_property IO_BUFFER_TYPE = NONE for c0_ddr4_cke[0]. (constraint file  f:/RTDS_test_DDR4_64bit_batch_dev/RTDS_test_DDR4_64bit.srcs/sources_1/ip/rtds_ddr4_mig/rtds_ddr4_mig/rtds_ddr4_mig_in_context.xdc, line 47).
Applied set_property CLOCK_BUFFER_TYPE = NONE for c0_ddr4_cke[0]. (constraint file  f:/RTDS_test_DDR4_64bit_batch_dev/RTDS_test_DDR4_64bit.srcs/sources_1/ip/rtds_ddr4_mig/rtds_ddr4_mig/rtds_ddr4_mig_in_context.xdc, line 48).
Applied set_property IO_BUFFER_TYPE = NONE for c0_ddr4_cs_n[0]. (constraint file  f:/RTDS_test_DDR4_64bit_batch_dev/RTDS_test_DDR4_64bit.srcs/sources_1/ip/rtds_ddr4_mig/rtds_ddr4_mig/rtds_ddr4_mig_in_context.xdc, line 49).
Applied set_property CLOCK_BUFFER_TYPE = NONE for c0_ddr4_cs_n[0]. (constraint file  f:/RTDS_test_DDR4_64bit_batch_dev/RTDS_test_DDR4_64bit.srcs/sources_1/ip/rtds_ddr4_mig/rtds_ddr4_mig/rtds_ddr4_mig_in_context.xdc, line 50).
Applied set_property IO_BUFFER_TYPE = NONE for c0_ddr4_dm_dbi_n[0]. (constraint file  f:/RTDS_test_DDR4_64bit_batch_dev/RTDS_test_DDR4_64bit.srcs/sources_1/ip/rtds_ddr4_mig/rtds_ddr4_mig/rtds_ddr4_mig_in_context.xdc, line 51).
Applied set_property CLOCK_BUFFER_TYPE = NONE for c0_ddr4_dm_dbi_n[0]. (constraint file  f:/RTDS_test_DDR4_64bit_batch_dev/RTDS_test_DDR4_64bit.srcs/sources_1/ip/rtds_ddr4_mig/rtds_ddr4_mig/rtds_ddr4_mig_in_context.xdc, line 52).
Applied set_property IO_BUFFER_TYPE = NONE for c0_ddr4_dm_dbi_n[1]. (constraint file  f:/RTDS_test_DDR4_64bit_batch_dev/RTDS_test_DDR4_64bit.srcs/sources_1/ip/rtds_ddr4_mig/rtds_ddr4_mig/rtds_ddr4_mig_in_context.xdc, line 53).
Applied set_property CLOCK_BUFFER_TYPE = NONE for c0_ddr4_dm_dbi_n[1]. (constraint file  f:/RTDS_test_DDR4_64bit_batch_dev/RTDS_test_DDR4_64bit.srcs/sources_1/ip/rtds_ddr4_mig/rtds_ddr4_mig/rtds_ddr4_mig_in_context.xdc, line 54).
Applied set_property IO_BUFFER_TYPE = NONE for c0_ddr4_dm_dbi_n[2]. (constraint file  f:/RTDS_test_DDR4_64bit_batch_dev/RTDS_test_DDR4_64bit.srcs/sources_1/ip/rtds_ddr4_mig/rtds_ddr4_mig/rtds_ddr4_mig_in_context.xdc, line 55).
Applied set_property CLOCK_BUFFER_TYPE = NONE for c0_ddr4_dm_dbi_n[2]. (constraint file  f:/RTDS_test_DDR4_64bit_batch_dev/RTDS_test_DDR4_64bit.srcs/sources_1/ip/rtds_ddr4_mig/rtds_ddr4_mig/rtds_ddr4_mig_in_context.xdc, line 56).
Applied set_property IO_BUFFER_TYPE = NONE for c0_ddr4_dm_dbi_n[3]. (constraint file  f:/RTDS_test_DDR4_64bit_batch_dev/RTDS_test_DDR4_64bit.srcs/sources_1/ip/rtds_ddr4_mig/rtds_ddr4_mig/rtds_ddr4_mig_in_context.xdc, line 57).
Applied set_property CLOCK_BUFFER_TYPE = NONE for c0_ddr4_dm_dbi_n[3]. (constraint file  f:/RTDS_test_DDR4_64bit_batch_dev/RTDS_test_DDR4_64bit.srcs/sources_1/ip/rtds_ddr4_mig/rtds_ddr4_mig/rtds_ddr4_mig_in_context.xdc, line 58).
Applied set_property IO_BUFFER_TYPE = NONE for c0_ddr4_dm_dbi_n[4]. (constraint file  f:/RTDS_test_DDR4_64bit_batch_dev/RTDS_test_DDR4_64bit.srcs/sources_1/ip/rtds_ddr4_mig/rtds_ddr4_mig/rtds_ddr4_mig_in_context.xdc, line 59).
Applied set_property CLOCK_BUFFER_TYPE = NONE for c0_ddr4_dm_dbi_n[4]. (constraint file  f:/RTDS_test_DDR4_64bit_batch_dev/RTDS_test_DDR4_64bit.srcs/sources_1/ip/rtds_ddr4_mig/rtds_ddr4_mig/rtds_ddr4_mig_in_context.xdc, line 60).
Applied set_property IO_BUFFER_TYPE = NONE for c0_ddr4_dm_dbi_n[5]. (constraint file  f:/RTDS_test_DDR4_64bit_batch_dev/RTDS_test_DDR4_64bit.srcs/sources_1/ip/rtds_ddr4_mig/rtds_ddr4_mig/rtds_ddr4_mig_in_context.xdc, line 61).
Applied set_property CLOCK_BUFFER_TYPE = NONE for c0_ddr4_dm_dbi_n[5]. (constraint file  f:/RTDS_test_DDR4_64bit_batch_dev/RTDS_test_DDR4_64bit.srcs/sources_1/ip/rtds_ddr4_mig/rtds_ddr4_mig/rtds_ddr4_mig_in_context.xdc, line 62).
Applied set_property IO_BUFFER_TYPE = NONE for c0_ddr4_dm_dbi_n[6]. (constraint file  f:/RTDS_test_DDR4_64bit_batch_dev/RTDS_test_DDR4_64bit.srcs/sources_1/ip/rtds_ddr4_mig/rtds_ddr4_mig/rtds_ddr4_mig_in_context.xdc, line 63).
Applied set_property CLOCK_BUFFER_TYPE = NONE for c0_ddr4_dm_dbi_n[6]. (constraint file  f:/RTDS_test_DDR4_64bit_batch_dev/RTDS_test_DDR4_64bit.srcs/sources_1/ip/rtds_ddr4_mig/rtds_ddr4_mig/rtds_ddr4_mig_in_context.xdc, line 64).
Applied set_property IO_BUFFER_TYPE = NONE for c0_ddr4_dm_dbi_n[7]. (constraint file  f:/RTDS_test_DDR4_64bit_batch_dev/RTDS_test_DDR4_64bit.srcs/sources_1/ip/rtds_ddr4_mig/rtds_ddr4_mig/rtds_ddr4_mig_in_context.xdc, line 65).
Applied set_property CLOCK_BUFFER_TYPE = NONE for c0_ddr4_dm_dbi_n[7]. (constraint file  f:/RTDS_test_DDR4_64bit_batch_dev/RTDS_test_DDR4_64bit.srcs/sources_1/ip/rtds_ddr4_mig/rtds_ddr4_mig/rtds_ddr4_mig_in_context.xdc, line 66).
Applied set_property IO_BUFFER_TYPE = NONE for c0_ddr4_dq[0]. (constraint file  f:/RTDS_test_DDR4_64bit_batch_dev/RTDS_test_DDR4_64bit.srcs/sources_1/ip/rtds_ddr4_mig/rtds_ddr4_mig/rtds_ddr4_mig_in_context.xdc, line 67).
Applied set_property CLOCK_BUFFER_TYPE = NONE for c0_ddr4_dq[0]. (constraint file  f:/RTDS_test_DDR4_64bit_batch_dev/RTDS_test_DDR4_64bit.srcs/sources_1/ip/rtds_ddr4_mig/rtds_ddr4_mig/rtds_ddr4_mig_in_context.xdc, line 68).
Applied set_property IO_BUFFER_TYPE = NONE for c0_ddr4_dq[10]. (constraint file  f:/RTDS_test_DDR4_64bit_batch_dev/RTDS_test_DDR4_64bit.srcs/sources_1/ip/rtds_ddr4_mig/rtds_ddr4_mig/rtds_ddr4_mig_in_context.xdc, line 69).
Applied set_property CLOCK_BUFFER_TYPE = NONE for c0_ddr4_dq[10]. (constraint file  f:/RTDS_test_DDR4_64bit_batch_dev/RTDS_test_DDR4_64bit.srcs/sources_1/ip/rtds_ddr4_mig/rtds_ddr4_mig/rtds_ddr4_mig_in_context.xdc, line 70).
Applied set_property IO_BUFFER_TYPE = NONE for c0_ddr4_dq[11]. (constraint file  f:/RTDS_test_DDR4_64bit_batch_dev/RTDS_test_DDR4_64bit.srcs/sources_1/ip/rtds_ddr4_mig/rtds_ddr4_mig/rtds_ddr4_mig_in_context.xdc, line 71).
Applied set_property CLOCK_BUFFER_TYPE = NONE for c0_ddr4_dq[11]. (constraint file  f:/RTDS_test_DDR4_64bit_batch_dev/RTDS_test_DDR4_64bit.srcs/sources_1/ip/rtds_ddr4_mig/rtds_ddr4_mig/rtds_ddr4_mig_in_context.xdc, line 72).
Applied set_property IO_BUFFER_TYPE = NONE for c0_ddr4_dq[12]. (constraint file  f:/RTDS_test_DDR4_64bit_batch_dev/RTDS_test_DDR4_64bit.srcs/sources_1/ip/rtds_ddr4_mig/rtds_ddr4_mig/rtds_ddr4_mig_in_context.xdc, line 73).
Applied set_property CLOCK_BUFFER_TYPE = NONE for c0_ddr4_dq[12]. (constraint file  f:/RTDS_test_DDR4_64bit_batch_dev/RTDS_test_DDR4_64bit.srcs/sources_1/ip/rtds_ddr4_mig/rtds_ddr4_mig/rtds_ddr4_mig_in_context.xdc, line 74).
Applied set_property IO_BUFFER_TYPE = NONE for c0_ddr4_dq[13]. (constraint file  f:/RTDS_test_DDR4_64bit_batch_dev/RTDS_test_DDR4_64bit.srcs/sources_1/ip/rtds_ddr4_mig/rtds_ddr4_mig/rtds_ddr4_mig_in_context.xdc, line 75).
Applied set_property CLOCK_BUFFER_TYPE = NONE for c0_ddr4_dq[13]. (constraint file  f:/RTDS_test_DDR4_64bit_batch_dev/RTDS_test_DDR4_64bit.srcs/sources_1/ip/rtds_ddr4_mig/rtds_ddr4_mig/rtds_ddr4_mig_in_context.xdc, line 76).
Applied set_property IO_BUFFER_TYPE = NONE for c0_ddr4_dq[14]. (constraint file  f:/RTDS_test_DDR4_64bit_batch_dev/RTDS_test_DDR4_64bit.srcs/sources_1/ip/rtds_ddr4_mig/rtds_ddr4_mig/rtds_ddr4_mig_in_context.xdc, line 77).
Applied set_property CLOCK_BUFFER_TYPE = NONE for c0_ddr4_dq[14]. (constraint file  f:/RTDS_test_DDR4_64bit_batch_dev/RTDS_test_DDR4_64bit.srcs/sources_1/ip/rtds_ddr4_mig/rtds_ddr4_mig/rtds_ddr4_mig_in_context.xdc, line 78).
Applied set_property IO_BUFFER_TYPE = NONE for c0_ddr4_dq[15]. (constraint file  f:/RTDS_test_DDR4_64bit_batch_dev/RTDS_test_DDR4_64bit.srcs/sources_1/ip/rtds_ddr4_mig/rtds_ddr4_mig/rtds_ddr4_mig_in_context.xdc, line 79).
Applied set_property CLOCK_BUFFER_TYPE = NONE for c0_ddr4_dq[15]. (constraint file  f:/RTDS_test_DDR4_64bit_batch_dev/RTDS_test_DDR4_64bit.srcs/sources_1/ip/rtds_ddr4_mig/rtds_ddr4_mig/rtds_ddr4_mig_in_context.xdc, line 80).
Applied set_property IO_BUFFER_TYPE = NONE for c0_ddr4_dq[16]. (constraint file  f:/RTDS_test_DDR4_64bit_batch_dev/RTDS_test_DDR4_64bit.srcs/sources_1/ip/rtds_ddr4_mig/rtds_ddr4_mig/rtds_ddr4_mig_in_context.xdc, line 81).
Applied set_property CLOCK_BUFFER_TYPE = NONE for c0_ddr4_dq[16]. (constraint file  f:/RTDS_test_DDR4_64bit_batch_dev/RTDS_test_DDR4_64bit.srcs/sources_1/ip/rtds_ddr4_mig/rtds_ddr4_mig/rtds_ddr4_mig_in_context.xdc, line 82).
Applied set_property IO_BUFFER_TYPE = NONE for c0_ddr4_dq[17]. (constraint file  f:/RTDS_test_DDR4_64bit_batch_dev/RTDS_test_DDR4_64bit.srcs/sources_1/ip/rtds_ddr4_mig/rtds_ddr4_mig/rtds_ddr4_mig_in_context.xdc, line 83).
Applied set_property CLOCK_BUFFER_TYPE = NONE for c0_ddr4_dq[17]. (constraint file  f:/RTDS_test_DDR4_64bit_batch_dev/RTDS_test_DDR4_64bit.srcs/sources_1/ip/rtds_ddr4_mig/rtds_ddr4_mig/rtds_ddr4_mig_in_context.xdc, line 84).
Applied set_property IO_BUFFER_TYPE = NONE for c0_ddr4_dq[18]. (constraint file  f:/RTDS_test_DDR4_64bit_batch_dev/RTDS_test_DDR4_64bit.srcs/sources_1/ip/rtds_ddr4_mig/rtds_ddr4_mig/rtds_ddr4_mig_in_context.xdc, line 85).
Applied set_property CLOCK_BUFFER_TYPE = NONE for c0_ddr4_dq[18]. (constraint file  f:/RTDS_test_DDR4_64bit_batch_dev/RTDS_test_DDR4_64bit.srcs/sources_1/ip/rtds_ddr4_mig/rtds_ddr4_mig/rtds_ddr4_mig_in_context.xdc, line 86).
Applied set_property IO_BUFFER_TYPE = NONE for c0_ddr4_dq[19]. (constraint file  f:/RTDS_test_DDR4_64bit_batch_dev/RTDS_test_DDR4_64bit.srcs/sources_1/ip/rtds_ddr4_mig/rtds_ddr4_mig/rtds_ddr4_mig_in_context.xdc, line 87).
Applied set_property CLOCK_BUFFER_TYPE = NONE for c0_ddr4_dq[19]. (constraint file  f:/RTDS_test_DDR4_64bit_batch_dev/RTDS_test_DDR4_64bit.srcs/sources_1/ip/rtds_ddr4_mig/rtds_ddr4_mig/rtds_ddr4_mig_in_context.xdc, line 88).
Applied set_property IO_BUFFER_TYPE = NONE for c0_ddr4_dq[1]. (constraint file  f:/RTDS_test_DDR4_64bit_batch_dev/RTDS_test_DDR4_64bit.srcs/sources_1/ip/rtds_ddr4_mig/rtds_ddr4_mig/rtds_ddr4_mig_in_context.xdc, line 89).
Applied set_property CLOCK_BUFFER_TYPE = NONE for c0_ddr4_dq[1]. (constraint file  f:/RTDS_test_DDR4_64bit_batch_dev/RTDS_test_DDR4_64bit.srcs/sources_1/ip/rtds_ddr4_mig/rtds_ddr4_mig/rtds_ddr4_mig_in_context.xdc, line 90).
Applied set_property IO_BUFFER_TYPE = NONE for c0_ddr4_dq[20]. (constraint file  f:/RTDS_test_DDR4_64bit_batch_dev/RTDS_test_DDR4_64bit.srcs/sources_1/ip/rtds_ddr4_mig/rtds_ddr4_mig/rtds_ddr4_mig_in_context.xdc, line 91).
Applied set_property CLOCK_BUFFER_TYPE = NONE for c0_ddr4_dq[20]. (constraint file  f:/RTDS_test_DDR4_64bit_batch_dev/RTDS_test_DDR4_64bit.srcs/sources_1/ip/rtds_ddr4_mig/rtds_ddr4_mig/rtds_ddr4_mig_in_context.xdc, line 92).
Applied set_property IO_BUFFER_TYPE = NONE for c0_ddr4_dq[21]. (constraint file  f:/RTDS_test_DDR4_64bit_batch_dev/RTDS_test_DDR4_64bit.srcs/sources_1/ip/rtds_ddr4_mig/rtds_ddr4_mig/rtds_ddr4_mig_in_context.xdc, line 93).
Applied set_property CLOCK_BUFFER_TYPE = NONE for c0_ddr4_dq[21]. (constraint file  f:/RTDS_test_DDR4_64bit_batch_dev/RTDS_test_DDR4_64bit.srcs/sources_1/ip/rtds_ddr4_mig/rtds_ddr4_mig/rtds_ddr4_mig_in_context.xdc, line 94).
Applied set_property IO_BUFFER_TYPE = NONE for c0_ddr4_dq[22]. (constraint file  f:/RTDS_test_DDR4_64bit_batch_dev/RTDS_test_DDR4_64bit.srcs/sources_1/ip/rtds_ddr4_mig/rtds_ddr4_mig/rtds_ddr4_mig_in_context.xdc, line 95).
Applied set_property CLOCK_BUFFER_TYPE = NONE for c0_ddr4_dq[22]. (constraint file  f:/RTDS_test_DDR4_64bit_batch_dev/RTDS_test_DDR4_64bit.srcs/sources_1/ip/rtds_ddr4_mig/rtds_ddr4_mig/rtds_ddr4_mig_in_context.xdc, line 96).
Applied set_property IO_BUFFER_TYPE = NONE for c0_ddr4_dq[23]. (constraint file  f:/RTDS_test_DDR4_64bit_batch_dev/RTDS_test_DDR4_64bit.srcs/sources_1/ip/rtds_ddr4_mig/rtds_ddr4_mig/rtds_ddr4_mig_in_context.xdc, line 97).
Applied set_property CLOCK_BUFFER_TYPE = NONE for c0_ddr4_dq[23]. (constraint file  f:/RTDS_test_DDR4_64bit_batch_dev/RTDS_test_DDR4_64bit.srcs/sources_1/ip/rtds_ddr4_mig/rtds_ddr4_mig/rtds_ddr4_mig_in_context.xdc, line 98).
Applied set_property IO_BUFFER_TYPE = NONE for c0_ddr4_dq[24]. (constraint file  f:/RTDS_test_DDR4_64bit_batch_dev/RTDS_test_DDR4_64bit.srcs/sources_1/ip/rtds_ddr4_mig/rtds_ddr4_mig/rtds_ddr4_mig_in_context.xdc, line 99).
Applied set_property CLOCK_BUFFER_TYPE = NONE for c0_ddr4_dq[24]. (constraint file  f:/RTDS_test_DDR4_64bit_batch_dev/RTDS_test_DDR4_64bit.srcs/sources_1/ip/rtds_ddr4_mig/rtds_ddr4_mig/rtds_ddr4_mig_in_context.xdc, line 100).
Applied set_property IO_BUFFER_TYPE = NONE for c0_ddr4_dq[25]. (constraint file  f:/RTDS_test_DDR4_64bit_batch_dev/RTDS_test_DDR4_64bit.srcs/sources_1/ip/rtds_ddr4_mig/rtds_ddr4_mig/rtds_ddr4_mig_in_context.xdc, line 101).
Applied set_property CLOCK_BUFFER_TYPE = NONE for c0_ddr4_dq[25]. (constraint file  f:/RTDS_test_DDR4_64bit_batch_dev/RTDS_test_DDR4_64bit.srcs/sources_1/ip/rtds_ddr4_mig/rtds_ddr4_mig/rtds_ddr4_mig_in_context.xdc, line 102).
Applied set_property IO_BUFFER_TYPE = NONE for c0_ddr4_dq[26]. (constraint file  f:/RTDS_test_DDR4_64bit_batch_dev/RTDS_test_DDR4_64bit.srcs/sources_1/ip/rtds_ddr4_mig/rtds_ddr4_mig/rtds_ddr4_mig_in_context.xdc, line 103).
Applied set_property CLOCK_BUFFER_TYPE = NONE for c0_ddr4_dq[26]. (constraint file  f:/RTDS_test_DDR4_64bit_batch_dev/RTDS_test_DDR4_64bit.srcs/sources_1/ip/rtds_ddr4_mig/rtds_ddr4_mig/rtds_ddr4_mig_in_context.xdc, line 104).
Applied set_property IO_BUFFER_TYPE = NONE for c0_ddr4_dq[27]. (constraint file  f:/RTDS_test_DDR4_64bit_batch_dev/RTDS_test_DDR4_64bit.srcs/sources_1/ip/rtds_ddr4_mig/rtds_ddr4_mig/rtds_ddr4_mig_in_context.xdc, line 105).
Applied set_property CLOCK_BUFFER_TYPE = NONE for c0_ddr4_dq[27]. (constraint file  f:/RTDS_test_DDR4_64bit_batch_dev/RTDS_test_DDR4_64bit.srcs/sources_1/ip/rtds_ddr4_mig/rtds_ddr4_mig/rtds_ddr4_mig_in_context.xdc, line 106).
Applied set_property IO_BUFFER_TYPE = NONE for c0_ddr4_dq[28]. (constraint file  f:/RTDS_test_DDR4_64bit_batch_dev/RTDS_test_DDR4_64bit.srcs/sources_1/ip/rtds_ddr4_mig/rtds_ddr4_mig/rtds_ddr4_mig_in_context.xdc, line 107).
Applied set_property CLOCK_BUFFER_TYPE = NONE for c0_ddr4_dq[28]. (constraint file  f:/RTDS_test_DDR4_64bit_batch_dev/RTDS_test_DDR4_64bit.srcs/sources_1/ip/rtds_ddr4_mig/rtds_ddr4_mig/rtds_ddr4_mig_in_context.xdc, line 108).
Applied set_property IO_BUFFER_TYPE = NONE for c0_ddr4_dq[29]. (constraint file  f:/RTDS_test_DDR4_64bit_batch_dev/RTDS_test_DDR4_64bit.srcs/sources_1/ip/rtds_ddr4_mig/rtds_ddr4_mig/rtds_ddr4_mig_in_context.xdc, line 109).
Applied set_property CLOCK_BUFFER_TYPE = NONE for c0_ddr4_dq[29]. (constraint file  f:/RTDS_test_DDR4_64bit_batch_dev/RTDS_test_DDR4_64bit.srcs/sources_1/ip/rtds_ddr4_mig/rtds_ddr4_mig/rtds_ddr4_mig_in_context.xdc, line 110).
Applied set_property IO_BUFFER_TYPE = NONE for c0_ddr4_dq[2]. (constraint file  f:/RTDS_test_DDR4_64bit_batch_dev/RTDS_test_DDR4_64bit.srcs/sources_1/ip/rtds_ddr4_mig/rtds_ddr4_mig/rtds_ddr4_mig_in_context.xdc, line 111).
Applied set_property CLOCK_BUFFER_TYPE = NONE for c0_ddr4_dq[2]. (constraint file  f:/RTDS_test_DDR4_64bit_batch_dev/RTDS_test_DDR4_64bit.srcs/sources_1/ip/rtds_ddr4_mig/rtds_ddr4_mig/rtds_ddr4_mig_in_context.xdc, line 112).
Applied set_property IO_BUFFER_TYPE = NONE for c0_ddr4_dq[30]. (constraint file  f:/RTDS_test_DDR4_64bit_batch_dev/RTDS_test_DDR4_64bit.srcs/sources_1/ip/rtds_ddr4_mig/rtds_ddr4_mig/rtds_ddr4_mig_in_context.xdc, line 113).
Applied set_property CLOCK_BUFFER_TYPE = NONE for c0_ddr4_dq[30]. (constraint file  f:/RTDS_test_DDR4_64bit_batch_dev/RTDS_test_DDR4_64bit.srcs/sources_1/ip/rtds_ddr4_mig/rtds_ddr4_mig/rtds_ddr4_mig_in_context.xdc, line 114).
Applied set_property IO_BUFFER_TYPE = NONE for c0_ddr4_dq[31]. (constraint file  f:/RTDS_test_DDR4_64bit_batch_dev/RTDS_test_DDR4_64bit.srcs/sources_1/ip/rtds_ddr4_mig/rtds_ddr4_mig/rtds_ddr4_mig_in_context.xdc, line 115).
Applied set_property CLOCK_BUFFER_TYPE = NONE for c0_ddr4_dq[31]. (constraint file  f:/RTDS_test_DDR4_64bit_batch_dev/RTDS_test_DDR4_64bit.srcs/sources_1/ip/rtds_ddr4_mig/rtds_ddr4_mig/rtds_ddr4_mig_in_context.xdc, line 116).
Applied set_property IO_BUFFER_TYPE = NONE for c0_ddr4_dq[32]. (constraint file  f:/RTDS_test_DDR4_64bit_batch_dev/RTDS_test_DDR4_64bit.srcs/sources_1/ip/rtds_ddr4_mig/rtds_ddr4_mig/rtds_ddr4_mig_in_context.xdc, line 117).
Applied set_property CLOCK_BUFFER_TYPE = NONE for c0_ddr4_dq[32]. (constraint file  f:/RTDS_test_DDR4_64bit_batch_dev/RTDS_test_DDR4_64bit.srcs/sources_1/ip/rtds_ddr4_mig/rtds_ddr4_mig/rtds_ddr4_mig_in_context.xdc, line 118).
Applied set_property IO_BUFFER_TYPE = NONE for c0_ddr4_dq[33]. (constraint file  f:/RTDS_test_DDR4_64bit_batch_dev/RTDS_test_DDR4_64bit.srcs/sources_1/ip/rtds_ddr4_mig/rtds_ddr4_mig/rtds_ddr4_mig_in_context.xdc, line 119).
Applied set_property CLOCK_BUFFER_TYPE = NONE for c0_ddr4_dq[33]. (constraint file  f:/RTDS_test_DDR4_64bit_batch_dev/RTDS_test_DDR4_64bit.srcs/sources_1/ip/rtds_ddr4_mig/rtds_ddr4_mig/rtds_ddr4_mig_in_context.xdc, line 120).
Applied set_property IO_BUFFER_TYPE = NONE for c0_ddr4_dq[34]. (constraint file  f:/RTDS_test_DDR4_64bit_batch_dev/RTDS_test_DDR4_64bit.srcs/sources_1/ip/rtds_ddr4_mig/rtds_ddr4_mig/rtds_ddr4_mig_in_context.xdc, line 121).
Applied set_property CLOCK_BUFFER_TYPE = NONE for c0_ddr4_dq[34]. (constraint file  f:/RTDS_test_DDR4_64bit_batch_dev/RTDS_test_DDR4_64bit.srcs/sources_1/ip/rtds_ddr4_mig/rtds_ddr4_mig/rtds_ddr4_mig_in_context.xdc, line 122).
Applied set_property IO_BUFFER_TYPE = NONE for c0_ddr4_dq[35]. (constraint file  f:/RTDS_test_DDR4_64bit_batch_dev/RTDS_test_DDR4_64bit.srcs/sources_1/ip/rtds_ddr4_mig/rtds_ddr4_mig/rtds_ddr4_mig_in_context.xdc, line 123).
Applied set_property CLOCK_BUFFER_TYPE = NONE for c0_ddr4_dq[35]. (constraint file  f:/RTDS_test_DDR4_64bit_batch_dev/RTDS_test_DDR4_64bit.srcs/sources_1/ip/rtds_ddr4_mig/rtds_ddr4_mig/rtds_ddr4_mig_in_context.xdc, line 124).
Applied set_property IO_BUFFER_TYPE = NONE for c0_ddr4_dq[36]. (constraint file  f:/RTDS_test_DDR4_64bit_batch_dev/RTDS_test_DDR4_64bit.srcs/sources_1/ip/rtds_ddr4_mig/rtds_ddr4_mig/rtds_ddr4_mig_in_context.xdc, line 125).
Applied set_property CLOCK_BUFFER_TYPE = NONE for c0_ddr4_dq[36]. (constraint file  f:/RTDS_test_DDR4_64bit_batch_dev/RTDS_test_DDR4_64bit.srcs/sources_1/ip/rtds_ddr4_mig/rtds_ddr4_mig/rtds_ddr4_mig_in_context.xdc, line 126).
Applied set_property IO_BUFFER_TYPE = NONE for c0_ddr4_dq[37]. (constraint file  f:/RTDS_test_DDR4_64bit_batch_dev/RTDS_test_DDR4_64bit.srcs/sources_1/ip/rtds_ddr4_mig/rtds_ddr4_mig/rtds_ddr4_mig_in_context.xdc, line 127).
Applied set_property CLOCK_BUFFER_TYPE = NONE for c0_ddr4_dq[37]. (constraint file  f:/RTDS_test_DDR4_64bit_batch_dev/RTDS_test_DDR4_64bit.srcs/sources_1/ip/rtds_ddr4_mig/rtds_ddr4_mig/rtds_ddr4_mig_in_context.xdc, line 128).
Applied set_property IO_BUFFER_TYPE = NONE for c0_ddr4_dq[38]. (constraint file  f:/RTDS_test_DDR4_64bit_batch_dev/RTDS_test_DDR4_64bit.srcs/sources_1/ip/rtds_ddr4_mig/rtds_ddr4_mig/rtds_ddr4_mig_in_context.xdc, line 129).
Applied set_property CLOCK_BUFFER_TYPE = NONE for c0_ddr4_dq[38]. (constraint file  f:/RTDS_test_DDR4_64bit_batch_dev/RTDS_test_DDR4_64bit.srcs/sources_1/ip/rtds_ddr4_mig/rtds_ddr4_mig/rtds_ddr4_mig_in_context.xdc, line 130).
Applied set_property IO_BUFFER_TYPE = NONE for c0_ddr4_dq[39]. (constraint file  f:/RTDS_test_DDR4_64bit_batch_dev/RTDS_test_DDR4_64bit.srcs/sources_1/ip/rtds_ddr4_mig/rtds_ddr4_mig/rtds_ddr4_mig_in_context.xdc, line 131).
Applied set_property CLOCK_BUFFER_TYPE = NONE for c0_ddr4_dq[39]. (constraint file  f:/RTDS_test_DDR4_64bit_batch_dev/RTDS_test_DDR4_64bit.srcs/sources_1/ip/rtds_ddr4_mig/rtds_ddr4_mig/rtds_ddr4_mig_in_context.xdc, line 132).
Applied set_property IO_BUFFER_TYPE = NONE for c0_ddr4_dq[3]. (constraint file  f:/RTDS_test_DDR4_64bit_batch_dev/RTDS_test_DDR4_64bit.srcs/sources_1/ip/rtds_ddr4_mig/rtds_ddr4_mig/rtds_ddr4_mig_in_context.xdc, line 133).
Applied set_property CLOCK_BUFFER_TYPE = NONE for c0_ddr4_dq[3]. (constraint file  f:/RTDS_test_DDR4_64bit_batch_dev/RTDS_test_DDR4_64bit.srcs/sources_1/ip/rtds_ddr4_mig/rtds_ddr4_mig/rtds_ddr4_mig_in_context.xdc, line 134).
Applied set_property IO_BUFFER_TYPE = NONE for c0_ddr4_dq[40]. (constraint file  f:/RTDS_test_DDR4_64bit_batch_dev/RTDS_test_DDR4_64bit.srcs/sources_1/ip/rtds_ddr4_mig/rtds_ddr4_mig/rtds_ddr4_mig_in_context.xdc, line 135).
Applied set_property CLOCK_BUFFER_TYPE = NONE for c0_ddr4_dq[40]. (constraint file  f:/RTDS_test_DDR4_64bit_batch_dev/RTDS_test_DDR4_64bit.srcs/sources_1/ip/rtds_ddr4_mig/rtds_ddr4_mig/rtds_ddr4_mig_in_context.xdc, line 136).
Applied set_property IO_BUFFER_TYPE = NONE for c0_ddr4_dq[41]. (constraint file  f:/RTDS_test_DDR4_64bit_batch_dev/RTDS_test_DDR4_64bit.srcs/sources_1/ip/rtds_ddr4_mig/rtds_ddr4_mig/rtds_ddr4_mig_in_context.xdc, line 137).
Applied set_property CLOCK_BUFFER_TYPE = NONE for c0_ddr4_dq[41]. (constraint file  f:/RTDS_test_DDR4_64bit_batch_dev/RTDS_test_DDR4_64bit.srcs/sources_1/ip/rtds_ddr4_mig/rtds_ddr4_mig/rtds_ddr4_mig_in_context.xdc, line 138).
Applied set_property IO_BUFFER_TYPE = NONE for c0_ddr4_dq[42]. (constraint file  f:/RTDS_test_DDR4_64bit_batch_dev/RTDS_test_DDR4_64bit.srcs/sources_1/ip/rtds_ddr4_mig/rtds_ddr4_mig/rtds_ddr4_mig_in_context.xdc, line 139).
Applied set_property CLOCK_BUFFER_TYPE = NONE for c0_ddr4_dq[42]. (constraint file  f:/RTDS_test_DDR4_64bit_batch_dev/RTDS_test_DDR4_64bit.srcs/sources_1/ip/rtds_ddr4_mig/rtds_ddr4_mig/rtds_ddr4_mig_in_context.xdc, line 140).
Applied set_property IO_BUFFER_TYPE = NONE for c0_ddr4_dq[43]. (constraint file  f:/RTDS_test_DDR4_64bit_batch_dev/RTDS_test_DDR4_64bit.srcs/sources_1/ip/rtds_ddr4_mig/rtds_ddr4_mig/rtds_ddr4_mig_in_context.xdc, line 141).
Applied set_property CLOCK_BUFFER_TYPE = NONE for c0_ddr4_dq[43]. (constraint file  f:/RTDS_test_DDR4_64bit_batch_dev/RTDS_test_DDR4_64bit.srcs/sources_1/ip/rtds_ddr4_mig/rtds_ddr4_mig/rtds_ddr4_mig_in_context.xdc, line 142).
Applied set_property IO_BUFFER_TYPE = NONE for c0_ddr4_dq[44]. (constraint file  f:/RTDS_test_DDR4_64bit_batch_dev/RTDS_test_DDR4_64bit.srcs/sources_1/ip/rtds_ddr4_mig/rtds_ddr4_mig/rtds_ddr4_mig_in_context.xdc, line 143).
Applied set_property CLOCK_BUFFER_TYPE = NONE for c0_ddr4_dq[44]. (constraint file  f:/RTDS_test_DDR4_64bit_batch_dev/RTDS_test_DDR4_64bit.srcs/sources_1/ip/rtds_ddr4_mig/rtds_ddr4_mig/rtds_ddr4_mig_in_context.xdc, line 144).
Applied set_property IO_BUFFER_TYPE = NONE for c0_ddr4_dq[45]. (constraint file  f:/RTDS_test_DDR4_64bit_batch_dev/RTDS_test_DDR4_64bit.srcs/sources_1/ip/rtds_ddr4_mig/rtds_ddr4_mig/rtds_ddr4_mig_in_context.xdc, line 145).
Applied set_property CLOCK_BUFFER_TYPE = NONE for c0_ddr4_dq[45]. (constraint file  f:/RTDS_test_DDR4_64bit_batch_dev/RTDS_test_DDR4_64bit.srcs/sources_1/ip/rtds_ddr4_mig/rtds_ddr4_mig/rtds_ddr4_mig_in_context.xdc, line 146).
Applied set_property IO_BUFFER_TYPE = NONE for c0_ddr4_dq[46]. (constraint file  f:/RTDS_test_DDR4_64bit_batch_dev/RTDS_test_DDR4_64bit.srcs/sources_1/ip/rtds_ddr4_mig/rtds_ddr4_mig/rtds_ddr4_mig_in_context.xdc, line 147).
Applied set_property CLOCK_BUFFER_TYPE = NONE for c0_ddr4_dq[46]. (constraint file  f:/RTDS_test_DDR4_64bit_batch_dev/RTDS_test_DDR4_64bit.srcs/sources_1/ip/rtds_ddr4_mig/rtds_ddr4_mig/rtds_ddr4_mig_in_context.xdc, line 148).
Applied set_property IO_BUFFER_TYPE = NONE for c0_ddr4_dq[47]. (constraint file  f:/RTDS_test_DDR4_64bit_batch_dev/RTDS_test_DDR4_64bit.srcs/sources_1/ip/rtds_ddr4_mig/rtds_ddr4_mig/rtds_ddr4_mig_in_context.xdc, line 149).
Applied set_property CLOCK_BUFFER_TYPE = NONE for c0_ddr4_dq[47]. (constraint file  f:/RTDS_test_DDR4_64bit_batch_dev/RTDS_test_DDR4_64bit.srcs/sources_1/ip/rtds_ddr4_mig/rtds_ddr4_mig/rtds_ddr4_mig_in_context.xdc, line 150).
Applied set_property IO_BUFFER_TYPE = NONE for c0_ddr4_dq[48]. (constraint file  f:/RTDS_test_DDR4_64bit_batch_dev/RTDS_test_DDR4_64bit.srcs/sources_1/ip/rtds_ddr4_mig/rtds_ddr4_mig/rtds_ddr4_mig_in_context.xdc, line 151).
Applied set_property CLOCK_BUFFER_TYPE = NONE for c0_ddr4_dq[48]. (constraint file  f:/RTDS_test_DDR4_64bit_batch_dev/RTDS_test_DDR4_64bit.srcs/sources_1/ip/rtds_ddr4_mig/rtds_ddr4_mig/rtds_ddr4_mig_in_context.xdc, line 152).
Applied set_property IO_BUFFER_TYPE = NONE for c0_ddr4_dq[49]. (constraint file  f:/RTDS_test_DDR4_64bit_batch_dev/RTDS_test_DDR4_64bit.srcs/sources_1/ip/rtds_ddr4_mig/rtds_ddr4_mig/rtds_ddr4_mig_in_context.xdc, line 153).
Applied set_property CLOCK_BUFFER_TYPE = NONE for c0_ddr4_dq[49]. (constraint file  f:/RTDS_test_DDR4_64bit_batch_dev/RTDS_test_DDR4_64bit.srcs/sources_1/ip/rtds_ddr4_mig/rtds_ddr4_mig/rtds_ddr4_mig_in_context.xdc, line 154).
Applied set_property IO_BUFFER_TYPE = NONE for c0_ddr4_dq[4]. (constraint file  f:/RTDS_test_DDR4_64bit_batch_dev/RTDS_test_DDR4_64bit.srcs/sources_1/ip/rtds_ddr4_mig/rtds_ddr4_mig/rtds_ddr4_mig_in_context.xdc, line 155).
Applied set_property CLOCK_BUFFER_TYPE = NONE for c0_ddr4_dq[4]. (constraint file  f:/RTDS_test_DDR4_64bit_batch_dev/RTDS_test_DDR4_64bit.srcs/sources_1/ip/rtds_ddr4_mig/rtds_ddr4_mig/rtds_ddr4_mig_in_context.xdc, line 156).
Applied set_property IO_BUFFER_TYPE = NONE for c0_ddr4_dq[50]. (constraint file  f:/RTDS_test_DDR4_64bit_batch_dev/RTDS_test_DDR4_64bit.srcs/sources_1/ip/rtds_ddr4_mig/rtds_ddr4_mig/rtds_ddr4_mig_in_context.xdc, line 157).
Applied set_property CLOCK_BUFFER_TYPE = NONE for c0_ddr4_dq[50]. (constraint file  f:/RTDS_test_DDR4_64bit_batch_dev/RTDS_test_DDR4_64bit.srcs/sources_1/ip/rtds_ddr4_mig/rtds_ddr4_mig/rtds_ddr4_mig_in_context.xdc, line 158).
Applied set_property IO_BUFFER_TYPE = NONE for c0_ddr4_dq[51]. (constraint file  f:/RTDS_test_DDR4_64bit_batch_dev/RTDS_test_DDR4_64bit.srcs/sources_1/ip/rtds_ddr4_mig/rtds_ddr4_mig/rtds_ddr4_mig_in_context.xdc, line 159).
Applied set_property CLOCK_BUFFER_TYPE = NONE for c0_ddr4_dq[51]. (constraint file  f:/RTDS_test_DDR4_64bit_batch_dev/RTDS_test_DDR4_64bit.srcs/sources_1/ip/rtds_ddr4_mig/rtds_ddr4_mig/rtds_ddr4_mig_in_context.xdc, line 160).
Applied set_property IO_BUFFER_TYPE = NONE for c0_ddr4_dq[52]. (constraint file  f:/RTDS_test_DDR4_64bit_batch_dev/RTDS_test_DDR4_64bit.srcs/sources_1/ip/rtds_ddr4_mig/rtds_ddr4_mig/rtds_ddr4_mig_in_context.xdc, line 161).
Applied set_property CLOCK_BUFFER_TYPE = NONE for c0_ddr4_dq[52]. (constraint file  f:/RTDS_test_DDR4_64bit_batch_dev/RTDS_test_DDR4_64bit.srcs/sources_1/ip/rtds_ddr4_mig/rtds_ddr4_mig/rtds_ddr4_mig_in_context.xdc, line 162).
Applied set_property IO_BUFFER_TYPE = NONE for c0_ddr4_dq[53]. (constraint file  f:/RTDS_test_DDR4_64bit_batch_dev/RTDS_test_DDR4_64bit.srcs/sources_1/ip/rtds_ddr4_mig/rtds_ddr4_mig/rtds_ddr4_mig_in_context.xdc, line 163).
Applied set_property CLOCK_BUFFER_TYPE = NONE for c0_ddr4_dq[53]. (constraint file  f:/RTDS_test_DDR4_64bit_batch_dev/RTDS_test_DDR4_64bit.srcs/sources_1/ip/rtds_ddr4_mig/rtds_ddr4_mig/rtds_ddr4_mig_in_context.xdc, line 164).
Applied set_property IO_BUFFER_TYPE = NONE for c0_ddr4_dq[54]. (constraint file  f:/RTDS_test_DDR4_64bit_batch_dev/RTDS_test_DDR4_64bit.srcs/sources_1/ip/rtds_ddr4_mig/rtds_ddr4_mig/rtds_ddr4_mig_in_context.xdc, line 165).
Applied set_property CLOCK_BUFFER_TYPE = NONE for c0_ddr4_dq[54]. (constraint file  f:/RTDS_test_DDR4_64bit_batch_dev/RTDS_test_DDR4_64bit.srcs/sources_1/ip/rtds_ddr4_mig/rtds_ddr4_mig/rtds_ddr4_mig_in_context.xdc, line 166).
Applied set_property IO_BUFFER_TYPE = NONE for c0_ddr4_dq[55]. (constraint file  f:/RTDS_test_DDR4_64bit_batch_dev/RTDS_test_DDR4_64bit.srcs/sources_1/ip/rtds_ddr4_mig/rtds_ddr4_mig/rtds_ddr4_mig_in_context.xdc, line 167).
Applied set_property CLOCK_BUFFER_TYPE = NONE for c0_ddr4_dq[55]. (constraint file  f:/RTDS_test_DDR4_64bit_batch_dev/RTDS_test_DDR4_64bit.srcs/sources_1/ip/rtds_ddr4_mig/rtds_ddr4_mig/rtds_ddr4_mig_in_context.xdc, line 168).
Applied set_property IO_BUFFER_TYPE = NONE for c0_ddr4_dq[56]. (constraint file  f:/RTDS_test_DDR4_64bit_batch_dev/RTDS_test_DDR4_64bit.srcs/sources_1/ip/rtds_ddr4_mig/rtds_ddr4_mig/rtds_ddr4_mig_in_context.xdc, line 169).
Applied set_property CLOCK_BUFFER_TYPE = NONE for c0_ddr4_dq[56]. (constraint file  f:/RTDS_test_DDR4_64bit_batch_dev/RTDS_test_DDR4_64bit.srcs/sources_1/ip/rtds_ddr4_mig/rtds_ddr4_mig/rtds_ddr4_mig_in_context.xdc, line 170).
Applied set_property IO_BUFFER_TYPE = NONE for c0_ddr4_dq[57]. (constraint file  f:/RTDS_test_DDR4_64bit_batch_dev/RTDS_test_DDR4_64bit.srcs/sources_1/ip/rtds_ddr4_mig/rtds_ddr4_mig/rtds_ddr4_mig_in_context.xdc, line 171).
Applied set_property CLOCK_BUFFER_TYPE = NONE for c0_ddr4_dq[57]. (constraint file  f:/RTDS_test_DDR4_64bit_batch_dev/RTDS_test_DDR4_64bit.srcs/sources_1/ip/rtds_ddr4_mig/rtds_ddr4_mig/rtds_ddr4_mig_in_context.xdc, line 172).
Applied set_property IO_BUFFER_TYPE = NONE for c0_ddr4_dq[58]. (constraint file  f:/RTDS_test_DDR4_64bit_batch_dev/RTDS_test_DDR4_64bit.srcs/sources_1/ip/rtds_ddr4_mig/rtds_ddr4_mig/rtds_ddr4_mig_in_context.xdc, line 173).
Applied set_property CLOCK_BUFFER_TYPE = NONE for c0_ddr4_dq[58]. (constraint file  f:/RTDS_test_DDR4_64bit_batch_dev/RTDS_test_DDR4_64bit.srcs/sources_1/ip/rtds_ddr4_mig/rtds_ddr4_mig/rtds_ddr4_mig_in_context.xdc, line 174).
Applied set_property IO_BUFFER_TYPE = NONE for c0_ddr4_dq[59]. (constraint file  f:/RTDS_test_DDR4_64bit_batch_dev/RTDS_test_DDR4_64bit.srcs/sources_1/ip/rtds_ddr4_mig/rtds_ddr4_mig/rtds_ddr4_mig_in_context.xdc, line 175).
Applied set_property CLOCK_BUFFER_TYPE = NONE for c0_ddr4_dq[59]. (constraint file  f:/RTDS_test_DDR4_64bit_batch_dev/RTDS_test_DDR4_64bit.srcs/sources_1/ip/rtds_ddr4_mig/rtds_ddr4_mig/rtds_ddr4_mig_in_context.xdc, line 176).
Applied set_property IO_BUFFER_TYPE = NONE for c0_ddr4_dq[5]. (constraint file  f:/RTDS_test_DDR4_64bit_batch_dev/RTDS_test_DDR4_64bit.srcs/sources_1/ip/rtds_ddr4_mig/rtds_ddr4_mig/rtds_ddr4_mig_in_context.xdc, line 177).
Applied set_property CLOCK_BUFFER_TYPE = NONE for c0_ddr4_dq[5]. (constraint file  f:/RTDS_test_DDR4_64bit_batch_dev/RTDS_test_DDR4_64bit.srcs/sources_1/ip/rtds_ddr4_mig/rtds_ddr4_mig/rtds_ddr4_mig_in_context.xdc, line 178).
Applied set_property IO_BUFFER_TYPE = NONE for c0_ddr4_dq[60]. (constraint file  f:/RTDS_test_DDR4_64bit_batch_dev/RTDS_test_DDR4_64bit.srcs/sources_1/ip/rtds_ddr4_mig/rtds_ddr4_mig/rtds_ddr4_mig_in_context.xdc, line 179).
Applied set_property CLOCK_BUFFER_TYPE = NONE for c0_ddr4_dq[60]. (constraint file  f:/RTDS_test_DDR4_64bit_batch_dev/RTDS_test_DDR4_64bit.srcs/sources_1/ip/rtds_ddr4_mig/rtds_ddr4_mig/rtds_ddr4_mig_in_context.xdc, line 180).
Applied set_property IO_BUFFER_TYPE = NONE for c0_ddr4_dq[61]. (constraint file  f:/RTDS_test_DDR4_64bit_batch_dev/RTDS_test_DDR4_64bit.srcs/sources_1/ip/rtds_ddr4_mig/rtds_ddr4_mig/rtds_ddr4_mig_in_context.xdc, line 181).
Applied set_property CLOCK_BUFFER_TYPE = NONE for c0_ddr4_dq[61]. (constraint file  f:/RTDS_test_DDR4_64bit_batch_dev/RTDS_test_DDR4_64bit.srcs/sources_1/ip/rtds_ddr4_mig/rtds_ddr4_mig/rtds_ddr4_mig_in_context.xdc, line 182).
Applied set_property IO_BUFFER_TYPE = NONE for c0_ddr4_dq[62]. (constraint file  f:/RTDS_test_DDR4_64bit_batch_dev/RTDS_test_DDR4_64bit.srcs/sources_1/ip/rtds_ddr4_mig/rtds_ddr4_mig/rtds_ddr4_mig_in_context.xdc, line 183).
Applied set_property CLOCK_BUFFER_TYPE = NONE for c0_ddr4_dq[62]. (constraint file  f:/RTDS_test_DDR4_64bit_batch_dev/RTDS_test_DDR4_64bit.srcs/sources_1/ip/rtds_ddr4_mig/rtds_ddr4_mig/rtds_ddr4_mig_in_context.xdc, line 184).
Applied set_property IO_BUFFER_TYPE = NONE for c0_ddr4_dq[63]. (constraint file  f:/RTDS_test_DDR4_64bit_batch_dev/RTDS_test_DDR4_64bit.srcs/sources_1/ip/rtds_ddr4_mig/rtds_ddr4_mig/rtds_ddr4_mig_in_context.xdc, line 185).
Applied set_property CLOCK_BUFFER_TYPE = NONE for c0_ddr4_dq[63]. (constraint file  f:/RTDS_test_DDR4_64bit_batch_dev/RTDS_test_DDR4_64bit.srcs/sources_1/ip/rtds_ddr4_mig/rtds_ddr4_mig/rtds_ddr4_mig_in_context.xdc, line 186).
Applied set_property IO_BUFFER_TYPE = NONE for c0_ddr4_dq[6]. (constraint file  f:/RTDS_test_DDR4_64bit_batch_dev/RTDS_test_DDR4_64bit.srcs/sources_1/ip/rtds_ddr4_mig/rtds_ddr4_mig/rtds_ddr4_mig_in_context.xdc, line 187).
Applied set_property CLOCK_BUFFER_TYPE = NONE for c0_ddr4_dq[6]. (constraint file  f:/RTDS_test_DDR4_64bit_batch_dev/RTDS_test_DDR4_64bit.srcs/sources_1/ip/rtds_ddr4_mig/rtds_ddr4_mig/rtds_ddr4_mig_in_context.xdc, line 188).
Applied set_property IO_BUFFER_TYPE = NONE for c0_ddr4_dq[7]. (constraint file  f:/RTDS_test_DDR4_64bit_batch_dev/RTDS_test_DDR4_64bit.srcs/sources_1/ip/rtds_ddr4_mig/rtds_ddr4_mig/rtds_ddr4_mig_in_context.xdc, line 189).
Applied set_property CLOCK_BUFFER_TYPE = NONE for c0_ddr4_dq[7]. (constraint file  f:/RTDS_test_DDR4_64bit_batch_dev/RTDS_test_DDR4_64bit.srcs/sources_1/ip/rtds_ddr4_mig/rtds_ddr4_mig/rtds_ddr4_mig_in_context.xdc, line 190).
Applied set_property IO_BUFFER_TYPE = NONE for c0_ddr4_dq[8]. (constraint file  f:/RTDS_test_DDR4_64bit_batch_dev/RTDS_test_DDR4_64bit.srcs/sources_1/ip/rtds_ddr4_mig/rtds_ddr4_mig/rtds_ddr4_mig_in_context.xdc, line 191).
Applied set_property CLOCK_BUFFER_TYPE = NONE for c0_ddr4_dq[8]. (constraint file  f:/RTDS_test_DDR4_64bit_batch_dev/RTDS_test_DDR4_64bit.srcs/sources_1/ip/rtds_ddr4_mig/rtds_ddr4_mig/rtds_ddr4_mig_in_context.xdc, line 192).
Applied set_property IO_BUFFER_TYPE = NONE for c0_ddr4_dq[9]. (constraint file  f:/RTDS_test_DDR4_64bit_batch_dev/RTDS_test_DDR4_64bit.srcs/sources_1/ip/rtds_ddr4_mig/rtds_ddr4_mig/rtds_ddr4_mig_in_context.xdc, line 193).
Applied set_property CLOCK_BUFFER_TYPE = NONE for c0_ddr4_dq[9]. (constraint file  f:/RTDS_test_DDR4_64bit_batch_dev/RTDS_test_DDR4_64bit.srcs/sources_1/ip/rtds_ddr4_mig/rtds_ddr4_mig/rtds_ddr4_mig_in_context.xdc, line 194).
Applied set_property IO_BUFFER_TYPE = NONE for c0_ddr4_dqs_c[0]. (constraint file  f:/RTDS_test_DDR4_64bit_batch_dev/RTDS_test_DDR4_64bit.srcs/sources_1/ip/rtds_ddr4_mig/rtds_ddr4_mig/rtds_ddr4_mig_in_context.xdc, line 195).
Applied set_property CLOCK_BUFFER_TYPE = NONE for c0_ddr4_dqs_c[0]. (constraint file  f:/RTDS_test_DDR4_64bit_batch_dev/RTDS_test_DDR4_64bit.srcs/sources_1/ip/rtds_ddr4_mig/rtds_ddr4_mig/rtds_ddr4_mig_in_context.xdc, line 196).
Applied set_property IO_BUFFER_TYPE = NONE for c0_ddr4_dqs_c[1]. (constraint file  f:/RTDS_test_DDR4_64bit_batch_dev/RTDS_test_DDR4_64bit.srcs/sources_1/ip/rtds_ddr4_mig/rtds_ddr4_mig/rtds_ddr4_mig_in_context.xdc, line 197).
Applied set_property CLOCK_BUFFER_TYPE = NONE for c0_ddr4_dqs_c[1]. (constraint file  f:/RTDS_test_DDR4_64bit_batch_dev/RTDS_test_DDR4_64bit.srcs/sources_1/ip/rtds_ddr4_mig/rtds_ddr4_mig/rtds_ddr4_mig_in_context.xdc, line 198).
Applied set_property IO_BUFFER_TYPE = NONE for c0_ddr4_dqs_c[2]. (constraint file  f:/RTDS_test_DDR4_64bit_batch_dev/RTDS_test_DDR4_64bit.srcs/sources_1/ip/rtds_ddr4_mig/rtds_ddr4_mig/rtds_ddr4_mig_in_context.xdc, line 199).
Applied set_property CLOCK_BUFFER_TYPE = NONE for c0_ddr4_dqs_c[2]. (constraint file  f:/RTDS_test_DDR4_64bit_batch_dev/RTDS_test_DDR4_64bit.srcs/sources_1/ip/rtds_ddr4_mig/rtds_ddr4_mig/rtds_ddr4_mig_in_context.xdc, line 200).
Applied set_property IO_BUFFER_TYPE = NONE for c0_ddr4_dqs_c[3]. (constraint file  f:/RTDS_test_DDR4_64bit_batch_dev/RTDS_test_DDR4_64bit.srcs/sources_1/ip/rtds_ddr4_mig/rtds_ddr4_mig/rtds_ddr4_mig_in_context.xdc, line 201).
Applied set_property CLOCK_BUFFER_TYPE = NONE for c0_ddr4_dqs_c[3]. (constraint file  f:/RTDS_test_DDR4_64bit_batch_dev/RTDS_test_DDR4_64bit.srcs/sources_1/ip/rtds_ddr4_mig/rtds_ddr4_mig/rtds_ddr4_mig_in_context.xdc, line 202).
Applied set_property IO_BUFFER_TYPE = NONE for c0_ddr4_dqs_c[4]. (constraint file  f:/RTDS_test_DDR4_64bit_batch_dev/RTDS_test_DDR4_64bit.srcs/sources_1/ip/rtds_ddr4_mig/rtds_ddr4_mig/rtds_ddr4_mig_in_context.xdc, line 203).
Applied set_property CLOCK_BUFFER_TYPE = NONE for c0_ddr4_dqs_c[4]. (constraint file  f:/RTDS_test_DDR4_64bit_batch_dev/RTDS_test_DDR4_64bit.srcs/sources_1/ip/rtds_ddr4_mig/rtds_ddr4_mig/rtds_ddr4_mig_in_context.xdc, line 204).
Applied set_property IO_BUFFER_TYPE = NONE for c0_ddr4_dqs_c[5]. (constraint file  f:/RTDS_test_DDR4_64bit_batch_dev/RTDS_test_DDR4_64bit.srcs/sources_1/ip/rtds_ddr4_mig/rtds_ddr4_mig/rtds_ddr4_mig_in_context.xdc, line 205).
Applied set_property CLOCK_BUFFER_TYPE = NONE for c0_ddr4_dqs_c[5]. (constraint file  f:/RTDS_test_DDR4_64bit_batch_dev/RTDS_test_DDR4_64bit.srcs/sources_1/ip/rtds_ddr4_mig/rtds_ddr4_mig/rtds_ddr4_mig_in_context.xdc, line 206).
Applied set_property IO_BUFFER_TYPE = NONE for c0_ddr4_dqs_c[6]. (constraint file  f:/RTDS_test_DDR4_64bit_batch_dev/RTDS_test_DDR4_64bit.srcs/sources_1/ip/rtds_ddr4_mig/rtds_ddr4_mig/rtds_ddr4_mig_in_context.xdc, line 207).
Applied set_property CLOCK_BUFFER_TYPE = NONE for c0_ddr4_dqs_c[6]. (constraint file  f:/RTDS_test_DDR4_64bit_batch_dev/RTDS_test_DDR4_64bit.srcs/sources_1/ip/rtds_ddr4_mig/rtds_ddr4_mig/rtds_ddr4_mig_in_context.xdc, line 208).
Applied set_property IO_BUFFER_TYPE = NONE for c0_ddr4_dqs_c[7]. (constraint file  f:/RTDS_test_DDR4_64bit_batch_dev/RTDS_test_DDR4_64bit.srcs/sources_1/ip/rtds_ddr4_mig/rtds_ddr4_mig/rtds_ddr4_mig_in_context.xdc, line 209).
Applied set_property CLOCK_BUFFER_TYPE = NONE for c0_ddr4_dqs_c[7]. (constraint file  f:/RTDS_test_DDR4_64bit_batch_dev/RTDS_test_DDR4_64bit.srcs/sources_1/ip/rtds_ddr4_mig/rtds_ddr4_mig/rtds_ddr4_mig_in_context.xdc, line 210).
Applied set_property IO_BUFFER_TYPE = NONE for c0_ddr4_dqs_t[0]. (constraint file  f:/RTDS_test_DDR4_64bit_batch_dev/RTDS_test_DDR4_64bit.srcs/sources_1/ip/rtds_ddr4_mig/rtds_ddr4_mig/rtds_ddr4_mig_in_context.xdc, line 211).
Applied set_property CLOCK_BUFFER_TYPE = NONE for c0_ddr4_dqs_t[0]. (constraint file  f:/RTDS_test_DDR4_64bit_batch_dev/RTDS_test_DDR4_64bit.srcs/sources_1/ip/rtds_ddr4_mig/rtds_ddr4_mig/rtds_ddr4_mig_in_context.xdc, line 212).
Applied set_property IO_BUFFER_TYPE = NONE for c0_ddr4_dqs_t[1]. (constraint file  f:/RTDS_test_DDR4_64bit_batch_dev/RTDS_test_DDR4_64bit.srcs/sources_1/ip/rtds_ddr4_mig/rtds_ddr4_mig/rtds_ddr4_mig_in_context.xdc, line 213).
Applied set_property CLOCK_BUFFER_TYPE = NONE for c0_ddr4_dqs_t[1]. (constraint file  f:/RTDS_test_DDR4_64bit_batch_dev/RTDS_test_DDR4_64bit.srcs/sources_1/ip/rtds_ddr4_mig/rtds_ddr4_mig/rtds_ddr4_mig_in_context.xdc, line 214).
Applied set_property IO_BUFFER_TYPE = NONE for c0_ddr4_dqs_t[2]. (constraint file  f:/RTDS_test_DDR4_64bit_batch_dev/RTDS_test_DDR4_64bit.srcs/sources_1/ip/rtds_ddr4_mig/rtds_ddr4_mig/rtds_ddr4_mig_in_context.xdc, line 215).
Applied set_property CLOCK_BUFFER_TYPE = NONE for c0_ddr4_dqs_t[2]. (constraint file  f:/RTDS_test_DDR4_64bit_batch_dev/RTDS_test_DDR4_64bit.srcs/sources_1/ip/rtds_ddr4_mig/rtds_ddr4_mig/rtds_ddr4_mig_in_context.xdc, line 216).
Applied set_property IO_BUFFER_TYPE = NONE for c0_ddr4_dqs_t[3]. (constraint file  f:/RTDS_test_DDR4_64bit_batch_dev/RTDS_test_DDR4_64bit.srcs/sources_1/ip/rtds_ddr4_mig/rtds_ddr4_mig/rtds_ddr4_mig_in_context.xdc, line 217).
Applied set_property CLOCK_BUFFER_TYPE = NONE for c0_ddr4_dqs_t[3]. (constraint file  f:/RTDS_test_DDR4_64bit_batch_dev/RTDS_test_DDR4_64bit.srcs/sources_1/ip/rtds_ddr4_mig/rtds_ddr4_mig/rtds_ddr4_mig_in_context.xdc, line 218).
Applied set_property IO_BUFFER_TYPE = NONE for c0_ddr4_dqs_t[4]. (constraint file  f:/RTDS_test_DDR4_64bit_batch_dev/RTDS_test_DDR4_64bit.srcs/sources_1/ip/rtds_ddr4_mig/rtds_ddr4_mig/rtds_ddr4_mig_in_context.xdc, line 219).
Applied set_property CLOCK_BUFFER_TYPE = NONE for c0_ddr4_dqs_t[4]. (constraint file  f:/RTDS_test_DDR4_64bit_batch_dev/RTDS_test_DDR4_64bit.srcs/sources_1/ip/rtds_ddr4_mig/rtds_ddr4_mig/rtds_ddr4_mig_in_context.xdc, line 220).
Applied set_property IO_BUFFER_TYPE = NONE for c0_ddr4_dqs_t[5]. (constraint file  f:/RTDS_test_DDR4_64bit_batch_dev/RTDS_test_DDR4_64bit.srcs/sources_1/ip/rtds_ddr4_mig/rtds_ddr4_mig/rtds_ddr4_mig_in_context.xdc, line 221).
Applied set_property CLOCK_BUFFER_TYPE = NONE for c0_ddr4_dqs_t[5]. (constraint file  f:/RTDS_test_DDR4_64bit_batch_dev/RTDS_test_DDR4_64bit.srcs/sources_1/ip/rtds_ddr4_mig/rtds_ddr4_mig/rtds_ddr4_mig_in_context.xdc, line 222).
Applied set_property IO_BUFFER_TYPE = NONE for c0_ddr4_dqs_t[6]. (constraint file  f:/RTDS_test_DDR4_64bit_batch_dev/RTDS_test_DDR4_64bit.srcs/sources_1/ip/rtds_ddr4_mig/rtds_ddr4_mig/rtds_ddr4_mig_in_context.xdc, line 223).
Applied set_property CLOCK_BUFFER_TYPE = NONE for c0_ddr4_dqs_t[6]. (constraint file  f:/RTDS_test_DDR4_64bit_batch_dev/RTDS_test_DDR4_64bit.srcs/sources_1/ip/rtds_ddr4_mig/rtds_ddr4_mig/rtds_ddr4_mig_in_context.xdc, line 224).
Applied set_property IO_BUFFER_TYPE = NONE for c0_ddr4_dqs_t[7]. (constraint file  f:/RTDS_test_DDR4_64bit_batch_dev/RTDS_test_DDR4_64bit.srcs/sources_1/ip/rtds_ddr4_mig/rtds_ddr4_mig/rtds_ddr4_mig_in_context.xdc, line 225).
Applied set_property CLOCK_BUFFER_TYPE = NONE for c0_ddr4_dqs_t[7]. (constraint file  f:/RTDS_test_DDR4_64bit_batch_dev/RTDS_test_DDR4_64bit.srcs/sources_1/ip/rtds_ddr4_mig/rtds_ddr4_mig/rtds_ddr4_mig_in_context.xdc, line 226).
Applied set_property IO_BUFFER_TYPE = NONE for c0_ddr4_odt[0]. (constraint file  f:/RTDS_test_DDR4_64bit_batch_dev/RTDS_test_DDR4_64bit.srcs/sources_1/ip/rtds_ddr4_mig/rtds_ddr4_mig/rtds_ddr4_mig_in_context.xdc, line 227).
Applied set_property CLOCK_BUFFER_TYPE = NONE for c0_ddr4_odt[0]. (constraint file  f:/RTDS_test_DDR4_64bit_batch_dev/RTDS_test_DDR4_64bit.srcs/sources_1/ip/rtds_ddr4_mig/rtds_ddr4_mig/rtds_ddr4_mig_in_context.xdc, line 228).
Applied set_property IO_BUFFER_TYPE = NONE for c0_ddr4_reset_n. (constraint file  f:/RTDS_test_DDR4_64bit_batch_dev/RTDS_test_DDR4_64bit.srcs/sources_1/ip/rtds_ddr4_mig/rtds_ddr4_mig/rtds_ddr4_mig_in_context.xdc, line 229).
Applied set_property CLOCK_BUFFER_TYPE = NONE for c0_ddr4_reset_n. (constraint file  f:/RTDS_test_DDR4_64bit_batch_dev/RTDS_test_DDR4_64bit.srcs/sources_1/ip/rtds_ddr4_mig/rtds_ddr4_mig/rtds_ddr4_mig_in_context.xdc, line 230).
Applied set_property KEEP_HIERARCHY = SOFT for u_temp_rd/sys_mon_inst. (constraint file  auto generated constraint).
Applied set_property KEEP_HIERARCHY = SOFT for u_pcie/design_1_wrapper_inst/design_1_i. (constraint file  auto generated constraint).
Applied set_property KEEP_HIERARCHY = SOFT for u_pcie/design_1_wrapper_inst/design_1_i/CONV_DMA_0. (constraint file  auto generated constraint).
Applied set_property KEEP_HIERARCHY = SOFT for u_pcie/design_1_wrapper_inst/design_1_i/axi_interconnect_0. (constraint file  auto generated constraint).
Applied set_property KEEP_HIERARCHY = SOFT for u_pcie/design_1_wrapper_inst/design_1_i/xdma_0. (constraint file  auto generated constraint).
Applied set_property KEEP_HIERARCHY = SOFT for u_pcie/design_1_wrapper_inst/design_1_i/util_ds_buf. (constraint file  auto generated constraint).
Applied set_property KEEP_HIERARCHY = SOFT for u_pcie/design_1_wrapper_inst/design_1_i/INFO_EXCH_0. (constraint file  auto generated constraint).
Applied set_property KEEP_HIERARCHY = SOFT for u_pcie/design_1_wrapper_inst/design_1_i/axi_interconnect_1. (constraint file  auto generated constraint).
Applied set_property KEEP_HIERARCHY = SOFT for u_pcie/design_1_wrapper_inst/design_1_i/axi_interconnect_0/xbar. (constraint file  auto generated constraint).
Applied set_property KEEP_HIERARCHY = SOFT for u_pcie/design_1_wrapper_inst/design_1_i/axi_interconnect_0/s01_couplers/auto_cc. (constraint file  auto generated constraint).
Applied set_property KEEP_HIERARCHY = SOFT for u_pcie/design_1_wrapper_inst/design_1_i/axi_interconnect_1/s00_couplers/auto_cc. (constraint file  auto generated constraint).
Applied set_property KEEP_HIERARCHY = SOFT for u_aurora_64b66b_top/aurora_64b66b_0_exdes_inst/aurora_64b66b_0_block_i. (constraint file  auto generated constraint).
Applied set_property KEEP_HIERARCHY = SOFT for u_clk_gen/clk_wiz_0_inst. (constraint file  auto generated constraint).
Applied set_property KEEP_HIERARCHY = SOFT for u_pcie/ila_FDMA_inst. (constraint file  auto generated constraint).
Applied set_property KEEP_HIERARCHY = SOFT for u_temp_rd/ila_temp_inst. (constraint file  auto generated constraint).
Applied set_property KEEP_HIERARCHY = SOFT for U_AURORA_1G/aurora_i. (constraint file  auto generated constraint).
Applied set_property KEEP_HIERARCHY = SOFT for u_aurora_64b66b_top/aurora_64b66b_0_exdes_inst/\core_traffic.frame_chk_axi_to_ll_data_i /axis_reg_i. (constraint file  auto generated constraint).
Applied set_property KEEP_HIERARCHY = SOFT for u_aurora_64b66b_top/aurora_64b66b_0_exdes_inst/\core_traffic.frame_gen_ll_to_axi_data_i /axis_reg_i. (constraint file  auto generated constraint).
Applied set_property KEEP_HIERARCHY = SOFT for u_aurora_64b66b_top/aurora_64b66b_0_exdes_inst/\core_traffic.frame_chk_axi_to_ll_data_i /axis_reg_ii. (constraint file  auto generated constraint).
Applied set_property KEEP_HIERARCHY = SOFT for u_pcie/u_rtds_ddr4_backend/u_axi_clock_converter. (constraint file  auto generated constraint).
Applied set_property KEEP_HIERARCHY = SOFT for u_pcie/u_rtds_ddr4_backend/u_ddr4_mig. (constraint file  auto generated constraint).
Applied set_property KEEP_HIERARCHY = SOFT for U_RTDS_FPGA_1G_INIT/U_RTDS_FPGA_RESET_SYNC_INIT/U_XPM_CDC_ASYNC_RST. (constraint file  auto generated constraint).
Applied set_property KEEP_HIERARCHY = SOFT for U_RTDS_1G_PERIODIC_TX/U_RTDS_FPGA_RESET_SYNC_SRC/U_XPM_CDC_ASYNC_RST. (constraint file  auto generated constraint).
Applied set_property KEEP_HIERARCHY = SOFT for U_RTDS_1G_PERIODIC_TX/U_RTDS_FPGA_RESET_SYNC_USER/U_XPM_CDC_ASYNC_RST. (constraint file  auto generated constraint).
Applied set_property KEEP_HIERARCHY = SOFT for u_pcie/u_pcie_fdma_aurora_brg_adapter/U_RTDS_RX_FRAME_FIFO/U_RTDS_FPGA_RESET_SYNC_USER/U_XPM_CDC_ASYNC_RST. (constraint file  auto generated constraint).
Applied set_property KEEP_HIERARCHY = SOFT for u_pcie/u_pcie_fdma_aurora_brg_adapter/u_fdma_aurora_brg_tx/xpm_fifo_async_inst/\gnuram_async_fifo.xpm_fifo_base_inst /\gen_cdc_pntr.rd_pntr_cdc_inst . (constraint file  auto generated constraint).
Applied set_property KEEP_HIERARCHY = SOFT for u_pcie/u_pcie_fdma_aurora_brg_adapter/u_fdma_aurora_brg_tx/xpm_fifo_async_inst/\gnuram_async_fifo.xpm_fifo_base_inst /\gen_cdc_pntr.wr_pntr_cdc_inst . (constraint file  auto generated constraint).
Applied set_property KEEP_HIERARCHY = SOFT for u_pcie/u_pcie_fdma_aurora_brg_adapter/U_RTDS_RX_FRAME_FIFO/U_RTDS_FPGA_COUNT_CDC/U_XPM_CDC_GRAY. (constraint file  auto generated constraint).
Applied set_property KEEP_HIERARCHY = SOFT for u_pcie/u_pcie_fdma_aurora_brg_adapter/U_RTDS_RX_FRAME_FIFO/U_XPM_FIFO_ASYNC/\gnuram_async_fifo.xpm_fifo_base_inst /\gen_cdc_pntr.rd_pntr_cdc_dc_inst . (constraint file  auto generated constraint).
Applied set_property KEEP_HIERARCHY = SOFT for u_pcie/u_pcie_fdma_aurora_brg_adapter/U_RTDS_RX_FRAME_FIFO/U_XPM_FIFO_ASYNC/\gnuram_async_fifo.xpm_fifo_base_inst /\gen_cdc_pntr.wr_pntr_cdc_dc_inst . (constraint file  auto generated constraint).
Applied set_property KEEP_HIERARCHY = SOFT for u_pcie/u_pcie_fdma_aurora_brg_adapter/U_RTDS_RX_FRAME_FIFO/U_XPM_FIFO_ASYNC/\gnuram_async_fifo.xpm_fifo_base_inst /\gen_cdc_pntr.rd_pntr_cdc_inst . (constraint file  auto generated constraint).
Applied set_property KEEP_HIERARCHY = SOFT for u_pcie/u_pcie_fdma_aurora_brg_adapter/U_RTDS_RX_FRAME_FIFO/U_XPM_FIFO_ASYNC/\gnuram_async_fifo.xpm_fifo_base_inst /\gen_cdc_pntr.wr_pntr_cdc_inst . (constraint file  auto generated constraint).
Applied set_property KEEP_HIERARCHY = SOFT for u_pcie/u_pcie_fdma_aurora_brg_adapter/u_fdma_aurora_brg_tx/xpm_fifo_async_inst/\gnuram_async_fifo.xpm_fifo_base_inst /\gen_cdc_pntr.rd_pntr_cdc_dc_inst . (constraint file  auto generated constraint).
Applied set_property KEEP_HIERARCHY = SOFT for u_pcie/u_pcie_fdma_aurora_brg_adapter/u_fdma_aurora_brg_tx/xpm_fifo_async_inst/\gnuram_async_fifo.xpm_fifo_base_inst /\gen_cdc_pntr.wr_pntr_cdc_dc_inst . (constraint file  auto generated constraint).
Applied set_property KEEP_HIERARCHY = SOFT for U_RTDS_1G_PERIODIC_TX/U_RTDS_FPGA_CFG_CDC/U_XPM_CDC_HANDSHAKE. (constraint file  auto generated constraint).
Applied set_property KEEP_HIERARCHY = SOFT for U_RTDS_1G_PERIODIC_TX/U_RTDS_FPGA_CFG_CDC/U_XPM_CDC_HANDSHAKE/xpm_cdc_single_dest2src_inst. (constraint file  auto generated constraint).
Applied set_property KEEP_HIERARCHY = SOFT for U_RTDS_1G_PERIODIC_TX/U_RTDS_FPGA_CFG_CDC/U_XPM_CDC_HANDSHAKE/xpm_cdc_single_src2dest_inst. (constraint file  auto generated constraint).
Applied set_property KEEP_HIERARCHY = SOFT for u_pcie/u_pcie_fdma_aurora_brg_adapter/U_RTDS_RX_FRAME_FIFO/U_XPM_CDC_ALMOST_FULL. (constraint file  auto generated constraint).
Applied set_property KEEP_HIERARCHY = SOFT for u_pcie/u_pcie_fdma_aurora_brg_adapter/U_RTDS_RX_FRAME_FIFO/U_XPM_CDC_FULL. (constraint file  auto generated constraint).
Applied set_property KEEP_HIERARCHY = SOFT for u_pcie/u_pcie_fdma_aurora_brg_adapter/u_cdc_channel_to_fdma. (constraint file  auto generated constraint).
Applied set_property KEEP_HIERARCHY = SOFT for u_pcie/u_pcie_fdma_aurora_brg_adapter/u_cdc_ddr_ready_to_user. (constraint file  auto generated constraint).
Applied set_property KEEP_HIERARCHY = SOFT for u_pcie/u_pcie_fdma_aurora_brg_adapter/u_cdc_lane_to_fdma. (constraint file  auto generated constraint).
Applied set_property KEEP_HIERARCHY = SOFT for u_pcie/u_pcie_fdma_aurora_brg_adapter/u_cdc_pcie_link_to_user. (constraint file  auto generated constraint).
Applied set_property KEEP_HIERARCHY = SOFT for u_pcie/u_pcie_fdma_aurora_brg_adapter/u_cdc_rx_length_error. (constraint file  auto generated constraint).
Applied set_property KEEP_HIERARCHY = SOFT for u_pcie/u_pcie_fdma_aurora_brg_adapter/u_cdc_rx_overflow. (constraint file  auto generated constraint).
Applied set_property KEEP_HIERARCHY = SOFT for u_pcie/u_pcie_fdma_aurora_brg_adapter/u_cdc_status_clear. (constraint file  auto generated constraint).
Applied set_property KEEP_HIERARCHY = SOFT for u_pcie/u_pcie_fdma_aurora_brg_adapter/u_cdc_tx_active_to_user. (constraint file  auto generated constraint).
Applied set_property KEEP_HIERARCHY = SOFT for u_pcie/u_pcie_fdma_aurora_brg_adapter/u_cdc_tx_done_toggle. (constraint file  auto generated constraint).
Applied set_property KEEP_HIERARCHY = SOFT for u_pcie/u_pcie_fdma_aurora_brg_adapter/u_cdc_tx_underflow. (constraint file  auto generated constraint).
Applied set_property KEEP_HIERARCHY = SOFT for u_pcie/u_pcie_fdma_aurora_brg_adapter/u_fdma_aurora_brg_tx/xpm_fifo_async_inst/\gnuram_async_fifo.xpm_fifo_base_inst /xpm_fifo_rst_inst/\gen_rst_ic.rrst_wr_inst . (constraint file  auto generated constraint).
Applied set_property KEEP_HIERARCHY = SOFT for u_pcie/u_pcie_fdma_aurora_brg_adapter/U_RTDS_RX_FRAME_FIFO/U_XPM_FIFO_ASYNC/\gnuram_async_fifo.xpm_fifo_base_inst /xpm_fifo_rst_inst/\gen_rst_ic.rrst_wr_inst . (constraint file  auto generated constraint).
Applied set_property KEEP_HIERARCHY = SOFT for u_pcie/u_pcie_fdma_aurora_brg_adapter/u_fdma_aurora_brg_tx/xpm_fifo_async_inst/\gnuram_async_fifo.xpm_fifo_base_inst /xpm_fifo_rst_inst/\gen_rst_ic.wrst_rd_inst . (constraint file  auto generated constraint).
Applied set_property KEEP_HIERARCHY = SOFT for u_pcie/u_pcie_fdma_aurora_brg_adapter/U_RTDS_RX_FRAME_FIFO/U_XPM_FIFO_ASYNC/\gnuram_async_fifo.xpm_fifo_base_inst /xpm_fifo_rst_inst/\gen_rst_ic.wrst_rd_inst . (constraint file  auto generated constraint).
Applied set_property KEEP_HIERARCHY = SOFT for u_pcie/u_pcie_fdma_aurora_brg_adapter/u_fdma_aurora_brg_tx/xpm_fifo_async_inst. (constraint file  auto generated constraint).
Applied set_property KEEP_HIERARCHY = SOFT for u_pcie/u_pcie_fdma_aurora_brg_adapter/U_RTDS_RX_FRAME_FIFO/U_XPM_FIFO_ASYNC. (constraint file  auto generated constraint).
---------------------------------------------------------------------------------
Finished applying 'set_property' XDC Constraints : Time (s): cpu = 00:00:34 ; elapsed = 00:01:37 . Memory (MB): peak = 1460.266 ; gain = 445.551
---------------------------------------------------------------------------------
INFO: [Synth 8-802] inferred FSM for state register 'gen_rst_ic.curr_wrst_state_reg' in module 'xpm_fifo_rst__xdcDup__1'
INFO: [Synth 8-802] inferred FSM for state register 'gen_rst_ic.curr_rrst_state_reg' in module 'xpm_fifo_rst__xdcDup__1'
INFO: [Synth 8-802] inferred FSM for state register 'gen_fwft.curr_fwft_state_reg' in module 'xpm_fifo_base'
INFO: [Synth 8-802] inferred FSM for state register 'rd_state_reg' in module 'fdma_aurora_brg_tx'
INFO: [Synth 8-802] inferred FSM for state register 'tx_state_reg' in module 'fdma_aurora_brg_tx'
INFO: [Synth 8-802] inferred FSM for state register 'gen_rst_ic.curr_wrst_state_reg' in module 'xpm_fifo_rst'
INFO: [Synth 8-802] inferred FSM for state register 'gen_rst_ic.curr_rrst_state_reg' in module 'xpm_fifo_rst'
INFO: [Synth 8-802] inferred FSM for state register 'gen_fwft.curr_fwft_state_reg' in module 'xpm_fifo_base__parameterized0'
INFO: [Synth 8-5552] Implemented safe state 'default_state' for state register 'gen_rst_ic.curr_wrst_state_reg' in module 'xpm_fifo_rst__xdcDup__1'
---------------------------------------------------------------------------------------------------
                   State |                     New Encoding |                Previous Encoding 
---------------------------------------------------------------------------------------------------
*
               WRST_IDLE |                            00001 |                              000
                 WRST_IN |                            00010 |                              010
                WRST_OUT |                            00100 |                              111
               WRST_EXIT |                            01000 |                              110
            WRST_GO2IDLE |                            10000 |                              100
---------------------------------------------------------------------------------------------------
INFO: [Synth 8-3354] encoded FSM with state register 'gen_rst_ic.curr_wrst_state_reg' using encoding 'one-hot' in module 'xpm_fifo_rst__xdcDup__1'
INFO: [Synth 8-5552] Implemented safe state 'default_state' for state register 'gen_rst_ic.curr_rrst_state_reg' in module 'xpm_fifo_rst__xdcDup__1'
---------------------------------------------------------------------------------------------------
                   State |                     New Encoding |                Previous Encoding 
---------------------------------------------------------------------------------------------------
                  iSTATE |                               00 |                               00
                 iSTATE0 |                               01 |                               10
                 iSTATE1 |                               10 |                               11
                 iSTATE2 |                               11 |                               01
---------------------------------------------------------------------------------------------------
INFO: [Synth 8-3354] encoded FSM with state register 'gen_rst_ic.curr_rrst_state_reg' using encoding 'sequential' in module 'xpm_fifo_rst__xdcDup__1'
---------------------------------------------------------------------------------------------------
                   State |                     New Encoding |                Previous Encoding 
---------------------------------------------------------------------------------------------------
                 invalid |                               00 |                               00
            stage1_valid |                               01 |                               10
       both_stages_valid |                               10 |                               11
            stage2_valid |                               11 |                               01
---------------------------------------------------------------------------------------------------
INFO: [Synth 8-3354] encoded FSM with state register 'gen_fwft.curr_fwft_state_reg' using encoding 'sequential' in module 'xpm_fifo_base'
---------------------------------------------------------------------------------------------------
                   State |                     New Encoding |                Previous Encoding 
---------------------------------------------------------------------------------------------------
                 RD_IDLE |                               01 |                               00
                  RD_REQ |                               11 |                               01
                 RD_DATA |                               10 |                               10
                 RD_WAIT |                               00 |                               11
---------------------------------------------------------------------------------------------------
INFO: [Synth 8-3354] encoded FSM with state register 'rd_state_reg' using encoding 'sequential' in module 'fdma_aurora_brg_tx'
---------------------------------------------------------------------------------------------------
                   State |                     New Encoding |                Previous Encoding 
---------------------------------------------------------------------------------------------------
                 TX_IDLE |                              001 |                               00
                  TX_SOF |                              010 |                               01
                 TX_DATA |                              100 |                               10
---------------------------------------------------------------------------------------------------
INFO: [Synth 8-3354] encoded FSM with state register 'tx_state_reg' using encoding 'one-hot' in module 'fdma_aurora_brg_tx'
INFO: [Synth 8-5775] Found 'rw_addr_collision' attribute set to 'no' on SDP RAM gen_wr_a.gen_word_narrow.mem_reg. Setting write mode to NO_CHANGE 
INFO: [Synth 8-5779] Default cascade height of 2 will be used for BRAM '"xpm_memory_base__parameterized0:/gen_wr_a.gen_word_narrow.mem_reg"'.
INFO: [Synth 8-5555] Implemented Block Ram Cascade chain of height 2 and width 36 for RAM "xpm_memory_base__parameterized0:/gen_wr_a.gen_word_narrow.mem_reg"
INFO: [Synth 8-7030] Implemented Non-Cascaded Block Ram (cascade_height = 1) of width 18 for RAM "xpm_memory_base__parameterized0:/gen_wr_a.gen_word_narrow.mem_reg"
INFO: [Synth 8-7030] Implemented Non-Cascaded Block Ram (cascade_height = 1) of width 10 for RAM "xpm_memory_base__parameterized0:/gen_wr_a.gen_word_narrow.mem_reg"
INFO: [Synth 8-5552] Implemented safe state 'default_state' for state register 'gen_rst_ic.curr_wrst_state_reg' in module 'xpm_fifo_rst'
---------------------------------------------------------------------------------------------------
                   State |                     New Encoding |                Previous Encoding 
---------------------------------------------------------------------------------------------------
*
               WRST_IDLE |                            00001 |                              000
                 WRST_IN |                            00010 |                              010
                WRST_OUT |                            00100 |                              111
               WRST_EXIT |                            01000 |                              110
            WRST_GO2IDLE |                            10000 |                              100
---------------------------------------------------------------------------------------------------
INFO: [Synth 8-3354] encoded FSM with state register 'gen_rst_ic.curr_wrst_state_reg' using encoding 'one-hot' in module 'xpm_fifo_rst'
INFO: [Synth 8-5552] Implemented safe state 'default_state' for state register 'gen_rst_ic.curr_rrst_state_reg' in module 'xpm_fifo_rst'
---------------------------------------------------------------------------------------------------
                   State |                     New Encoding |                Previous Encoding 
---------------------------------------------------------------------------------------------------
                  iSTATE |                               00 |                               00
                 iSTATE0 |                               01 |                               10
                 iSTATE1 |                               10 |                               11
                 iSTATE2 |                               11 |                               01
---------------------------------------------------------------------------------------------------
INFO: [Synth 8-3354] encoded FSM with state register 'gen_rst_ic.curr_rrst_state_reg' using encoding 'sequential' in module 'xpm_fifo_rst'
---------------------------------------------------------------------------------------------------
                   State |                     New Encoding |                Previous Encoding 
---------------------------------------------------------------------------------------------------
                 invalid |                               00 |                               00
            stage1_valid |                               01 |                               10
       both_stages_valid |                               10 |                               11
            stage2_valid |                               11 |                               01
---------------------------------------------------------------------------------------------------
INFO: [Synth 8-3354] encoded FSM with state register 'gen_fwft.curr_fwft_state_reg' using encoding 'sequential' in module 'xpm_fifo_base__parameterized0'
---------------------------------------------------------------------------------
Finished RTL Optimization Phase 2 : Time (s): cpu = 00:00:40 ; elapsed = 00:01:46 . Memory (MB): peak = 1460.266 ; gain = 445.551
---------------------------------------------------------------------------------
---------------------------------------------------------------------------------
Start RTL Component Statistics 
---------------------------------------------------------------------------------
Detailed RTL Component Info : 
+---Adders : 
	   2 Input   33 Bit       Adders := 4     
	   7 Input   32 Bit       Adders := 1     
	   2 Input   32 Bit       Adders := 4     
	   2 Input   27 Bit       Adders := 1     
	   2 Input   16 Bit       Adders := 3     
	   4 Input   12 Bit       Adders := 3     
	   2 Input   12 Bit       Adders := 1     
	   3 Input   12 Bit       Adders := 2     
	   4 Input   11 Bit       Adders := 3     
	   3 Input   11 Bit       Adders := 1     
	   4 Input   10 Bit       Adders := 3     
	   2 Input   10 Bit       Adders := 1     
	   3 Input   10 Bit       Adders := 2     
	   2 Input    9 Bit       Adders := 1     
	   4 Input    9 Bit       Adders := 5     
	   3 Input    9 Bit       Adders := 1     
	   2 Input    8 Bit       Adders := 4     
	   2 Input    7 Bit       Adders := 1     
	   2 Input    4 Bit       Adders := 2     
	   2 Input    3 Bit       Adders := 5     
	   2 Input    2 Bit       Adders := 1     
	   5 Input    2 Bit       Adders := 1     
	   4 Input    2 Bit       Adders := 2     
+---XORs : 
	   2 Input     32 Bit         XORs := 1     
	   2 Input     12 Bit         XORs := 2     
	   2 Input     11 Bit         XORs := 2     
	   2 Input     10 Bit         XORs := 2     
	   2 Input      9 Bit         XORs := 2     
	   2 Input      1 Bit         XORs := 113   
+---Registers : 
	              128 Bit    Registers := 1     
	               76 Bit    Registers := 1     
	               64 Bit    Registers := 4     
	               48 Bit    Registers := 4     
	               32 Bit    Registers := 29    
	               27 Bit    Registers := 1     
	               16 Bit    Registers := 5     
	               12 Bit    Registers := 15    
	               11 Bit    Registers := 12    
	               10 Bit    Registers := 15    
	                9 Bit    Registers := 15    
	                8 Bit    Registers := 6     
	                7 Bit    Registers := 1     
	                4 Bit    Registers := 7     
	                3 Bit    Registers := 4     
	                2 Bit    Registers := 28    
	                1 Bit    Registers := 91    
+---RAMs : 
	             128K Bit	(2048 X 64 bit)          RAMs := 1     
	              32K Bit	(512 X 64 bit)          RAMs := 1     
+---Muxes : 
	   2 Input   76 Bit        Muxes := 1     
	   2 Input   64 Bit        Muxes := 1     
	   2 Input   32 Bit        Muxes := 8     
	   2 Input   27 Bit        Muxes := 3     
	   2 Input   25 Bit        Muxes := 1     
	  11 Input   25 Bit        Muxes := 1     
	   2 Input   22 Bit        Muxes := 1     
	   2 Input   16 Bit        Muxes := 4     
	   2 Input   13 Bit        Muxes := 1     
	  11 Input   13 Bit        Muxes := 1     
	   3 Input    9 Bit        Muxes := 1     
	   2 Input    8 Bit        Muxes := 2     
	   2 Input    7 Bit        Muxes := 1     
	   6 Input    5 Bit        Muxes := 2     
	   2 Input    5 Bit        Muxes := 16    
	   2 Input    4 Bit        Muxes := 2     
	   2 Input    3 Bit        Muxes := 1     
	   6 Input    2 Bit        Muxes := 1     
	   2 Input    2 Bit        Muxes := 74    
	   4 Input    2 Bit        Muxes := 20    
	   3 Input    2 Bit        Muxes := 3     
	   4 Input    1 Bit        Muxes := 11    
	   2 Input    1 Bit        Muxes := 79    
	  11 Input    1 Bit        Muxes := 1     
	   6 Input    1 Bit        Muxes := 4     
	   5 Input    1 Bit        Muxes := 4     
	   3 Input    1 Bit        Muxes := 6     
---------------------------------------------------------------------------------
Finished RTL Component Statistics 
---------------------------------------------------------------------------------
---------------------------------------------------------------------------------
Start Part Resource Summary
---------------------------------------------------------------------------------
Part Resources:
DSPs: 1920 (col length:120)
BRAMs: 1200 (col length: RAMB18 120 RAMB36 60)
---------------------------------------------------------------------------------
Finished Part Resource Summary
---------------------------------------------------------------------------------
---------------------------------------------------------------------------------
Start Cross Boundary and Area Optimization
---------------------------------------------------------------------------------
INFO: [Synth 8-5775] Found 'rw_addr_collision' attribute set to 'no' on SDP RAM gen_wr_a.gen_word_narrow.mem_reg. Setting write mode to NO_CHANGE 
INFO: [Synth 8-5775] Found 'rw_addr_collision' attribute set to 'no' on SDP RAM gen_wr_a.gen_word_narrow.mem_reg. Setting write mode to NO_CHANGE 
INFO: [Synth 8-5775] Found 'rw_addr_collision' attribute set to 'no' on SDP RAM gen_wr_a.gen_word_narrow.mem_reg. Setting write mode to NO_CHANGE 
INFO: [Synth 8-5775] Found 'rw_addr_collision' attribute set to 'no' on SDP RAM gen_wr_a.gen_word_narrow.mem_reg. Setting write mode to NO_CHANGE 
INFO: [Synth 8-5775] Found 'rw_addr_collision' attribute set to 'no' on SDP RAM gen_wr_a.gen_word_narrow.mem_reg. Setting write mode to NO_CHANGE 
INFO: [Synth 8-5779] Default cascade height of 2 will be used for BRAM '"\u_pcie/u_pcie_fdma_aurora_brg_adapter /\U_RTDS_RX_FRAME_FIFO/U_XPM_FIFO_ASYNC /\gnuram_async_fifo.xpm_fifo_base_inst /\gen_sdpram.xpm_memory_base_inst/gen_wr_a.gen_word_narrow.mem_reg "'.
INFO: [Synth 8-5555] Implemented Block Ram Cascade chain of height 2 and width 36 for RAM "\u_pcie/u_pcie_fdma_aurora_brg_adapter /\U_RTDS_RX_FRAME_FIFO/U_XPM_FIFO_ASYNC /\gnuram_async_fifo.xpm_fifo_base_inst /\gen_sdpram.xpm_memory_base_inst/gen_wr_a.gen_word_narrow.mem_reg "
INFO: [Synth 8-7030] Implemented Non-Cascaded Block Ram (cascade_height = 1) of width 18 for RAM "\u_pcie/u_pcie_fdma_aurora_brg_adapter /\U_RTDS_RX_FRAME_FIFO/U_XPM_FIFO_ASYNC /\gnuram_async_fifo.xpm_fifo_base_inst /\gen_sdpram.xpm_memory_base_inst/gen_wr_a.gen_word_narrow.mem_reg "
INFO: [Synth 8-7030] Implemented Non-Cascaded Block Ram (cascade_height = 1) of width 10 for RAM "\u_pcie/u_pcie_fdma_aurora_brg_adapter /\U_RTDS_RX_FRAME_FIFO/U_XPM_FIFO_ASYNC /\gnuram_async_fifo.xpm_fifo_base_inst /\gen_sdpram.xpm_memory_base_inst/gen_wr_a.gen_word_narrow.mem_reg "
INFO: [Synth 8-5775] Found 'rw_addr_collision' attribute set to 'no' on SDP RAM gen_wr_a.gen_word_narrow.mem_reg. Setting write mode to NO_CHANGE 
---------------------------------------------------------------------------------
Finished Cross Boundary and Area Optimization : Time (s): cpu = 00:01:34 ; elapsed = 00:02:47 . Memory (MB): peak = 1460.266 ; gain = 445.551
---------------------------------------------------------------------------------
INFO: [Synth 8-5775] Found 'rw_addr_collision' attribute set to 'no' on SDP RAM gen_wr_a.gen_word_narrow.mem_reg. Setting write mode to NO_CHANGE 
---------------------------------------------------------------------------------
Start ROM, RAM, DSP, Shift Register and Retiming Reporting
---------------------------------------------------------------------------------

Block RAM: Preliminary Mapping	Report (see note below)
+------------------------------------------------------------------------------------------------------------------------------------------------------------+----------------------------------+------------------------+---+---+------------------------+---+---+------------------+--------+--------+-----------------+
|Module Name                                                                                                                                                 | RTL Object                       | PORT A (Depth x Width) | W | R | PORT B (Depth x Width) | W | R | Ports driving FF | RAMB18 | RAMB36 | Cascade Heights | 
+------------------------------------------------------------------------------------------------------------------------------------------------------------+----------------------------------+------------------------+---+---+------------------------+---+---+------------------+--------+--------+-----------------+
|\u_pcie/u_pcie_fdma_aurora_brg_adapter /\u_fdma_aurora_brg_tx/xpm_fifo_async_inst /\gnuram_async_fifo.xpm_fifo_base_inst /\gen_sdpram.xpm_memory_base_inst  | gen_wr_a.gen_word_narrow.mem_reg | 512 x 64(NO_CHANGE)    | W |   | 512 x 64(WRITE_FIRST)  |   | R | Port A and B     | 0      | 1      |                 | 
|\u_pcie/u_pcie_fdma_aurora_brg_adapter /\U_RTDS_RX_FRAME_FIFO/U_XPM_FIFO_ASYNC /\gnuram_async_fifo.xpm_fifo_base_inst /\gen_sdpram.xpm_memory_base_inst     | gen_wr_a.gen_word_narrow.mem_reg | 2 K x 64(NO_CHANGE)    | W |   | 2 K x 64(NO_CHANGE)    |   | R | Port A and B     | 0      | 4      | 2,1,1           | 
+------------------------------------------------------------------------------------------------------------------------------------------------------------+----------------------------------+------------------------+---+---+------------------------+---+---+------------------+--------+--------+-----------------+

Note: The table above is a preliminary report that shows the Block RAMs at the current stage of the synthesis flow. Some Block RAMs may be reimplemented as non Block RAM primitives later in the synthesis flow. Multiple instantiated Block RAMs are reported only once. 
---------------------------------------------------------------------------------
Finished ROM, RAM, DSP, Shift Register and Retiming Reporting
---------------------------------------------------------------------------------
---------------------------------------------------------------------------------
Start Applying XDC Timing Constraints
---------------------------------------------------------------------------------
---------------------------------------------------------------------------------
Finished Applying XDC Timing Constraints : Time (s): cpu = 00:01:56 ; elapsed = 00:03:18 . Memory (MB): peak = 1568.355 ; gain = 553.641
---------------------------------------------------------------------------------
---------------------------------------------------------------------------------
Start Timing Optimization
---------------------------------------------------------------------------------
INFO: [Synth 8-5775] Found 'rw_addr_collision' attribute set to 'no' on SDP RAM gen_wr_a.gen_word_narrow.mem_reg. Setting write mode to NO_CHANGE 
INFO: [Synth 8-5775] Found 'rw_addr_collision' attribute set to 'no' on SDP RAM gen_wr_a.gen_word_narrow.mem_reg. Setting write mode to NO_CHANGE 
INFO: [Synth 8-5775] Found 'rw_addr_collision' attribute set to 'no' on SDP RAM gen_wr_a.gen_word_narrow.mem_reg. Setting write mode to NO_CHANGE 
INFO: [Synth 8-5775] Found 'rw_addr_collision' attribute set to 'no' on SDP RAM gen_wr_a.gen_word_narrow.mem_reg. Setting write mode to NO_CHANGE 
INFO: [Synth 8-5775] Found 'rw_addr_collision' attribute set to 'no' on SDP RAM gen_wr_a.gen_word_narrow.mem_reg. Setting write mode to NO_CHANGE 
INFO: [Synth 8-5556] The block RAM "\u_pcie/u_pcie_fdma_aurora_brg_adapter /\U_RTDS_RX_FRAME_FIFO/U_XPM_FIFO_ASYNC /\gnuram_async_fifo.xpm_fifo_base_inst /\gen_sdpram.xpm_memory_base_inst/gen_wr_a.gen_word_narrow.mem_reg " may be mapped as a cascade chain, because it is not timing critical.
INFO: [Synth 8-5555] Implemented Block Ram Cascade chain of height 2 and width 36 for RAM "\u_pcie/u_pcie_fdma_aurora_brg_adapter /\U_RTDS_RX_FRAME_FIFO/U_XPM_FIFO_ASYNC /\gnuram_async_fifo.xpm_fifo_base_inst /\gen_sdpram.xpm_memory_base_inst/gen_wr_a.gen_word_narrow.mem_reg "
INFO: [Synth 8-7030] Implemented Non-Cascaded Block Ram (cascade_height = 1) of width 18 for RAM "\u_pcie/u_pcie_fdma_aurora_brg_adapter /\U_RTDS_RX_FRAME_FIFO/U_XPM_FIFO_ASYNC /\gnuram_async_fifo.xpm_fifo_base_inst /\gen_sdpram.xpm_memory_base_inst/gen_wr_a.gen_word_narrow.mem_reg "
INFO: [Synth 8-7030] Implemented Non-Cascaded Block Ram (cascade_height = 1) of width 10 for RAM "\u_pcie/u_pcie_fdma_aurora_brg_adapter /\U_RTDS_RX_FRAME_FIFO/U_XPM_FIFO_ASYNC /\gnuram_async_fifo.xpm_fifo_base_inst /\gen_sdpram.xpm_memory_base_inst/gen_wr_a.gen_word_narrow.mem_reg "
---------------------------------------------------------------------------------
Finished Timing Optimization : Time (s): cpu = 00:02:01 ; elapsed = 00:03:23 . Memory (MB): peak = 1598.590 ; gain = 583.875
---------------------------------------------------------------------------------
---------------------------------------------------------------------------------
Start ROM, RAM, DSP, Shift Register and Retiming Reporting
---------------------------------------------------------------------------------

Block RAM: Final Mapping	Report
+------------------------------------------------------------------------------------------------------------------------------------------------------------+----------------------------------+------------------------+---+---+------------------------+---+---+------------------+--------+--------+-----------------+
|Module Name                                                                                                                                                 | RTL Object                       | PORT A (Depth x Width) | W | R | PORT B (Depth x Width) | W | R | Ports driving FF | RAMB18 | RAMB36 | Cascade Heights | 
+------------------------------------------------------------------------------------------------------------------------------------------------------------+----------------------------------+------------------------+---+---+------------------------+---+---+------------------+--------+--------+-----------------+
|\u_pcie/u_pcie_fdma_aurora_brg_adapter /\u_fdma_aurora_brg_tx/xpm_fifo_async_inst /\gnuram_async_fifo.xpm_fifo_base_inst /\gen_sdpram.xpm_memory_base_inst  | gen_wr_a.gen_word_narrow.mem_reg | 512 x 64(NO_CHANGE)    | W |   | 512 x 64(WRITE_FIRST)  |   | R | Port A and B     | 0      | 1      |                 | 
|\u_pcie/u_pcie_fdma_aurora_brg_adapter /\U_RTDS_RX_FRAME_FIFO/U_XPM_FIFO_ASYNC /\gnuram_async_fifo.xpm_fifo_base_inst /\gen_sdpram.xpm_memory_base_inst     | gen_wr_a.gen_word_narrow.mem_reg | 2 K x 64(NO_CHANGE)    | W |   | 2 K x 64(NO_CHANGE)    |   | R | Port A and B     | 0      | 4      | 2,1,1           | 
+------------------------------------------------------------------------------------------------------------------------------------------------------------+----------------------------------+------------------------+---+---+------------------------+---+---+------------------+--------+--------+-----------------+

---------------------------------------------------------------------------------
Finished ROM, RAM, DSP, Shift Register and Retiming Reporting
---------------------------------------------------------------------------------
---------------------------------------------------------------------------------
Start Technology Mapping
---------------------------------------------------------------------------------
INFO: [Synth 8-7052] The timing for the instance u_pcie/u_pcie_fdma_aurora_brg_adapter/U_RTDS_RX_FRAME_FIFO/U_XPM_FIFO_ASYNC/gnuram_async_fifo.xpm_fifo_base_inst/gen_sdpram.xpm_memory_base_inst/gen_wr_a.gen_word_narrow.mem_reg_bram_2 (implemented as a Block RAM) might be sub-optimal as no optional output register could be merged into the ram block. Providing additional output register may help in improving timing.
INFO: [Synth 8-7052] The timing for the instance u_pcie/u_pcie_fdma_aurora_brg_adapter/U_RTDS_RX_FRAME_FIFO/U_XPM_FIFO_ASYNC/gnuram_async_fifo.xpm_fifo_base_inst/gen_sdpram.xpm_memory_base_inst/gen_wr_a.gen_word_narrow.mem_reg_bram_3 (implemented as a Block RAM) might be sub-optimal as no optional output register could be merged into the ram block. Providing additional output register may help in improving timing.
---------------------------------------------------------------------------------
Finished Technology Mapping : Time (s): cpu = 00:02:07 ; elapsed = 00:03:30 . Memory (MB): peak = 1614.594 ; gain = 599.879
---------------------------------------------------------------------------------
---------------------------------------------------------------------------------
Start IO Insertion
---------------------------------------------------------------------------------
---------------------------------------------------------------------------------
Start Flattening Before IO Insertion
---------------------------------------------------------------------------------
---------------------------------------------------------------------------------
Finished Flattening Before IO Insertion
---------------------------------------------------------------------------------
---------------------------------------------------------------------------------
Start Final Netlist Cleanup
---------------------------------------------------------------------------------
---------------------------------------------------------------------------------
Finished Final Netlist Cleanup
---------------------------------------------------------------------------------
---------------------------------------------------------------------------------
Finished IO Insertion : Time (s): cpu = 00:02:18 ; elapsed = 00:03:42 . Memory (MB): peak = 1619.660 ; gain = 604.945
---------------------------------------------------------------------------------
---------------------------------------------------------------------------------
Start Renaming Generated Instances
---------------------------------------------------------------------------------
---------------------------------------------------------------------------------
Finished Renaming Generated Instances : Time (s): cpu = 00:02:18 ; elapsed = 00:03:42 . Memory (MB): peak = 1619.660 ; gain = 604.945
---------------------------------------------------------------------------------
---------------------------------------------------------------------------------
Start Rebuilding User Hierarchy
---------------------------------------------------------------------------------
---------------------------------------------------------------------------------
Finished Rebuilding User Hierarchy : Time (s): cpu = 00:02:20 ; elapsed = 00:03:43 . Memory (MB): peak = 1619.660 ; gain = 604.945
---------------------------------------------------------------------------------
---------------------------------------------------------------------------------
Start Renaming Generated Ports
---------------------------------------------------------------------------------
---------------------------------------------------------------------------------
Finished Renaming Generated Ports : Time (s): cpu = 00:02:20 ; elapsed = 00:03:43 . Memory (MB): peak = 1619.660 ; gain = 604.945
---------------------------------------------------------------------------------
---------------------------------------------------------------------------------
Start Handling Custom Attributes
---------------------------------------------------------------------------------
---------------------------------------------------------------------------------
Finished Handling Custom Attributes : Time (s): cpu = 00:02:20 ; elapsed = 00:03:44 . Memory (MB): peak = 1619.660 ; gain = 604.945
---------------------------------------------------------------------------------
---------------------------------------------------------------------------------
Start Renaming Generated Nets
---------------------------------------------------------------------------------
---------------------------------------------------------------------------------
Finished Renaming Generated Nets : Time (s): cpu = 00:02:20 ; elapsed = 00:03:44 . Memory (MB): peak = 1619.660 ; gain = 604.945
---------------------------------------------------------------------------------
---------------------------------------------------------------------------------
Start Writing Synthesis Report
---------------------------------------------------------------------------------

Report BlackBoxes: 
+------+----------------------------+----------+
|      |BlackBox name               |Instances |
+------+----------------------------+----------+
|1     |sys_mon                     |         1|
|2     |ila_temp                    |         1|
|3     |aurora_8b10b_1p25g          |         1|
|4     |aurora_64b66b_0             |         1|
|5     |aurora_64b66b_0_reg_slice_0 |         2|
|6     |aurora_64b66b_0_reg_slice_2 |         1|
|7     |clk_wiz_0                   |         1|
|8     |design_1_xbar_0             |         1|
|9     |design_1_auto_cc_0          |         1|
|10    |design_1_auto_cc_1          |         1|
|11    |design_1_CONV_DMA_0_0       |         1|
|12    |design_1_INFO_EXCH_0_0      |         1|
|13    |design_1_util_ds_buf_0      |         1|
|14    |design_1_xdma_0_0           |         1|
|15    |ila_FDMA                    |         1|
|16    |rtds_axi_clock_converter    |         1|
|17    |rtds_ddr4_mig               |         1|
+------+----------------------------+----------+

Report Cell Usage: 
+------+-----------------------------+------+
|      |Cell                         |Count |
+------+-----------------------------+------+
|1     |aurora_64b66b                |     1|
|2     |aurora_64b66b_0_reg_slice    |     1|
|3     |aurora_64b66b_0_reg_slice_0_ |     1|
|4     |aurora_64b66b_0_reg_slice    |     1|
|5     |aurora_8b10b_1p25g           |     1|
|6     |clk_wiz                      |     1|
|7     |design_1_CONV_DMA_0          |     1|
|8     |design_1_INFO_EXCH_0         |     1|
|9     |design_1_auto_cc             |     2|
|11    |design_1_util_ds_buf         |     1|
|12    |design_1_xbar                |     1|
|13    |design_1_xdma_0              |     1|
|14    |ila_FDMA                     |     1|
|15    |ila_temp                     |     1|
|16    |rtds_axi_clock_converter     |     1|
|17    |rtds_ddr4_mig                |     1|
|18    |sys_mon                      |     1|
|19    |BUFG                         |     1|
|20    |BUFGCE_DIV                   |     1|
|21    |CARRY8                       |    89|
|22    |LUT1                         |   146|
|23    |LUT2                         |   558|
|24    |LUT3                         |   204|
|25    |LUT4                         |   296|
|26    |LUT5                         |   220|
|27    |LUT6                         |   422|
|28    |RAMB36E2                     |     5|
|32    |FDCE                         |  1092|
|33    |FDPE                         |     5|
|34    |FDRE                         |  1014|
|35    |FDSE                         |    16|
|36    |IBUF                         |     2|
|37    |IBUFDS                       |     1|
|38    |OBUF                         |     5|
+------+-----------------------------+------+
---------------------------------------------------------------------------------
Finished Writing Synthesis Report : Time (s): cpu = 00:02:20 ; elapsed = 00:03:44 . Memory (MB): peak = 1619.660 ; gain = 604.945
---------------------------------------------------------------------------------
Synthesis finished with 0 errors, 0 critical warnings and 0 warnings.
Synthesis Optimization Runtime : Time (s): cpu = 00:02:02 ; elapsed = 00:03:12 . Memory (MB): peak = 1619.660 ; gain = 526.066
Synthesis Optimization Complete : Time (s): cpu = 00:02:21 ; elapsed = 00:03:44 . Memory (MB): peak = 1619.660 ; gain = 604.945
INFO: [Project 1-571] Translating synthesized netlist
Netlist sorting complete. Time (s): cpu = 00:00:00 ; elapsed = 00:00:00.405 . Memory (MB): peak = 1628.703 ; gain = 0.000
INFO: [Netlist 29-17] Analyzing 93 Unisim elements for replacement
INFO: [Netlist 29-28] Unisim Transformation completed in 0 CPU seconds
INFO: [Project 1-570] Preparing netlist for logic optimization
INFO: [Opt 31-138] Pushed 0 inverter(s) to 0 load pin(s).
Netlist sorting complete. Time (s): cpu = 00:00:00 ; elapsed = 00:00:00.004 . Memory (MB): peak = 1657.703 ; gain = 0.000
INFO: [Project 1-111] Unisim Transformation Summary:
  A total of 4 instances were transformed.
  BUFG => BUFGCE: 1 instance 
  IBUF => IBUF (IBUFCTRL, INBUF): 2 instances
  IBUFDS => IBUFDS (DIFFINBUF, IBUFCTRL): 1 instance 

INFO: [Common 17-83] Releasing license: Synthesis
250 Infos, 21 Warnings, 0 Critical Warnings and 0 Errors encountered.
synth_design completed successfully
synth_design: Time (s): cpu = 00:02:35 ; elapsed = 00:04:09 . Memory (MB): peak = 1657.703 ; gain = 657.098
INFO: [Common 17-1381] The checkpoint 'F:/RTDS_test_DDR4_64bit_batch_dev/RTDS_test_DDR4_64bit.runs/synth_1/TOP.dcp' has been generated.
INFO: [runtcl-4] Executing : report_utilization -file TOP_utilization_synth.rpt -pb TOP_utilization_synth.pb
INFO: [Common 17-206] Exiting Vivado at Sun Sep 20 19:29:36 2026...
[Sun Sep 20 19:29:49 2026] synth_1 finished
wait_on_run: Time (s): cpu = 00:00:01 ; elapsed = 00:05:21 . Memory (MB): peak = 1910.656 ; gain = 0.000
# set synth_status [get_property STATUS [get_runs synth_1]]
# set synth_progress [get_property PROGRESS [get_runs synth_1]]
# puts "RTDS_SYNTH_STATUS=$synth_status PROGRESS=$synth_progress"
RTDS_SYNTH_STATUS=synth_design Complete! PROGRESS=100%
# if {$synth_progress ne "100%" || ![string match "*Complete*" $synth_status]} {
#     error "RTDS_SYNTH_FAILED: $synth_status"
# }
# launch_runs impl_1 -to_step write_bitstream -jobs 4
INFO: [Vivado 12-4149] The synthesis checkpoint for IP 'F:/RTDS_test_DDR4_64bit_batch_dev/RTDS_test_DDR4_64bit.srcs/sources_1/ip/sys_mon/sys_mon.xci' is already up-to-date
INFO: [Vivado 12-4149] The synthesis checkpoint for IP 'F:/RTDS_test_DDR4_64bit_batch_dev/external_snapshot/fdma_aurora_brg/fdma_aurora_brg.srcs/sources_1 - loop_validate/ip/aurora_64b66b_0/aurora_64b66b_0.xci' is already up-to-date
INFO: [Vivado 12-4149] The synthesis checkpoint for IP 'F:/RTDS_test_DDR4_64bit_batch_dev/RTDS_test_DDR4_64bit.srcs/sources_1/ip/clk_wiz_0/clk_wiz_0.xci' is already up-to-date
[Sun Sep 20 19:30:56 2026] Launched impl_1...
Run output will be captured here: F:/RTDS_test_DDR4_64bit_batch_dev/RTDS_test_DDR4_64bit.runs/impl_1/runme.log
launch_runs: Time (s): cpu = 00:00:01 ; elapsed = 00:01:07 . Memory (MB): peak = 1910.656 ; gain = 0.000
# wait_on_run impl_1
[Sun Sep 20 19:30:56 2026] Waiting for impl_1 to finish...

*** Running vivado
    with args -log TOP.vdi -applog -m64 -product Vivado -messageDb vivado.pb -mode batch -source TOP.tcl -notrace



****** Vivado v2020.2 (64-bit)
  **** SW Build 3064766 on Wed Nov 18 09:12:45 MST 2020
  **** IP Build 3064653 on Wed Nov 18 14:17:31 MST 2020
    ** Copyright 1986-2020 Xilinx, Inc. All Rights Reserved.

source TOP.tcl -notrace
add_files: Time (s): cpu = 00:00:08 ; elapsed = 00:00:29 . Memory (MB): peak = 1000.168 ; gain = 0.000
Command: link_design -top TOP -part xcku040-ffva1156-2-i
Design is defaulting to srcset: sources_1
Design is defaulting to constrset: constrs_1
INFO: [Device 21-403] Loading part xcku040-ffva1156-2-i
INFO: [Project 1-454] Reading design checkpoint 'f:/aurora_8b10b_1p25g_design.gen/sources_1/ip/aurora_8b10b_1p25g/aurora_8b10b_1p25g.dcp' for cell 'U_AURORA_1G/aurora_i'
INFO: [Project 1-454] Reading design checkpoint 'f:/RTDS_test_DDR4_64bit_batch_dev/external_snapshot/fdma_aurora_brg/fdma_aurora_brg.gen/sources_1/ip/aurora_64b66b_0/aurora_64b66b_0.dcp' for cell 'u_aurora_64b66b_top/aurora_64b66b_0_exdes_inst/aurora_64b66b_0_block_i'
INFO: [Project 1-454] Reading design checkpoint 'f:/RTDS_test_DDR4_64bit_batch_dev/external_snapshot/fdma_aurora_brg/fdma_aurora_brg.gen/sources_1/ip/aurora_64b66b_0_reg_slice_2/aurora_64b66b_0_reg_slice_2.dcp' for cell 'u_aurora_64b66b_top/aurora_64b66b_0_exdes_inst/core_traffic.frame_chk_axi_to_ll_data_i/axis_reg_i'
INFO: [Project 1-454] Reading design checkpoint 'f:/RTDS_test_DDR4_64bit_batch_dev/external_snapshot/fdma_aurora_brg/fdma_aurora_brg.gen/sources_1/ip/aurora_64b66b_0_reg_slice_0/aurora_64b66b_0_reg_slice_0.dcp' for cell 'u_aurora_64b66b_top/aurora_64b66b_0_exdes_inst/core_traffic.frame_chk_axi_to_ll_data_i/axis_reg_ii'
INFO: [Project 1-454] Reading design checkpoint 'f:/RTDS_test_DDR4_64bit_batch_dev/RTDS_test_DDR4_64bit.srcs/sources_1/ip/clk_wiz_0/clk_wiz_0.dcp' for cell 'u_clk_gen/clk_wiz_0_inst'
INFO: [Project 1-454] Reading design checkpoint 'f:/RTDS_test_DDR4_64bit_batch_dev/RTDS_test_DDR4_64bit.srcs/sources_1/ip/ila_FDMA/ila_FDMA.dcp' for cell 'u_pcie/ila_FDMA_inst'
INFO: [Project 1-454] Reading design checkpoint 'f:/RTDS_test_DDR4_64bit_batch_dev/RTDS_test_DDR4_64bit.srcs/sources_1/bd/design_1/ip/design_1_CONV_DMA_0_0/design_1_CONV_DMA_0_0.dcp' for cell 'u_pcie/design_1_wrapper_inst/design_1_i/CONV_DMA_0'
INFO: [Project 1-454] Reading design checkpoint 'f:/RTDS_test_DDR4_64bit_batch_dev/RTDS_test_DDR4_64bit.srcs/sources_1/bd/design_1/ip/design_1_INFO_EXCH_0_0/design_1_INFO_EXCH_0_0.dcp' for cell 'u_pcie/design_1_wrapper_inst/design_1_i/INFO_EXCH_0'
INFO: [Project 1-454] Reading design checkpoint 'f:/RTDS_test_DDR4_64bit_batch_dev/RTDS_test_DDR4_64bit.srcs/sources_1/bd/design_1/ip/design_1_util_ds_buf_0/design_1_util_ds_buf_0.dcp' for cell 'u_pcie/design_1_wrapper_inst/design_1_i/util_ds_buf'
INFO: [Project 1-454] Reading design checkpoint 'f:/RTDS_test_DDR4_64bit_batch_dev/RTDS_test_DDR4_64bit.srcs/sources_1/bd/design_1/ip/design_1_xdma_0_0/design_1_xdma_0_0.dcp' for cell 'u_pcie/design_1_wrapper_inst/design_1_i/xdma_0'
INFO: [Project 1-454] Reading design checkpoint 'f:/RTDS_test_DDR4_64bit_batch_dev/RTDS_test_DDR4_64bit.srcs/sources_1/bd/design_1/ip/design_1_xbar_0/design_1_xbar_0.dcp' for cell 'u_pcie/design_1_wrapper_inst/design_1_i/axi_interconnect_0/xbar'
INFO: [Project 1-454] Reading design checkpoint 'f:/RTDS_test_DDR4_64bit_batch_dev/RTDS_test_DDR4_64bit.srcs/sources_1/bd/design_1/ip/design_1_auto_cc_0/design_1_auto_cc_0.dcp' for cell 'u_pcie/design_1_wrapper_inst/design_1_i/axi_interconnect_0/s01_couplers/auto_cc'
INFO: [Project 1-454] Reading design checkpoint 'f:/RTDS_test_DDR4_64bit_batch_dev/RTDS_test_DDR4_64bit.srcs/sources_1/bd/design_1/ip/design_1_auto_cc_1/design_1_auto_cc_1.dcp' for cell 'u_pcie/design_1_wrapper_inst/design_1_i/axi_interconnect_1/s00_couplers/auto_cc'
INFO: [Project 1-454] Reading design checkpoint 'f:/RTDS_test_DDR4_64bit_batch_dev/RTDS_test_DDR4_64bit.srcs/sources_1/ip/rtds_axi_clock_converter/rtds_axi_clock_converter.dcp' for cell 'u_pcie/u_rtds_ddr4_backend/u_axi_clock_converter'
INFO: [Project 1-454] Reading design checkpoint 'f:/RTDS_test_DDR4_64bit_batch_dev/RTDS_test_DDR4_64bit.srcs/sources_1/ip/rtds_ddr4_mig/rtds_ddr4_mig.dcp' for cell 'u_pcie/u_rtds_ddr4_backend/u_ddr4_mig'
INFO: [Project 1-454] Reading design checkpoint 'f:/RTDS_test_DDR4_64bit_batch_dev/RTDS_test_DDR4_64bit.srcs/sources_1/ip/ila_temp/ila_temp.dcp' for cell 'u_temp_rd/ila_temp_inst'
INFO: [Project 1-454] Reading design checkpoint 'f:/RTDS_test_DDR4_64bit_batch_dev/RTDS_test_DDR4_64bit.srcs/sources_1/ip/sys_mon/sys_mon.dcp' for cell 'u_temp_rd/sys_mon_inst'
Netlist sorting complete. Time (s): cpu = 00:00:04 ; elapsed = 00:00:04 . Memory (MB): peak = 1311.793 ; gain = 0.000
INFO: [Netlist 29-17] Analyzing 2043 Unisim elements for replacement
INFO: [Netlist 29-28] Unisim Transformation completed in 1 CPU seconds
INFO: [Project 1-479] Netlist was created with Vivado 2020.2
INFO: [Project 1-570] Preparing netlist for logic optimization
INFO: [Chipscope 16-324] Core: u_pcie/ila_FDMA_inst UUID: dbfac52f-6aad-50c0-82b7-35fd11508148 
INFO: [Chipscope 16-324] Core: u_pcie/u_rtds_ddr4_backend/u_ddr4_mig UUID: 947b7c90-f1c0-53d2-873b-e03c6fbc627c 
INFO: [Chipscope 16-324] Core: u_temp_rd/ila_temp_inst UUID: f764fd9b-5a2a-50e5-9a36-6d20613a5bd5 
Parsing XDC File [f:/RTDS_test_DDR4_64bit_batch_dev/RTDS_test_DDR4_64bit.srcs/sources_1/ip/sys_mon/sys_mon_board.xdc] for cell 'u_temp_rd/sys_mon_inst/inst'
Finished Parsing XDC File [f:/RTDS_test_DDR4_64bit_batch_dev/RTDS_test_DDR4_64bit.srcs/sources_1/ip/sys_mon/sys_mon_board.xdc] for cell 'u_temp_rd/sys_mon_inst/inst'
Parsing XDC File [f:/RTDS_test_DDR4_64bit_batch_dev/RTDS_test_DDR4_64bit.srcs/sources_1/ip/sys_mon/sys_mon.xdc] for cell 'u_temp_rd/sys_mon_inst/inst'
Finished Parsing XDC File [f:/RTDS_test_DDR4_64bit_batch_dev/RTDS_test_DDR4_64bit.srcs/sources_1/ip/sys_mon/sys_mon.xdc] for cell 'u_temp_rd/sys_mon_inst/inst'
Parsing XDC File [f:/RTDS_test_DDR4_64bit_batch_dev/RTDS_test_DDR4_64bit.srcs/sources_1/bd/design_1/ip/design_1_xdma_0_0/ip_0/ip_0/synth/design_1_xdma_0_0_pcie3_ip_gt.xdc] for cell 'u_pcie/design_1_wrapper_inst/design_1_i/xdma_0/inst/pcie3_ip_i/inst/design_1_xdma_0_0_pcie3_ip_gt_top_i/gt_wizard.gtwizard_top_i/design_1_xdma_0_0_pcie3_ip_gt_i/inst'
Finished Parsing XDC File [f:/RTDS_test_DDR4_64bit_batch_dev/RTDS_test_DDR4_64bit.srcs/sources_1/bd/design_1/ip/design_1_xdma_0_0/ip_0/ip_0/synth/design_1_xdma_0_0_pcie3_ip_gt.xdc] for cell 'u_pcie/design_1_wrapper_inst/design_1_i/xdma_0/inst/pcie3_ip_i/inst/design_1_xdma_0_0_pcie3_ip_gt_top_i/gt_wizard.gtwizard_top_i/design_1_xdma_0_0_pcie3_ip_gt_i/inst'
Parsing XDC File [f:/RTDS_test_DDR4_64bit_batch_dev/RTDS_test_DDR4_64bit.srcs/sources_1/bd/design_1/ip/design_1_xdma_0_0/ip_0/source/design_1_xdma_0_0_pcie3_ip-PCIE_X0Y0.xdc] for cell 'u_pcie/design_1_wrapper_inst/design_1_i/xdma_0/inst/pcie3_ip_i/inst'
WARNING: [Vivado_Tcl 4-921] Waiver ID 'CDC-1' -to list should not be empty. [f:/RTDS_test_DDR4_64bit_batch_dev/RTDS_test_DDR4_64bit.srcs/sources_1/bd/design_1/ip/design_1_xdma_0_0/ip_0/source/design_1_xdma_0_0_pcie3_ip-PCIE_X0Y0.xdc:203]
Finished Parsing XDC File [f:/RTDS_test_DDR4_64bit_batch_dev/RTDS_test_DDR4_64bit.srcs/sources_1/bd/design_1/ip/design_1_xdma_0_0/ip_0/source/design_1_xdma_0_0_pcie3_ip-PCIE_X0Y0.xdc] for cell 'u_pcie/design_1_wrapper_inst/design_1_i/xdma_0/inst/pcie3_ip_i/inst'
Parsing XDC File [f:/RTDS_test_DDR4_64bit_batch_dev/RTDS_test_DDR4_64bit.srcs/sources_1/bd/design_1/ip/design_1_xdma_0_0/design_1_xdma_0_0_board.xdc] for cell 'u_pcie/design_1_wrapper_inst/design_1_i/xdma_0/inst'
Finished Parsing XDC File [f:/RTDS_test_DDR4_64bit_batch_dev/RTDS_test_DDR4_64bit.srcs/sources_1/bd/design_1/ip/design_1_xdma_0_0/design_1_xdma_0_0_board.xdc] for cell 'u_pcie/design_1_wrapper_inst/design_1_i/xdma_0/inst'
Parsing XDC File [f:/RTDS_test_DDR4_64bit_batch_dev/RTDS_test_DDR4_64bit.srcs/sources_1/bd/design_1/ip/design_1_xdma_0_0/source/design_1_xdma_0_0_pcie3_us_ip.xdc] for cell 'u_pcie/design_1_wrapper_inst/design_1_i/xdma_0/inst'
Finished Parsing XDC File [f:/RTDS_test_DDR4_64bit_batch_dev/RTDS_test_DDR4_64bit.srcs/sources_1/bd/design_1/ip/design_1_xdma_0_0/source/design_1_xdma_0_0_pcie3_us_ip.xdc] for cell 'u_pcie/design_1_wrapper_inst/design_1_i/xdma_0/inst'
Parsing XDC File [f:/RTDS_test_DDR4_64bit_batch_dev/RTDS_test_DDR4_64bit.srcs/sources_1/bd/design_1/ip/design_1_util_ds_buf_0/design_1_util_ds_buf_0_board.xdc] for cell 'u_pcie/design_1_wrapper_inst/design_1_i/util_ds_buf/U0'
Finished Parsing XDC File [f:/RTDS_test_DDR4_64bit_batch_dev/RTDS_test_DDR4_64bit.srcs/sources_1/bd/design_1/ip/design_1_util_ds_buf_0/design_1_util_ds_buf_0_board.xdc] for cell 'u_pcie/design_1_wrapper_inst/design_1_i/util_ds_buf/U0'
Parsing XDC File [f:/RTDS_test_DDR4_64bit_batch_dev/external_snapshot/fdma_aurora_brg/fdma_aurora_brg.gen/sources_1/ip/aurora_64b66b_0/ip_1/aurora_64b66b_0_fifo_gen_master.xdc] for cell 'u_aurora_64b66b_top/aurora_64b66b_0_exdes_inst/aurora_64b66b_0_block_i/inst/aurora_64b66b_0_core_i/aurora_64b66b_0_wrapper_i/cbcc_gtx0_i/master_fifo.data_fifo/U0'
Finished Parsing XDC File [f:/RTDS_test_DDR4_64bit_batch_dev/external_snapshot/fdma_aurora_brg/fdma_aurora_brg.gen/sources_1/ip/aurora_64b66b_0/ip_1/aurora_64b66b_0_fifo_gen_master.xdc] for cell 'u_aurora_64b66b_top/aurora_64b66b_0_exdes_inst/aurora_64b66b_0_block_i/inst/aurora_64b66b_0_core_i/aurora_64b66b_0_wrapper_i/cbcc_gtx0_i/master_fifo.data_fifo/U0'
Parsing XDC File [f:/RTDS_test_DDR4_64bit_batch_dev/external_snapshot/fdma_aurora_brg/fdma_aurora_brg.gen/sources_1/ip/aurora_64b66b_0/ip_0/synth/aurora_64b66b_0_gt.xdc] for cell 'u_aurora_64b66b_top/aurora_64b66b_0_exdes_inst/aurora_64b66b_0_block_i/inst/aurora_64b66b_0_core_i/aurora_64b66b_0_wrapper_i/aurora_64b66b_0_multi_gt_i/aurora_64b66b_0_gt_i/inst'
Finished Parsing XDC File [f:/RTDS_test_DDR4_64bit_batch_dev/external_snapshot/fdma_aurora_brg/fdma_aurora_brg.gen/sources_1/ip/aurora_64b66b_0/ip_0/synth/aurora_64b66b_0_gt.xdc] for cell 'u_aurora_64b66b_top/aurora_64b66b_0_exdes_inst/aurora_64b66b_0_block_i/inst/aurora_64b66b_0_core_i/aurora_64b66b_0_wrapper_i/aurora_64b66b_0_multi_gt_i/aurora_64b66b_0_gt_i/inst'
Parsing XDC File [f:/RTDS_test_DDR4_64bit_batch_dev/external_snapshot/fdma_aurora_brg/fdma_aurora_brg.gen/sources_1/ip/aurora_64b66b_0/aurora_64b66b_0.xdc] for cell 'u_aurora_64b66b_top/aurora_64b66b_0_exdes_inst/aurora_64b66b_0_block_i/inst'
Finished Parsing XDC File [f:/RTDS_test_DDR4_64bit_batch_dev/external_snapshot/fdma_aurora_brg/fdma_aurora_brg.gen/sources_1/ip/aurora_64b66b_0/aurora_64b66b_0.xdc] for cell 'u_aurora_64b66b_top/aurora_64b66b_0_exdes_inst/aurora_64b66b_0_block_i/inst'
Parsing XDC File [f:/RTDS_test_DDR4_64bit_batch_dev/RTDS_test_DDR4_64bit.srcs/sources_1/ip/clk_wiz_0/clk_wiz_0_board.xdc] for cell 'u_clk_gen/clk_wiz_0_inst/inst'
Finished Parsing XDC File [f:/RTDS_test_DDR4_64bit_batch_dev/RTDS_test_DDR4_64bit.srcs/sources_1/ip/clk_wiz_0/clk_wiz_0_board.xdc] for cell 'u_clk_gen/clk_wiz_0_inst/inst'
Parsing XDC File [f:/RTDS_test_DDR4_64bit_batch_dev/RTDS_test_DDR4_64bit.srcs/sources_1/ip/clk_wiz_0/clk_wiz_0.xdc] for cell 'u_clk_gen/clk_wiz_0_inst/inst'
Finished Parsing XDC File [f:/RTDS_test_DDR4_64bit_batch_dev/RTDS_test_DDR4_64bit.srcs/sources_1/ip/clk_wiz_0/clk_wiz_0.xdc] for cell 'u_clk_gen/clk_wiz_0_inst/inst'
Parsing XDC File [f:/RTDS_test_DDR4_64bit_batch_dev/RTDS_test_DDR4_64bit.srcs/sources_1/ip/ila_FDMA/ila_v6_2/constraints/ila_impl.xdc] for cell 'u_pcie/ila_FDMA_inst/inst'
Finished Parsing XDC File [f:/RTDS_test_DDR4_64bit_batch_dev/RTDS_test_DDR4_64bit.srcs/sources_1/ip/ila_FDMA/ila_v6_2/constraints/ila_impl.xdc] for cell 'u_pcie/ila_FDMA_inst/inst'
Parsing XDC File [f:/RTDS_test_DDR4_64bit_batch_dev/RTDS_test_DDR4_64bit.srcs/sources_1/ip/ila_FDMA/ila_v6_2/constraints/ila.xdc] for cell 'u_pcie/ila_FDMA_inst/inst'
Finished Parsing XDC File [f:/RTDS_test_DDR4_64bit_batch_dev/RTDS_test_DDR4_64bit.srcs/sources_1/ip/ila_FDMA/ila_v6_2/constraints/ila.xdc] for cell 'u_pcie/ila_FDMA_inst/inst'
Parsing XDC File [f:/RTDS_test_DDR4_64bit_batch_dev/RTDS_test_DDR4_64bit.srcs/sources_1/ip/ila_temp/ila_v6_2/constraints/ila_impl.xdc] for cell 'u_temp_rd/ila_temp_inst/inst'
Finished Parsing XDC File [f:/RTDS_test_DDR4_64bit_batch_dev/RTDS_test_DDR4_64bit.srcs/sources_1/ip/ila_temp/ila_v6_2/constraints/ila_impl.xdc] for cell 'u_temp_rd/ila_temp_inst/inst'
Parsing XDC File [f:/RTDS_test_DDR4_64bit_batch_dev/RTDS_test_DDR4_64bit.srcs/sources_1/ip/ila_temp/ila_v6_2/constraints/ila.xdc] for cell 'u_temp_rd/ila_temp_inst/inst'
Finished Parsing XDC File [f:/RTDS_test_DDR4_64bit_batch_dev/RTDS_test_DDR4_64bit.srcs/sources_1/ip/ila_temp/ila_v6_2/constraints/ila.xdc] for cell 'u_temp_rd/ila_temp_inst/inst'
Parsing XDC File [f:/aurora_8b10b_1p25g_design.gen/sources_1/ip/aurora_8b10b_1p25g/ip_0/synth/aurora_8b10b_1p25g_gt.xdc] for cell 'U_AURORA_1G/aurora_i/inst/aurora_8b10b_1p25g_core_i/gt_wrapper_i/aurora_8b10b_1p25g_gt_i/inst'
Finished Parsing XDC File [f:/aurora_8b10b_1p25g_design.gen/sources_1/ip/aurora_8b10b_1p25g/ip_0/synth/aurora_8b10b_1p25g_gt.xdc] for cell 'U_AURORA_1G/aurora_i/inst/aurora_8b10b_1p25g_core_i/gt_wrapper_i/aurora_8b10b_1p25g_gt_i/inst'
Parsing XDC File [f:/aurora_8b10b_1p25g_design.gen/sources_1/ip/aurora_8b10b_1p25g/aurora_8b10b_1p25g.xdc] for cell 'U_AURORA_1G/aurora_i/inst'
Finished Parsing XDC File [f:/aurora_8b10b_1p25g_design.gen/sources_1/ip/aurora_8b10b_1p25g/aurora_8b10b_1p25g.xdc] for cell 'U_AURORA_1G/aurora_i/inst'
Parsing XDC File [f:/RTDS_test_DDR4_64bit_batch_dev/RTDS_test_DDR4_64bit.srcs/sources_1/ip/rtds_ddr4_mig/bd_0/ip/ip_0/bd_6edb_microblaze_I_0.xdc] for cell 'u_pcie/u_rtds_ddr4_backend/u_ddr4_mig/inst/u_ddr4_mem_intfc/u_ddr_cal_riu/mcs0/inst/microblaze_I/U0'
Finished Parsing XDC File [f:/RTDS_test_DDR4_64bit_batch_dev/RTDS_test_DDR4_64bit.srcs/sources_1/ip/rtds_ddr4_mig/bd_0/ip/ip_0/bd_6edb_microblaze_I_0.xdc] for cell 'u_pcie/u_rtds_ddr4_backend/u_ddr4_mig/inst/u_ddr4_mem_intfc/u_ddr_cal_riu/mcs0/inst/microblaze_I/U0'
Parsing XDC File [f:/RTDS_test_DDR4_64bit_batch_dev/RTDS_test_DDR4_64bit.srcs/sources_1/ip/rtds_ddr4_mig/bd_0/ip/ip_1/bd_6edb_rst_0_0_board.xdc] for cell 'u_pcie/u_rtds_ddr4_backend/u_ddr4_mig/inst/u_ddr4_mem_intfc/u_ddr_cal_riu/mcs0/inst/rst_0/U0'
Finished Parsing XDC File [f:/RTDS_test_DDR4_64bit_batch_dev/RTDS_test_DDR4_64bit.srcs/sources_1/ip/rtds_ddr4_mig/bd_0/ip/ip_1/bd_6edb_rst_0_0_board.xdc] for cell 'u_pcie/u_rtds_ddr4_backend/u_ddr4_mig/inst/u_ddr4_mem_intfc/u_ddr_cal_riu/mcs0/inst/rst_0/U0'
Parsing XDC File [f:/RTDS_test_DDR4_64bit_batch_dev/RTDS_test_DDR4_64bit.srcs/sources_1/ip/rtds_ddr4_mig/bd_0/ip/ip_1/bd_6edb_rst_0_0.xdc] for cell 'u_pcie/u_rtds_ddr4_backend/u_ddr4_mig/inst/u_ddr4_mem_intfc/u_ddr_cal_riu/mcs0/inst/rst_0/U0'
Finished Parsing XDC File [f:/RTDS_test_DDR4_64bit_batch_dev/RTDS_test_DDR4_64bit.srcs/sources_1/ip/rtds_ddr4_mig/bd_0/ip/ip_1/bd_6edb_rst_0_0.xdc] for cell 'u_pcie/u_rtds_ddr4_backend/u_ddr4_mig/inst/u_ddr4_mem_intfc/u_ddr_cal_riu/mcs0/inst/rst_0/U0'
Parsing XDC File [f:/RTDS_test_DDR4_64bit_batch_dev/RTDS_test_DDR4_64bit.srcs/sources_1/ip/rtds_ddr4_mig/bd_0/ip/ip_2/bd_6edb_ilmb_0.xdc] for cell 'u_pcie/u_rtds_ddr4_backend/u_ddr4_mig/inst/u_ddr4_mem_intfc/u_ddr_cal_riu/mcs0/inst/ilmb/U0'
Finished Parsing XDC File [f:/RTDS_test_DDR4_64bit_batch_dev/RTDS_test_DDR4_64bit.srcs/sources_1/ip/rtds_ddr4_mig/bd_0/ip/ip_2/bd_6edb_ilmb_0.xdc] for cell 'u_pcie/u_rtds_ddr4_backend/u_ddr4_mig/inst/u_ddr4_mem_intfc/u_ddr_cal_riu/mcs0/inst/ilmb/U0'
Parsing XDC File [f:/RTDS_test_DDR4_64bit_batch_dev/RTDS_test_DDR4_64bit.srcs/sources_1/ip/rtds_ddr4_mig/bd_0/ip/ip_3/bd_6edb_dlmb_0.xdc] for cell 'u_pcie/u_rtds_ddr4_backend/u_ddr4_mig/inst/u_ddr4_mem_intfc/u_ddr_cal_riu/mcs0/inst/dlmb/U0'
Finished Parsing XDC File [f:/RTDS_test_DDR4_64bit_batch_dev/RTDS_test_DDR4_64bit.srcs/sources_1/ip/rtds_ddr4_mig/bd_0/ip/ip_3/bd_6edb_dlmb_0.xdc] for cell 'u_pcie/u_rtds_ddr4_backend/u_ddr4_mig/inst/u_ddr4_mem_intfc/u_ddr_cal_riu/mcs0/inst/dlmb/U0'
Parsing XDC File [f:/RTDS_test_DDR4_64bit_batch_dev/RTDS_test_DDR4_64bit.srcs/sources_1/ip/rtds_ddr4_mig/bd_0/ip/ip_10/bd_6edb_iomodule_0_0_board.xdc] for cell 'u_pcie/u_rtds_ddr4_backend/u_ddr4_mig/inst/u_ddr4_mem_intfc/u_ddr_cal_riu/mcs0/inst/iomodule_0/U0'
Finished Parsing XDC File [f:/RTDS_test_DDR4_64bit_batch_dev/RTDS_test_DDR4_64bit.srcs/sources_1/ip/rtds_ddr4_mig/bd_0/ip/ip_10/bd_6edb_iomodule_0_0_board.xdc] for cell 'u_pcie/u_rtds_ddr4_backend/u_ddr4_mig/inst/u_ddr4_mem_intfc/u_ddr_cal_riu/mcs0/inst/iomodule_0/U0'
Parsing XDC File [f:/RTDS_test_DDR4_64bit_batch_dev/RTDS_test_DDR4_64bit.srcs/sources_1/ip/rtds_ddr4_mig/ip_0/rtds_ddr4_mig_microblaze_mcs_board.xdc] for cell 'u_pcie/u_rtds_ddr4_backend/u_ddr4_mig/inst/u_ddr4_mem_intfc/u_ddr_cal_riu/mcs0/inst'
Finished Parsing XDC File [f:/RTDS_test_DDR4_64bit_batch_dev/RTDS_test_DDR4_64bit.srcs/sources_1/ip/rtds_ddr4_mig/ip_0/rtds_ddr4_mig_microblaze_mcs_board.xdc] for cell 'u_pcie/u_rtds_ddr4_backend/u_ddr4_mig/inst/u_ddr4_mem_intfc/u_ddr_cal_riu/mcs0/inst'
Parsing XDC File [f:/RTDS_test_DDR4_64bit_batch_dev/RTDS_test_DDR4_64bit.srcs/sources_1/ip/rtds_ddr4_mig/par/rtds_ddr4_mig.xdc] for cell 'u_pcie/u_rtds_ddr4_backend/u_ddr4_mig/inst'
Finished Parsing XDC File [f:/RTDS_test_DDR4_64bit_batch_dev/RTDS_test_DDR4_64bit.srcs/sources_1/ip/rtds_ddr4_mig/par/rtds_ddr4_mig.xdc] for cell 'u_pcie/u_rtds_ddr4_backend/u_ddr4_mig/inst'
Parsing XDC File [F:/RTDS_test_DDR4_64bit_batch_dev/RTDS_test_DDR4_64bit.srcs/constrs_1/new/DDR4_PIN.xdc]
Finished Parsing XDC File [F:/RTDS_test_DDR4_64bit_batch_dev/RTDS_test_DDR4_64bit.srcs/constrs_1/new/DDR4_PIN.xdc]
Parsing XDC File [F:/RTDS_test_DDR4_64bit_batch_dev/rtl/aurora1g_board.xdc]
Finished Parsing XDC File [F:/RTDS_test_DDR4_64bit_batch_dev/rtl/aurora1g_board.xdc]
INFO: [Project 1-538] Using original IP XDC constraints instead of the XDC constraints in dcp 'f:/aurora_8b10b_1p25g_design.gen/sources_1/ip/aurora_8b10b_1p25g/aurora_8b10b_1p25g.dcp'
Parsing XDC File [f:/RTDS_test_DDR4_64bit_batch_dev/RTDS_test_DDR4_64bit.srcs/sources_1/bd/design_1/ip/design_1_auto_cc_0/design_1_auto_cc_0_clocks.xdc] for cell 'u_pcie/design_1_wrapper_inst/design_1_i/axi_interconnect_0/s01_couplers/auto_cc/inst'
INFO: [Timing 38-35] Done setting XDC timing constraints. [f:/RTDS_test_DDR4_64bit_batch_dev/RTDS_test_DDR4_64bit.srcs/sources_1/bd/design_1/ip/design_1_auto_cc_0/design_1_auto_cc_0_clocks.xdc:16]
INFO: [Timing 38-2] Deriving generated clocks [f:/RTDS_test_DDR4_64bit_batch_dev/RTDS_test_DDR4_64bit.srcs/sources_1/bd/design_1/ip/design_1_auto_cc_0/design_1_auto_cc_0_clocks.xdc:16]
all_fanout: Time (s): cpu = 00:00:13 ; elapsed = 00:00:17 . Memory (MB): peak = 1859.809 ; gain = 331.895
Finished Parsing XDC File [f:/RTDS_test_DDR4_64bit_batch_dev/RTDS_test_DDR4_64bit.srcs/sources_1/bd/design_1/ip/design_1_auto_cc_0/design_1_auto_cc_0_clocks.xdc] for cell 'u_pcie/design_1_wrapper_inst/design_1_i/axi_interconnect_0/s01_couplers/auto_cc/inst'
Parsing XDC File [f:/RTDS_test_DDR4_64bit_batch_dev/RTDS_test_DDR4_64bit.srcs/sources_1/bd/design_1/ip/design_1_auto_cc_1/design_1_auto_cc_1_clocks.xdc] for cell 'u_pcie/design_1_wrapper_inst/design_1_i/axi_interconnect_1/s00_couplers/auto_cc/inst'
WARNING: [Vivado_Tcl 4-921] Waiver ID 'CDC-10' -to list should not be empty. [f:/RTDS_test_DDR4_64bit_batch_dev/RTDS_test_DDR4_64bit.srcs/sources_1/bd/design_1/ip/design_1_auto_cc_1/design_1_auto_cc_1_clocks.xdc:7]
WARNING: [Vivado_Tcl 4-921] Waiver ID 'CDC-11' -to list should not be empty. [f:/RTDS_test_DDR4_64bit_batch_dev/RTDS_test_DDR4_64bit.srcs/sources_1/bd/design_1/ip/design_1_auto_cc_1/design_1_auto_cc_1_clocks.xdc:10]
WARNING: [Vivado_Tcl 4-921] Waiver ID 'CDC-15' -to list should not be empty. [f:/RTDS_test_DDR4_64bit_batch_dev/RTDS_test_DDR4_64bit.srcs/sources_1/bd/design_1/ip/design_1_auto_cc_1/design_1_auto_cc_1_clocks.xdc:13]
WARNING: [Vivado_Tcl 4-939] Waiver ID 'LUTAR-1' object list should not be empty (perhaps an invalid wildcard was used or only unsupported objects). [f:/RTDS_test_DDR4_64bit_batch_dev/RTDS_test_DDR4_64bit.srcs/sources_1/bd/design_1/ip/design_1_auto_cc_1/design_1_auto_cc_1_clocks.xdc:17]
Finished Parsing XDC File [f:/RTDS_test_DDR4_64bit_batch_dev/RTDS_test_DDR4_64bit.srcs/sources_1/bd/design_1/ip/design_1_auto_cc_1/design_1_auto_cc_1_clocks.xdc] for cell 'u_pcie/design_1_wrapper_inst/design_1_i/axi_interconnect_1/s00_couplers/auto_cc/inst'
Parsing XDC File [f:/RTDS_test_DDR4_64bit_batch_dev/external_snapshot/fdma_aurora_brg/fdma_aurora_brg.gen/sources_1/ip/aurora_64b66b_0/ip_1/aurora_64b66b_0_fifo_gen_master_clocks.xdc] for cell 'u_aurora_64b66b_top/aurora_64b66b_0_exdes_inst/aurora_64b66b_0_block_i/inst/aurora_64b66b_0_core_i/aurora_64b66b_0_wrapper_i/cbcc_gtx0_i/master_fifo.data_fifo/U0'
Finished Parsing XDC File [f:/RTDS_test_DDR4_64bit_batch_dev/external_snapshot/fdma_aurora_brg/fdma_aurora_brg.gen/sources_1/ip/aurora_64b66b_0/ip_1/aurora_64b66b_0_fifo_gen_master_clocks.xdc] for cell 'u_aurora_64b66b_top/aurora_64b66b_0_exdes_inst/aurora_64b66b_0_block_i/inst/aurora_64b66b_0_core_i/aurora_64b66b_0_wrapper_i/cbcc_gtx0_i/master_fifo.data_fifo/U0'
Parsing XDC File [f:/RTDS_test_DDR4_64bit_batch_dev/external_snapshot/fdma_aurora_brg/fdma_aurora_brg.gen/sources_1/ip/aurora_64b66b_0/aurora_64b66b_0_clocks.xdc] for cell 'u_aurora_64b66b_top/aurora_64b66b_0_exdes_inst/aurora_64b66b_0_block_i/inst'
Finished Parsing XDC File [f:/RTDS_test_DDR4_64bit_batch_dev/external_snapshot/fdma_aurora_brg/fdma_aurora_brg.gen/sources_1/ip/aurora_64b66b_0/aurora_64b66b_0_clocks.xdc] for cell 'u_aurora_64b66b_top/aurora_64b66b_0_exdes_inst/aurora_64b66b_0_block_i/inst'
Parsing XDC File [f:/RTDS_test_DDR4_64bit_batch_dev/RTDS_test_DDR4_64bit.srcs/sources_1/ip/clk_wiz_0/clk_wiz_0_late.xdc] for cell 'u_clk_gen/clk_wiz_0_inst/inst'
Finished Parsing XDC File [f:/RTDS_test_DDR4_64bit_batch_dev/RTDS_test_DDR4_64bit.srcs/sources_1/ip/clk_wiz_0/clk_wiz_0_late.xdc] for cell 'u_clk_gen/clk_wiz_0_inst/inst'
Parsing XDC File [f:/aurora_8b10b_1p25g_design.gen/sources_1/ip/aurora_8b10b_1p25g/aurora_8b10b_1p25g_clocks.xdc] for cell 'U_AURORA_1G/aurora_i/inst'
Finished Parsing XDC File [f:/aurora_8b10b_1p25g_design.gen/sources_1/ip/aurora_8b10b_1p25g/aurora_8b10b_1p25g_clocks.xdc] for cell 'U_AURORA_1G/aurora_i/inst'
Parsing XDC File [f:/RTDS_test_DDR4_64bit_batch_dev/external_snapshot/fdma_aurora_brg/fdma_aurora_brg.gen/sources_1/ip/aurora_64b66b_0_reg_slice_2/aurora_64b66b_0_reg_slice_2_clocks.xdc] for cell 'u_aurora_64b66b_top/aurora_64b66b_0_exdes_inst/core_traffic.frame_chk_axi_to_ll_data_i/axis_reg_i/inst'
Finished Parsing XDC File [f:/RTDS_test_DDR4_64bit_batch_dev/external_snapshot/fdma_aurora_brg/fdma_aurora_brg.gen/sources_1/ip/aurora_64b66b_0_reg_slice_2/aurora_64b66b_0_reg_slice_2_clocks.xdc] for cell 'u_aurora_64b66b_top/aurora_64b66b_0_exdes_inst/core_traffic.frame_chk_axi_to_ll_data_i/axis_reg_i/inst'
Parsing XDC File [f:/RTDS_test_DDR4_64bit_batch_dev/external_snapshot/fdma_aurora_brg/fdma_aurora_brg.gen/sources_1/ip/aurora_64b66b_0_reg_slice_0/aurora_64b66b_0_reg_slice_0_clocks.xdc] for cell 'u_aurora_64b66b_top/aurora_64b66b_0_exdes_inst/core_traffic.frame_chk_axi_to_ll_data_i/axis_reg_ii/inst'
Finished Parsing XDC File [f:/RTDS_test_DDR4_64bit_batch_dev/external_snapshot/fdma_aurora_brg/fdma_aurora_brg.gen/sources_1/ip/aurora_64b66b_0_reg_slice_0/aurora_64b66b_0_reg_slice_0_clocks.xdc] for cell 'u_aurora_64b66b_top/aurora_64b66b_0_exdes_inst/core_traffic.frame_chk_axi_to_ll_data_i/axis_reg_ii/inst'
Parsing XDC File [f:/RTDS_test_DDR4_64bit_batch_dev/external_snapshot/fdma_aurora_brg/fdma_aurora_brg.gen/sources_1/ip/aurora_64b66b_0_reg_slice_0/aurora_64b66b_0_reg_slice_0_clocks.xdc] for cell 'u_aurora_64b66b_top/aurora_64b66b_0_exdes_inst/core_traffic.frame_gen_ll_to_axi_data_i/axis_reg_i/inst'
Finished Parsing XDC File [f:/RTDS_test_DDR4_64bit_batch_dev/external_snapshot/fdma_aurora_brg/fdma_aurora_brg.gen/sources_1/ip/aurora_64b66b_0_reg_slice_0/aurora_64b66b_0_reg_slice_0_clocks.xdc] for cell 'u_aurora_64b66b_top/aurora_64b66b_0_exdes_inst/core_traffic.frame_gen_ll_to_axi_data_i/axis_reg_i/inst'
Parsing XDC File [f:/RTDS_test_DDR4_64bit_batch_dev/RTDS_test_DDR4_64bit.srcs/sources_1/ip/rtds_axi_clock_converter/rtds_axi_clock_converter_clocks.xdc] for cell 'u_pcie/u_rtds_ddr4_backend/u_axi_clock_converter/inst'
Finished Parsing XDC File [f:/RTDS_test_DDR4_64bit_batch_dev/RTDS_test_DDR4_64bit.srcs/sources_1/ip/rtds_axi_clock_converter/rtds_axi_clock_converter_clocks.xdc] for cell 'u_pcie/u_rtds_ddr4_backend/u_axi_clock_converter/inst'
Parsing XDC File [f:/RTDS_test_DDR4_64bit_batch_dev/RTDS_test_DDR4_64bit.srcs/sources_1/ip/rtds_ddr4_mig/rtds_ddr4_mig_board.xdc] for cell 'u_pcie/u_rtds_ddr4_backend/u_ddr4_mig/inst'
Finished Parsing XDC File [f:/RTDS_test_DDR4_64bit_batch_dev/RTDS_test_DDR4_64bit.srcs/sources_1/ip/rtds_ddr4_mig/rtds_ddr4_mig_board.xdc] for cell 'u_pcie/u_rtds_ddr4_backend/u_ddr4_mig/inst'
INFO: [Project 1-1715] 6 XPM XDC files have been applied to the design.
INFO: [Opt 31-138] Pushed 0 inverter(s) to 0 load pin(s).
Generating merged BMM file for the design top 'TOP'...
INFO: [Memdata 28-144] Successfully populated the BRAM INIT strings from the following elf files: f:/RTDS_test_DDR4_64bit_batch_dev/RTDS_test_DDR4_64bit.srcs/sources_1/ip/rtds_ddr4_mig/sw/calibration_0/Debug/calibration_ddr.elf 
INFO: [Project 1-1687] 4 scoped IP constraints or related sub-commands were skipped due to synthesis logic optimizations usually triggered by constant connectivity or unconnected output pins. To review the skipped constraints and messages, run the command 'set_param netlist.IPMsgFiltering false' before opening the design.
Netlist sorting complete. Time (s): cpu = 00:00:00 ; elapsed = 00:00:00.062 . Memory (MB): peak = 1864.562 ; gain = 0.000
INFO: [Project 1-111] Unisim Transformation Summary:
  A total of 865 instances were transformed.
  CFGLUT5 => CFGLUT5 (SRL16E, SRLC32E): 244 instances
  DSP48E1 => DSP48E2 (DSP_ALU, DSP_A_B_DATA, DSP_C_DATA, DSP_MULTIPLIER, DSP_M_DATA, DSP_OUTPUT, DSP_PREADD, DSP_PREADD_DATA): 3 instances
  IBUF => IBUF (IBUFCTRL, INBUF): 1 instance 
  IBUF => IBUF_ANALOG: 1 instance 
  IBUFDS => IBUFDS (DIFFINBUF, IBUFCTRL): 1 instance 
  IOBUFDS => IOBUFDS (DIFFINBUF, IBUFCTRL, INV, OBUFT(x2)): 8 instances
  IOBUFE3 => IOBUFE3 (IBUFCTRL, INBUF, OBUFT_DCIEN): 72 instances
  LUT6_2 => LUT6_2 (LUT5, LUT6): 31 instances
  OBUFDS => OBUFDS_DUAL_BUF (INV, OBUF(x2)): 1 instance 
  RAM16X1D => RAM32X1D (RAMD32(x2)): 20 instances
  RAM32M => RAM32M (RAMD32(x6), RAMS32(x2)): 204 instances
  RAM32M16 => RAM32M16 (RAMD32(x14), RAMS32(x2)): 260 instances
  RAM32X1D => RAM32X1D (RAMD32(x2)): 10 instances
  RAM64X1S => RAM64X1S (RAMS64E): 9 instances

33 Infos, 5 Warnings, 0 Critical Warnings and 0 Errors encountered.
link_design completed successfully
link_design: Time (s): cpu = 00:01:58 ; elapsed = 00:03:09 . Memory (MB): peak = 1864.562 ; gain = 864.395
Command: opt_design
Attempting to get a license for feature 'Implementation' and/or device 'xcku040'
INFO: [Common 17-349] Got license for feature 'Implementation' and/or device 'xcku040'
Running DRC as a precondition to command opt_design

Starting DRC Task
INFO: [DRC 23-27] Running DRC with 2 threads
INFO: [Project 1-461] DRC finished with 0 Errors
INFO: [Project 1-462] Please refer to the DRC report (report_drc) for more information.

Time (s): cpu = 00:00:07 ; elapsed = 00:00:07 . Memory (MB): peak = 1864.562 ; gain = 0.000

Starting Cache Timing Information Task
INFO: [Timing 38-35] Done setting XDC timing constraints.
Ending Cache Timing Information Task | Checksum: bc101f71

Time (s): cpu = 00:00:12 ; elapsed = 00:00:08 . Memory (MB): peak = 1864.562 ; gain = 0.000

Starting Logic Optimization Task

Phase 1 Generate And Synthesize MIG Cores
ERROR: [Mig 66-99] Memory Core Error - [u_pcie/u_rtds_ddr4_backend/u_ddr4_mig] Either port(s) c0_sys_clk_p, c0_sys_clk_n is/are not placed or un-supported clocking structure/circuit for memory ip instance. Please refer to clocking section of PG150 for supported clocking structures. 
Phase 1 Generate And Synthesize MIG Cores | Checksum: bc101f71

Time (s): cpu = 00:00:01 ; elapsed = 00:00:03 . Memory (MB): peak = 2124.141 ; gain = 24.078
INFO: [Common 17-83] Releasing license: Implementation
39 Infos, 5 Warnings, 0 Critical Warnings and 2 Errors encountered.
opt_design failed
ERROR: [Opt 31-306] MIG Core Generation Failed.
INFO: [Common 17-206] Exiting Vivado at Sun Sep 20 19:36:30 2026...
[Sun Sep 20 19:36:34 2026] impl_1 finished
WARNING: [Vivado 12-8222] Failed run(s) : 'impl_1'
wait_on_run: Time (s): cpu = 00:00:02 ; elapsed = 00:05:38 . Memory (MB): peak = 1910.656 ; gain = 0.000
# set impl_status [get_property STATUS [get_runs impl_1]]
# set impl_progress [get_property PROGRESS [get_runs impl_1]]
# puts "RTDS_IMPL_STATUS=$impl_status PROGRESS=$impl_progress"
RTDS_IMPL_STATUS=opt_design ERROR PROGRESS=20%
# if {![catch {open_run impl_1} open_error]} {
#     report_timing_summary -delay_type min_max -report_unconstrained \
#         -check_timing_verbose -max_paths 200 \
#         -file [file join $report_dir timing_summary_min_max.rpt]
#     report_clock_interaction -delay_type min_max \
#         -file [file join $report_dir clock_interaction.rpt]
#     report_drc -file [file join $report_dir drc.rpt]
#     report_route_status -file [file join $report_dir route_status.rpt]
#     report_utilization -hierarchical \
#         -file [file join $report_dir utilization_hierarchical.rpt]
# } else {
#     puts "RTDS_IMPL_OPEN_FAILED=$open_error"
# }
RTDS_IMPL_OPEN_FAILED=ERROR: [Common 17-69] Command failed: Run 'impl_1' failed. Unable to open

# if {$impl_progress ne "100%" || ![string match "*Complete*" $impl_status]} {
#     error "RTDS_IMPL_FAILED: $impl_status"
# }
ERROR: [Common 17-69] Command failed: Run 'impl_1' failed. Unable to open
INFO: [Common 17-206] Exiting Vivado at Sun Sep 20 19:36:39 2026...
