signal,wcfg_type,vcd_width,coverage,group,initial,final,changes,first_change,last_change,known_min,known_max,xz_events
/tb_rtds_tx/fdma_clk,logic,1,VCD+WDB,core,0,0,14452,2000,28904000,0,1,0
/tb_rtds_tx/user_clk,logic,1,VCD+WDB,core,0,1,9033,3200,28905600,0,1,0
/tb_rtds_tx/received,array,32,VCD+WDB,core,0,1001011000,603,329600,28777600,0,600,0
/tb_rtds_tx/peak_words,array,32,VCD+WDB,core,0,111111000,507,274000,6722000,0,504,0
/tb_rtds_tx/monitor_enable,logic,1,VCD+WDB,core,0,1,3,162000,626000,0,1,0
/tb_rtds_tx/held_payload,array,70,VCD+WDB,core,x,111,904,163200,28784000,7,382221626412279810799,1
/tb_rtds_tx/was_stalled,logic,1,VCD+WDB,core,0,0,402,316800,28758400,0,1,0
/tb_rtds_tx/bus/fdma_clk,logic,1,VCD+WDB,core,0,0,14452,2000,28904000,0,1,0
/tb_rtds_tx/bus/user_clk,logic,1,VCD+WDB,core,0,1,9033,3200,28905600,0,1,0
/tb_rtds_tx/bus/rst_n,logic,1,VCD+WDB,core,0,1,3,82000,546000,0,1,0
/tb_rtds_tx/bus/channel_up,logic,1,VCD+WDB,core,0,1,3,162000,626000,0,1,0
/tb_rtds_tx/bus/limit,array,16,VCD+WDB,core,0,100101100,2,2000,466000,0,300,0
/tb_rtds_tx/bus/raddr,array,32,VCD+WDB,core,0,1001011000000,302,274000,21294000,0,4800,0
/tb_rtds_tx/bus/rareq,logic,1,VCD+WDB,core,0,0,602,258000,21286000,0,1,0
/tb_rtds_tx/bus/rready,logic,1,VCD+WDB,core,0,0,602,262000,21290000,0,1,0
/tb_rtds_tx/bus/rbusy,logic,1,VCD+WDB,core,0,0,602,262000,21290000,0,1,0
/tb_rtds_tx/bus/rvalid,logic,1,VCD+WDB,core,0,0,602,262000,21290000,0,1,0
/tb_rtds_tx/bus/rdata,array,64,VCD+WDB,core,0,1010010111000011001000000000000100000000000000000000001001010111,602,262000,21286000,0,11944425825383744087,0
/tb_rtds_tx/bus/tx_data,array,64,VCD+WDB,core,0,0,903,310400,28777600,0,11944425825383744087,0
/tb_rtds_tx/bus/sof,logic,1,VCD+WDB,core,0,0,602,310400,28771200,0,1,0
/tb_rtds_tx/bus/eof,logic,1,VCD+WDB,core,0,0,602,329600,28777600,0,1,0
/tb_rtds_tx/bus/valid,logic,1,VCD+WDB,core,0,0,602,310400,28777600,0,1,0
/tb_rtds_tx/bus/done,logic,1,VCD+WDB,core,0,0,602,329600,28777600,0,1,0
/tb_rtds_tx/bus/rem,array,3,VCD+WDB,core,111,111,0,,,7,7,0
/tb_rtds_tx/bus/ready,logic,1,VCD+WDB,core,0,0,406,233600,28777600,0,1,0
/tb_rtds_tx/bus/dbg_fdma,array,38,VCD+WDB,core,0xxxxxxxxxx00000000000000000000000000,1001011000000000000,2058,2000,28798000,0,239914496000,1
/tb_rtds_tx/bus/dbg_user,array,39,VCD+WDB,core,0xxxxxxxxxx000000000000000000000000000,10010110000000000000,1597,3200,28784000,0,342523641870,1
/tb_rtds_tx/U_DUT/fdma_clk,logic,1,VCD+WDB,core,0,0,14452,2000,28904000,0,1,0
/tb_rtds_tx/U_DUT/fdma_rstn,logic,1,VCD+WDB,core,0,1,3,82000,546000,0,1,0
/tb_rtds_tx/U_DUT/user_clk,logic,1,VCD+WDB,core,0,1,9033,3200,28905600,0,1,0
/tb_rtds_tx/U_DUT/user_rstn,logic,1,VCD+WDB,core,0,1,3,82000,546000,0,1,0
/tb_rtds_tx/U_DUT/channel_up,logic,1,VCD+WDB,core,0,1,3,162000,626000,0,1,0
/tb_rtds_tx/U_DUT/channel_up_fdma,logic,1,VCD+WDB,core,0,1,3,162000,626000,0,1,0
/tb_rtds_tx/U_DUT/cfg_tx_burst_limit,array,16,VCD+WDB,core,0,100101100,2,2000,466000,0,300,0
/tb_rtds_tx/U_DUT/fdma_raddr,array,32,VCD+WDB,core,0,1001011000000,302,274000,21294000,0,4800,0
/tb_rtds_tx/U_DUT/fdma_rareq,logic,1,VCD+WDB,core,0,0,602,258000,21286000,0,1,0
/tb_rtds_tx/U_DUT/fdma_rbusy,logic,1,VCD+WDB,core,0,0,602,262000,21290000,0,1,0
/tb_rtds_tx/U_DUT/fdma_rdata,array,64,VCD+WDB,core,0,1010010111000011001000000000000100000000000000000000001001010111,602,262000,21286000,0,11944425825383744087,0
/tb_rtds_tx/U_DUT/fdma_rvalid,logic,1,VCD+WDB,core,0,0,602,262000,21290000,0,1,0
/tb_rtds_tx/U_DUT/fdma_rready,logic,1,VCD+WDB,core,0,0,602,262000,21290000,0,1,0
/tb_rtds_tx/U_DUT/tx_d,array,64,VCD+WDB,core,0,0,903,310400,28777600,0,11944425825383744087,0
/tb_rtds_tx/U_DUT/tx_sof,logic,1,VCD+WDB,core,0,0,602,310400,28771200,0,1,0
/tb_rtds_tx/U_DUT/tx_eof,logic,1,VCD+WDB,core,0,0,602,329600,28777600,0,1,0
/tb_rtds_tx/U_DUT/tx_rem,array,3,VCD+WDB,core,111,111,0,,,7,7,0
/tb_rtds_tx/U_DUT/tx_src_rdy,logic,1,VCD+WDB,core,0,0,602,310400,28777600,0,1,0
/tb_rtds_tx/U_DUT/tx_dst_rdy,logic,1,VCD+WDB,core,0,0,406,233600,28777600,0,1,0
/tb_rtds_tx/U_DUT/dbg_fdma_bus,array,38,VCD+WDB,core,0xxxxxxxxxx00000000000000000000000000,1001011000000000000,2058,2000,28798000,0,239914496000,1
/tb_rtds_tx/U_DUT/dbg_user_bus,array,39,VCD+WDB,core,0xxxxxxxxxx000000000000000000000000000,10010110000000000000,1597,3200,28784000,0,342523641870,1
/tb_rtds_tx/U_DUT/tx_frame_done,logic,1,VCD+WDB,core,0,0,602,329600,28777600,0,1,0
/tb_rtds_tx/U_DUT/rd_state,array,2,VCD+WDB,core,0,0,1204,254000,21294000,0,3,0
/tb_rtds_tx/U_DUT/rd_state_nxt,array,2,VCD+WDB,core,0,0,1204,250000,21290000,0,3,0
/tb_rtds_tx/U_DUT/rd_addr,array,32,VCD+WDB,core,0,1001011000000,302,274000,21294000,0,4800,0
/tb_rtds_tx/U_DUT/rd_word_cnt,array,7,VCD+WDB,core,0,0,602,266000,21290000,0,1,0
/tb_rtds_tx/U_DUT/rd_burst_done,logic,1,VCD+WDB,core,0,0,602,266000,21290000,0,1,0
/tb_rtds_tx/U_DUT/tx_state,array,2,VCD+WDB,core,0,0,903,310400,28777600,0,2,0
/tb_rtds_tx/U_DUT/tx_state_nxt,array,2,VCD+WDB,core,0,0,903,304000,28771200,0,2,0
/tb_rtds_tx/U_DUT/tx_word_cnt,array,8,VCD+WDB,core,0,0,602,329600,28777600,0,1,0
/tb_rtds_tx/U_DUT/wr_burst_done,logic,1,VCD+WDB,core,0,0,602,329600,28777600,0,1,0
/tb_rtds_tx/U_DUT/frame_cnt,array,16,VCD+WDB,core,0,100101100,302,336000,28777600,0,300,0
/tb_rtds_tx/U_DUT/burst_cnt,array,16,VCD+WDB,core,0,100101100,302,270000,21290000,0,300,0
/tb_rtds_tx/U_DUT/fifo_wr_en,logic,1,VCD+WDB,core,0,0,602,262000,21290000,0,1,0
/tb_rtds_tx/U_DUT/fifo_rd_en,logic,1,VCD+WDB,core,0,0,802,323200,28777600,0,1,0
/tb_rtds_tx/U_DUT/wr_en,logic,1,VCD+WDB,core,0,0,602,262000,21290000,0,1,0
/tb_rtds_tx/U_DUT/rd_en,logic,1,VCD+WDB,core,0,0,802,323200,28777600,0,1,0
/tb_rtds_tx/U_DUT/fifo_rst,logic,1,VCD+WDB,core,1,0,3,82000,546000,0,1,0
/tb_rtds_tx/U_DUT/fifo_full,logic,1,VCD+WDB,core,0,0,0,,,0,0,0
/tb_rtds_tx/U_DUT/fifo_empty,logic,1,VCD+WDB,core,1,1,4,304000,28777600,0,1,0
/tb_rtds_tx/U_DUT/fifo_wdata,array,64,VCD+WDB,core,0,1010010111000011001000000000000100000000000000000000001001010111,602,262000,21286000,0,11944425825383744087,0
/tb_rtds_tx/U_DUT/fifo_rdata,array,64,VCD+WDB,core,0,1010010111000011001000000000000100000000000000000000001001010111,603,304000,28771200,0,11944425825383744087,0
/tb_rtds_tx/U_DUT/fifo_overflow,logic,1,VCD+WDB,core,0,0,0,,,0,0,0
/tb_rtds_tx/U_DUT/fifo_underflow,logic,1,VCD+WDB,core,0,0,0,,,0,0,0
/tb_rtds_tx/U_DUT/fifo_wr_cnt,array,10,VCD+WDB,core,x,0,1197,2000,28798000,0,504,1
/tb_rtds_tx/U_DUT/fifo_rd_cnt,array,10,VCD+WDB,core,x,0,1009,3200,28784000,0,504,1
/tb_rtds_tx/U_DUT/fifo_almost_full,logic,1,VCD+WDB,core,0,0,66,6718000,21302000,0,1,0
/tb_rtds_tx/U_DUT/fifo_almost_empty,logic,1,VCD+WDB,core,1,1,4,304000,28771200,0,1,0
/tb_rtds_tx/U_DUT/wr_rst_busy,logic,1,VCD+WDB,core,0,0,4,2000,670000,0,1,0
/tb_rtds_tx/U_DUT/rd_rst_busy,logic,1,VCD+WDB,core,0,0,8,118400,649600,0,1,0
/tb_rtds_tx/U_DUT/wr_clk,logic,1,VCD+WDB,core,0,0,14452,2000,28904000,0,1,0
/tb_rtds_tx/U_DUT/rd_clk,logic,1,VCD+WDB,core,0,1,9033,3200,28905600,0,1,0
/tb_rtds_tx/U_DUT/tx_burst_allowed,logic,1,VCD+WDB,core,1,0,3,270000,21290000,0,1,0
/tb_rtds_tx/U_DUT/rd_data_phase,logic,1,VCD+WDB,core,0,0,602,262000,21290000,0,1,0
/tb_rtds_tx/U_DUT/fifo_write_ready,logic,1,VCD+WDB,core,1,1,70,2000,21302000,0,1,0
/tb_rtds_tx/U_DUT/rd_data_hs,logic,1,VCD+WDB,core,0,0,602,262000,21290000,0,1,0
/tb_rtds_tx/U_DUT/tx_hs,logic,1,VCD+WDB,core,0,0,802,323200,28777600,0,1,0
/tb_rtds_tx/U_DUT/FRAME_BYTES,array,0,VCD+WDB,core,10000,10000,0,,,16,16,0
/tb_rtds_tx/U_DUT/MEM_WINDOW_BYTES,array,0,VCD+WDB,core,1000000000000000,1000000000000000,0,,,32768,32768,0
/tb_rtds_tx/U_DUT/TEST_MEM_SIZE,array,32,VCD+WDB,core,1000000000000000,1000000000000000,0,,,32768,32768,0
/tb_rtds_tx/U_DUT/FDMA_BURST_LEN,array,32,VCD+WDB,core,10000,10000,0,,,16,16,0
/tb_rtds_tx/U_DUT/BURST_WORDS,array,32,VCD+WDB,core,10,10,0,,,2,2,0
/tb_rtds_tx/U_DUT/FRAME_WORDS,array,32,VCD+WDB,core,10,10,0,,,2,2,0
/tb_rtds_tx/U_DUT/TX_FIFO_RESERVE_WORDS,array,32,VCD+WDB,core,1000,1000,0,,,8,8,0
/tb_rtds_tx/U_DUT/TX_PROG_FULL_THRESH,array,32,VCD+WDB,core,111111000,111111000,0,,,504,504,0
/tb_rtds_tx/U_DUT/RD_IDLE,array,2,VCD+WDB,core,0,0,0,,,0,0,0
/tb_rtds_tx/U_DUT/RD_REQ,array,2,VCD+WDB,core,1,1,0,,,1,1,0
/tb_rtds_tx/U_DUT/RD_DATA,array,2,VCD+WDB,core,10,10,0,,,2,2,0
/tb_rtds_tx/U_DUT/RD_WAIT,array,2,VCD+WDB,core,11,11,0,,,3,3,0
/tb_rtds_tx/U_DUT/TX_IDLE,array,2,VCD+WDB,core,0,0,0,,,0,0,0
/tb_rtds_tx/U_DUT/TX_SOF,array,2,VCD+WDB,core,1,1,0,,,1,1,0
/tb_rtds_tx/U_DUT/TX_DATA,array,2,VCD+WDB,core,10,10,0,,,2,2,0
/tb_rtds_tx/bus/fdma_cb/fdma_cb_clk,logic,1,VCD+WDB,hierarchy,0,0,14452,2000,28904000,0,1,0
/tb_rtds_tx/bus/fdma_cb/raddr_in,array,32,VCD+WDB,hierarchy,x,1001011000000,303,2000,21298000,0,4800,1
/tb_rtds_tx/bus/fdma_cb/rareq_in,logic,1,VCD+WDB,hierarchy,x,0,603,2000,21290000,0,1,1
/tb_rtds_tx/bus/fdma_cb/rready_in,logic,1,VCD+WDB,hierarchy,x,0,603,2000,21294000,0,1,1
/tb_rtds_tx/bus/fdma_cb/dbg_fdma_in,array,38,VCD+WDB,hierarchy,x,1001011000000000000,2059,2000,28802000,0,239914496000,2
/tb_rtds_tx/bus/tx_cb/tx_cb_clk,logic,1,VCD+WDB,hierarchy,0,1,9033,3200,28905600,0,1,0
/tb_rtds_tx/bus/tx_cb/tx_data_in,array,64,VCD+WDB,hierarchy,x,0,904,3200,28784000,0,11944425825383744087,1
/tb_rtds_tx/bus/tx_cb/sof_in,logic,1,VCD+WDB,hierarchy,x,0,603,3200,28777600,0,1,1
/tb_rtds_tx/bus/tx_cb/eof_in,logic,1,VCD+WDB,hierarchy,x,0,603,3200,28784000,0,1,1
/tb_rtds_tx/bus/tx_cb/valid_in,logic,1,VCD+WDB,hierarchy,x,0,603,3200,28784000,0,1,1
/tb_rtds_tx/bus/tx_cb/rem_in,array,3,VCD+WDB,hierarchy,x,111,1,3200,3200,7,7,1
/tb_rtds_tx/bus/tx_cb/done_in,logic,1,VCD+WDB,hierarchy,x,0,603,3200,28784000,0,1,1
/tb_rtds_tx/bus/tx_cb/dbg_user_in,array,39,VCD+WDB,hierarchy,x,10010110000000000000,1598,3200,28790400,0,342523641870,2
/tb_rtds_tx/bus/monitor_cb/monitor_cb_clk,logic,1,VCD+WDB,hierarchy,0,1,9033,3200,28905600,0,1,0
/tb_rtds_tx/bus/monitor_cb/tx_data_in,array,64,VCD+WDB,hierarchy,x,0,904,3200,28784000,0,11944425825383744087,1
/tb_rtds_tx/bus/monitor_cb/sof_in,logic,1,VCD+WDB,hierarchy,x,0,603,3200,28777600,0,1,1
/tb_rtds_tx/bus/monitor_cb/eof_in,logic,1,VCD+WDB,hierarchy,x,0,603,3200,28784000,0,1,1
/tb_rtds_tx/bus/monitor_cb/valid_in,logic,1,VCD+WDB,hierarchy,x,0,603,3200,28784000,0,1,1
/tb_rtds_tx/bus/monitor_cb/rem_in,array,3,VCD+WDB,hierarchy,x,111,1,3200,3200,7,7,1
/tb_rtds_tx/bus/monitor_cb/ready_in,logic,1,VCD+WDB,hierarchy,0,0,407,3200,28784000,0,1,1
/tb_rtds_tx/bus/monitor_cb/dbg_user_in,array,39,VCD+WDB,hierarchy,x,10010110000000000000,1598,3200,28790400,0,342523641870,2
/tb_rtds_tx/U_DUT/xpm_fifo_async_inst/config_drc_async/drc_err_flag_async,logic,1,VCD+WDB,hierarchy,0,0,0,,,0,0,0
/tb_rtds_tx/U_DUT/xpm_fifo_async_inst/gnuram_async_fifo.xpm_fifo_base_inst/config_drc/drc_err_flag,logic,1,VCD+WDB,hierarchy,0,0,0,,,0,0,0
/tb_rtds_tx/U_DUT/xpm_fifo_async_inst/gnuram_async_fifo.xpm_fifo_base_inst/xpm_fifo_rst_inst/gen_rst_ic.wrst_rd_inst/config_drc/drc_err_flag,logic,1,VCD+WDB,hierarchy,0,0,0,,,0,0,0
/tb_rtds_tx/U_DUT/xpm_fifo_async_inst/gnuram_async_fifo.xpm_fifo_base_inst/xpm_fifo_rst_inst/gen_rst_ic.wrst_rd_inst/src_rst,logic,1,VCD+WDB,hierarchy,0,0,8,2000,626000,0,1,0
/tb_rtds_tx/U_DUT/xpm_fifo_async_inst/gnuram_async_fifo.xpm_fifo_base_inst/xpm_fifo_rst_inst/gen_rst_ic.wrst_rd_inst/dest_clk,logic,1,VCD+WDB,hierarchy,0,1,9033,3200,28905600,0,1,0
/tb_rtds_tx/U_DUT/xpm_fifo_async_inst/gnuram_async_fifo.xpm_fifo_base_inst/xpm_fifo_rst_inst/gen_rst_ic.wrst_rd_inst/dest_rst,logic,1,VCD+WDB,hierarchy,0,0,8,112000,636800,0,1,0
/tb_rtds_tx/U_DUT/xpm_fifo_async_inst/gnuram_async_fifo.xpm_fifo_base_inst/xpm_fifo_rst_inst/gen_rst_ic.wrst_rd_inst/syncstages_ff,array,2,VCD+WDB,hierarchy,0,0,16,105600,636800,0,3,0
/tb_rtds_tx/U_DUT/xpm_fifo_async_inst/gnuram_async_fifo.xpm_fifo_base_inst/xpm_fifo_rst_inst/gen_rst_ic.wrst_rd_inst/glblGSR_xpmcdc,logic,1,VCD+WDB,hierarchy,1,0,1,100000,100000,0,1,0
/tb_rtds_tx/U_DUT/xpm_fifo_async_inst/gnuram_async_fifo.xpm_fifo_base_inst/xpm_fifo_rst_inst/gen_rst_ic.wrst_rd_inst/async_path_bit,logic,1,VCD+WDB,hierarchy,0,0,8,2000,626000,0,1,0
/tb_rtds_tx/U_DUT/xpm_fifo_async_inst/gnuram_async_fifo.xpm_fifo_base_inst/xpm_fifo_rst_inst/gen_rst_ic.wrst_rd_inst/DEST_SYNC_FF,array,0,VCD+WDB,hierarchy,10,10,0,,,2,2,0
/tb_rtds_tx/U_DUT/xpm_fifo_async_inst/gnuram_async_fifo.xpm_fifo_base_inst/xpm_fifo_rst_inst/gen_rst_ic.wrst_rd_inst/INIT,array,0,VCD+WDB,hierarchy,0,0,0,,,0,0,0
/tb_rtds_tx/U_DUT/xpm_fifo_async_inst/gnuram_async_fifo.xpm_fifo_base_inst/xpm_fifo_rst_inst/gen_rst_ic.wrst_rd_inst/INIT_SYNC_FF,array,0,VCD+WDB,hierarchy,1,1,0,,,1,1,0
/tb_rtds_tx/U_DUT/xpm_fifo_async_inst/gnuram_async_fifo.xpm_fifo_base_inst/xpm_fifo_rst_inst/gen_rst_ic.wrst_rd_inst/SIM_ASSERT_CHK,array,0,VCD+WDB,hierarchy,0,0,0,,,0,0,0
/tb_rtds_tx/U_DUT/xpm_fifo_async_inst/gnuram_async_fifo.xpm_fifo_base_inst/xpm_fifo_rst_inst/gen_rst_ic.wrst_rd_inst/VERSION,array,0,VCD+WDB,hierarchy,0,0,0,,,0,0,0
/tb_rtds_tx/U_DUT/xpm_fifo_async_inst/gnuram_async_fifo.xpm_fifo_base_inst/xpm_fifo_rst_inst/gen_rst_ic.wrst_rd_inst/DEF_VAL,logic,0,VCD+WDB,hierarchy,0,0,0,,,0,0,0
/tb_rtds_tx/U_DUT/xpm_fifo_async_inst/gnuram_async_fifo.xpm_fifo_base_inst/xpm_fifo_rst_inst/gen_rst_ic.rrst_wr_inst/config_drc/drc_err_flag,logic,1,VCD+WDB,hierarchy,0,0,0,,,0,0,0
/tb_rtds_tx/U_DUT/xpm_fifo_async_inst/gnuram_async_fifo.xpm_fifo_base_inst/xpm_fifo_rst_inst/gen_rst_ic.rrst_wr_inst/src_rst,logic,1,VCD+WDB,hierarchy,0,0,8,118400,649600,0,1,0
/tb_rtds_tx/U_DUT/xpm_fifo_async_inst/gnuram_async_fifo.xpm_fifo_base_inst/xpm_fifo_rst_inst/gen_rst_ic.rrst_wr_inst/dest_clk,logic,1,VCD+WDB,hierarchy,0,0,14452,2000,28904000,0,1,0
/tb_rtds_tx/U_DUT/xpm_fifo_async_inst/gnuram_async_fifo.xpm_fifo_base_inst/xpm_fifo_rst_inst/gen_rst_ic.rrst_wr_inst/dest_rst,logic,1,VCD+WDB,hierarchy,0,0,8,126000,654000,0,1,0
/tb_rtds_tx/U_DUT/xpm_fifo_async_inst/gnuram_async_fifo.xpm_fifo_base_inst/xpm_fifo_rst_inst/gen_rst_ic.rrst_wr_inst/syncstages_ff,array,2,VCD+WDB,hierarchy,0,0,16,122000,654000,0,3,0
/tb_rtds_tx/U_DUT/xpm_fifo_async_inst/gnuram_async_fifo.xpm_fifo_base_inst/xpm_fifo_rst_inst/gen_rst_ic.rrst_wr_inst/glblGSR_xpmcdc,logic,1,VCD+WDB,hierarchy,1,0,1,100000,100000,0,1,0
/tb_rtds_tx/U_DUT/xpm_fifo_async_inst/gnuram_async_fifo.xpm_fifo_base_inst/xpm_fifo_rst_inst/gen_rst_ic.rrst_wr_inst/async_path_bit,logic,1,VCD+WDB,hierarchy,0,0,8,118400,649600,0,1,0
/tb_rtds_tx/U_DUT/xpm_fifo_async_inst/gnuram_async_fifo.xpm_fifo_base_inst/xpm_fifo_rst_inst/gen_rst_ic.rrst_wr_inst/DEST_SYNC_FF,array,0,VCD+WDB,hierarchy,10,10,0,,,2,2,0
/tb_rtds_tx/U_DUT/xpm_fifo_async_inst/gnuram_async_fifo.xpm_fifo_base_inst/xpm_fifo_rst_inst/gen_rst_ic.rrst_wr_inst/INIT,array,0,VCD+WDB,hierarchy,0,0,0,,,0,0,0
/tb_rtds_tx/U_DUT/xpm_fifo_async_inst/gnuram_async_fifo.xpm_fifo_base_inst/xpm_fifo_rst_inst/gen_rst_ic.rrst_wr_inst/INIT_SYNC_FF,array,0,VCD+WDB,hierarchy,1,1,0,,,1,1,0
/tb_rtds_tx/U_DUT/xpm_fifo_async_inst/gnuram_async_fifo.xpm_fifo_base_inst/xpm_fifo_rst_inst/gen_rst_ic.rrst_wr_inst/SIM_ASSERT_CHK,array,0,VCD+WDB,hierarchy,0,0,0,,,0,0,0
/tb_rtds_tx/U_DUT/xpm_fifo_async_inst/gnuram_async_fifo.xpm_fifo_base_inst/xpm_fifo_rst_inst/gen_rst_ic.rrst_wr_inst/VERSION,array,0,VCD+WDB,hierarchy,0,0,0,,,0,0,0
/tb_rtds_tx/U_DUT/xpm_fifo_async_inst/gnuram_async_fifo.xpm_fifo_base_inst/xpm_fifo_rst_inst/gen_rst_ic.rrst_wr_inst/DEF_VAL,logic,0,VCD+WDB,hierarchy,0,0,0,,,0,0,0
/tb_rtds_tx/U_DUT/xpm_fifo_async_inst/gnuram_async_fifo.xpm_fifo_base_inst/xpm_fifo_rst_inst/rst,logic,1,VCD+WDB,hierarchy,1,0,3,82000,546000,0,1,0
/tb_rtds_tx/U_DUT/xpm_fifo_async_inst/gnuram_async_fifo.xpm_fifo_base_inst/xpm_fifo_rst_inst/wr_clk,logic,1,VCD+WDB,hierarchy,0,0,14452,2000,28904000,0,1,0
/tb_rtds_tx/U_DUT/xpm_fifo_async_inst/gnuram_async_fifo.xpm_fifo_base_inst/xpm_fifo_rst_inst/rd_clk,logic,1,VCD+WDB,hierarchy,0,1,9033,3200,28905600,0,1,0
/tb_rtds_tx/U_DUT/xpm_fifo_async_inst/gnuram_async_fifo.xpm_fifo_base_inst/xpm_fifo_rst_inst/wr_rst,logic,1,VCD+WDB,hierarchy,0,0,4,2000,666000,0,1,0
/tb_rtds_tx/U_DUT/xpm_fifo_async_inst/gnuram_async_fifo.xpm_fifo_base_inst/xpm_fifo_rst_inst/rd_rst,logic,1,VCD+WDB,hierarchy,0,0,8,118400,649600,0,1,0
/tb_rtds_tx/U_DUT/xpm_fifo_async_inst/gnuram_async_fifo.xpm_fifo_base_inst/xpm_fifo_rst_inst/wr_rst_busy,logic,1,VCD+WDB,hierarchy,0,0,4,2000,666000,0,1,0
/tb_rtds_tx/U_DUT/xpm_fifo_async_inst/gnuram_async_fifo.xpm_fifo_base_inst/xpm_fifo_rst_inst/rd_rst_busy,logic,1,VCD+WDB,hierarchy,0,0,8,118400,649600,0,1,0
/tb_rtds_tx/U_DUT/xpm_fifo_async_inst/gnuram_async_fifo.xpm_fifo_base_inst/xpm_fifo_rst_inst/power_on_rst,array,2,VCD+WDB,hierarchy,11,0,2,2000,6000,0,3,0
/tb_rtds_tx/U_DUT/xpm_fifo_async_inst/gnuram_async_fifo.xpm_fifo_base_inst/xpm_fifo_rst_inst/rst_i,logic,1,VCD+WDB,hierarchy,1,0,3,82000,546000,0,1,0
/tb_rtds_tx/U_DUT/xpm_fifo_async_inst/gnuram_async_fifo.xpm_fifo_base_inst/xpm_fifo_rst_inst/gen_rst_ic.fifo_wr_rst_rd,logic,1,VCD+WDB,hierarchy,0,0,8,112000,636800,0,1,0
/tb_rtds_tx/U_DUT/xpm_fifo_async_inst/gnuram_async_fifo.xpm_fifo_base_inst/xpm_fifo_rst_inst/gen_rst_ic.fifo_rd_rst_wr_i,logic,1,VCD+WDB,hierarchy,0,0,8,126000,654000,0,1,0
/tb_rtds_tx/U_DUT/xpm_fifo_async_inst/gnuram_async_fifo.xpm_fifo_base_inst/xpm_fifo_rst_inst/gen_rst_ic.fifo_wr_rst_i,logic,1,VCD+WDB,hierarchy,1,0,7,130000,622000,0,1,0
/tb_rtds_tx/U_DUT/xpm_fifo_async_inst/gnuram_async_fifo.xpm_fifo_base_inst/xpm_fifo_rst_inst/gen_rst_ic.wr_rst_busy_i,logic,1,VCD+WDB,hierarchy,1,0,3,242000,662000,0,1,0
/tb_rtds_tx/U_DUT/xpm_fifo_async_inst/gnuram_async_fifo.xpm_fifo_base_inst/xpm_fifo_rst_inst/gen_rst_ic.fifo_rd_rst_i,logic,1,VCD+WDB,hierarchy,0,0,8,112000,643200,0,1,0
/tb_rtds_tx/U_DUT/xpm_fifo_async_inst/gnuram_async_fifo.xpm_fifo_base_inst/xpm_fifo_rst_inst/gen_rst_ic.fifo_rd_rst_ic,logic,1,VCD+WDB,hierarchy,0,0,8,118400,649600,0,1,0
/tb_rtds_tx/U_DUT/xpm_fifo_async_inst/gnuram_async_fifo.xpm_fifo_base_inst/xpm_fifo_rst_inst/gen_rst_ic.fifo_wr_rst_ic,logic,1,VCD+WDB,hierarchy,0,0,8,2000,626000,0,1,0
/tb_rtds_tx/U_DUT/xpm_fifo_async_inst/gnuram_async_fifo.xpm_fifo_base_inst/xpm_fifo_rst_inst/gen_rst_ic.wr_rst_busy_ic,logic,1,VCD+WDB,hierarchy,0,0,4,2000,666000,0,1,0
/tb_rtds_tx/U_DUT/xpm_fifo_async_inst/gnuram_async_fifo.xpm_fifo_base_inst/xpm_fifo_rst_inst/gen_rst_ic.rst_seq_reentered,logic,1,VCD+WDB,hierarchy,0,1,3,174000,598000,0,1,0
/tb_rtds_tx/U_DUT/xpm_fifo_async_inst/gnuram_async_fifo.xpm_fifo_base_inst/xpm_fifo_rst_inst/gen_rst_ic.curr_wrst_state,array,3,VCD+WDB,hierarchy,0,0,16,2000,662000,0,7,0
/tb_rtds_tx/U_DUT/xpm_fifo_async_inst/gnuram_async_fifo.xpm_fifo_base_inst/xpm_fifo_rst_inst/gen_rst_ic.next_wrst_state,array,3,VCD+WDB,hierarchy,10,0,15,126000,658000,0,7,0
/tb_rtds_tx/U_DUT/xpm_fifo_async_inst/gnuram_async_fifo.xpm_fifo_base_inst/xpm_fifo_rst_inst/gen_rst_ic.curr_rrst_state,array,2,VCD+WDB,hierarchy,0,0,16,118400,649600,0,3,0
/tb_rtds_tx/U_DUT/xpm_fifo_async_inst/gnuram_async_fifo.xpm_fifo_base_inst/xpm_fifo_rst_inst/gen_rst_ic.next_rrst_state,array,2,VCD+WDB,hierarchy,0,0,16,112000,643200,0,3,0
/tb_rtds_tx/U_DUT/xpm_fifo_async_inst/gnuram_async_fifo.xpm_fifo_base_inst/xpm_fifo_rst_inst/COMMON_CLOCK,array,0,VCD+WDB,hierarchy,0,0,0,,,0,0,0
/tb_rtds_tx/U_DUT/xpm_fifo_async_inst/gnuram_async_fifo.xpm_fifo_base_inst/xpm_fifo_rst_inst/CDC_DEST_SYNC_FF,array,0,VCD+WDB,hierarchy,10,10,0,,,2,2,0
/tb_rtds_tx/U_DUT/xpm_fifo_async_inst/gnuram_async_fifo.xpm_fifo_base_inst/xpm_fifo_rst_inst/SIM_ASSERT_CHK,array,0,VCD+WDB,hierarchy,0,0,0,,,0,0,0
/tb_rtds_tx/U_DUT/xpm_fifo_async_inst/gnuram_async_fifo.xpm_fifo_base_inst/rst_d1_inst/rst,logic,1,VCD+WDB,hierarchy,0,0,0,,,0,0,0
/tb_rtds_tx/U_DUT/xpm_fifo_async_inst/gnuram_async_fifo.xpm_fifo_base_inst/rst_d1_inst/clk,logic,1,VCD+WDB,hierarchy,0,0,14452,2000,28904000,0,1,0
/tb_rtds_tx/U_DUT/xpm_fifo_async_inst/gnuram_async_fifo.xpm_fifo_base_inst/rst_d1_inst/d_in,logic,1,VCD+WDB,hierarchy,0,0,4,2000,666000,0,1,0
/tb_rtds_tx/U_DUT/xpm_fifo_async_inst/gnuram_async_fifo.xpm_fifo_base_inst/rst_d1_inst/d_out,logic,1,VCD+WDB,hierarchy,0,0,4,6000,670000,0,1,0
/tb_rtds_tx/U_DUT/xpm_fifo_async_inst/gnuram_async_fifo.xpm_fifo_base_inst/rst_d1_inst/RST_VALUE,array,0,VCD+WDB,hierarchy,0,0,0,,,0,0,0
/tb_rtds_tx/U_DUT/xpm_fifo_async_inst/gnuram_async_fifo.xpm_fifo_base_inst/rst_d2_inst/rst,logic,1,VCD+WDB,hierarchy,0,0,0,,,0,0,0
/tb_rtds_tx/U_DUT/xpm_fifo_async_inst/gnuram_async_fifo.xpm_fifo_base_inst/rst_d2_inst/clk,logic,1,VCD+WDB,hierarchy,0,0,14452,2000,28904000,0,1,0
/tb_rtds_tx/U_DUT/xpm_fifo_async_inst/gnuram_async_fifo.xpm_fifo_base_inst/rst_d2_inst/d_in,logic,1,VCD+WDB,hierarchy,0,0,4,6000,670000,0,1,0
/tb_rtds_tx/U_DUT/xpm_fifo_async_inst/gnuram_async_fifo.xpm_fifo_base_inst/rst_d2_inst/d_out,logic,1,VCD+WDB,hierarchy,0,0,4,10000,674000,0,1,0
/tb_rtds_tx/U_DUT/xpm_fifo_async_inst/gnuram_async_fifo.xpm_fifo_base_inst/rst_d2_inst/RST_VALUE,array,0,VCD+WDB,hierarchy,0,0,0,,,0,0,0
/tb_rtds_tx/U_DUT/xpm_fifo_async_inst/gnuram_async_fifo.xpm_fifo_base_inst/wrp_inst/rst,logic,1,VCD+WDB,hierarchy,0,0,4,2000,666000,0,1,0
/tb_rtds_tx/U_DUT/xpm_fifo_async_inst/gnuram_async_fifo.xpm_fifo_base_inst/wrp_inst/clk,logic,1,VCD+WDB,hierarchy,0,0,14452,2000,28904000,0,1,0
/tb_rtds_tx/U_DUT/xpm_fifo_async_inst/gnuram_async_fifo.xpm_fifo_base_inst/wrp_inst/cnt_en,logic,1,VCD+WDB,hierarchy,0,0,602,262000,21290000,0,1,0
/tb_rtds_tx/U_DUT/xpm_fifo_async_inst/gnuram_async_fifo.xpm_fifo_base_inst/wrp_inst/cnt_up,logic,1,VCD+WDB,hierarchy,0,0,602,262000,21290000,0,1,0
/tb_rtds_tx/U_DUT/xpm_fifo_async_inst/gnuram_async_fifo.xpm_fifo_base_inst/wrp_inst/cnt_down,logic,1,VCD+WDB,hierarchy,0,0,0,,,0,0,0
/tb_rtds_tx/U_DUT/xpm_fifo_async_inst/gnuram_async_fifo.xpm_fifo_base_inst/wrp_inst/count_value,array,10,VCD+WDB,hierarchy,0,1001011000,603,266000,21290000,0,600,0
/tb_rtds_tx/U_DUT/xpm_fifo_async_inst/gnuram_async_fifo.xpm_fifo_base_inst/wrp_inst/count_value_i,array,10,VCD+WDB,hierarchy,0,1001011000,603,266000,21290000,0,600,0
/tb_rtds_tx/U_DUT/xpm_fifo_async_inst/gnuram_async_fifo.xpm_fifo_base_inst/wrp_inst/COUNTER_WIDTH,array,0,VCD+WDB,hierarchy,1010,1010,0,,,10,10,0
/tb_rtds_tx/U_DUT/xpm_fifo_async_inst/gnuram_async_fifo.xpm_fifo_base_inst/wrp_inst/RESET_VALUE,array,0,VCD+WDB,hierarchy,0,0,0,,,0,0,0
/tb_rtds_tx/U_DUT/xpm_fifo_async_inst/gnuram_async_fifo.xpm_fifo_base_inst/wrpp1_inst/rst,logic,1,VCD+WDB,hierarchy,0,0,4,2000,666000,0,1,0
/tb_rtds_tx/U_DUT/xpm_fifo_async_inst/gnuram_async_fifo.xpm_fifo_base_inst/wrpp1_inst/clk,logic,1,VCD+WDB,hierarchy,0,0,14452,2000,28904000,0,1,0
/tb_rtds_tx/U_DUT/xpm_fifo_async_inst/gnuram_async_fifo.xpm_fifo_base_inst/wrpp1_inst/cnt_en,logic,1,VCD+WDB,hierarchy,0,0,602,262000,21290000,0,1,0
/tb_rtds_tx/U_DUT/xpm_fifo_async_inst/gnuram_async_fifo.xpm_fifo_base_inst/wrpp1_inst/cnt_up,logic,1,VCD+WDB,hierarchy,0,0,602,262000,21290000,0,1,0
/tb_rtds_tx/U_DUT/xpm_fifo_async_inst/gnuram_async_fifo.xpm_fifo_base_inst/wrpp1_inst/cnt_down,logic,1,VCD+WDB,hierarchy,0,0,0,,,0,0,0
/tb_rtds_tx/U_DUT/xpm_fifo_async_inst/gnuram_async_fifo.xpm_fifo_base_inst/wrpp1_inst/count_value,array,9,VCD+WDB,hierarchy,1,1011001,603,266000,21290000,0,511,0
/tb_rtds_tx/U_DUT/xpm_fifo_async_inst/gnuram_async_fifo.xpm_fifo_base_inst/wrpp1_inst/count_value_i,array,9,VCD+WDB,hierarchy,1,1011001,603,266000,21290000,0,511,0
/tb_rtds_tx/U_DUT/xpm_fifo_async_inst/gnuram_async_fifo.xpm_fifo_base_inst/wrpp1_inst/COUNTER_WIDTH,array,0,VCD+WDB,hierarchy,1001,1001,0,,,9,9,0
/tb_rtds_tx/U_DUT/xpm_fifo_async_inst/gnuram_async_fifo.xpm_fifo_base_inst/wrpp1_inst/RESET_VALUE,array,0,VCD+WDB,hierarchy,1,1,0,,,1,1,0
/tb_rtds_tx/U_DUT/xpm_fifo_async_inst/gnuram_async_fifo.xpm_fifo_base_inst/wrpp2_inst/rst,logic,1,VCD+WDB,hierarchy,0,0,4,2000,666000,0,1,0
/tb_rtds_tx/U_DUT/xpm_fifo_async_inst/gnuram_async_fifo.xpm_fifo_base_inst/wrpp2_inst/clk,logic,1,VCD+WDB,hierarchy,0,0,14452,2000,28904000,0,1,0
/tb_rtds_tx/U_DUT/xpm_fifo_async_inst/gnuram_async_fifo.xpm_fifo_base_inst/wrpp2_inst/cnt_en,logic,1,VCD+WDB,hierarchy,0,0,602,262000,21290000,0,1,0
/tb_rtds_tx/U_DUT/xpm_fifo_async_inst/gnuram_async_fifo.xpm_fifo_base_inst/wrpp2_inst/cnt_up,logic,1,VCD+WDB,hierarchy,0,0,602,262000,21290000,0,1,0
/tb_rtds_tx/U_DUT/xpm_fifo_async_inst/gnuram_async_fifo.xpm_fifo_base_inst/wrpp2_inst/cnt_down,logic,1,VCD+WDB,hierarchy,0,0,0,,,0,0,0
/tb_rtds_tx/U_DUT/xpm_fifo_async_inst/gnuram_async_fifo.xpm_fifo_base_inst/wrpp2_inst/count_value,array,9,VCD+WDB,hierarchy,10,1011010,603,266000,21290000,0,511,0
/tb_rtds_tx/U_DUT/xpm_fifo_async_inst/gnuram_async_fifo.xpm_fifo_base_inst/wrpp2_inst/count_value_i,array,9,VCD+WDB,hierarchy,10,1011010,603,266000,21290000,0,511,0
/tb_rtds_tx/U_DUT/xpm_fifo_async_inst/gnuram_async_fifo.xpm_fifo_base_inst/wrpp2_inst/COUNTER_WIDTH,array,0,VCD+WDB,hierarchy,1001,1001,0,,,9,9,0
/tb_rtds_tx/U_DUT/xpm_fifo_async_inst/gnuram_async_fifo.xpm_fifo_base_inst/wrpp2_inst/RESET_VALUE,array,0,VCD+WDB,hierarchy,10,10,0,,,2,2,0
/tb_rtds_tx/U_DUT/xpm_fifo_async_inst/gnuram_async_fifo.xpm_fifo_base_inst/gaf_wptr_p3.wrpp3_inst/rst,logic,1,VCD+WDB,hierarchy,0,0,4,2000,666000,0,1,0
/tb_rtds_tx/U_DUT/xpm_fifo_async_inst/gnuram_async_fifo.xpm_fifo_base_inst/gaf_wptr_p3.wrpp3_inst/clk,logic,1,VCD+WDB,hierarchy,0,0,14452,2000,28904000,0,1,0
/tb_rtds_tx/U_DUT/xpm_fifo_async_inst/gnuram_async_fifo.xpm_fifo_base_inst/gaf_wptr_p3.wrpp3_inst/cnt_en,logic,1,VCD+WDB,hierarchy,0,0,602,262000,21290000,0,1,0
/tb_rtds_tx/U_DUT/xpm_fifo_async_inst/gnuram_async_fifo.xpm_fifo_base_inst/gaf_wptr_p3.wrpp3_inst/cnt_up,logic,1,VCD+WDB,hierarchy,0,0,602,262000,21290000,0,1,0
/tb_rtds_tx/U_DUT/xpm_fifo_async_inst/gnuram_async_fifo.xpm_fifo_base_inst/gaf_wptr_p3.wrpp3_inst/cnt_down,logic,1,VCD+WDB,hierarchy,0,0,0,,,0,0,0
/tb_rtds_tx/U_DUT/xpm_fifo_async_inst/gnuram_async_fifo.xpm_fifo_base_inst/gaf_wptr_p3.wrpp3_inst/count_value,array,9,VCD+WDB,hierarchy,11,1011011,603,266000,21290000,0,511,0
/tb_rtds_tx/U_DUT/xpm_fifo_async_inst/gnuram_async_fifo.xpm_fifo_base_inst/gaf_wptr_p3.wrpp3_inst/count_value_i,array,9,VCD+WDB,hierarchy,11,1011011,603,266000,21290000,0,511,0
/tb_rtds_tx/U_DUT/xpm_fifo_async_inst/gnuram_async_fifo.xpm_fifo_base_inst/gaf_wptr_p3.wrpp3_inst/COUNTER_WIDTH,array,0,VCD+WDB,hierarchy,1001,1001,0,,,9,9,0
/tb_rtds_tx/U_DUT/xpm_fifo_async_inst/gnuram_async_fifo.xpm_fifo_base_inst/gaf_wptr_p3.wrpp3_inst/RESET_VALUE,array,0,VCD+WDB,hierarchy,11,11,0,,,3,3,0
/tb_rtds_tx/U_DUT/xpm_fifo_async_inst/gnuram_async_fifo.xpm_fifo_base_inst/rdp_inst/rst,logic,1,VCD+WDB,hierarchy,0,0,8,118400,649600,0,1,0
/tb_rtds_tx/U_DUT/xpm_fifo_async_inst/gnuram_async_fifo.xpm_fifo_base_inst/rdp_inst/clk,logic,1,VCD+WDB,hierarchy,0,1,9033,3200,28905600,0,1,0
/tb_rtds_tx/U_DUT/xpm_fifo_async_inst/gnuram_async_fifo.xpm_fifo_base_inst/rdp_inst/cnt_en,logic,1,VCD+WDB,hierarchy,0,0,802,291200,28758400,0,1,0
/tb_rtds_tx/U_DUT/xpm_fifo_async_inst/gnuram_async_fifo.xpm_fifo_base_inst/rdp_inst/cnt_up,logic,1,VCD+WDB,hierarchy,0,0,802,291200,28758400,0,1,0
/tb_rtds_tx/U_DUT/xpm_fifo_async_inst/gnuram_async_fifo.xpm_fifo_base_inst/rdp_inst/cnt_down,logic,1,VCD+WDB,hierarchy,0,0,0,,,0,0,0
/tb_rtds_tx/U_DUT/xpm_fifo_async_inst/gnuram_async_fifo.xpm_fifo_base_inst/rdp_inst/count_value,array,10,VCD+WDB,hierarchy,0,1001011000,603,297600,28758400,0,600,0
/tb_rtds_tx/U_DUT/xpm_fifo_async_inst/gnuram_async_fifo.xpm_fifo_base_inst/rdp_inst/count_value_i,array,10,VCD+WDB,hierarchy,0,1001011000,603,297600,28758400,0,600,0
/tb_rtds_tx/U_DUT/xpm_fifo_async_inst/gnuram_async_fifo.xpm_fifo_base_inst/rdp_inst/COUNTER_WIDTH,array,0,VCD+WDB,hierarchy,1010,1010,0,,,10,10,0
/tb_rtds_tx/U_DUT/xpm_fifo_async_inst/gnuram_async_fifo.xpm_fifo_base_inst/rdp_inst/RESET_VALUE,array,0,VCD+WDB,hierarchy,0,0,0,,,0,0,0
/tb_rtds_tx/U_DUT/xpm_fifo_async_inst/gnuram_async_fifo.xpm_fifo_base_inst/rdpp1_inst/rst,logic,1,VCD+WDB,hierarchy,0,0,8,118400,649600,0,1,0
/tb_rtds_tx/U_DUT/xpm_fifo_async_inst/gnuram_async_fifo.xpm_fifo_base_inst/rdpp1_inst/clk,logic,1,VCD+WDB,hierarchy,0,1,9033,3200,28905600,0,1,0
/tb_rtds_tx/U_DUT/xpm_fifo_async_inst/gnuram_async_fifo.xpm_fifo_base_inst/rdpp1_inst/cnt_en,logic,1,VCD+WDB,hierarchy,0,0,802,291200,28758400,0,1,0
/tb_rtds_tx/U_DUT/xpm_fifo_async_inst/gnuram_async_fifo.xpm_fifo_base_inst/rdpp1_inst/cnt_up,logic,1,VCD+WDB,hierarchy,0,0,802,291200,28758400,0,1,0
/tb_rtds_tx/U_DUT/xpm_fifo_async_inst/gnuram_async_fifo.xpm_fifo_base_inst/rdpp1_inst/cnt_down,logic,1,VCD+WDB,hierarchy,0,0,0,,,0,0,0
/tb_rtds_tx/U_DUT/xpm_fifo_async_inst/gnuram_async_fifo.xpm_fifo_base_inst/rdpp1_inst/count_value,array,9,VCD+WDB,hierarchy,1,1011001,603,297600,28758400,0,511,0
/tb_rtds_tx/U_DUT/xpm_fifo_async_inst/gnuram_async_fifo.xpm_fifo_base_inst/rdpp1_inst/count_value_i,array,9,VCD+WDB,hierarchy,1,1011001,603,297600,28758400,0,511,0
/tb_rtds_tx/U_DUT/xpm_fifo_async_inst/gnuram_async_fifo.xpm_fifo_base_inst/rdpp1_inst/COUNTER_WIDTH,array,0,VCD+WDB,hierarchy,1001,1001,0,,,9,9,0
/tb_rtds_tx/U_DUT/xpm_fifo_async_inst/gnuram_async_fifo.xpm_fifo_base_inst/rdpp1_inst/RESET_VALUE,array,0,VCD+WDB,hierarchy,1,1,0,,,1,1,0
/tb_rtds_tx/U_DUT/xpm_fifo_async_inst/gnuram_async_fifo.xpm_fifo_base_inst/gae_rptr_p2.rdpp2_inst/rst,logic,1,VCD+WDB,hierarchy,0,0,8,118400,649600,0,1,0
/tb_rtds_tx/U_DUT/xpm_fifo_async_inst/gnuram_async_fifo.xpm_fifo_base_inst/gae_rptr_p2.rdpp2_inst/clk,logic,1,VCD+WDB,hierarchy,0,1,9033,3200,28905600,0,1,0
/tb_rtds_tx/U_DUT/xpm_fifo_async_inst/gnuram_async_fifo.xpm_fifo_base_inst/gae_rptr_p2.rdpp2_inst/cnt_en,logic,1,VCD+WDB,hierarchy,0,0,802,291200,28758400,0,1,0
/tb_rtds_tx/U_DUT/xpm_fifo_async_inst/gnuram_async_fifo.xpm_fifo_base_inst/gae_rptr_p2.rdpp2_inst/cnt_up,logic,1,VCD+WDB,hierarchy,0,0,802,291200,28758400,0,1,0
/tb_rtds_tx/U_DUT/xpm_fifo_async_inst/gnuram_async_fifo.xpm_fifo_base_inst/gae_rptr_p2.rdpp2_inst/cnt_down,logic,1,VCD+WDB,hierarchy,0,0,0,,,0,0,0
/tb_rtds_tx/U_DUT/xpm_fifo_async_inst/gnuram_async_fifo.xpm_fifo_base_inst/gae_rptr_p2.rdpp2_inst/count_value,array,9,VCD+WDB,hierarchy,10,1011010,603,297600,28758400,0,511,0
/tb_rtds_tx/U_DUT/xpm_fifo_async_inst/gnuram_async_fifo.xpm_fifo_base_inst/gae_rptr_p2.rdpp2_inst/count_value_i,array,9,VCD+WDB,hierarchy,10,1011010,603,297600,28758400,0,511,0
/tb_rtds_tx/U_DUT/xpm_fifo_async_inst/gnuram_async_fifo.xpm_fifo_base_inst/gae_rptr_p2.rdpp2_inst/COUNTER_WIDTH,array,0,VCD+WDB,hierarchy,1001,1001,0,,,9,9,0
/tb_rtds_tx/U_DUT/xpm_fifo_async_inst/gnuram_async_fifo.xpm_fifo_base_inst/gae_rptr_p2.rdpp2_inst/RESET_VALUE,array,0,VCD+WDB,hierarchy,10,10,0,,,2,2,0
/tb_rtds_tx/U_DUT/xpm_fifo_async_inst/gnuram_async_fifo.xpm_fifo_base_inst/gen_sdpram.xpm_memory_base_inst/config_drc/drc_err_flag,logic,1,VCD+WDB,hierarchy,0,0,0,,,0,0,0
/tb_rtds_tx/U_DUT/xpm_fifo_async_inst/gnuram_async_fifo.xpm_fifo_base_inst/gen_sdpram.xpm_memory_base_inst/init_zeroes/initword,array,32,VCD+WDB,hierarchy,1000000000,1000000000,0,,,512,512,0
/tb_rtds_tx/U_DUT/xpm_fifo_async_inst/gnuram_async_fifo.xpm_fifo_base_inst/gen_sdpram.xpm_memory_base_inst/Block2964_94/initstage,array,32,VCD+WDB,hierarchy,1,1,0,,,1,1,0
/tb_rtds_tx/U_DUT/xpm_fifo_async_inst/gnuram_async_fifo.xpm_fifo_base_inst/gen_sdpram.xpm_memory_base_inst/sleep,logic,1,VCD+WDB,hierarchy,0,0,0,,,0,0,0
/tb_rtds_tx/U_DUT/xpm_fifo_async_inst/gnuram_async_fifo.xpm_fifo_base_inst/gen_sdpram.xpm_memory_base_inst/clka,logic,1,VCD+WDB,hierarchy,0,0,14452,2000,28904000,0,1,0
/tb_rtds_tx/U_DUT/xpm_fifo_async_inst/gnuram_async_fifo.xpm_fifo_base_inst/gen_sdpram.xpm_memory_base_inst/rsta,logic,1,VCD+WDB,hierarchy,0,0,0,,,0,0,0
/tb_rtds_tx/U_DUT/xpm_fifo_async_inst/gnuram_async_fifo.xpm_fifo_base_inst/gen_sdpram.xpm_memory_base_inst/ena,logic,1,VCD+WDB,hierarchy,0,0,602,262000,21290000,0,1,0
/tb_rtds_tx/U_DUT/xpm_fifo_async_inst/gnuram_async_fifo.xpm_fifo_base_inst/gen_sdpram.xpm_memory_base_inst/regcea,logic,1,VCD+WDB,hierarchy,0,0,0,,,0,0,0
/tb_rtds_tx/U_DUT/xpm_fifo_async_inst/gnuram_async_fifo.xpm_fifo_base_inst/gen_sdpram.xpm_memory_base_inst/wea,array,1,VCD+WDB,hierarchy,0,0,602,262000,21290000,0,1,0
/tb_rtds_tx/U_DUT/xpm_fifo_async_inst/gnuram_async_fifo.xpm_fifo_base_inst/gen_sdpram.xpm_memory_base_inst/addra,array,9,VCD+WDB,hierarchy,0,1011000,603,266000,21290000,0,511,0
/tb_rtds_tx/U_DUT/xpm_fifo_async_inst/gnuram_async_fifo.xpm_fifo_base_inst/gen_sdpram.xpm_memory_base_inst/dina,array,64,VCD+WDB,hierarchy,0,1010010111000011001000000000000100000000000000000000001001010111,602,262000,21286000,0,11944425825383744087,0
/tb_rtds_tx/U_DUT/xpm_fifo_async_inst/gnuram_async_fifo.xpm_fifo_base_inst/gen_sdpram.xpm_memory_base_inst/injectsbiterra,logic,1,VCD+WDB,hierarchy,0,0,0,,,0,0,0
/tb_rtds_tx/U_DUT/xpm_fifo_async_inst/gnuram_async_fifo.xpm_fifo_base_inst/gen_sdpram.xpm_memory_base_inst/injectdbiterra,logic,1,VCD+WDB,hierarchy,0,0,0,,,0,0,0
/tb_rtds_tx/U_DUT/xpm_fifo_async_inst/gnuram_async_fifo.xpm_fifo_base_inst/gen_sdpram.xpm_memory_base_inst/douta,array,64,VCD+WDB,hierarchy,0,0,0,,,0,0,0
/tb_rtds_tx/U_DUT/xpm_fifo_async_inst/gnuram_async_fifo.xpm_fifo_base_inst/gen_sdpram.xpm_memory_base_inst/sbiterra,logic,1,VCD+WDB,hierarchy,0,0,0,,,0,0,0
/tb_rtds_tx/U_DUT/xpm_fifo_async_inst/gnuram_async_fifo.xpm_fifo_base_inst/gen_sdpram.xpm_memory_base_inst/dbiterra,logic,1,VCD+WDB,hierarchy,0,0,0,,,0,0,0
/tb_rtds_tx/U_DUT/xpm_fifo_async_inst/gnuram_async_fifo.xpm_fifo_base_inst/gen_sdpram.xpm_memory_base_inst/clkb,logic,1,VCD+WDB,hierarchy,0,1,9033,3200,28905600,0,1,0
/tb_rtds_tx/U_DUT/xpm_fifo_async_inst/gnuram_async_fifo.xpm_fifo_base_inst/gen_sdpram.xpm_memory_base_inst/rstb,logic,1,VCD+WDB,hierarchy,0,0,8,118400,649600,0,1,0
/tb_rtds_tx/U_DUT/xpm_fifo_async_inst/gnuram_async_fifo.xpm_fifo_base_inst/gen_sdpram.xpm_memory_base_inst/enb,logic,1,VCD+WDB,hierarchy,0,0,802,291200,28758400,0,1,0
/tb_rtds_tx/U_DUT/xpm_fifo_async_inst/gnuram_async_fifo.xpm_fifo_base_inst/gen_sdpram.xpm_memory_base_inst/regceb,logic,1,VCD+WDB,hierarchy,0,0,806,297600,28771200,0,1,0
/tb_rtds_tx/U_DUT/xpm_fifo_async_inst/gnuram_async_fifo.xpm_fifo_base_inst/gen_sdpram.xpm_memory_base_inst/web,array,1,VCD+WDB,hierarchy,0,0,0,,,0,0,0
/tb_rtds_tx/U_DUT/xpm_fifo_async_inst/gnuram_async_fifo.xpm_fifo_base_inst/gen_sdpram.xpm_memory_base_inst/addrb,array,9,VCD+WDB,hierarchy,0,1011000,603,297600,28758400,0,511,0
/tb_rtds_tx/U_DUT/xpm_fifo_async_inst/gnuram_async_fifo.xpm_fifo_base_inst/gen_sdpram.xpm_memory_base_inst/dinb,array,64,VCD+WDB,hierarchy,0,0,0,,,0,0,0
/tb_rtds_tx/U_DUT/xpm_fifo_async_inst/gnuram_async_fifo.xpm_fifo_base_inst/gen_sdpram.xpm_memory_base_inst/injectsbiterrb,logic,1,VCD+WDB,hierarchy,0,0,0,,,0,0,0
/tb_rtds_tx/U_DUT/xpm_fifo_async_inst/gnuram_async_fifo.xpm_fifo_base_inst/gen_sdpram.xpm_memory_base_inst/injectdbiterrb,logic,1,VCD+WDB,hierarchy,0,0,0,,,0,0,0
/tb_rtds_tx/U_DUT/xpm_fifo_async_inst/gnuram_async_fifo.xpm_fifo_base_inst/gen_sdpram.xpm_memory_base_inst/doutb,array,64,VCD+WDB,hierarchy,0,1010010111000011001000000000000100000000000000000000001001010111,603,304000,28771200,0,11944425825383744087,0
/tb_rtds_tx/U_DUT/xpm_fifo_async_inst/gnuram_async_fifo.xpm_fifo_base_inst/gen_sdpram.xpm_memory_base_inst/sbiterrb,logic,1,VCD+WDB,hierarchy,0,0,0,,,0,0,0
/tb_rtds_tx/U_DUT/xpm_fifo_async_inst/gnuram_async_fifo.xpm_fifo_base_inst/gen_sdpram.xpm_memory_base_inst/dbiterrb,logic,1,VCD+WDB,hierarchy,0,0,0,,,0,0,0
/tb_rtds_tx/U_DUT/xpm_fifo_async_inst/gnuram_async_fifo.xpm_fifo_base_inst/gen_sdpram.xpm_memory_base_inst/mem,array,,WDB object; no VCD scalar/vector,hierarchy,,,,,,,,
/tb_rtds_tx/U_DUT/xpm_fifo_async_inst/gnuram_async_fifo.xpm_fifo_base_inst/gen_sdpram.xpm_memory_base_inst/num_char_in_param,array,32,VCD+WDB,hierarchy,0,0,0,,,0,0,0
/tb_rtds_tx/U_DUT/xpm_fifo_async_inst/gnuram_async_fifo.xpm_fifo_base_inst/gen_sdpram.xpm_memory_base_inst/douta_bb,array,64,VCD+WDB,hierarchy,z,z,0,,,,,1
/tb_rtds_tx/U_DUT/xpm_fifo_async_inst/gnuram_async_fifo.xpm_fifo_base_inst/gen_sdpram.xpm_memory_base_inst/doutb_bb,array,64,VCD+WDB,hierarchy,z,z,0,,,,,1
/tb_rtds_tx/U_DUT/xpm_fifo_async_inst/gnuram_async_fifo.xpm_fifo_base_inst/gen_sdpram.xpm_memory_base_inst/ena_i,logic,1,VCD+WDB,hierarchy,0,0,602,262000,21290000,0,1,0
/tb_rtds_tx/U_DUT/xpm_fifo_async_inst/gnuram_async_fifo.xpm_fifo_base_inst/gen_sdpram.xpm_memory_base_inst/wea_i,array,1,VCD+WDB,hierarchy,0,0,602,262000,21290000,0,1,0
/tb_rtds_tx/U_DUT/xpm_fifo_async_inst/gnuram_async_fifo.xpm_fifo_base_inst/gen_sdpram.xpm_memory_base_inst/addra_i,array,9,VCD+WDB,hierarchy,0,1011000,603,266000,21290000,0,511,0
/tb_rtds_tx/U_DUT/xpm_fifo_async_inst/gnuram_async_fifo.xpm_fifo_base_inst/gen_sdpram.xpm_memory_base_inst/dina_i,array,64,VCD+WDB,hierarchy,0,1010010111000011001000000000000100000000000000000000001001010111,602,262000,21286000,0,11944425825383744087,0
/tb_rtds_tx/U_DUT/xpm_fifo_async_inst/gnuram_async_fifo.xpm_fifo_base_inst/gen_sdpram.xpm_memory_base_inst/ena_o_pipe_ctrl,logic,1,VCD+WDB,hierarchy,0,0,602,262000,21290000,0,1,0
/tb_rtds_tx/U_DUT/xpm_fifo_async_inst/gnuram_async_fifo.xpm_fifo_base_inst/gen_sdpram.xpm_memory_base_inst/regcea_i,logic,1,VCD+WDB,hierarchy,0,0,0,,,0,0,0
/tb_rtds_tx/U_DUT/xpm_fifo_async_inst/gnuram_async_fifo.xpm_fifo_base_inst/gen_sdpram.xpm_memory_base_inst/gen_wr_a.addra_int,array,9,VCD+WDB,hierarchy,0,1011000,603,266000,21290000,0,511,0
/tb_rtds_tx/U_DUT/xpm_fifo_async_inst/gnuram_async_fifo.xpm_fifo_base_inst/gen_sdpram.xpm_memory_base_inst/enb_i,logic,1,VCD+WDB,hierarchy,0,0,802,291200,28758400,0,1,0
/tb_rtds_tx/U_DUT/xpm_fifo_async_inst/gnuram_async_fifo.xpm_fifo_base_inst/gen_sdpram.xpm_memory_base_inst/web_i,array,1,VCD+WDB,hierarchy,0,0,0,,,0,0,0
/tb_rtds_tx/U_DUT/xpm_fifo_async_inst/gnuram_async_fifo.xpm_fifo_base_inst/gen_sdpram.xpm_memory_base_inst/addrb_i,array,9,VCD+WDB,hierarchy,0,1011000,603,297600,28758400,0,511,0
/tb_rtds_tx/U_DUT/xpm_fifo_async_inst/gnuram_async_fifo.xpm_fifo_base_inst/gen_sdpram.xpm_memory_base_inst/dinb_i,array,64,VCD+WDB,hierarchy,0,0,0,,,0,0,0
/tb_rtds_tx/U_DUT/xpm_fifo_async_inst/gnuram_async_fifo.xpm_fifo_base_inst/gen_sdpram.xpm_memory_base_inst/enb_o_pipe_ctrl,logic,1,VCD+WDB,hierarchy,0,0,802,291200,28758400,0,1,0
/tb_rtds_tx/U_DUT/xpm_fifo_async_inst/gnuram_async_fifo.xpm_fifo_base_inst/gen_sdpram.xpm_memory_base_inst/regceb_i,logic,1,VCD+WDB,hierarchy,0,0,806,297600,28771200,0,1,0
/tb_rtds_tx/U_DUT/xpm_fifo_async_inst/gnuram_async_fifo.xpm_fifo_base_inst/gen_sdpram.xpm_memory_base_inst/gen_rd_b.clkb_int,logic,1,VCD+WDB,hierarchy,0,1,9033,3200,28905600,0,1,0
/tb_rtds_tx/U_DUT/xpm_fifo_async_inst/gnuram_async_fifo.xpm_fifo_base_inst/gen_sdpram.xpm_memory_base_inst/gen_rd_b.addrb_int,array,9,VCD+WDB,hierarchy,0,1011000,603,297600,28758400,0,511,0
/tb_rtds_tx/U_DUT/xpm_fifo_async_inst/gnuram_async_fifo.xpm_fifo_base_inst/gen_sdpram.xpm_memory_base_inst/gen_rd_b.doutb_reg,array,64,VCD+WDB,hierarchy,0,1010010111000011001000000000000100000000000000000000001001010111,602,297600,28758400,0,11944425825383744087,0
/tb_rtds_tx/U_DUT/xpm_fifo_async_inst/gnuram_async_fifo.xpm_fifo_base_inst/gen_sdpram.xpm_memory_base_inst/gen_rd_b.sbiterrb_i,logic,1,VCD+WDB,hierarchy,0,0,0,,,0,0,0
/tb_rtds_tx/U_DUT/xpm_fifo_async_inst/gnuram_async_fifo.xpm_fifo_base_inst/gen_sdpram.xpm_memory_base_inst/gen_rd_b.dbiterrb_i,logic,1,VCD+WDB,hierarchy,0,0,0,,,0,0,0
/tb_rtds_tx/U_DUT/xpm_fifo_async_inst/gnuram_async_fifo.xpm_fifo_base_inst/gen_sdpram.xpm_memory_base_inst/gen_rd_b.gen_doutb_pipe.enb_pipe,array,,WDB object; no VCD scalar/vector,hierarchy,,,,,,,,
/tb_rtds_tx/U_DUT/xpm_fifo_async_inst/gnuram_async_fifo.xpm_fifo_base_inst/gen_sdpram.xpm_memory_base_inst/gen_rd_b.gen_doutb_pipe.doutb_pipe,array,,WDB object; no VCD scalar/vector,hierarchy,,,,,,,,
/tb_rtds_tx/U_DUT/xpm_fifo_async_inst/gnuram_async_fifo.xpm_fifo_base_inst/gen_sdpram.xpm_memory_base_inst/sleep_int_a,logic,1,VCD+WDB,hierarchy,0,0,0,,,0,0,0
/tb_rtds_tx/U_DUT/xpm_fifo_async_inst/gnuram_async_fifo.xpm_fifo_base_inst/gen_sdpram.xpm_memory_base_inst/sleep_int_b,logic,1,VCD+WDB,hierarchy,0,0,0,,,0,0,0
/tb_rtds_tx/U_DUT/xpm_fifo_async_inst/gnuram_async_fifo.xpm_fifo_base_inst/gen_sdpram.xpm_memory_base_inst/addra_aslp_sim,array,9,VCD+WDB,hierarchy,0,1011000,603,266000,21290000,0,511,0
/tb_rtds_tx/U_DUT/xpm_fifo_async_inst/gnuram_async_fifo.xpm_fifo_base_inst/gen_sdpram.xpm_memory_base_inst/addrb_aslp_sim,array,9,VCD+WDB,hierarchy,0,1011000,603,297600,28758400,0,511,0
/tb_rtds_tx/U_DUT/xpm_fifo_async_inst/gnuram_async_fifo.xpm_fifo_base_inst/gen_sdpram.xpm_memory_base_inst/injectsbiterra_sim,logic,1,VCD+WDB,hierarchy,0,0,0,,,0,0,0
/tb_rtds_tx/U_DUT/xpm_fifo_async_inst/gnuram_async_fifo.xpm_fifo_base_inst/gen_sdpram.xpm_memory_base_inst/injectdbiterra_sim,logic,1,VCD+WDB,hierarchy,0,0,0,,,0,0,0
/tb_rtds_tx/U_DUT/xpm_fifo_async_inst/gnuram_async_fifo.xpm_fifo_base_inst/gen_sdpram.xpm_memory_base_inst/injectsbiterrb_sim,logic,1,VCD+WDB,hierarchy,0,0,0,,,0,0,0
/tb_rtds_tx/U_DUT/xpm_fifo_async_inst/gnuram_async_fifo.xpm_fifo_base_inst/gen_sdpram.xpm_memory_base_inst/injectdbiterrb_sim,logic,1,VCD+WDB,hierarchy,0,0,0,,,0,0,0
/tb_rtds_tx/U_DUT/xpm_fifo_async_inst/gnuram_async_fifo.xpm_fifo_base_inst/gen_sdpram.xpm_memory_base_inst/gen_assert_coll_ww.wra,logic,1,VCD+WDB,hierarchy,0,0,602,266000,21294000,0,1,0
/tb_rtds_tx/U_DUT/xpm_fifo_async_inst/gnuram_async_fifo.xpm_fifo_base_inst/gen_sdpram.xpm_memory_base_inst/gen_assert_coll_ww.wrb,logic,1,VCD+WDB,hierarchy,0,0,0,,,0,0,0
/tb_rtds_tx/U_DUT/xpm_fifo_async_inst/gnuram_async_fifo.xpm_fifo_base_inst/gen_sdpram.xpm_memory_base_inst/gen_assert_coll_ww.rda_cap,logic,1,VCD+WDB,hierarchy,0,0,0,,,0,0,0
/tb_rtds_tx/U_DUT/xpm_fifo_async_inst/gnuram_async_fifo.xpm_fifo_base_inst/gen_sdpram.xpm_memory_base_inst/gen_assert_coll_ww.rdb_cap,logic,1,VCD+WDB,hierarchy,0,0,802,297600,28764800,0,1,0
/tb_rtds_tx/U_DUT/xpm_fifo_async_inst/gnuram_async_fifo.xpm_fifo_base_inst/gen_sdpram.xpm_memory_base_inst/gen_assert_coll_ww.wea_cap,array,1,VCD+WDB,hierarchy,0,1,1,266000,266000,0,1,0
/tb_rtds_tx/U_DUT/xpm_fifo_async_inst/gnuram_async_fifo.xpm_fifo_base_inst/gen_sdpram.xpm_memory_base_inst/gen_assert_coll_ww.web_cap,array,1,VCD+WDB,hierarchy,0,0,0,,,0,0,0
/tb_rtds_tx/U_DUT/xpm_fifo_async_inst/gnuram_async_fifo.xpm_fifo_base_inst/gen_sdpram.xpm_memory_base_inst/gen_assert_coll_ww.addra_cap,array,9,VCD+WDB,hierarchy,0,1010111,601,270000,21290000,0,511,0
/tb_rtds_tx/U_DUT/xpm_fifo_async_inst/gnuram_async_fifo.xpm_fifo_base_inst/gen_sdpram.xpm_memory_base_inst/gen_assert_coll_ww.addra_rd_cap,array,9,VCD+WDB,hierarchy,0,0,0,,,0,0,0
/tb_rtds_tx/U_DUT/xpm_fifo_async_inst/gnuram_async_fifo.xpm_fifo_base_inst/gen_sdpram.xpm_memory_base_inst/gen_assert_coll_ww.addrb_cap,array,9,VCD+WDB,hierarchy,0,0,0,,,0,0,0
/tb_rtds_tx/U_DUT/xpm_fifo_async_inst/gnuram_async_fifo.xpm_fifo_base_inst/gen_sdpram.xpm_memory_base_inst/gen_assert_coll_ww.addrb_rd_cap,array,9,VCD+WDB,hierarchy,0,1010111,601,304000,28758400,0,511,0
/tb_rtds_tx/U_DUT/xpm_fifo_async_inst/gnuram_async_fifo.xpm_fifo_base_inst/gen_sdpram.xpm_memory_base_inst/gen_assert_coll_ww.t_half_period_a,array,32,VCD+WDB,hierarchy,101110111000,11111010000,1,2000,2000,2000,3000,0
/tb_rtds_tx/U_DUT/xpm_fifo_async_inst/gnuram_async_fifo.xpm_fifo_base_inst/gen_sdpram.xpm_memory_base_inst/gen_assert_coll_ww.t_half_period_b,array,32,VCD+WDB,hierarchy,101110111000,110010000000,1,3200,3200,3000,3200,0
/tb_rtds_tx/U_DUT/xpm_fifo_async_inst/gnuram_async_fifo.xpm_fifo_base_inst/gen_sdpram.xpm_memory_base_inst/gen_assert_coll_ww.clk_prd_det_a,logic,1,VCD+WDB,hierarchy,0,1,1,4000,4000,0,1,0
/tb_rtds_tx/U_DUT/xpm_fifo_async_inst/gnuram_async_fifo.xpm_fifo_base_inst/gen_sdpram.xpm_memory_base_inst/gen_assert_coll_ww.clk_prd_det_b,logic,1,VCD+WDB,hierarchy,0,1,1,6400,6400,0,1,0
/tb_rtds_tx/U_DUT/xpm_fifo_async_inst/gnuram_async_fifo.xpm_fifo_base_inst/gen_sdpram.xpm_memory_base_inst/gen_assert_coll_ww.col_win_max,array,32,VCD+WDB,hierarchy,101110111000,101110111000,0,,,3000,3000,0
/tb_rtds_tx/U_DUT/xpm_fifo_async_inst/gnuram_async_fifo.xpm_fifo_base_inst/gen_sdpram.xpm_memory_base_inst/gen_assert_coll_ww.col_win_wr_a,logic,1,VCD+WDB,hierarchy,0,0,1204,266000,21293000,0,1,0
/tb_rtds_tx/U_DUT/xpm_fifo_async_inst/gnuram_async_fifo.xpm_fifo_base_inst/gen_sdpram.xpm_memory_base_inst/gen_assert_coll_ww.col_win_rd_a,logic,1,VCD+WDB,hierarchy,0,0,0,,,0,0,0
/tb_rtds_tx/U_DUT/xpm_fifo_async_inst/gnuram_async_fifo.xpm_fifo_base_inst/gen_sdpram.xpm_memory_base_inst/gen_assert_coll_ww.col_win_wr_b,logic,1,VCD+WDB,hierarchy,0,0,0,,,0,0,0
/tb_rtds_tx/U_DUT/xpm_fifo_async_inst/gnuram_async_fifo.xpm_fifo_base_inst/gen_sdpram.xpm_memory_base_inst/gen_assert_coll_ww.col_win_rd_b,logic,1,VCD+WDB,hierarchy,0,0,1204,297600,28761400,0,1,0
/tb_rtds_tx/U_DUT/xpm_fifo_async_inst/gnuram_async_fifo.xpm_fifo_base_inst/gen_sdpram.xpm_memory_base_inst/gen_assert_coll_ww.async_clk_sym.wr_wr_col_asym_a,logic,1,VCD+WDB,hierarchy,0,0,0,,,0,0,0
/tb_rtds_tx/U_DUT/xpm_fifo_async_inst/gnuram_async_fifo.xpm_fifo_base_inst/gen_sdpram.xpm_memory_base_inst/gen_assert_coll_ww.async_clk_sym.wr_wr_col_asym_b,logic,1,VCD+WDB,hierarchy,0,0,0,,,0,0,0
/tb_rtds_tx/U_DUT/xpm_fifo_async_inst/gnuram_async_fifo.xpm_fifo_base_inst/gen_sdpram.xpm_memory_base_inst/MEMORY_TYPE,array,0,VCD+WDB,hierarchy,1,1,0,,,1,1,0
/tb_rtds_tx/U_DUT/xpm_fifo_async_inst/gnuram_async_fifo.xpm_fifo_base_inst/gen_sdpram.xpm_memory_base_inst/MEMORY_SIZE,array,0,VCD+WDB,hierarchy,1000000000000000,1000000000000000,0,,,32768,32768,0
/tb_rtds_tx/U_DUT/xpm_fifo_async_inst/gnuram_async_fifo.xpm_fifo_base_inst/gen_sdpram.xpm_memory_base_inst/MEMORY_PRIMITIVE,array,0,VCD+WDB,hierarchy,0,0,0,,,0,0,0
/tb_rtds_tx/U_DUT/xpm_fifo_async_inst/gnuram_async_fifo.xpm_fifo_base_inst/gen_sdpram.xpm_memory_base_inst/CLOCKING_MODE,array,0,VCD+WDB,hierarchy,1,1,0,,,1,1,0
/tb_rtds_tx/U_DUT/xpm_fifo_async_inst/gnuram_async_fifo.xpm_fifo_base_inst/gen_sdpram.xpm_memory_base_inst/ECC_MODE,array,0,VCD+WDB,hierarchy,0,0,0,,,0,0,0
/tb_rtds_tx/U_DUT/xpm_fifo_async_inst/gnuram_async_fifo.xpm_fifo_base_inst/gen_sdpram.xpm_memory_base_inst/MEMORY_INIT_FILE,array,32,VCD+WDB,hierarchy,1101110011011110110111001100101,1101110011011110110111001100101,0,,,1852796517,1852796517,0
/tb_rtds_tx/U_DUT/xpm_fifo_async_inst/gnuram_async_fifo.xpm_fifo_base_inst/gen_sdpram.xpm_memory_base_inst/MEMORY_INIT_PARAM,array,8,VCD+WDB,hierarchy,0,0,0,,,0,0,0
/tb_rtds_tx/U_DUT/xpm_fifo_async_inst/gnuram_async_fifo.xpm_fifo_base_inst/gen_sdpram.xpm_memory_base_inst/USE_MEM_INIT_MMI,array,0,VCD+WDB,hierarchy,0,0,0,,,0,0,0
/tb_rtds_tx/U_DUT/xpm_fifo_async_inst/gnuram_async_fifo.xpm_fifo_base_inst/gen_sdpram.xpm_memory_base_inst/USE_MEM_INIT,array,0,VCD+WDB,hierarchy,0,0,0,,,0,0,0
/tb_rtds_tx/U_DUT/xpm_fifo_async_inst/gnuram_async_fifo.xpm_fifo_base_inst/gen_sdpram.xpm_memory_base_inst/MEMORY_OPTIMIZATION,array,32,VCD+WDB,hierarchy,1110100011100100111010101100101,1110100011100100111010101100101,0,,,1953658213,1953658213,0
/tb_rtds_tx/U_DUT/xpm_fifo_async_inst/gnuram_async_fifo.xpm_fifo_base_inst/gen_sdpram.xpm_memory_base_inst/WAKEUP_TIME,array,0,VCD+WDB,hierarchy,0,0,0,,,0,0,0
/tb_rtds_tx/U_DUT/xpm_fifo_async_inst/gnuram_async_fifo.xpm_fifo_base_inst/gen_sdpram.xpm_memory_base_inst/AUTO_SLEEP_TIME,array,0,VCD+WDB,hierarchy,0,0,0,,,0,0,0
/tb_rtds_tx/U_DUT/xpm_fifo_async_inst/gnuram_async_fifo.xpm_fifo_base_inst/gen_sdpram.xpm_memory_base_inst/MESSAGE_CONTROL,array,0,VCD+WDB,hierarchy,0,0,0,,,0,0,0
/tb_rtds_tx/U_DUT/xpm_fifo_async_inst/gnuram_async_fifo.xpm_fifo_base_inst/gen_sdpram.xpm_memory_base_inst/VERSION,array,0,VCD+WDB,hierarchy,0,0,0,,,0,0,0
/tb_rtds_tx/U_DUT/xpm_fifo_async_inst/gnuram_async_fifo.xpm_fifo_base_inst/gen_sdpram.xpm_memory_base_inst/USE_EMBEDDED_CONSTRAINT,array,0,VCD+WDB,hierarchy,0,0,0,,,0,0,0
/tb_rtds_tx/U_DUT/xpm_fifo_async_inst/gnuram_async_fifo.xpm_fifo_base_inst/gen_sdpram.xpm_memory_base_inst/CASCADE_HEIGHT,array,0,VCD+WDB,hierarchy,0,0,0,,,0,0,0
/tb_rtds_tx/U_DUT/xpm_fifo_async_inst/gnuram_async_fifo.xpm_fifo_base_inst/gen_sdpram.xpm_memory_base_inst/SIM_ASSERT_CHK,array,0,VCD+WDB,hierarchy,0,0,0,,,0,0,0
/tb_rtds_tx/U_DUT/xpm_fifo_async_inst/gnuram_async_fifo.xpm_fifo_base_inst/gen_sdpram.xpm_memory_base_inst/WRITE_PROTECT,array,0,VCD+WDB,hierarchy,1,1,0,,,1,1,0
/tb_rtds_tx/U_DUT/xpm_fifo_async_inst/gnuram_async_fifo.xpm_fifo_base_inst/gen_sdpram.xpm_memory_base_inst/WRITE_DATA_WIDTH_A,array,0,VCD+WDB,hierarchy,1000000,1000000,0,,,64,64,0
/tb_rtds_tx/U_DUT/xpm_fifo_async_inst/gnuram_async_fifo.xpm_fifo_base_inst/gen_sdpram.xpm_memory_base_inst/READ_DATA_WIDTH_A,array,0,VCD+WDB,hierarchy,1000000,1000000,0,,,64,64,0
/tb_rtds_tx/U_DUT/xpm_fifo_async_inst/gnuram_async_fifo.xpm_fifo_base_inst/gen_sdpram.xpm_memory_base_inst/BYTE_WRITE_WIDTH_A,array,0,VCD+WDB,hierarchy,1000000,1000000,0,,,64,64,0
/tb_rtds_tx/U_DUT/xpm_fifo_async_inst/gnuram_async_fifo.xpm_fifo_base_inst/gen_sdpram.xpm_memory_base_inst/ADDR_WIDTH_A,array,0,VCD+WDB,hierarchy,1001,1001,0,,,9,9,0
/tb_rtds_tx/U_DUT/xpm_fifo_async_inst/gnuram_async_fifo.xpm_fifo_base_inst/gen_sdpram.xpm_memory_base_inst/READ_RESET_VALUE_A,array,8,VCD+WDB,hierarchy,110000,110000,0,,,48,48,0
/tb_rtds_tx/U_DUT/xpm_fifo_async_inst/gnuram_async_fifo.xpm_fifo_base_inst/gen_sdpram.xpm_memory_base_inst/READ_LATENCY_A,array,0,VCD+WDB,hierarchy,10,10,0,,,2,2,0
/tb_rtds_tx/U_DUT/xpm_fifo_async_inst/gnuram_async_fifo.xpm_fifo_base_inst/gen_sdpram.xpm_memory_base_inst/WRITE_MODE_A,array,0,VCD+WDB,hierarchy,10,10,0,,,2,2,0
/tb_rtds_tx/U_DUT/xpm_fifo_async_inst/gnuram_async_fifo.xpm_fifo_base_inst/gen_sdpram.xpm_memory_base_inst/RST_MODE_A,array,32,VCD+WDB,hierarchy,1010011010110010100111001000011,1010011010110010100111001000011,0,,,1398361667,1398361667,0
/tb_rtds_tx/U_DUT/xpm_fifo_async_inst/gnuram_async_fifo.xpm_fifo_base_inst/gen_sdpram.xpm_memory_base_inst/WRITE_DATA_WIDTH_B,array,0,VCD+WDB,hierarchy,1000000,1000000,0,,,64,64,0
/tb_rtds_tx/U_DUT/xpm_fifo_async_inst/gnuram_async_fifo.xpm_fifo_base_inst/gen_sdpram.xpm_memory_base_inst/READ_DATA_WIDTH_B,array,0,VCD+WDB,hierarchy,1000000,1000000,0,,,64,64,0
/tb_rtds_tx/U_DUT/xpm_fifo_async_inst/gnuram_async_fifo.xpm_fifo_base_inst/gen_sdpram.xpm_memory_base_inst/BYTE_WRITE_WIDTH_B,array,0,VCD+WDB,hierarchy,1000000,1000000,0,,,64,64,0
/tb_rtds_tx/U_DUT/xpm_fifo_async_inst/gnuram_async_fifo.xpm_fifo_base_inst/gen_sdpram.xpm_memory_base_inst/ADDR_WIDTH_B,array,0,VCD+WDB,hierarchy,1001,1001,0,,,9,9,0
/tb_rtds_tx/U_DUT/xpm_fifo_async_inst/gnuram_async_fifo.xpm_fifo_base_inst/gen_sdpram.xpm_memory_base_inst/READ_RESET_VALUE_B,array,8,VCD+WDB,hierarchy,110000,110000,0,,,48,48,0
/tb_rtds_tx/U_DUT/xpm_fifo_async_inst/gnuram_async_fifo.xpm_fifo_base_inst/gen_sdpram.xpm_memory_base_inst/READ_LATENCY_B,array,0,VCD+WDB,hierarchy,10,10,0,,,2,2,0
/tb_rtds_tx/U_DUT/xpm_fifo_async_inst/gnuram_async_fifo.xpm_fifo_base_inst/gen_sdpram.xpm_memory_base_inst/WRITE_MODE_B,array,0,VCD+WDB,hierarchy,10,10,0,,,2,2,0
/tb_rtds_tx/U_DUT/xpm_fifo_async_inst/gnuram_async_fifo.xpm_fifo_base_inst/gen_sdpram.xpm_memory_base_inst/RST_MODE_B,array,32,VCD+WDB,hierarchy,1010011010110010100111001000011,1010011010110010100111001000011,0,,,1398361667,1398361667,0
/tb_rtds_tx/U_DUT/xpm_fifo_async_inst/gnuram_async_fifo.xpm_fifo_base_inst/gen_sdpram.xpm_memory_base_inst/P_MEMORY_PRIMITIVE,array,32,VCD+WDB,hierarchy,1100001011101010111010001101111,1100001011101010111010001101111,0,,,1635087471,1635087471,0
/tb_rtds_tx/U_DUT/xpm_fifo_async_inst/gnuram_async_fifo.xpm_fifo_base_inst/gen_sdpram.xpm_memory_base_inst/P_MIN_WIDTH_DATA_A,array,0,VCD+WDB,hierarchy,1000000,1000000,0,,,64,64,0
/tb_rtds_tx/U_DUT/xpm_fifo_async_inst/gnuram_async_fifo.xpm_fifo_base_inst/gen_sdpram.xpm_memory_base_inst/P_MIN_WIDTH_DATA_B,array,0,VCD+WDB,hierarchy,1000000,1000000,0,,,64,64,0
/tb_rtds_tx/U_DUT/xpm_fifo_async_inst/gnuram_async_fifo.xpm_fifo_base_inst/gen_sdpram.xpm_memory_base_inst/P_MIN_WIDTH_DATA,array,0,VCD+WDB,hierarchy,1000000,1000000,0,,,64,64,0
/tb_rtds_tx/U_DUT/xpm_fifo_async_inst/gnuram_async_fifo.xpm_fifo_base_inst/gen_sdpram.xpm_memory_base_inst/P_MIN_WIDTH_DATA_ECC,array,0,VCD+WDB,hierarchy,1000000,1000000,0,,,64,64,0
/tb_rtds_tx/U_DUT/xpm_fifo_async_inst/gnuram_async_fifo.xpm_fifo_base_inst/gen_sdpram.xpm_memory_base_inst/P_MAX_DEPTH_DATA,array,0,VCD+WDB,hierarchy,1000000000,1000000000,0,,,512,512,0
/tb_rtds_tx/U_DUT/xpm_fifo_async_inst/gnuram_async_fifo.xpm_fifo_base_inst/gen_sdpram.xpm_memory_base_inst/P_ECC_MODE,array,48,VCD+WDB,hierarchy,11011100110111101011111011001010110001101100011,11011100110111101011111011001010110001101100011,0,,,121424620905315,121424620905315,0
/tb_rtds_tx/U_DUT/xpm_fifo_async_inst/gnuram_async_fifo.xpm_fifo_base_inst/gen_sdpram.xpm_memory_base_inst/P_MEMORY_OPT,array,24,VCD+WDB,hierarchy,11110010110010101110011,11110010110010101110011,0,,,7955827,7955827,0
/tb_rtds_tx/U_DUT/xpm_fifo_async_inst/gnuram_async_fifo.xpm_fifo_base_inst/gen_sdpram.xpm_memory_base_inst/P_WIDTH_COL_WRITE_A,array,0,VCD+WDB,hierarchy,1000000,1000000,0,,,64,64,0
/tb_rtds_tx/U_DUT/xpm_fifo_async_inst/gnuram_async_fifo.xpm_fifo_base_inst/gen_sdpram.xpm_memory_base_inst/P_WIDTH_COL_WRITE_B,array,0,VCD+WDB,hierarchy,1000000,1000000,0,,,64,64,0
/tb_rtds_tx/U_DUT/xpm_fifo_async_inst/gnuram_async_fifo.xpm_fifo_base_inst/gen_sdpram.xpm_memory_base_inst/P_NUM_COLS_WRITE_A,array,0,VCD+WDB,hierarchy,1,1,0,,,1,1,0
/tb_rtds_tx/U_DUT/xpm_fifo_async_inst/gnuram_async_fifo.xpm_fifo_base_inst/gen_sdpram.xpm_memory_base_inst/P_NUM_COLS_WRITE_B,array,0,VCD+WDB,hierarchy,1,1,0,,,1,1,0
/tb_rtds_tx/U_DUT/xpm_fifo_async_inst/gnuram_async_fifo.xpm_fifo_base_inst/gen_sdpram.xpm_memory_base_inst/P_NUM_ROWS_WRITE_A,array,0,VCD+WDB,hierarchy,1,1,0,,,1,1,0
/tb_rtds_tx/U_DUT/xpm_fifo_async_inst/gnuram_async_fifo.xpm_fifo_base_inst/gen_sdpram.xpm_memory_base_inst/P_NUM_ROWS_WRITE_B,array,0,VCD+WDB,hierarchy,1,1,0,,,1,1,0
/tb_rtds_tx/U_DUT/xpm_fifo_async_inst/gnuram_async_fifo.xpm_fifo_base_inst/gen_sdpram.xpm_memory_base_inst/P_NUM_ROWS_READ_A,array,0,VCD+WDB,hierarchy,1,1,0,,,1,1,0
/tb_rtds_tx/U_DUT/xpm_fifo_async_inst/gnuram_async_fifo.xpm_fifo_base_inst/gen_sdpram.xpm_memory_base_inst/P_NUM_ROWS_READ_B,array,0,VCD+WDB,hierarchy,1,1,0,,,1,1,0
/tb_rtds_tx/U_DUT/xpm_fifo_async_inst/gnuram_async_fifo.xpm_fifo_base_inst/gen_sdpram.xpm_memory_base_inst/P_WIDTH_ADDR_WRITE_A,array,0,VCD+WDB,hierarchy,1001,1001,0,,,9,9,0
/tb_rtds_tx/U_DUT/xpm_fifo_async_inst/gnuram_async_fifo.xpm_fifo_base_inst/gen_sdpram.xpm_memory_base_inst/P_WIDTH_ADDR_WRITE_B,array,0,VCD+WDB,hierarchy,1001,1001,0,,,9,9,0
/tb_rtds_tx/U_DUT/xpm_fifo_async_inst/gnuram_async_fifo.xpm_fifo_base_inst/gen_sdpram.xpm_memory_base_inst/P_WIDTH_ADDR_READ_A,array,0,VCD+WDB,hierarchy,1001,1001,0,,,9,9,0
/tb_rtds_tx/U_DUT/xpm_fifo_async_inst/gnuram_async_fifo.xpm_fifo_base_inst/gen_sdpram.xpm_memory_base_inst/P_WIDTH_ADDR_READ_B,array,0,VCD+WDB,hierarchy,1001,1001,0,,,9,9,0
/tb_rtds_tx/U_DUT/xpm_fifo_async_inst/gnuram_async_fifo.xpm_fifo_base_inst/gen_sdpram.xpm_memory_base_inst/P_WIDTH_ADDR_LSB_WRITE_A,array,0,VCD+WDB,hierarchy,0,0,0,,,0,0,0
/tb_rtds_tx/U_DUT/xpm_fifo_async_inst/gnuram_async_fifo.xpm_fifo_base_inst/gen_sdpram.xpm_memory_base_inst/P_WIDTH_ADDR_LSB_WRITE_B,array,0,VCD+WDB,hierarchy,0,0,0,,,0,0,0
/tb_rtds_tx/U_DUT/xpm_fifo_async_inst/gnuram_async_fifo.xpm_fifo_base_inst/gen_sdpram.xpm_memory_base_inst/P_WIDTH_ADDR_LSB_READ_A,array,0,VCD+WDB,hierarchy,0,0,0,,,0,0,0
/tb_rtds_tx/U_DUT/xpm_fifo_async_inst/gnuram_async_fifo.xpm_fifo_base_inst/gen_sdpram.xpm_memory_base_inst/P_WIDTH_ADDR_LSB_READ_B,array,0,VCD+WDB,hierarchy,0,0,0,,,0,0,0
/tb_rtds_tx/U_DUT/xpm_fifo_async_inst/gnuram_async_fifo.xpm_fifo_base_inst/gen_sdpram.xpm_memory_base_inst/P_ENABLE_BYTE_WRITE_A,array,0,VCD+WDB,hierarchy,0,0,0,,,0,0,0
/tb_rtds_tx/U_DUT/xpm_fifo_async_inst/gnuram_async_fifo.xpm_fifo_base_inst/gen_sdpram.xpm_memory_base_inst/P_ENABLE_BYTE_WRITE_B,array,0,VCD+WDB,hierarchy,0,0,0,,,0,0,0
/tb_rtds_tx/U_DUT/xpm_fifo_async_inst/gnuram_async_fifo.xpm_fifo_base_inst/gen_sdpram.xpm_memory_base_inst/P_SDP_WRITE_MODE,array,24,VCD+WDB,hierarchy,11110010110010101110011,11110010110010101110011,0,,,7955827,7955827,0
/tb_rtds_tx/U_DUT/xpm_fifo_async_inst/gnuram_async_fifo.xpm_fifo_base_inst/gen_sdpram.xpm_memory_base_inst/rsta_loop_iter,array,0,VCD+WDB,hierarchy,1000000,1000000,0,,,64,64,0
/tb_rtds_tx/U_DUT/xpm_fifo_async_inst/gnuram_async_fifo.xpm_fifo_base_inst/gen_sdpram.xpm_memory_base_inst/rstb_loop_iter,array,0,VCD+WDB,hierarchy,1000000,1000000,0,,,64,64,0
/tb_rtds_tx/U_DUT/xpm_fifo_async_inst/gnuram_async_fifo.xpm_fifo_base_inst/gen_sdpram.xpm_memory_base_inst/NUM_CHAR_LOC,array,32,VCD+WDB,hierarchy,0,0,0,,,0,0,0
/tb_rtds_tx/U_DUT/xpm_fifo_async_inst/gnuram_async_fifo.xpm_fifo_base_inst/gen_sdpram.xpm_memory_base_inst/MAX_NUM_CHAR,array,32,VCD+WDB,hierarchy,0,0,0,,,0,0,0
/tb_rtds_tx/U_DUT/xpm_fifo_async_inst/gnuram_async_fifo.xpm_fifo_base_inst/gen_sdpram.xpm_memory_base_inst/P_MIN_WIDTH_DATA_SHFT,array,32,VCD+WDB,hierarchy,1000000,1000000,0,,,64,64,0
/tb_rtds_tx/U_DUT/xpm_fifo_async_inst/gnuram_async_fifo.xpm_fifo_base_inst/gen_sdpram.xpm_memory_base_inst/P_MIN_WIDTH_DATA_LDW,array,32,VCD+WDB,hierarchy,100,100,0,,,4,4,0
/tb_rtds_tx/U_DUT/xpm_fifo_async_inst/gnuram_async_fifo.xpm_fifo_base_inst/gen_sdpram.xpm_memory_base_inst/gen_rd_b.READ_DATA_WIDTH_B_ECC,array,32,VCD+WDB,hierarchy,1000000,1000000,0,,,64,64,0
/tb_rtds_tx/U_DUT/xpm_fifo_async_inst/gnuram_async_fifo.xpm_fifo_base_inst/gen_sdpram.xpm_memory_base_inst/gen_rd_b.EMB_XDC,array,16,VCD+WDB,hierarchy,110111001101111,110111001101111,0,,,28271,28271,0
/tb_rtds_tx/U_DUT/xpm_fifo_async_inst/gnuram_async_fifo.xpm_fifo_base_inst/gen_sdpram.xpm_memory_base_inst/gen_rd_b.rstb_val,array,64,VCD+WDB,hierarchy,0,0,0,,,0,0,0
/tb_rtds_tx/U_DUT/xpm_fifo_async_inst/gnuram_async_fifo.xpm_fifo_base_inst/gen_cdc_pntr.wr_pntr_cdc_inst/config_drc_gray/drc_err_flag,logic,1,VCD+WDB,hierarchy,0,0,0,,,0,0,0
/tb_rtds_tx/U_DUT/xpm_fifo_async_inst/gnuram_async_fifo.xpm_fifo_base_inst/gen_cdc_pntr.wr_pntr_cdc_inst/Block381_114/syncstage,array,32,VCD+WDB,hierarchy,0,10,1,3200,3200,0,2,0
/tb_rtds_tx/U_DUT/xpm_fifo_async_inst/gnuram_async_fifo.xpm_fifo_base_inst/gen_cdc_pntr.wr_pntr_cdc_inst/Block393_116/j,array,32,VCD+WDB,hierarchy,11111111111111111111111111111111,11111111111111111111111111111111,0,,,4294967295,4294967295,0
/tb_rtds_tx/U_DUT/xpm_fifo_async_inst/gnuram_async_fifo.xpm_fifo_base_inst/gen_cdc_pntr.wr_pntr_cdc_inst/src_clk,logic,1,VCD+WDB,hierarchy,0,0,14452,2000,28904000,0,1,0
/tb_rtds_tx/U_DUT/xpm_fifo_async_inst/gnuram_async_fifo.xpm_fifo_base_inst/gen_cdc_pntr.wr_pntr_cdc_inst/src_in_bin,array,9,VCD+WDB,hierarchy,0,1011000,603,266000,21290000,0,511,0
/tb_rtds_tx/U_DUT/xpm_fifo_async_inst/gnuram_async_fifo.xpm_fifo_base_inst/gen_cdc_pntr.wr_pntr_cdc_inst/dest_clk,logic,1,VCD+WDB,hierarchy,0,1,9033,3200,28905600,0,1,0
/tb_rtds_tx/U_DUT/xpm_fifo_async_inst/gnuram_async_fifo.xpm_fifo_base_inst/gen_cdc_pntr.wr_pntr_cdc_inst/dest_out_bin,array,9,VCD+WDB,hierarchy,0,1011000,464,278400,21302400,0,510,0
/tb_rtds_tx/U_DUT/xpm_fifo_async_inst/gnuram_async_fifo.xpm_fifo_base_inst/gen_cdc_pntr.wr_pntr_cdc_inst/glblGSR_xpmcdc,logic,1,VCD+WDB,hierarchy,1,0,1,100000,100000,0,1,0
/tb_rtds_tx/U_DUT/xpm_fifo_async_inst/gnuram_async_fifo.xpm_fifo_base_inst/gen_cdc_pntr.wr_pntr_cdc_inst/dest_graysync_ff,array,,WDB object; no VCD scalar/vector,hierarchy,,,,,,,,
/tb_rtds_tx/U_DUT/xpm_fifo_async_inst/gnuram_async_fifo.xpm_fifo_base_inst/gen_cdc_pntr.wr_pntr_cdc_inst/gray_enc,array,9,VCD+WDB,hierarchy,0,1110100,603,266000,21290000,0,511,0
/tb_rtds_tx/U_DUT/xpm_fifo_async_inst/gnuram_async_fifo.xpm_fifo_base_inst/gen_cdc_pntr.wr_pntr_cdc_inst/binval,array,9,VCD+WDB,hierarchy,0,1011000,464,278400,21302400,0,510,0
/tb_rtds_tx/U_DUT/xpm_fifo_async_inst/gnuram_async_fifo.xpm_fifo_base_inst/gen_cdc_pntr.wr_pntr_cdc_inst/src_gray_ff,array,9,VCD+WDB,hierarchy,0,1110100,603,270000,21294000,0,511,0
/tb_rtds_tx/U_DUT/xpm_fifo_async_inst/gnuram_async_fifo.xpm_fifo_base_inst/gen_cdc_pntr.wr_pntr_cdc_inst/synco_gray,array,9,VCD+WDB,hierarchy,0,1110100,464,278400,21302400,0,511,0
/tb_rtds_tx/U_DUT/xpm_fifo_async_inst/gnuram_async_fifo.xpm_fifo_base_inst/gen_cdc_pntr.wr_pntr_cdc_inst/async_path,array,9,VCD+WDB,hierarchy,0,1110100,603,270000,21294000,0,511,0
/tb_rtds_tx/U_DUT/xpm_fifo_async_inst/gnuram_async_fifo.xpm_fifo_base_inst/gen_cdc_pntr.wr_pntr_cdc_inst/dest_out_bin_ff,array,9,VCD+WDB,hierarchy,0,1011000,464,284800,21308800,0,510,0
/tb_rtds_tx/U_DUT/xpm_fifo_async_inst/gnuram_async_fifo.xpm_fifo_base_inst/gen_cdc_pntr.wr_pntr_cdc_inst/DEST_SYNC_FF,array,0,VCD+WDB,hierarchy,10,10,0,,,2,2,0
/tb_rtds_tx/U_DUT/xpm_fifo_async_inst/gnuram_async_fifo.xpm_fifo_base_inst/gen_cdc_pntr.wr_pntr_cdc_inst/INIT_SYNC_FF,array,0,VCD+WDB,hierarchy,1,1,0,,,1,1,0
/tb_rtds_tx/U_DUT/xpm_fifo_async_inst/gnuram_async_fifo.xpm_fifo_base_inst/gen_cdc_pntr.wr_pntr_cdc_inst/REG_OUTPUT,array,0,VCD+WDB,hierarchy,0,0,0,,,0,0,0
/tb_rtds_tx/U_DUT/xpm_fifo_async_inst/gnuram_async_fifo.xpm_fifo_base_inst/gen_cdc_pntr.wr_pntr_cdc_inst/SIM_ASSERT_CHK,array,0,VCD+WDB,hierarchy,0,0,0,,,0,0,0
/tb_rtds_tx/U_DUT/xpm_fifo_async_inst/gnuram_async_fifo.xpm_fifo_base_inst/gen_cdc_pntr.wr_pntr_cdc_inst/SIM_LOSSLESS_GRAY_CHK,array,0,VCD+WDB,hierarchy,0,0,0,,,0,0,0
/tb_rtds_tx/U_DUT/xpm_fifo_async_inst/gnuram_async_fifo.xpm_fifo_base_inst/gen_cdc_pntr.wr_pntr_cdc_inst/VERSION,array,0,VCD+WDB,hierarchy,0,0,0,,,0,0,0
/tb_rtds_tx/U_DUT/xpm_fifo_async_inst/gnuram_async_fifo.xpm_fifo_base_inst/gen_cdc_pntr.wr_pntr_cdc_inst/WIDTH,array,0,VCD+WDB,hierarchy,1001,1001,0,,,9,9,0
/tb_rtds_tx/U_DUT/xpm_fifo_async_inst/gnuram_async_fifo.xpm_fifo_base_inst/gen_cdc_pntr.wr_pntr_cdc_inst/VALONE,array,9,VCD+WDB,hierarchy,1,1,0,,,1,1,0
/tb_rtds_tx/U_DUT/xpm_fifo_async_inst/gnuram_async_fifo.xpm_fifo_base_inst/gen_cdc_pntr.wpr_gray_reg/rst,logic,1,VCD+WDB,hierarchy,0,0,8,118400,649600,0,1,0
/tb_rtds_tx/U_DUT/xpm_fifo_async_inst/gnuram_async_fifo.xpm_fifo_base_inst/gen_cdc_pntr.wpr_gray_reg/clk,logic,1,VCD+WDB,hierarchy,0,1,9033,3200,28905600,0,1,0
/tb_rtds_tx/U_DUT/xpm_fifo_async_inst/gnuram_async_fifo.xpm_fifo_base_inst/gen_cdc_pntr.wpr_gray_reg/reg_in,array,9,VCD+WDB,hierarchy,0,1011000,464,278400,21302400,0,510,0
/tb_rtds_tx/U_DUT/xpm_fifo_async_inst/gnuram_async_fifo.xpm_fifo_base_inst/gen_cdc_pntr.wpr_gray_reg/reg_out,array,9,VCD+WDB,hierarchy,0,1011000,464,284800,21308800,0,510,0
/tb_rtds_tx/U_DUT/xpm_fifo_async_inst/gnuram_async_fifo.xpm_fifo_base_inst/gen_cdc_pntr.wpr_gray_reg/reg_out_i,array,9,VCD+WDB,hierarchy,0,1011000,464,284800,21308800,0,510,0
/tb_rtds_tx/U_DUT/xpm_fifo_async_inst/gnuram_async_fifo.xpm_fifo_base_inst/gen_cdc_pntr.wpr_gray_reg/REG_WIDTH,array,0,VCD+WDB,hierarchy,1001,1001,0,,,9,9,0
/tb_rtds_tx/U_DUT/xpm_fifo_async_inst/gnuram_async_fifo.xpm_fifo_base_inst/gen_cdc_pntr.wr_pntr_cdc_dc_inst/config_drc_gray/drc_err_flag,logic,1,VCD+WDB,hierarchy,0,0,0,,,0,0,0
/tb_rtds_tx/U_DUT/xpm_fifo_async_inst/gnuram_async_fifo.xpm_fifo_base_inst/gen_cdc_pntr.wr_pntr_cdc_dc_inst/Block381_126/syncstage,array,32,VCD+WDB,hierarchy,0,100,1,3200,3200,0,4,0
/tb_rtds_tx/U_DUT/xpm_fifo_async_inst/gnuram_async_fifo.xpm_fifo_base_inst/gen_cdc_pntr.wr_pntr_cdc_dc_inst/Block393_128/j,array,32,VCD+WDB,hierarchy,11111111111111111111111111111111,11111111111111111111111111111111,0,,,4294967295,4294967295,0
/tb_rtds_tx/U_DUT/xpm_fifo_async_inst/gnuram_async_fifo.xpm_fifo_base_inst/gen_cdc_pntr.wr_pntr_cdc_dc_inst/src_clk,logic,1,VCD+WDB,hierarchy,0,0,14452,2000,28904000,0,1,0
/tb_rtds_tx/U_DUT/xpm_fifo_async_inst/gnuram_async_fifo.xpm_fifo_base_inst/gen_cdc_pntr.wr_pntr_cdc_dc_inst/src_in_bin,array,10,VCD+WDB,hierarchy,0,1001011000,603,266000,21290000,0,600,0
/tb_rtds_tx/U_DUT/xpm_fifo_async_inst/gnuram_async_fifo.xpm_fifo_base_inst/gen_cdc_pntr.wr_pntr_cdc_dc_inst/dest_clk,logic,1,VCD+WDB,hierarchy,0,1,9033,3200,28905600,0,1,0
/tb_rtds_tx/U_DUT/xpm_fifo_async_inst/gnuram_async_fifo.xpm_fifo_base_inst/gen_cdc_pntr.wr_pntr_cdc_dc_inst/dest_out_bin,array,10,VCD+WDB,hierarchy,0,1001011000,464,291200,21315200,0,600,0
/tb_rtds_tx/U_DUT/xpm_fifo_async_inst/gnuram_async_fifo.xpm_fifo_base_inst/gen_cdc_pntr.wr_pntr_cdc_dc_inst/glblGSR_xpmcdc,logic,1,VCD+WDB,hierarchy,1,0,1,100000,100000,0,1,0
/tb_rtds_tx/U_DUT/xpm_fifo_async_inst/gnuram_async_fifo.xpm_fifo_base_inst/gen_cdc_pntr.wr_pntr_cdc_dc_inst/dest_graysync_ff,array,,WDB object; no VCD scalar/vector,hierarchy,,,,,,,,
/tb_rtds_tx/U_DUT/xpm_fifo_async_inst/gnuram_async_fifo.xpm_fifo_base_inst/gen_cdc_pntr.wr_pntr_cdc_dc_inst/gray_enc,array,10,VCD+WDB,hierarchy,0,1101110100,603,266000,21290000,0,895,0
/tb_rtds_tx/U_DUT/xpm_fifo_async_inst/gnuram_async_fifo.xpm_fifo_base_inst/gen_cdc_pntr.wr_pntr_cdc_dc_inst/binval,array,10,VCD+WDB,hierarchy,0,1001011000,464,291200,21315200,0,600,0
/tb_rtds_tx/U_DUT/xpm_fifo_async_inst/gnuram_async_fifo.xpm_fifo_base_inst/gen_cdc_pntr.wr_pntr_cdc_dc_inst/src_gray_ff,array,10,VCD+WDB,hierarchy,0,1101110100,603,270000,21294000,0,895,0
/tb_rtds_tx/U_DUT/xpm_fifo_async_inst/gnuram_async_fifo.xpm_fifo_base_inst/gen_cdc_pntr.wr_pntr_cdc_dc_inst/synco_gray,array,10,VCD+WDB,hierarchy,0,1101110100,464,291200,21315200,0,895,0
/tb_rtds_tx/U_DUT/xpm_fifo_async_inst/gnuram_async_fifo.xpm_fifo_base_inst/gen_cdc_pntr.wr_pntr_cdc_dc_inst/async_path,array,10,VCD+WDB,hierarchy,0,1101110100,603,270000,21294000,0,895,0
/tb_rtds_tx/U_DUT/xpm_fifo_async_inst/gnuram_async_fifo.xpm_fifo_base_inst/gen_cdc_pntr.wr_pntr_cdc_dc_inst/dest_out_bin_ff,array,10,VCD+WDB,hierarchy,0,1001011000,464,297600,21321600,0,600,0
/tb_rtds_tx/U_DUT/xpm_fifo_async_inst/gnuram_async_fifo.xpm_fifo_base_inst/gen_cdc_pntr.wr_pntr_cdc_dc_inst/DEST_SYNC_FF,array,0,VCD+WDB,hierarchy,100,100,0,,,4,4,0
/tb_rtds_tx/U_DUT/xpm_fifo_async_inst/gnuram_async_fifo.xpm_fifo_base_inst/gen_cdc_pntr.wr_pntr_cdc_dc_inst/INIT_SYNC_FF,array,0,VCD+WDB,hierarchy,1,1,0,,,1,1,0
/tb_rtds_tx/U_DUT/xpm_fifo_async_inst/gnuram_async_fifo.xpm_fifo_base_inst/gen_cdc_pntr.wr_pntr_cdc_dc_inst/REG_OUTPUT,array,0,VCD+WDB,hierarchy,0,0,0,,,0,0,0
/tb_rtds_tx/U_DUT/xpm_fifo_async_inst/gnuram_async_fifo.xpm_fifo_base_inst/gen_cdc_pntr.wr_pntr_cdc_dc_inst/SIM_ASSERT_CHK,array,0,VCD+WDB,hierarchy,0,0,0,,,0,0,0
/tb_rtds_tx/U_DUT/xpm_fifo_async_inst/gnuram_async_fifo.xpm_fifo_base_inst/gen_cdc_pntr.wr_pntr_cdc_dc_inst/SIM_LOSSLESS_GRAY_CHK,array,0,VCD+WDB,hierarchy,0,0,0,,,0,0,0
/tb_rtds_tx/U_DUT/xpm_fifo_async_inst/gnuram_async_fifo.xpm_fifo_base_inst/gen_cdc_pntr.wr_pntr_cdc_dc_inst/VERSION,array,0,VCD+WDB,hierarchy,0,0,0,,,0,0,0
/tb_rtds_tx/U_DUT/xpm_fifo_async_inst/gnuram_async_fifo.xpm_fifo_base_inst/gen_cdc_pntr.wr_pntr_cdc_dc_inst/WIDTH,array,0,VCD+WDB,hierarchy,1010,1010,0,,,10,10,0
/tb_rtds_tx/U_DUT/xpm_fifo_async_inst/gnuram_async_fifo.xpm_fifo_base_inst/gen_cdc_pntr.wr_pntr_cdc_dc_inst/VALONE,array,10,VCD+WDB,hierarchy,1,1,0,,,1,1,0
/tb_rtds_tx/U_DUT/xpm_fifo_async_inst/gnuram_async_fifo.xpm_fifo_base_inst/gen_cdc_pntr.wpr_gray_reg_dc/rst,logic,1,VCD+WDB,hierarchy,0,0,8,118400,649600,0,1,0
/tb_rtds_tx/U_DUT/xpm_fifo_async_inst/gnuram_async_fifo.xpm_fifo_base_inst/gen_cdc_pntr.wpr_gray_reg_dc/clk,logic,1,VCD+WDB,hierarchy,0,1,9033,3200,28905600,0,1,0
/tb_rtds_tx/U_DUT/xpm_fifo_async_inst/gnuram_async_fifo.xpm_fifo_base_inst/gen_cdc_pntr.wpr_gray_reg_dc/reg_in,array,10,VCD+WDB,hierarchy,0,1001011000,464,291200,21315200,0,600,0
/tb_rtds_tx/U_DUT/xpm_fifo_async_inst/gnuram_async_fifo.xpm_fifo_base_inst/gen_cdc_pntr.wpr_gray_reg_dc/reg_out,array,10,VCD+WDB,hierarchy,0,1001011000,464,297600,21321600,0,600,0
/tb_rtds_tx/U_DUT/xpm_fifo_async_inst/gnuram_async_fifo.xpm_fifo_base_inst/gen_cdc_pntr.wpr_gray_reg_dc/reg_out_i,array,10,VCD+WDB,hierarchy,0,1001011000,464,297600,21321600,0,600,0
/tb_rtds_tx/U_DUT/xpm_fifo_async_inst/gnuram_async_fifo.xpm_fifo_base_inst/gen_cdc_pntr.wpr_gray_reg_dc/REG_WIDTH,array,0,VCD+WDB,hierarchy,1010,1010,0,,,10,10,0
/tb_rtds_tx/U_DUT/xpm_fifo_async_inst/gnuram_async_fifo.xpm_fifo_base_inst/gen_cdc_pntr.rd_pntr_cdc_inst/config_drc_gray/drc_err_flag,logic,1,VCD+WDB,hierarchy,0,0,0,,,0,0,0
/tb_rtds_tx/U_DUT/xpm_fifo_async_inst/gnuram_async_fifo.xpm_fifo_base_inst/gen_cdc_pntr.rd_pntr_cdc_inst/Block381_114/syncstage,array,32,VCD+WDB,hierarchy,0,10,1,2000,2000,0,2,0
/tb_rtds_tx/U_DUT/xpm_fifo_async_inst/gnuram_async_fifo.xpm_fifo_base_inst/gen_cdc_pntr.rd_pntr_cdc_inst/Block393_116/j,array,32,VCD+WDB,hierarchy,11111111111111111111111111111111,11111111111111111111111111111111,0,,,4294967295,4294967295,0
/tb_rtds_tx/U_DUT/xpm_fifo_async_inst/gnuram_async_fifo.xpm_fifo_base_inst/gen_cdc_pntr.rd_pntr_cdc_inst/src_clk,logic,1,VCD+WDB,hierarchy,0,1,9033,3200,28905600,0,1,0
/tb_rtds_tx/U_DUT/xpm_fifo_async_inst/gnuram_async_fifo.xpm_fifo_base_inst/gen_cdc_pntr.rd_pntr_cdc_inst/src_in_bin,array,9,VCD+WDB,hierarchy,0,1011000,603,297600,28758400,0,511,0
/tb_rtds_tx/U_DUT/xpm_fifo_async_inst/gnuram_async_fifo.xpm_fifo_base_inst/gen_cdc_pntr.rd_pntr_cdc_inst/dest_clk,logic,1,VCD+WDB,hierarchy,0,0,14452,2000,28904000,0,1,0
/tb_rtds_tx/U_DUT/xpm_fifo_async_inst/gnuram_async_fifo.xpm_fifo_base_inst/gen_cdc_pntr.rd_pntr_cdc_inst/dest_out_bin,array,9,VCD+WDB,hierarchy,0,1011000,603,310000,28770000,0,511,0
/tb_rtds_tx/U_DUT/xpm_fifo_async_inst/gnuram_async_fifo.xpm_fifo_base_inst/gen_cdc_pntr.rd_pntr_cdc_inst/glblGSR_xpmcdc,logic,1,VCD+WDB,hierarchy,1,0,1,100000,100000,0,1,0
/tb_rtds_tx/U_DUT/xpm_fifo_async_inst/gnuram_async_fifo.xpm_fifo_base_inst/gen_cdc_pntr.rd_pntr_cdc_inst/dest_graysync_ff,array,,WDB object; no VCD scalar/vector,hierarchy,,,,,,,,
/tb_rtds_tx/U_DUT/xpm_fifo_async_inst/gnuram_async_fifo.xpm_fifo_base_inst/gen_cdc_pntr.rd_pntr_cdc_inst/gray_enc,array,9,VCD+WDB,hierarchy,0,1110100,603,297600,28758400,0,511,0
/tb_rtds_tx/U_DUT/xpm_fifo_async_inst/gnuram_async_fifo.xpm_fifo_base_inst/gen_cdc_pntr.rd_pntr_cdc_inst/binval,array,9,VCD+WDB,hierarchy,0,1011000,603,310000,28770000,0,511,0
/tb_rtds_tx/U_DUT/xpm_fifo_async_inst/gnuram_async_fifo.xpm_fifo_base_inst/gen_cdc_pntr.rd_pntr_cdc_inst/src_gray_ff,array,9,VCD+WDB,hierarchy,0,1110100,603,304000,28764800,0,511,0
/tb_rtds_tx/U_DUT/xpm_fifo_async_inst/gnuram_async_fifo.xpm_fifo_base_inst/gen_cdc_pntr.rd_pntr_cdc_inst/synco_gray,array,9,VCD+WDB,hierarchy,0,1110100,603,310000,28770000,0,511,0
/tb_rtds_tx/U_DUT/xpm_fifo_async_inst/gnuram_async_fifo.xpm_fifo_base_inst/gen_cdc_pntr.rd_pntr_cdc_inst/async_path,array,9,VCD+WDB,hierarchy,0,1110100,603,304000,28764800,0,511,0
/tb_rtds_tx/U_DUT/xpm_fifo_async_inst/gnuram_async_fifo.xpm_fifo_base_inst/gen_cdc_pntr.rd_pntr_cdc_inst/dest_out_bin_ff,array,9,VCD+WDB,hierarchy,0,1011000,603,314000,28774000,0,511,0
/tb_rtds_tx/U_DUT/xpm_fifo_async_inst/gnuram_async_fifo.xpm_fifo_base_inst/gen_cdc_pntr.rd_pntr_cdc_inst/DEST_SYNC_FF,array,0,VCD+WDB,hierarchy,10,10,0,,,2,2,0
/tb_rtds_tx/U_DUT/xpm_fifo_async_inst/gnuram_async_fifo.xpm_fifo_base_inst/gen_cdc_pntr.rd_pntr_cdc_inst/INIT_SYNC_FF,array,0,VCD+WDB,hierarchy,1,1,0,,,1,1,0
/tb_rtds_tx/U_DUT/xpm_fifo_async_inst/gnuram_async_fifo.xpm_fifo_base_inst/gen_cdc_pntr.rd_pntr_cdc_inst/REG_OUTPUT,array,0,VCD+WDB,hierarchy,0,0,0,,,0,0,0
/tb_rtds_tx/U_DUT/xpm_fifo_async_inst/gnuram_async_fifo.xpm_fifo_base_inst/gen_cdc_pntr.rd_pntr_cdc_inst/SIM_ASSERT_CHK,array,0,VCD+WDB,hierarchy,0,0,0,,,0,0,0
/tb_rtds_tx/U_DUT/xpm_fifo_async_inst/gnuram_async_fifo.xpm_fifo_base_inst/gen_cdc_pntr.rd_pntr_cdc_inst/SIM_LOSSLESS_GRAY_CHK,array,0,VCD+WDB,hierarchy,0,0,0,,,0,0,0
/tb_rtds_tx/U_DUT/xpm_fifo_async_inst/gnuram_async_fifo.xpm_fifo_base_inst/gen_cdc_pntr.rd_pntr_cdc_inst/VERSION,array,0,VCD+WDB,hierarchy,0,0,0,,,0,0,0
/tb_rtds_tx/U_DUT/xpm_fifo_async_inst/gnuram_async_fifo.xpm_fifo_base_inst/gen_cdc_pntr.rd_pntr_cdc_inst/WIDTH,array,0,VCD+WDB,hierarchy,1001,1001,0,,,9,9,0
/tb_rtds_tx/U_DUT/xpm_fifo_async_inst/gnuram_async_fifo.xpm_fifo_base_inst/gen_cdc_pntr.rd_pntr_cdc_inst/VALONE,array,9,VCD+WDB,hierarchy,1,1,0,,,1,1,0
/tb_rtds_tx/U_DUT/xpm_fifo_async_inst/gnuram_async_fifo.xpm_fifo_base_inst/gen_cdc_pntr.rpw_gray_reg/rst,logic,1,VCD+WDB,hierarchy,0,0,4,2000,666000,0,1,0
/tb_rtds_tx/U_DUT/xpm_fifo_async_inst/gnuram_async_fifo.xpm_fifo_base_inst/gen_cdc_pntr.rpw_gray_reg/clk,logic,1,VCD+WDB,hierarchy,0,0,14452,2000,28904000,0,1,0
/tb_rtds_tx/U_DUT/xpm_fifo_async_inst/gnuram_async_fifo.xpm_fifo_base_inst/gen_cdc_pntr.rpw_gray_reg/reg_in,array,9,VCD+WDB,hierarchy,0,1011000,603,310000,28770000,0,511,0
/tb_rtds_tx/U_DUT/xpm_fifo_async_inst/gnuram_async_fifo.xpm_fifo_base_inst/gen_cdc_pntr.rpw_gray_reg/reg_out,array,9,VCD+WDB,hierarchy,0,1011000,603,314000,28774000,0,511,0
/tb_rtds_tx/U_DUT/xpm_fifo_async_inst/gnuram_async_fifo.xpm_fifo_base_inst/gen_cdc_pntr.rpw_gray_reg/reg_out_i,array,9,VCD+WDB,hierarchy,0,1011000,603,314000,28774000,0,511,0
/tb_rtds_tx/U_DUT/xpm_fifo_async_inst/gnuram_async_fifo.xpm_fifo_base_inst/gen_cdc_pntr.rpw_gray_reg/REG_WIDTH,array,0,VCD+WDB,hierarchy,1001,1001,0,,,9,9,0
/tb_rtds_tx/U_DUT/xpm_fifo_async_inst/gnuram_async_fifo.xpm_fifo_base_inst/gen_cdc_pntr.rd_pntr_cdc_dc_inst/config_drc_gray/drc_err_flag,logic,1,VCD+WDB,hierarchy,0,0,0,,,0,0,0
/tb_rtds_tx/U_DUT/xpm_fifo_async_inst/gnuram_async_fifo.xpm_fifo_base_inst/gen_cdc_pntr.rd_pntr_cdc_dc_inst/Block381_148/syncstage,array,32,VCD+WDB,hierarchy,0,10,1,2000,2000,0,2,0
/tb_rtds_tx/U_DUT/xpm_fifo_async_inst/gnuram_async_fifo.xpm_fifo_base_inst/gen_cdc_pntr.rd_pntr_cdc_dc_inst/Block393_150/j,array,32,VCD+WDB,hierarchy,11111111111111111111111111111111,11111111111111111111111111111111,0,,,4294967295,4294967295,0
/tb_rtds_tx/U_DUT/xpm_fifo_async_inst/gnuram_async_fifo.xpm_fifo_base_inst/gen_cdc_pntr.rd_pntr_cdc_dc_inst/src_clk,logic,1,VCD+WDB,hierarchy,0,1,9033,3200,28905600,0,1,0
/tb_rtds_tx/U_DUT/xpm_fifo_async_inst/gnuram_async_fifo.xpm_fifo_base_inst/gen_cdc_pntr.rd_pntr_cdc_dc_inst/src_in_bin,array,10,VCD+WDB,hierarchy,0,1001011000,603,329600,28777600,0,600,0
/tb_rtds_tx/U_DUT/xpm_fifo_async_inst/gnuram_async_fifo.xpm_fifo_base_inst/gen_cdc_pntr.rd_pntr_cdc_dc_inst/dest_clk,logic,1,VCD+WDB,hierarchy,0,0,14452,2000,28904000,0,1,0
/tb_rtds_tx/U_DUT/xpm_fifo_async_inst/gnuram_async_fifo.xpm_fifo_base_inst/gen_cdc_pntr.rd_pntr_cdc_dc_inst/dest_out_bin,array,10,VCD+WDB,hierarchy,0,1001011000,603,342000,28790000,0,600,0
/tb_rtds_tx/U_DUT/xpm_fifo_async_inst/gnuram_async_fifo.xpm_fifo_base_inst/gen_cdc_pntr.rd_pntr_cdc_dc_inst/glblGSR_xpmcdc,logic,1,VCD+WDB,hierarchy,1,0,1,100000,100000,0,1,0
/tb_rtds_tx/U_DUT/xpm_fifo_async_inst/gnuram_async_fifo.xpm_fifo_base_inst/gen_cdc_pntr.rd_pntr_cdc_dc_inst/dest_graysync_ff,array,,WDB object; no VCD scalar/vector,hierarchy,,,,,,,,
/tb_rtds_tx/U_DUT/xpm_fifo_async_inst/gnuram_async_fifo.xpm_fifo_base_inst/gen_cdc_pntr.rd_pntr_cdc_dc_inst/gray_enc,array,10,VCD+WDB,hierarchy,0,1101110100,603,329600,28777600,0,895,0
/tb_rtds_tx/U_DUT/xpm_fifo_async_inst/gnuram_async_fifo.xpm_fifo_base_inst/gen_cdc_pntr.rd_pntr_cdc_dc_inst/binval,array,10,VCD+WDB,hierarchy,0,1001011000,603,342000,28790000,0,600,0
/tb_rtds_tx/U_DUT/xpm_fifo_async_inst/gnuram_async_fifo.xpm_fifo_base_inst/gen_cdc_pntr.rd_pntr_cdc_dc_inst/src_gray_ff,array,10,VCD+WDB,hierarchy,0,1101110100,603,336000,28784000,0,895,0
/tb_rtds_tx/U_DUT/xpm_fifo_async_inst/gnuram_async_fifo.xpm_fifo_base_inst/gen_cdc_pntr.rd_pntr_cdc_dc_inst/synco_gray,array,10,VCD+WDB,hierarchy,0,1101110100,603,342000,28790000,0,895,0
/tb_rtds_tx/U_DUT/xpm_fifo_async_inst/gnuram_async_fifo.xpm_fifo_base_inst/gen_cdc_pntr.rd_pntr_cdc_dc_inst/async_path,array,10,VCD+WDB,hierarchy,0,1101110100,603,336000,28784000,0,895,0
/tb_rtds_tx/U_DUT/xpm_fifo_async_inst/gnuram_async_fifo.xpm_fifo_base_inst/gen_cdc_pntr.rd_pntr_cdc_dc_inst/dest_out_bin_ff,array,10,VCD+WDB,hierarchy,0,1001011000,603,346000,28794000,0,600,0
/tb_rtds_tx/U_DUT/xpm_fifo_async_inst/gnuram_async_fifo.xpm_fifo_base_inst/gen_cdc_pntr.rd_pntr_cdc_dc_inst/DEST_SYNC_FF,array,0,VCD+WDB,hierarchy,10,10,0,,,2,2,0
/tb_rtds_tx/U_DUT/xpm_fifo_async_inst/gnuram_async_fifo.xpm_fifo_base_inst/gen_cdc_pntr.rd_pntr_cdc_dc_inst/INIT_SYNC_FF,array,0,VCD+WDB,hierarchy,1,1,0,,,1,1,0
/tb_rtds_tx/U_DUT/xpm_fifo_async_inst/gnuram_async_fifo.xpm_fifo_base_inst/gen_cdc_pntr.rd_pntr_cdc_dc_inst/REG_OUTPUT,array,0,VCD+WDB,hierarchy,0,0,0,,,0,0,0
/tb_rtds_tx/U_DUT/xpm_fifo_async_inst/gnuram_async_fifo.xpm_fifo_base_inst/gen_cdc_pntr.rd_pntr_cdc_dc_inst/SIM_ASSERT_CHK,array,0,VCD+WDB,hierarchy,0,0,0,,,0,0,0
/tb_rtds_tx/U_DUT/xpm_fifo_async_inst/gnuram_async_fifo.xpm_fifo_base_inst/gen_cdc_pntr.rd_pntr_cdc_dc_inst/SIM_LOSSLESS_GRAY_CHK,array,0,VCD+WDB,hierarchy,0,0,0,,,0,0,0
/tb_rtds_tx/U_DUT/xpm_fifo_async_inst/gnuram_async_fifo.xpm_fifo_base_inst/gen_cdc_pntr.rd_pntr_cdc_dc_inst/VERSION,array,0,VCD+WDB,hierarchy,0,0,0,,,0,0,0
/tb_rtds_tx/U_DUT/xpm_fifo_async_inst/gnuram_async_fifo.xpm_fifo_base_inst/gen_cdc_pntr.rd_pntr_cdc_dc_inst/WIDTH,array,0,VCD+WDB,hierarchy,1010,1010,0,,,10,10,0
/tb_rtds_tx/U_DUT/xpm_fifo_async_inst/gnuram_async_fifo.xpm_fifo_base_inst/gen_cdc_pntr.rd_pntr_cdc_dc_inst/VALONE,array,10,VCD+WDB,hierarchy,1,1,0,,,1,1,0
/tb_rtds_tx/U_DUT/xpm_fifo_async_inst/gnuram_async_fifo.xpm_fifo_base_inst/gen_cdc_pntr.rpw_gray_reg_dc/rst,logic,1,VCD+WDB,hierarchy,0,0,4,2000,666000,0,1,0
/tb_rtds_tx/U_DUT/xpm_fifo_async_inst/gnuram_async_fifo.xpm_fifo_base_inst/gen_cdc_pntr.rpw_gray_reg_dc/clk,logic,1,VCD+WDB,hierarchy,0,0,14452,2000,28904000,0,1,0
/tb_rtds_tx/U_DUT/xpm_fifo_async_inst/gnuram_async_fifo.xpm_fifo_base_inst/gen_cdc_pntr.rpw_gray_reg_dc/reg_in,array,10,VCD+WDB,hierarchy,0,1001011000,603,342000,28790000,0,600,0
/tb_rtds_tx/U_DUT/xpm_fifo_async_inst/gnuram_async_fifo.xpm_fifo_base_inst/gen_cdc_pntr.rpw_gray_reg_dc/reg_out,array,10,VCD+WDB,hierarchy,0,1001011000,603,346000,28794000,0,600,0
/tb_rtds_tx/U_DUT/xpm_fifo_async_inst/gnuram_async_fifo.xpm_fifo_base_inst/gen_cdc_pntr.rpw_gray_reg_dc/reg_out_i,array,10,VCD+WDB,hierarchy,0,1001011000,603,346000,28794000,0,600,0
/tb_rtds_tx/U_DUT/xpm_fifo_async_inst/gnuram_async_fifo.xpm_fifo_base_inst/gen_cdc_pntr.rpw_gray_reg_dc/REG_WIDTH,array,0,VCD+WDB,hierarchy,1010,1010,0,,,10,10,0
/tb_rtds_tx/U_DUT/xpm_fifo_async_inst/gnuram_async_fifo.xpm_fifo_base_inst/gen_fwft.next_state_d1_inst/rst,logic,1,VCD+WDB,hierarchy,0,0,0,,,0,0,0
/tb_rtds_tx/U_DUT/xpm_fifo_async_inst/gnuram_async_fifo.xpm_fifo_base_inst/gen_fwft.next_state_d1_inst/clk,logic,1,VCD+WDB,hierarchy,0,1,9033,3200,28905600,0,1,0
/tb_rtds_tx/U_DUT/xpm_fifo_async_inst/gnuram_async_fifo.xpm_fifo_base_inst/gen_fwft.next_state_d1_inst/d_in,logic,1,VCD+WDB,hierarchy,0,0,4,297600,28771200,0,1,0
/tb_rtds_tx/U_DUT/xpm_fifo_async_inst/gnuram_async_fifo.xpm_fifo_base_inst/gen_fwft.next_state_d1_inst/d_out,logic,1,VCD+WDB,hierarchy,0,0,4,304000,28777600,0,1,0
/tb_rtds_tx/U_DUT/xpm_fifo_async_inst/gnuram_async_fifo.xpm_fifo_base_inst/gen_fwft.next_state_d1_inst/RST_VALUE,array,0,VCD+WDB,hierarchy,0,0,0,,,0,0,0
/tb_rtds_tx/U_DUT/xpm_fifo_async_inst/gnuram_async_fifo.xpm_fifo_base_inst/gen_fwft.empty_fwft_d1_inst/rst,logic,1,VCD+WDB,hierarchy,0,0,0,,,0,0,0
/tb_rtds_tx/U_DUT/xpm_fifo_async_inst/gnuram_async_fifo.xpm_fifo_base_inst/gen_fwft.empty_fwft_d1_inst/clk,logic,1,VCD+WDB,hierarchy,0,1,9033,3200,28905600,0,1,0
/tb_rtds_tx/U_DUT/xpm_fifo_async_inst/gnuram_async_fifo.xpm_fifo_base_inst/gen_fwft.empty_fwft_d1_inst/d_in,logic,1,VCD+WDB,hierarchy,0,0,4,297600,726400,0,1,0
/tb_rtds_tx/U_DUT/xpm_fifo_async_inst/gnuram_async_fifo.xpm_fifo_base_inst/gen_fwft.empty_fwft_d1_inst/d_out,logic,1,VCD+WDB,hierarchy,0,0,4,304000,732800,0,1,0
/tb_rtds_tx/U_DUT/xpm_fifo_async_inst/gnuram_async_fifo.xpm_fifo_base_inst/gen_fwft.empty_fwft_d1_inst/RST_VALUE,array,0,VCD+WDB,hierarchy,0,0,0,,,0,0,0
/tb_rtds_tx/U_DUT/xpm_fifo_async_inst/gnuram_async_fifo.xpm_fifo_base_inst/gen_fwft.ge_fwft_d1_inst/rst,logic,1,VCD+WDB,hierarchy,0,0,0,,,0,0,0
/tb_rtds_tx/U_DUT/xpm_fifo_async_inst/gnuram_async_fifo.xpm_fifo_base_inst/gen_fwft.ge_fwft_d1_inst/clk,logic,1,VCD+WDB,hierarchy,0,1,9033,3200,28905600,0,1,0
/tb_rtds_tx/U_DUT/xpm_fifo_async_inst/gnuram_async_fifo.xpm_fifo_base_inst/gen_fwft.ge_fwft_d1_inst/d_in,logic,1,VCD+WDB,hierarchy,0,0,4,329600,28777600,0,1,0
/tb_rtds_tx/U_DUT/xpm_fifo_async_inst/gnuram_async_fifo.xpm_fifo_base_inst/gen_fwft.ge_fwft_d1_inst/d_out,logic,1,VCD+WDB,hierarchy,0,0,4,336000,28784000,0,1,0
/tb_rtds_tx/U_DUT/xpm_fifo_async_inst/gnuram_async_fifo.xpm_fifo_base_inst/gen_fwft.ge_fwft_d1_inst/RST_VALUE,array,0,VCD+WDB,hierarchy,0,0,0,,,0,0,0
/tb_rtds_tx/U_DUT/xpm_fifo_async_inst/gnuram_async_fifo.xpm_fifo_base_inst/gen_fwft.rdpp1_inst/rst,logic,1,VCD+WDB,hierarchy,1,1,4,291200,28777600,0,1,0
/tb_rtds_tx/U_DUT/xpm_fifo_async_inst/gnuram_async_fifo.xpm_fifo_base_inst/gen_fwft.rdpp1_inst/clk,logic,1,VCD+WDB,hierarchy,0,1,9033,3200,28905600,0,1,0
/tb_rtds_tx/U_DUT/xpm_fifo_async_inst/gnuram_async_fifo.xpm_fifo_base_inst/gen_fwft.rdpp1_inst/cnt_en,logic,1,VCD+WDB,hierarchy,0,0,8,291200,28777600,0,1,0
/tb_rtds_tx/U_DUT/xpm_fifo_async_inst/gnuram_async_fifo.xpm_fifo_base_inst/gen_fwft.rdpp1_inst/cnt_up,logic,1,VCD+WDB,hierarchy,0,0,4,291200,726400,0,1,0
/tb_rtds_tx/U_DUT/xpm_fifo_async_inst/gnuram_async_fifo.xpm_fifo_base_inst/gen_fwft.rdpp1_inst/cnt_down,logic,1,VCD+WDB,hierarchy,0,0,4,323200,28777600,0,1,0
/tb_rtds_tx/U_DUT/xpm_fifo_async_inst/gnuram_async_fifo.xpm_fifo_base_inst/gen_fwft.rdpp1_inst/count_value,array,2,VCD+WDB,hierarchy,0,0,8,297600,28777600,0,2,0
/tb_rtds_tx/U_DUT/xpm_fifo_async_inst/gnuram_async_fifo.xpm_fifo_base_inst/gen_fwft.rdpp1_inst/count_value_i,array,2,VCD+WDB,hierarchy,0,0,8,297600,28777600,0,2,0
/tb_rtds_tx/U_DUT/xpm_fifo_async_inst/gnuram_async_fifo.xpm_fifo_base_inst/gen_fwft.rdpp1_inst/COUNTER_WIDTH,array,0,VCD+WDB,hierarchy,10,10,0,,,2,2,0
/tb_rtds_tx/U_DUT/xpm_fifo_async_inst/gnuram_async_fifo.xpm_fifo_base_inst/gen_fwft.rdpp1_inst/RESET_VALUE,array,0,VCD+WDB,hierarchy,0,0,0,,,0,0,0
/tb_rtds_tx/U_DUT/xpm_fifo_async_inst/gnuram_async_fifo.xpm_fifo_base_inst/sleep,logic,1,VCD+WDB,hierarchy,0,0,0,,,0,0,0
/tb_rtds_tx/U_DUT/xpm_fifo_async_inst/gnuram_async_fifo.xpm_fifo_base_inst/rst,logic,1,VCD+WDB,hierarchy,1,0,3,82000,546000,0,1,0
/tb_rtds_tx/U_DUT/xpm_fifo_async_inst/gnuram_async_fifo.xpm_fifo_base_inst/wr_clk,logic,1,VCD+WDB,hierarchy,0,0,14452,2000,28904000,0,1,0
/tb_rtds_tx/U_DUT/xpm_fifo_async_inst/gnuram_async_fifo.xpm_fifo_base_inst/wr_en,logic,1,VCD+WDB,hierarchy,0,0,602,262000,21290000,0,1,0
/tb_rtds_tx/U_DUT/xpm_fifo_async_inst/gnuram_async_fifo.xpm_fifo_base_inst/din,array,64,VCD+WDB,hierarchy,0,1010010111000011001000000000000100000000000000000000001001010111,602,262000,21286000,0,11944425825383744087,0
/tb_rtds_tx/U_DUT/xpm_fifo_async_inst/gnuram_async_fifo.xpm_fifo_base_inst/full,logic,1,VCD+WDB,hierarchy,0,0,0,,,0,0,0
/tb_rtds_tx/U_DUT/xpm_fifo_async_inst/gnuram_async_fifo.xpm_fifo_base_inst/full_n,logic,1,VCD+WDB,hierarchy,1,1,0,,,1,1,0
/tb_rtds_tx/U_DUT/xpm_fifo_async_inst/gnuram_async_fifo.xpm_fifo_base_inst/prog_full,logic,1,VCD+WDB,hierarchy,0,0,66,6718000,21302000,0,1,0
/tb_rtds_tx/U_DUT/xpm_fifo_async_inst/gnuram_async_fifo.xpm_fifo_base_inst/wr_data_count,array,10,VCD+WDB,hierarchy,x,0,1197,2000,28798000,0,504,1
/tb_rtds_tx/U_DUT/xpm_fifo_async_inst/gnuram_async_fifo.xpm_fifo_base_inst/overflow,logic,1,VCD+WDB,hierarchy,0,0,0,,,0,0,0
/tb_rtds_tx/U_DUT/xpm_fifo_async_inst/gnuram_async_fifo.xpm_fifo_base_inst/wr_rst_busy,logic,1,VCD+WDB,hierarchy,0,0,4,2000,670000,0,1,0
/tb_rtds_tx/U_DUT/xpm_fifo_async_inst/gnuram_async_fifo.xpm_fifo_base_inst/almost_full,logic,1,VCD+WDB,hierarchy,0,0,0,,,0,0,0
/tb_rtds_tx/U_DUT/xpm_fifo_async_inst/gnuram_async_fifo.xpm_fifo_base_inst/wr_ack,logic,1,VCD+WDB,hierarchy,0,0,602,266000,21294000,0,1,0
/tb_rtds_tx/U_DUT/xpm_fifo_async_inst/gnuram_async_fifo.xpm_fifo_base_inst/rd_clk,logic,1,VCD+WDB,hierarchy,0,1,9033,3200,28905600,0,1,0
/tb_rtds_tx/U_DUT/xpm_fifo_async_inst/gnuram_async_fifo.xpm_fifo_base_inst/rd_en,logic,1,VCD+WDB,hierarchy,0,0,802,323200,28777600,0,1,0
/tb_rtds_tx/U_DUT/xpm_fifo_async_inst/gnuram_async_fifo.xpm_fifo_base_inst/dout,array,64,VCD+WDB,hierarchy,0,1010010111000011001000000000000100000000000000000000001001010111,603,304000,28771200,0,11944425825383744087,0
/tb_rtds_tx/U_DUT/xpm_fifo_async_inst/gnuram_async_fifo.xpm_fifo_base_inst/empty,logic,1,VCD+WDB,hierarchy,1,1,4,304000,28777600,0,1,0
/tb_rtds_tx/U_DUT/xpm_fifo_async_inst/gnuram_async_fifo.xpm_fifo_base_inst/prog_empty,logic,1,VCD+WDB,hierarchy,1,1,2,841600,28636800,0,1,0
/tb_rtds_tx/U_DUT/xpm_fifo_async_inst/gnuram_async_fifo.xpm_fifo_base_inst/rd_data_count,array,10,VCD+WDB,hierarchy,x,0,1009,3200,28784000,0,504,1
/tb_rtds_tx/U_DUT/xpm_fifo_async_inst/gnuram_async_fifo.xpm_fifo_base_inst/underflow,logic,1,VCD+WDB,hierarchy,0,0,0,,,0,0,0
/tb_rtds_tx/U_DUT/xpm_fifo_async_inst/gnuram_async_fifo.xpm_fifo_base_inst/rd_rst_busy,logic,1,VCD+WDB,hierarchy,0,0,8,118400,649600,0,1,0
/tb_rtds_tx/U_DUT/xpm_fifo_async_inst/gnuram_async_fifo.xpm_fifo_base_inst/almost_empty,logic,1,VCD+WDB,hierarchy,1,1,4,304000,28771200,0,1,0
/tb_rtds_tx/U_DUT/xpm_fifo_async_inst/gnuram_async_fifo.xpm_fifo_base_inst/data_valid,logic,1,VCD+WDB,hierarchy,0,0,4,304000,28777600,0,1,0
/tb_rtds_tx/U_DUT/xpm_fifo_async_inst/gnuram_async_fifo.xpm_fifo_base_inst/injectsbiterr,logic,1,VCD+WDB,hierarchy,0,0,0,,,0,0,0
/tb_rtds_tx/U_DUT/xpm_fifo_async_inst/gnuram_async_fifo.xpm_fifo_base_inst/injectdbiterr,logic,1,VCD+WDB,hierarchy,0,0,0,,,0,0,0
/tb_rtds_tx/U_DUT/xpm_fifo_async_inst/gnuram_async_fifo.xpm_fifo_base_inst/sbiterr,logic,1,VCD+WDB,hierarchy,0,0,0,,,0,0,0
/tb_rtds_tx/U_DUT/xpm_fifo_async_inst/gnuram_async_fifo.xpm_fifo_base_inst/dbiterr,logic,1,VCD+WDB,hierarchy,0,0,0,,,0,0,0
/tb_rtds_tx/U_DUT/xpm_fifo_async_inst/gnuram_async_fifo.xpm_fifo_base_inst/curr_fwft_state,array,2,VCD+WDB,hierarchy,0,0,8,297600,28777600,0,3,0
/tb_rtds_tx/U_DUT/xpm_fifo_async_inst/gnuram_async_fifo.xpm_fifo_base_inst/next_fwft_state,array,2,VCD+WDB,hierarchy,0,0,8,291200,28771200,0,3,0
/tb_rtds_tx/U_DUT/xpm_fifo_async_inst/gnuram_async_fifo.xpm_fifo_base_inst/wrst_busy,logic,1,VCD+WDB,hierarchy,0,0,4,2000,666000,0,1,0
/tb_rtds_tx/U_DUT/xpm_fifo_async_inst/gnuram_async_fifo.xpm_fifo_base_inst/wr_pntr,array,9,VCD+WDB,hierarchy,0,1011000,603,266000,21290000,0,511,0
/tb_rtds_tx/U_DUT/xpm_fifo_async_inst/gnuram_async_fifo.xpm_fifo_base_inst/wr_pntr_ext,array,10,VCD+WDB,hierarchy,0,1001011000,603,266000,21290000,0,600,0
/tb_rtds_tx/U_DUT/xpm_fifo_async_inst/gnuram_async_fifo.xpm_fifo_base_inst/wr_pntr_rd_cdc,array,9,VCD+WDB,hierarchy,0,1011000,464,278400,21302400,0,510,0
/tb_rtds_tx/U_DUT/xpm_fifo_async_inst/gnuram_async_fifo.xpm_fifo_base_inst/wr_pntr_rd_cdc_dc,array,10,VCD+WDB,hierarchy,0,1001011000,464,291200,21315200,0,600,0
/tb_rtds_tx/U_DUT/xpm_fifo_async_inst/gnuram_async_fifo.xpm_fifo_base_inst/wr_pntr_rd,array,9,VCD+WDB,hierarchy,0,1011000,464,284800,21308800,0,510,0
/tb_rtds_tx/U_DUT/xpm_fifo_async_inst/gnuram_async_fifo.xpm_fifo_base_inst/wr_pntr_rd_dc,array,10,VCD+WDB,hierarchy,0,1001011000,464,297600,21321600,0,600,0
/tb_rtds_tx/U_DUT/xpm_fifo_async_inst/gnuram_async_fifo.xpm_fifo_base_inst/rd_pntr_wr_adj,array,9,VCD+WDB,hierarchy,0,1011000,603,314000,28774000,0,511,0
/tb_rtds_tx/U_DUT/xpm_fifo_async_inst/gnuram_async_fifo.xpm_fifo_base_inst/rd_pntr_wr_adj_dc,array,10,VCD+WDB,hierarchy,0,1001011000,603,346000,28794000,0,600,0
/tb_rtds_tx/U_DUT/xpm_fifo_async_inst/gnuram_async_fifo.xpm_fifo_base_inst/wr_pntr_plus1,array,9,VCD+WDB,hierarchy,1,1011001,603,266000,21290000,0,511,0
/tb_rtds_tx/U_DUT/xpm_fifo_async_inst/gnuram_async_fifo.xpm_fifo_base_inst/wr_pntr_plus2,array,9,VCD+WDB,hierarchy,10,1011010,603,266000,21290000,0,511,0
/tb_rtds_tx/U_DUT/xpm_fifo_async_inst/gnuram_async_fifo.xpm_fifo_base_inst/wr_pntr_plus3,array,9,VCD+WDB,hierarchy,11,1011011,603,266000,21290000,0,511,0
/tb_rtds_tx/U_DUT/xpm_fifo_async_inst/gnuram_async_fifo.xpm_fifo_base_inst/wr_pntr_plus1_pf,array,10,VCD+WDB,hierarchy,10,10110010,904,262000,21290000,1,1023,0
/tb_rtds_tx/U_DUT/xpm_fifo_async_inst/gnuram_async_fifo.xpm_fifo_base_inst/rd_pntr_wr_adj_inv_pf,array,10,VCD+WDB,hierarchy,1111111110,1101001110,1179,262000,28774000,0,1023,0
/tb_rtds_tx/U_DUT/xpm_fifo_async_inst/gnuram_async_fifo.xpm_fifo_base_inst/diff_pntr_pf_q,array,10,VCD+WDB,hierarchy,0,0,1146,266000,28778000,0,1004,0
/tb_rtds_tx/U_DUT/xpm_fifo_async_inst/gnuram_async_fifo.xpm_fifo_base_inst/diff_pntr_pf,array,9,VCD+WDB,hierarchy,0,0,1146,266000,28778000,0,502,0
/tb_rtds_tx/U_DUT/xpm_fifo_async_inst/gnuram_async_fifo.xpm_fifo_base_inst/rd_pntr,array,9,VCD+WDB,hierarchy,0,1011000,603,297600,28758400,0,511,0
/tb_rtds_tx/U_DUT/xpm_fifo_async_inst/gnuram_async_fifo.xpm_fifo_base_inst/rd_pntr_ext,array,10,VCD+WDB,hierarchy,0,1001011000,603,297600,28758400,0,600,0
/tb_rtds_tx/U_DUT/xpm_fifo_async_inst/gnuram_async_fifo.xpm_fifo_base_inst/rd_pntr_wr_cdc,array,9,VCD+WDB,hierarchy,0,1011000,603,310000,28770000,0,511,0
/tb_rtds_tx/U_DUT/xpm_fifo_async_inst/gnuram_async_fifo.xpm_fifo_base_inst/rd_pntr_wr,array,9,VCD+WDB,hierarchy,0,1011000,603,314000,28774000,0,511,0
/tb_rtds_tx/U_DUT/xpm_fifo_async_inst/gnuram_async_fifo.xpm_fifo_base_inst/rd_pntr_wr_cdc_dc,array,10,VCD+WDB,hierarchy,0,1001011000,603,342000,28790000,0,600,0
/tb_rtds_tx/U_DUT/xpm_fifo_async_inst/gnuram_async_fifo.xpm_fifo_base_inst/rd_pntr_wr_dc,array,10,VCD+WDB,hierarchy,0,1001011000,603,346000,28794000,0,600,0
/tb_rtds_tx/U_DUT/xpm_fifo_async_inst/gnuram_async_fifo.xpm_fifo_base_inst/wr_pntr_rd_adj,array,9,VCD+WDB,hierarchy,0,1011000,464,284800,21308800,0,510,0
/tb_rtds_tx/U_DUT/xpm_fifo_async_inst/gnuram_async_fifo.xpm_fifo_base_inst/wr_pntr_rd_adj_dc,array,10,VCD+WDB,hierarchy,0,1001011000,464,297600,21321600,0,600,0
/tb_rtds_tx/U_DUT/xpm_fifo_async_inst/gnuram_async_fifo.xpm_fifo_base_inst/rd_pntr_plus1,array,9,VCD+WDB,hierarchy,1,1011001,603,297600,28758400,0,511,0
/tb_rtds_tx/U_DUT/xpm_fifo_async_inst/gnuram_async_fifo.xpm_fifo_base_inst/rd_pntr_plus2,array,9,VCD+WDB,hierarchy,10,1011010,603,297600,28758400,0,511,0
/tb_rtds_tx/U_DUT/xpm_fifo_async_inst/gnuram_async_fifo.xpm_fifo_base_inst/invalid_state,logic,1,VCD+WDB,hierarchy,1,1,4,297600,28777600,0,1,0
/tb_rtds_tx/U_DUT/xpm_fifo_async_inst/gnuram_async_fifo.xpm_fifo_base_inst/valid_fwft,logic,1,VCD+WDB,hierarchy,0,0,4,304000,28777600,0,1,0
/tb_rtds_tx/U_DUT/xpm_fifo_async_inst/gnuram_async_fifo.xpm_fifo_base_inst/ram_valid_fwft,logic,1,VCD+WDB,hierarchy,0,0,4,297600,28771200,0,1,0
/tb_rtds_tx/U_DUT/xpm_fifo_async_inst/gnuram_async_fifo.xpm_fifo_base_inst/going_empty,logic,1,VCD+WDB,hierarchy,0,0,6,297600,28758400,0,1,0
/tb_rtds_tx/U_DUT/xpm_fifo_async_inst/gnuram_async_fifo.xpm_fifo_base_inst/leaving_empty,logic,1,VCD+WDB,hierarchy,1,1,6,284800,28758400,0,1,0
/tb_rtds_tx/U_DUT/xpm_fifo_async_inst/gnuram_async_fifo.xpm_fifo_base_inst/going_aempty,logic,1,VCD+WDB,hierarchy,0,0,6,291200,28732800,0,1,0
/tb_rtds_tx/U_DUT/xpm_fifo_async_inst/gnuram_async_fifo.xpm_fifo_base_inst/leaving_aempty,logic,1,VCD+WDB,hierarchy,0,0,8,284800,28758400,0,1,0
/tb_rtds_tx/U_DUT/xpm_fifo_async_inst/gnuram_async_fifo.xpm_fifo_base_inst/ram_empty_i,logic,1,VCD+WDB,hierarchy,1,1,6,291200,28758400,0,1,0
/tb_rtds_tx/U_DUT/xpm_fifo_async_inst/gnuram_async_fifo.xpm_fifo_base_inst/ram_aempty_i,logic,1,VCD+WDB,hierarchy,1,1,2,745600,28732800,0,1,0
/tb_rtds_tx/U_DUT/xpm_fifo_async_inst/gnuram_async_fifo.xpm_fifo_base_inst/empty_i,logic,1,VCD+WDB,hierarchy,1,1,4,304000,28777600,0,1,0
/tb_rtds_tx/U_DUT/xpm_fifo_async_inst/gnuram_async_fifo.xpm_fifo_base_inst/going_full,logic,1,VCD+WDB,hierarchy,0,0,0,,,0,0,0
/tb_rtds_tx/U_DUT/xpm_fifo_async_inst/gnuram_async_fifo.xpm_fifo_base_inst/leaving_full,logic,1,VCD+WDB,hierarchy,0,0,0,,,0,0,0
/tb_rtds_tx/U_DUT/xpm_fifo_async_inst/gnuram_async_fifo.xpm_fifo_base_inst/going_afull,logic,1,VCD+WDB,hierarchy,0,0,0,,,0,0,0
/tb_rtds_tx/U_DUT/xpm_fifo_async_inst/gnuram_async_fifo.xpm_fifo_base_inst/leaving_afull,logic,1,VCD+WDB,hierarchy,0,0,0,,,0,0,0
/tb_rtds_tx/U_DUT/xpm_fifo_async_inst/gnuram_async_fifo.xpm_fifo_base_inst/prog_full_i,logic,1,VCD+WDB,hierarchy,0,0,66,6718000,21302000,0,1,0
/tb_rtds_tx/U_DUT/xpm_fifo_async_inst/gnuram_async_fifo.xpm_fifo_base_inst/ram_full_i,logic,1,VCD+WDB,hierarchy,0,0,0,,,0,0,0
/tb_rtds_tx/U_DUT/xpm_fifo_async_inst/gnuram_async_fifo.xpm_fifo_base_inst/ram_afull_i,logic,1,VCD+WDB,hierarchy,0,0,0,,,0,0,0
/tb_rtds_tx/U_DUT/xpm_fifo_async_inst/gnuram_async_fifo.xpm_fifo_base_inst/ram_full_n,logic,1,VCD+WDB,hierarchy,1,1,0,,,1,1,0
/tb_rtds_tx/U_DUT/xpm_fifo_async_inst/gnuram_async_fifo.xpm_fifo_base_inst/ram_wr_en_i,logic,1,VCD+WDB,hierarchy,0,0,602,262000,21290000,0,1,0
/tb_rtds_tx/U_DUT/xpm_fifo_async_inst/gnuram_async_fifo.xpm_fifo_base_inst/ram_rd_en_i,logic,1,VCD+WDB,hierarchy,0,0,802,291200,28758400,0,1,0
/tb_rtds_tx/U_DUT/xpm_fifo_async_inst/gnuram_async_fifo.xpm_fifo_base_inst/wr_ack_i,logic,1,VCD+WDB,hierarchy,0,0,602,266000,21294000,0,1,0
/tb_rtds_tx/U_DUT/xpm_fifo_async_inst/gnuram_async_fifo.xpm_fifo_base_inst/rd_en_i,logic,1,VCD+WDB,hierarchy,0,0,802,291200,28758400,0,1,0
/tb_rtds_tx/U_DUT/xpm_fifo_async_inst/gnuram_async_fifo.xpm_fifo_base_inst/rd_en_fwft,logic,1,VCD+WDB,hierarchy,0,0,802,291200,28758400,0,1,0
/tb_rtds_tx/U_DUT/xpm_fifo_async_inst/gnuram_async_fifo.xpm_fifo_base_inst/ram_regce,logic,1,VCD+WDB,hierarchy,0,0,806,297600,28771200,0,1,0
/tb_rtds_tx/U_DUT/xpm_fifo_async_inst/gnuram_async_fifo.xpm_fifo_base_inst/ram_regce_pipe,logic,1,VCD+WDB,hierarchy,0,0,0,,,0,0,0
/tb_rtds_tx/U_DUT/xpm_fifo_async_inst/gnuram_async_fifo.xpm_fifo_base_inst/dout_i,array,64,VCD+WDB,hierarchy,0,1010010111000011001000000000000100000000000000000000001001010111,603,304000,28771200,0,11944425825383744087,0
/tb_rtds_tx/U_DUT/xpm_fifo_async_inst/gnuram_async_fifo.xpm_fifo_base_inst/empty_fwft_i,logic,1,VCD+WDB,hierarchy,1,1,4,304000,28777600,0,1,0
/tb_rtds_tx/U_DUT/xpm_fifo_async_inst/gnuram_async_fifo.xpm_fifo_base_inst/aempty_fwft_i,logic,1,VCD+WDB,hierarchy,1,1,4,304000,28771200,0,1,0
/tb_rtds_tx/U_DUT/xpm_fifo_async_inst/gnuram_async_fifo.xpm_fifo_base_inst/empty_fwft_fb,logic,1,VCD+WDB,hierarchy,1,1,4,304000,28777600,0,1,0
/tb_rtds_tx/U_DUT/xpm_fifo_async_inst/gnuram_async_fifo.xpm_fifo_base_inst/overflow_i,logic,1,VCD+WDB,hierarchy,0,0,0,,,0,0,0
/tb_rtds_tx/U_DUT/xpm_fifo_async_inst/gnuram_async_fifo.xpm_fifo_base_inst/underflow_i,logic,1,VCD+WDB,hierarchy,0,0,0,,,0,0,0
/tb_rtds_tx/U_DUT/xpm_fifo_async_inst/gnuram_async_fifo.xpm_fifo_base_inst/data_valid_fwft,logic,1,VCD+WDB,hierarchy,0,0,4,304000,28777600,0,1,0
/tb_rtds_tx/U_DUT/xpm_fifo_async_inst/gnuram_async_fifo.xpm_fifo_base_inst/data_valid_std,logic,1,VCD+WDB,hierarchy,0,0,806,304000,28777600,0,1,0
/tb_rtds_tx/U_DUT/xpm_fifo_async_inst/gnuram_async_fifo.xpm_fifo_base_inst/data_vld_std,logic,1,VCD+WDB,hierarchy,0,0,806,297600,28771200,0,1,0
/tb_rtds_tx/U_DUT/xpm_fifo_async_inst/gnuram_async_fifo.xpm_fifo_base_inst/wrp_gt_rdp_and_red,logic,1,VCD+WDB,hierarchy,z,z,0,,,,,1
/tb_rtds_tx/U_DUT/xpm_fifo_async_inst/gnuram_async_fifo.xpm_fifo_base_inst/wrp_lt_rdp_and_red,logic,1,VCD+WDB,hierarchy,z,z,0,,,,,1
/tb_rtds_tx/U_DUT/xpm_fifo_async_inst/gnuram_async_fifo.xpm_fifo_base_inst/ram_wr_en_pf_q,logic,1,VCD+WDB,hierarchy,0,0,0,,,0,0,0
/tb_rtds_tx/U_DUT/xpm_fifo_async_inst/gnuram_async_fifo.xpm_fifo_base_inst/ram_rd_en_pf_q,logic,1,VCD+WDB,hierarchy,0,0,0,,,0,0,0
/tb_rtds_tx/U_DUT/xpm_fifo_async_inst/gnuram_async_fifo.xpm_fifo_base_inst/ram_wr_en_pf,logic,1,VCD+WDB,hierarchy,z,z,0,,,,,1
/tb_rtds_tx/U_DUT/xpm_fifo_async_inst/gnuram_async_fifo.xpm_fifo_base_inst/ram_rd_en_pf,logic,1,VCD+WDB,hierarchy,z,z,0,,,,,1
/tb_rtds_tx/U_DUT/xpm_fifo_async_inst/gnuram_async_fifo.xpm_fifo_base_inst/wr_pntr_plus1_pf_carry,logic,1,VCD+WDB,hierarchy,0,0,602,262000,21290000,0,1,0
/tb_rtds_tx/U_DUT/xpm_fifo_async_inst/gnuram_async_fifo.xpm_fifo_base_inst/rd_pntr_wr_adj_pf_carry,logic,1,VCD+WDB,hierarchy,0,0,602,262000,21290000,0,1,0
/tb_rtds_tx/U_DUT/xpm_fifo_async_inst/gnuram_async_fifo.xpm_fifo_base_inst/write_allow,logic,1,VCD+WDB,hierarchy,z,z,0,,,,,1
/tb_rtds_tx/U_DUT/xpm_fifo_async_inst/gnuram_async_fifo.xpm_fifo_base_inst/read_allow,logic,1,VCD+WDB,hierarchy,z,z,0,,,,,1
/tb_rtds_tx/U_DUT/xpm_fifo_async_inst/gnuram_async_fifo.xpm_fifo_base_inst/read_only,logic,1,VCD+WDB,hierarchy,z,z,0,,,,,1
/tb_rtds_tx/U_DUT/xpm_fifo_async_inst/gnuram_async_fifo.xpm_fifo_base_inst/write_only,logic,1,VCD+WDB,hierarchy,z,z,0,,,,,1
/tb_rtds_tx/U_DUT/xpm_fifo_async_inst/gnuram_async_fifo.xpm_fifo_base_inst/write_only_q,logic,1,VCD+WDB,hierarchy,x,x,0,,,,,1
/tb_rtds_tx/U_DUT/xpm_fifo_async_inst/gnuram_async_fifo.xpm_fifo_base_inst/read_only_q,logic,1,VCD+WDB,hierarchy,x,x,0,,,,,1
/tb_rtds_tx/U_DUT/xpm_fifo_async_inst/gnuram_async_fifo.xpm_fifo_base_inst/diff_pntr_pe_reg1,array,9,VCD+WDB,hierarchy,x,x,0,,,,,1
/tb_rtds_tx/U_DUT/xpm_fifo_async_inst/gnuram_async_fifo.xpm_fifo_base_inst/diff_pntr_pe_reg2,array,9,VCD+WDB,hierarchy,x,x,0,,,,,1
/tb_rtds_tx/U_DUT/xpm_fifo_async_inst/gnuram_async_fifo.xpm_fifo_base_inst/diff_pntr_pe,array,9,VCD+WDB,hierarchy,0,0,979,291200,28758400,0,502,0
/tb_rtds_tx/U_DUT/xpm_fifo_async_inst/gnuram_async_fifo.xpm_fifo_base_inst/prog_empty_i,logic,1,VCD+WDB,hierarchy,1,1,2,841600,28636800,0,1,0
/tb_rtds_tx/U_DUT/xpm_fifo_async_inst/gnuram_async_fifo.xpm_fifo_base_inst/ram_empty_i_d1,logic,1,VCD+WDB,hierarchy,1,1,0,,,1,1,0
/tb_rtds_tx/U_DUT/xpm_fifo_async_inst/gnuram_async_fifo.xpm_fifo_base_inst/fe_of_empty,logic,1,VCD+WDB,hierarchy,z,z,0,,,,,1
/tb_rtds_tx/U_DUT/xpm_fifo_async_inst/gnuram_async_fifo.xpm_fifo_base_inst/wr_en_i,logic,1,VCD+WDB,hierarchy,z,z,0,,,,,1
/tb_rtds_tx/U_DUT/xpm_fifo_async_inst/gnuram_async_fifo.xpm_fifo_base_inst/wr_rst_i,logic,1,VCD+WDB,hierarchy,0,0,4,2000,666000,0,1,0
/tb_rtds_tx/U_DUT/xpm_fifo_async_inst/gnuram_async_fifo.xpm_fifo_base_inst/rd_rst_i,logic,1,VCD+WDB,hierarchy,0,0,8,118400,649600,0,1,0
/tb_rtds_tx/U_DUT/xpm_fifo_async_inst/gnuram_async_fifo.xpm_fifo_base_inst/rd_rst_d2,logic,1,VCD+WDB,hierarchy,0,0,0,,,0,0,0
/tb_rtds_tx/U_DUT/xpm_fifo_async_inst/gnuram_async_fifo.xpm_fifo_base_inst/rst_d1,logic,1,VCD+WDB,hierarchy,0,0,4,6000,670000,0,1,0
/tb_rtds_tx/U_DUT/xpm_fifo_async_inst/gnuram_async_fifo.xpm_fifo_base_inst/rst_d2,logic,1,VCD+WDB,hierarchy,0,0,4,10000,674000,0,1,0
/tb_rtds_tx/U_DUT/xpm_fifo_async_inst/gnuram_async_fifo.xpm_fifo_base_inst/clr_full,logic,1,VCD+WDB,hierarchy,0,0,4,246000,670000,0,1,0
/tb_rtds_tx/U_DUT/xpm_fifo_async_inst/gnuram_async_fifo.xpm_fifo_base_inst/empty_fwft_d1,logic,1,VCD+WDB,hierarchy,0,0,4,304000,732800,0,1,0
/tb_rtds_tx/U_DUT/xpm_fifo_async_inst/gnuram_async_fifo.xpm_fifo_base_inst/leaving_empty_fwft_fe,logic,1,VCD+WDB,hierarchy,z,z,0,,,,,1
/tb_rtds_tx/U_DUT/xpm_fifo_async_inst/gnuram_async_fifo.xpm_fifo_base_inst/leaving_empty_fwft_re,logic,1,VCD+WDB,hierarchy,z,z,0,,,,,1
/tb_rtds_tx/U_DUT/xpm_fifo_async_inst/gnuram_async_fifo.xpm_fifo_base_inst/le_fwft_re,logic,1,VCD+WDB,hierarchy,z,z,0,,,,,1
/tb_rtds_tx/U_DUT/xpm_fifo_async_inst/gnuram_async_fifo.xpm_fifo_base_inst/le_fwft_fe,logic,1,VCD+WDB,hierarchy,z,z,0,,,,,1
/tb_rtds_tx/U_DUT/xpm_fifo_async_inst/gnuram_async_fifo.xpm_fifo_base_inst/extra_words_fwft,array,2,VCD+WDB,hierarchy,0,0,8,297600,28777600,0,2,0
/tb_rtds_tx/U_DUT/xpm_fifo_async_inst/gnuram_async_fifo.xpm_fifo_base_inst/le_fwft_re_wr,logic,1,VCD+WDB,hierarchy,z,z,0,,,,,1
/tb_rtds_tx/U_DUT/xpm_fifo_async_inst/gnuram_async_fifo.xpm_fifo_base_inst/le_fwft_fe_wr,logic,1,VCD+WDB,hierarchy,z,z,0,,,,,1
/tb_rtds_tx/U_DUT/xpm_fifo_async_inst/gnuram_async_fifo.xpm_fifo_base_inst/gen_sdpram.rst_int,logic,1,VCD+WDB,hierarchy,0,0,8,118400,649600,0,1,0
/tb_rtds_tx/U_DUT/xpm_fifo_async_inst/gnuram_async_fifo.xpm_fifo_base_inst/gen_fwft.next_fwft_state_d1,logic,1,VCD+WDB,hierarchy,0,0,4,304000,28777600,0,1,0
/tb_rtds_tx/U_DUT/xpm_fifo_async_inst/gnuram_async_fifo.xpm_fifo_base_inst/gen_fwft.ram_regout_en,logic,1,VCD+WDB,hierarchy,0,0,806,297600,28771200,0,1,0
/tb_rtds_tx/U_DUT/xpm_fifo_async_inst/gnuram_async_fifo.xpm_fifo_base_inst/gen_fwft.going_empty_fwft,logic,1,VCD+WDB,hierarchy,0,0,4,329600,28777600,0,1,0
/tb_rtds_tx/U_DUT/xpm_fifo_async_inst/gnuram_async_fifo.xpm_fifo_base_inst/gen_fwft.leaving_empty_fwft,logic,1,VCD+WDB,hierarchy,0,0,4,297600,726400,0,1,0
/tb_rtds_tx/U_DUT/xpm_fifo_async_inst/gnuram_async_fifo.xpm_fifo_base_inst/gen_fwft.gae_fwft.going_aempty_fwft,logic,1,VCD+WDB,hierarchy,0,0,4,323200,28771200,0,1,0
/tb_rtds_tx/U_DUT/xpm_fifo_async_inst/gnuram_async_fifo.xpm_fifo_base_inst/gen_fwft.gae_fwft.leaving_aempty_fwft,logic,1,VCD+WDB,hierarchy,0,0,4,297600,726400,0,1,0
/tb_rtds_tx/U_DUT/xpm_fifo_async_inst/gnuram_async_fifo.xpm_fifo_base_inst/gen_fwft.ge_fwft_d1,logic,1,VCD+WDB,hierarchy,0,0,4,336000,28784000,0,1,0
/tb_rtds_tx/U_DUT/xpm_fifo_async_inst/gnuram_async_fifo.xpm_fifo_base_inst/gen_fwft.count_up,logic,1,VCD+WDB,hierarchy,0,0,4,291200,726400,0,1,0
/tb_rtds_tx/U_DUT/xpm_fifo_async_inst/gnuram_async_fifo.xpm_fifo_base_inst/gen_fwft.count_down,logic,1,VCD+WDB,hierarchy,0,0,4,323200,28777600,0,1,0
/tb_rtds_tx/U_DUT/xpm_fifo_async_inst/gnuram_async_fifo.xpm_fifo_base_inst/gen_fwft.count_en,logic,1,VCD+WDB,hierarchy,0,0,8,291200,28777600,0,1,0
/tb_rtds_tx/U_DUT/xpm_fifo_async_inst/gnuram_async_fifo.xpm_fifo_base_inst/gen_fwft.count_rst,logic,1,VCD+WDB,hierarchy,1,1,4,291200,28777600,0,1,0
/tb_rtds_tx/U_DUT/xpm_fifo_async_inst/gnuram_async_fifo.xpm_fifo_base_inst/gwdc.wr_data_count_i,array,10,VCD+WDB,hierarchy,x,0,1197,2000,28798000,0,504,1
/tb_rtds_tx/U_DUT/xpm_fifo_async_inst/gnuram_async_fifo.xpm_fifo_base_inst/gwdc.diff_wr_rd_pntr,array,10,VCD+WDB,hierarchy,0,0,1196,266000,28794000,0,504,0
/tb_rtds_tx/U_DUT/xpm_fifo_async_inst/gnuram_async_fifo.xpm_fifo_base_inst/grdc.rd_data_count_i,array,10,VCD+WDB,hierarchy,x,0,1009,3200,28784000,0,504,1
/tb_rtds_tx/U_DUT/xpm_fifo_async_inst/gnuram_async_fifo.xpm_fifo_base_inst/grdc.diff_wr_rd_pntr_rdc,array,10,VCD+WDB,hierarchy,0,0,1008,297600,28777600,0,504,0
/tb_rtds_tx/U_DUT/xpm_fifo_async_inst/gnuram_async_fifo.xpm_fifo_base_inst/COMMON_CLOCK,array,0,VCD+WDB,hierarchy,0,0,0,,,0,0,0
/tb_rtds_tx/U_DUT/xpm_fifo_async_inst/gnuram_async_fifo.xpm_fifo_base_inst/RELATED_CLOCKS,array,0,VCD+WDB,hierarchy,0,0,0,,,0,0,0
/tb_rtds_tx/U_DUT/xpm_fifo_async_inst/gnuram_async_fifo.xpm_fifo_base_inst/FIFO_MEMORY_TYPE,array,0,VCD+WDB,hierarchy,0,0,0,,,0,0,0
/tb_rtds_tx/U_DUT/xpm_fifo_async_inst/gnuram_async_fifo.xpm_fifo_base_inst/ECC_MODE,array,0,VCD+WDB,hierarchy,0,0,0,,,0,0,0
/tb_rtds_tx/U_DUT/xpm_fifo_async_inst/gnuram_async_fifo.xpm_fifo_base_inst/SIM_ASSERT_CHK,array,0,VCD+WDB,hierarchy,0,0,0,,,0,0,0
/tb_rtds_tx/U_DUT/xpm_fifo_async_inst/gnuram_async_fifo.xpm_fifo_base_inst/CASCADE_HEIGHT,array,0,VCD+WDB,hierarchy,0,0,0,,,0,0,0
/tb_rtds_tx/U_DUT/xpm_fifo_async_inst/gnuram_async_fifo.xpm_fifo_base_inst/FIFO_WRITE_DEPTH,array,0,VCD+WDB,hierarchy,1000000000,1000000000,0,,,512,512,0
/tb_rtds_tx/U_DUT/xpm_fifo_async_inst/gnuram_async_fifo.xpm_fifo_base_inst/WRITE_DATA_WIDTH,array,0,VCD+WDB,hierarchy,1000000,1000000,0,,,64,64,0
/tb_rtds_tx/U_DUT/xpm_fifo_async_inst/gnuram_async_fifo.xpm_fifo_base_inst/WR_DATA_COUNT_WIDTH,array,0,VCD+WDB,hierarchy,1010,1010,0,,,10,10,0
/tb_rtds_tx/U_DUT/xpm_fifo_async_inst/gnuram_async_fifo.xpm_fifo_base_inst/PROG_FULL_THRESH,array,0,VCD+WDB,hierarchy,111111000,111111000,0,,,504,504,0
/tb_rtds_tx/U_DUT/xpm_fifo_async_inst/gnuram_async_fifo.xpm_fifo_base_inst/USE_ADV_FEATURES,array,32,VCD+WDB,hierarchy,110001011001100011000101100110,110001011001100011000101100110,0,,,828780902,828780902,0
/tb_rtds_tx/U_DUT/xpm_fifo_async_inst/gnuram_async_fifo.xpm_fifo_base_inst/READ_MODE,array,32,VCD+WDB,hierarchy,1,1,0,,,1,1,0
/tb_rtds_tx/U_DUT/xpm_fifo_async_inst/gnuram_async_fifo.xpm_fifo_base_inst/FIFO_READ_LATENCY,array,32,VCD+WDB,hierarchy,0,0,0,,,0,0,0
/tb_rtds_tx/U_DUT/xpm_fifo_async_inst/gnuram_async_fifo.xpm_fifo_base_inst/READ_DATA_WIDTH,array,0,VCD+WDB,hierarchy,1000000,1000000,0,,,64,64,0
/tb_rtds_tx/U_DUT/xpm_fifo_async_inst/gnuram_async_fifo.xpm_fifo_base_inst/RD_DATA_COUNT_WIDTH,array,0,VCD+WDB,hierarchy,1010,1010,0,,,10,10,0
/tb_rtds_tx/U_DUT/xpm_fifo_async_inst/gnuram_async_fifo.xpm_fifo_base_inst/PROG_EMPTY_THRESH,array,0,VCD+WDB,hierarchy,1010,1010,0,,,10,10,0
/tb_rtds_tx/U_DUT/xpm_fifo_async_inst/gnuram_async_fifo.xpm_fifo_base_inst/DOUT_RESET_VALUE,array,8,VCD+WDB,hierarchy,110000,110000,0,,,48,48,0
/tb_rtds_tx/U_DUT/xpm_fifo_async_inst/gnuram_async_fifo.xpm_fifo_base_inst/CDC_DEST_SYNC_FF,array,0,VCD+WDB,hierarchy,10,10,0,,,2,2,0
/tb_rtds_tx/U_DUT/xpm_fifo_async_inst/gnuram_async_fifo.xpm_fifo_base_inst/FULL_RESET_VALUE,array,0,VCD+WDB,hierarchy,0,0,0,,,0,0,0
/tb_rtds_tx/U_DUT/xpm_fifo_async_inst/gnuram_async_fifo.xpm_fifo_base_inst/REMOVE_WR_RD_PROT_LOGIC,array,0,VCD+WDB,hierarchy,0,0,0,,,0,0,0
/tb_rtds_tx/U_DUT/xpm_fifo_async_inst/gnuram_async_fifo.xpm_fifo_base_inst/WAKEUP_TIME,array,0,VCD+WDB,hierarchy,0,0,0,,,0,0,0
/tb_rtds_tx/U_DUT/xpm_fifo_async_inst/gnuram_async_fifo.xpm_fifo_base_inst/VERSION,array,0,VCD+WDB,hierarchy,0,0,0,,,0,0,0
/tb_rtds_tx/U_DUT/xpm_fifo_async_inst/gnuram_async_fifo.xpm_fifo_base_inst/invalid,array,32,VCD+WDB,hierarchy,0,0,0,,,0,0,0
/tb_rtds_tx/U_DUT/xpm_fifo_async_inst/gnuram_async_fifo.xpm_fifo_base_inst/stage1_valid,array,32,VCD+WDB,hierarchy,10,10,0,,,2,2,0
/tb_rtds_tx/U_DUT/xpm_fifo_async_inst/gnuram_async_fifo.xpm_fifo_base_inst/stage2_valid,array,32,VCD+WDB,hierarchy,1,1,0,,,1,1,0
/tb_rtds_tx/U_DUT/xpm_fifo_async_inst/gnuram_async_fifo.xpm_fifo_base_inst/both_stages_valid,array,32,VCD+WDB,hierarchy,11,11,0,,,3,3,0
/tb_rtds_tx/U_DUT/xpm_fifo_async_inst/gnuram_async_fifo.xpm_fifo_base_inst/FIFO_MEM_TYPE,array,32,VCD+WDB,hierarchy,0,0,0,,,0,0,0
/tb_rtds_tx/U_DUT/xpm_fifo_async_inst/gnuram_async_fifo.xpm_fifo_base_inst/RD_MODE,array,32,VCD+WDB,hierarchy,1,1,0,,,1,1,0
/tb_rtds_tx/U_DUT/xpm_fifo_async_inst/gnuram_async_fifo.xpm_fifo_base_inst/ENABLE_ECC,array,32,VCD+WDB,hierarchy,0,0,0,,,0,0,0
/tb_rtds_tx/U_DUT/xpm_fifo_async_inst/gnuram_async_fifo.xpm_fifo_base_inst/FIFO_READ_DEPTH,array,32,VCD+WDB,hierarchy,1000000000,1000000000,0,,,512,512,0
/tb_rtds_tx/U_DUT/xpm_fifo_async_inst/gnuram_async_fifo.xpm_fifo_base_inst/FIFO_SIZE,array,32,VCD+WDB,hierarchy,1000000000000000,1000000000000000,0,,,32768,32768,0
/tb_rtds_tx/U_DUT/xpm_fifo_async_inst/gnuram_async_fifo.xpm_fifo_base_inst/WR_WIDTH_LOG,array,32,VCD+WDB,hierarchy,110,110,0,,,6,6,0
/tb_rtds_tx/U_DUT/xpm_fifo_async_inst/gnuram_async_fifo.xpm_fifo_base_inst/WR_DEPTH_LOG,array,32,VCD+WDB,hierarchy,1001,1001,0,,,9,9,0
/tb_rtds_tx/U_DUT/xpm_fifo_async_inst/gnuram_async_fifo.xpm_fifo_base_inst/WR_PNTR_WIDTH,array,32,VCD+WDB,hierarchy,1001,1001,0,,,9,9,0
/tb_rtds_tx/U_DUT/xpm_fifo_async_inst/gnuram_async_fifo.xpm_fifo_base_inst/RD_PNTR_WIDTH,array,32,VCD+WDB,hierarchy,1001,1001,0,,,9,9,0
/tb_rtds_tx/U_DUT/xpm_fifo_async_inst/gnuram_async_fifo.xpm_fifo_base_inst/FULL_RST_VAL,logic,0,VCD+WDB,hierarchy,0,0,0,,,0,0,0
/tb_rtds_tx/U_DUT/xpm_fifo_async_inst/gnuram_async_fifo.xpm_fifo_base_inst/WR_RD_RATIO,array,32,VCD+WDB,hierarchy,0,0,0,,,0,0,0
/tb_rtds_tx/U_DUT/xpm_fifo_async_inst/gnuram_async_fifo.xpm_fifo_base_inst/READ_MODE_LL,array,32,VCD+WDB,hierarchy,1,1,0,,,1,1,0
/tb_rtds_tx/U_DUT/xpm_fifo_async_inst/gnuram_async_fifo.xpm_fifo_base_inst/PF_THRESH_ADJ,array,32,VCD+WDB,hierarchy,111110110,111110110,0,,,502,502,0
/tb_rtds_tx/U_DUT/xpm_fifo_async_inst/gnuram_async_fifo.xpm_fifo_base_inst/PE_THRESH_ADJ,array,32,VCD+WDB,hierarchy,1000,1000,0,,,8,8,0
/tb_rtds_tx/U_DUT/xpm_fifo_async_inst/gnuram_async_fifo.xpm_fifo_base_inst/PF_THRESH_MIN,array,32,VCD+WDB,hierarchy,111,111,0,,,7,7,0
/tb_rtds_tx/U_DUT/xpm_fifo_async_inst/gnuram_async_fifo.xpm_fifo_base_inst/PF_THRESH_MAX,array,32,VCD+WDB,hierarchy,111111011,111111011,0,,,507,507,0
/tb_rtds_tx/U_DUT/xpm_fifo_async_inst/gnuram_async_fifo.xpm_fifo_base_inst/PE_THRESH_MIN,array,32,VCD+WDB,hierarchy,101,101,0,,,5,5,0
/tb_rtds_tx/U_DUT/xpm_fifo_async_inst/gnuram_async_fifo.xpm_fifo_base_inst/PE_THRESH_MAX,array,32,VCD+WDB,hierarchy,111111011,111111011,0,,,507,507,0
/tb_rtds_tx/U_DUT/xpm_fifo_async_inst/gnuram_async_fifo.xpm_fifo_base_inst/WR_DC_WIDTH_EXT,array,32,VCD+WDB,hierarchy,1010,1010,0,,,10,10,0
/tb_rtds_tx/U_DUT/xpm_fifo_async_inst/gnuram_async_fifo.xpm_fifo_base_inst/RD_DC_WIDTH_EXT,array,32,VCD+WDB,hierarchy,1010,1010,0,,,10,10,0
/tb_rtds_tx/U_DUT/xpm_fifo_async_inst/gnuram_async_fifo.xpm_fifo_base_inst/RD_LATENCY,array,32,VCD+WDB,hierarchy,10,10,0,,,2,2,0
/tb_rtds_tx/U_DUT/xpm_fifo_async_inst/gnuram_async_fifo.xpm_fifo_base_inst/WIDTH_RATIO,array,32,VCD+WDB,hierarchy,1,1,0,,,1,1,0
/tb_rtds_tx/U_DUT/xpm_fifo_async_inst/gnuram_async_fifo.xpm_fifo_base_inst/EN_ADV_FEATURE,array,16,VCD+WDB,hierarchy,1111100011111,1111100011111,0,,,7967,7967,0
/tb_rtds_tx/U_DUT/xpm_fifo_async_inst/gnuram_async_fifo.xpm_fifo_base_inst/EN_OF,logic,0,VCD+WDB,hierarchy,1,1,0,,,1,1,0
/tb_rtds_tx/U_DUT/xpm_fifo_async_inst/gnuram_async_fifo.xpm_fifo_base_inst/EN_PF,logic,0,VCD+WDB,hierarchy,1,1,0,,,1,1,0
/tb_rtds_tx/U_DUT/xpm_fifo_async_inst/gnuram_async_fifo.xpm_fifo_base_inst/EN_WDC,logic,0,VCD+WDB,hierarchy,1,1,0,,,1,1,0
/tb_rtds_tx/U_DUT/xpm_fifo_async_inst/gnuram_async_fifo.xpm_fifo_base_inst/EN_AF,logic,0,VCD+WDB,hierarchy,1,1,0,,,1,1,0
/tb_rtds_tx/U_DUT/xpm_fifo_async_inst/gnuram_async_fifo.xpm_fifo_base_inst/EN_WACK,logic,0,VCD+WDB,hierarchy,1,1,0,,,1,1,0
/tb_rtds_tx/U_DUT/xpm_fifo_async_inst/gnuram_async_fifo.xpm_fifo_base_inst/FG_EQ_ASYM_DOUT,logic,0,VCD+WDB,hierarchy,0,0,0,,,0,0,0
/tb_rtds_tx/U_DUT/xpm_fifo_async_inst/gnuram_async_fifo.xpm_fifo_base_inst/EN_UF,logic,0,VCD+WDB,hierarchy,1,1,0,,,1,1,0
/tb_rtds_tx/U_DUT/xpm_fifo_async_inst/gnuram_async_fifo.xpm_fifo_base_inst/EN_PE,logic,0,VCD+WDB,hierarchy,1,1,0,,,1,1,0
/tb_rtds_tx/U_DUT/xpm_fifo_async_inst/gnuram_async_fifo.xpm_fifo_base_inst/EN_RDC,logic,0,VCD+WDB,hierarchy,1,1,0,,,1,1,0
/tb_rtds_tx/U_DUT/xpm_fifo_async_inst/gnuram_async_fifo.xpm_fifo_base_inst/EN_AE,logic,0,VCD+WDB,hierarchy,1,1,0,,,1,1,0
/tb_rtds_tx/U_DUT/xpm_fifo_async_inst/gnuram_async_fifo.xpm_fifo_base_inst/EN_DVLD,logic,0,VCD+WDB,hierarchy,1,1,0,,,1,1,0
/tb_rtds_tx/U_DUT/xpm_fifo_async_inst/gnuram_async_fifo.xpm_fifo_base_inst/gen_sdpram.USE_DRAM_CONSTRAINT,array,32,VCD+WDB,hierarchy,0,0,0,,,0,0,0
/tb_rtds_tx/U_DUT/xpm_fifo_async_inst/gnuram_async_fifo.xpm_fifo_base_inst/gen_sdpram.WR_MODE_B,array,32,VCD+WDB,hierarchy,10,10,0,,,2,2,0
/tb_rtds_tx/U_DUT/xpm_fifo_async_inst/sleep,logic,1,VCD+WDB,hierarchy,0,0,0,,,0,0,0
/tb_rtds_tx/U_DUT/xpm_fifo_async_inst/rst,logic,1,VCD+WDB,hierarchy,1,0,3,82000,546000,0,1,0
/tb_rtds_tx/U_DUT/xpm_fifo_async_inst/wr_clk,logic,1,VCD+WDB,hierarchy,0,0,14452,2000,28904000,0,1,0
/tb_rtds_tx/U_DUT/xpm_fifo_async_inst/wr_en,logic,1,VCD+WDB,hierarchy,0,0,602,262000,21290000,0,1,0
/tb_rtds_tx/U_DUT/xpm_fifo_async_inst/din,array,64,VCD+WDB,hierarchy,0,1010010111000011001000000000000100000000000000000000001001010111,602,262000,21286000,0,11944425825383744087,0
/tb_rtds_tx/U_DUT/xpm_fifo_async_inst/full,logic,1,VCD+WDB,hierarchy,0,0,0,,,0,0,0
/tb_rtds_tx/U_DUT/xpm_fifo_async_inst/prog_full,logic,1,VCD+WDB,hierarchy,0,0,66,6718000,21302000,0,1,0
/tb_rtds_tx/U_DUT/xpm_fifo_async_inst/wr_data_count,array,10,VCD+WDB,hierarchy,x,0,1197,2000,28798000,0,504,1
/tb_rtds_tx/U_DUT/xpm_fifo_async_inst/overflow,logic,1,VCD+WDB,hierarchy,0,0,0,,,0,0,0
/tb_rtds_tx/U_DUT/xpm_fifo_async_inst/wr_rst_busy,logic,1,VCD+WDB,hierarchy,0,0,4,2000,670000,0,1,0
/tb_rtds_tx/U_DUT/xpm_fifo_async_inst/almost_full,logic,1,VCD+WDB,hierarchy,0,0,0,,,0,0,0
/tb_rtds_tx/U_DUT/xpm_fifo_async_inst/wr_ack,logic,1,VCD+WDB,hierarchy,0,0,602,266000,21294000,0,1,0
/tb_rtds_tx/U_DUT/xpm_fifo_async_inst/rd_clk,logic,1,VCD+WDB,hierarchy,0,1,9033,3200,28905600,0,1,0
/tb_rtds_tx/U_DUT/xpm_fifo_async_inst/rd_en,logic,1,VCD+WDB,hierarchy,0,0,802,323200,28777600,0,1,0
/tb_rtds_tx/U_DUT/xpm_fifo_async_inst/dout,array,64,VCD+WDB,hierarchy,0,1010010111000011001000000000000100000000000000000000001001010111,603,304000,28771200,0,11944425825383744087,0
/tb_rtds_tx/U_DUT/xpm_fifo_async_inst/empty,logic,1,VCD+WDB,hierarchy,1,1,4,304000,28777600,0,1,0
/tb_rtds_tx/U_DUT/xpm_fifo_async_inst/prog_empty,logic,1,VCD+WDB,hierarchy,1,1,2,841600,28636800,0,1,0
/tb_rtds_tx/U_DUT/xpm_fifo_async_inst/rd_data_count,array,10,VCD+WDB,hierarchy,x,0,1009,3200,28784000,0,504,1
/tb_rtds_tx/U_DUT/xpm_fifo_async_inst/underflow,logic,1,VCD+WDB,hierarchy,0,0,0,,,0,0,0
/tb_rtds_tx/U_DUT/xpm_fifo_async_inst/rd_rst_busy,logic,1,VCD+WDB,hierarchy,0,0,8,118400,649600,0,1,0
/tb_rtds_tx/U_DUT/xpm_fifo_async_inst/almost_empty,logic,1,VCD+WDB,hierarchy,1,1,4,304000,28771200,0,1,0
/tb_rtds_tx/U_DUT/xpm_fifo_async_inst/data_valid,logic,1,VCD+WDB,hierarchy,0,0,4,304000,28777600,0,1,0
/tb_rtds_tx/U_DUT/xpm_fifo_async_inst/injectsbiterr,logic,1,VCD+WDB,hierarchy,0,0,0,,,0,0,0
/tb_rtds_tx/U_DUT/xpm_fifo_async_inst/injectdbiterr,logic,1,VCD+WDB,hierarchy,0,0,0,,,0,0,0
/tb_rtds_tx/U_DUT/xpm_fifo_async_inst/sbiterr,logic,1,VCD+WDB,hierarchy,0,0,0,,,0,0,0
/tb_rtds_tx/U_DUT/xpm_fifo_async_inst/dbiterr,logic,1,VCD+WDB,hierarchy,0,0,0,,,0,0,0
/tb_rtds_tx/U_DUT/xpm_fifo_async_inst/FIFO_MEMORY_TYPE,array,32,VCD+WDB,hierarchy,1100001011101010111010001101111,1100001011101010111010001101111,0,,,1635087471,1635087471,0
/tb_rtds_tx/U_DUT/xpm_fifo_async_inst/ECC_MODE,array,48,VCD+WDB,hierarchy,11011100110111101011111011001010110001101100011,11011100110111101011111011001010110001101100011,0,,,121424620905315,121424620905315,0
/tb_rtds_tx/U_DUT/xpm_fifo_async_inst/RELATED_CLOCKS,array,0,VCD+WDB,hierarchy,0,0,0,,,0,0,0
/tb_rtds_tx/U_DUT/xpm_fifo_async_inst/SIM_ASSERT_CHK,array,0,VCD+WDB,hierarchy,0,0,0,,,0,0,0
/tb_rtds_tx/U_DUT/xpm_fifo_async_inst/CASCADE_HEIGHT,array,0,VCD+WDB,hierarchy,0,0,0,,,0,0,0
/tb_rtds_tx/U_DUT/xpm_fifo_async_inst/FIFO_WRITE_DEPTH,array,0,VCD+WDB,hierarchy,1000000000,1000000000,0,,,512,512,0
/tb_rtds_tx/U_DUT/xpm_fifo_async_inst/WRITE_DATA_WIDTH,array,0,VCD+WDB,hierarchy,1000000,1000000,0,,,64,64,0
/tb_rtds_tx/U_DUT/xpm_fifo_async_inst/WR_DATA_COUNT_WIDTH,array,0,VCD+WDB,hierarchy,1010,1010,0,,,10,10,0
/tb_rtds_tx/U_DUT/xpm_fifo_async_inst/PROG_FULL_THRESH,array,0,VCD+WDB,hierarchy,111111000,111111000,0,,,504,504,0
/tb_rtds_tx/U_DUT/xpm_fifo_async_inst/FULL_RESET_VALUE,array,0,VCD+WDB,hierarchy,0,0,0,,,0,0,0
/tb_rtds_tx/U_DUT/xpm_fifo_async_inst/USE_ADV_FEATURES,array,32,VCD+WDB,hierarchy,110001011001100011000101100110,110001011001100011000101100110,0,,,828780902,828780902,0
/tb_rtds_tx/U_DUT/xpm_fifo_async_inst/READ_MODE,array,32,VCD+WDB,hierarchy,1100110011101110110011001110100,1100110011101110110011001110100,0,,,1719101044,1719101044,0
/tb_rtds_tx/U_DUT/xpm_fifo_async_inst/FIFO_READ_LATENCY,array,0,VCD+WDB,hierarchy,0,0,0,,,0,0,0
/tb_rtds_tx/U_DUT/xpm_fifo_async_inst/READ_DATA_WIDTH,array,0,VCD+WDB,hierarchy,1000000,1000000,0,,,64,64,0
/tb_rtds_tx/U_DUT/xpm_fifo_async_inst/RD_DATA_COUNT_WIDTH,array,0,VCD+WDB,hierarchy,1010,1010,0,,,10,10,0
/tb_rtds_tx/U_DUT/xpm_fifo_async_inst/PROG_EMPTY_THRESH,array,0,VCD+WDB,hierarchy,1010,1010,0,,,10,10,0
/tb_rtds_tx/U_DUT/xpm_fifo_async_inst/DOUT_RESET_VALUE,array,8,VCD+WDB,hierarchy,110000,110000,0,,,48,48,0
/tb_rtds_tx/U_DUT/xpm_fifo_async_inst/CDC_SYNC_STAGES,array,0,VCD+WDB,hierarchy,10,10,0,,,2,2,0
/tb_rtds_tx/U_DUT/xpm_fifo_async_inst/WAKEUP_TIME,array,32,VCD+WDB,hierarchy,0,0,0,,,0,0,0
/tb_rtds_tx/U_DUT/xpm_fifo_async_inst/EN_ADV_FEATURE_ASYNC,array,16,VCD+WDB,hierarchy,1111100011111,1111100011111,0,,,7967,7967,0
/tb_rtds_tx/U_DUT/xpm_fifo_async_inst/P_FIFO_MEMORY_TYPE,array,0,VCD+WDB,hierarchy,0,0,0,,,0,0,0
/tb_rtds_tx/U_DUT/xpm_fifo_async_inst/P_COMMON_CLOCK,array,0,VCD+WDB,hierarchy,0,0,0,,,0,0,0
/tb_rtds_tx/U_DUT/xpm_fifo_async_inst/P_ECC_MODE,array,0,VCD+WDB,hierarchy,0,0,0,,,0,0,0
/tb_rtds_tx/U_DUT/xpm_fifo_async_inst/P_READ_MODE,array,0,VCD+WDB,hierarchy,1,1,0,,,1,1,0
/tb_rtds_tx/U_DUT/xpm_fifo_async_inst/P_WAKEUP_TIME,array,0,VCD+WDB,hierarchy,10,10,0,,,2,2,0
