Copyright 1986-2020 Xilinx, Inc. All Rights Reserved.
-----------------------------------------------------------------------------------------------------------------------
| Tool Version      : Vivado v.2020.2 (win64) Build 3064766 Wed Nov 18 09:12:45 MST 2020
| Date              : Mon Sep 21 09:38:11 2026
| Host              : LAPTOP-P4UDTRLL running 64-bit major release  (build 9200)
| Command           : report_cdc -details -file F:/RTDS_test_DDR4_64bit_batch_dev/reports/board_audit_20260921/cdc.rpt
| Design            : TOP
| Device            : xcku040-ffva1156
| Speed File        : -2  PRODUCTION 1.25 12-04-2018
| Temperature Grade : I
-----------------------------------------------------------------------------------------------------------------------

CDC Report

ID      Severity  Count  Description
------  --------  -----  -------------------------------------------------------
CDC-1   Critical    209  1-bit unknown CDC circuitry
CDC-3   Info        321  1-bit synchronized with ASYNC_REG property
CDC-6   Warning       4  Multi-bit synchronized with ASYNC_REG property
CDC-7   Critical      1  Asynchronous reset unknown CDC circuitry
CDC-9   Info         18  Asynchronous reset synchronized with ASYNC_REG property
CDC-10  Critical      2  Combinational logic detected before a synchronizer
CDC-15  Warning     179  Clock enable controlled CDC structure detected

Source Clock: clk_out1_clk_wiz_0
Destination Clock: aurora_user_clk
CDC Type: No Common Primary Clock

Row  ID     Severity  Description                                 Depth  Exception   Source (From)                                                                                                                                                          Destination (To)
---  -----  --------  ------------------------------------------  -----  ----------  ---------------------------------------------------------------------------------------------------------------------------------------------------------------------  ------------------------------------------------------------------------------------------------------------------------------------------------------------------------------------
  1  CDC-3  Info      1-bit synchronized with ASYNC_REG property      2  False Path  u_pcie/u_pcie_fdma_aurora_brg_adapter/U_RTDS_RX_FRAME_FIFO/U_XPM_FIFO_ASYNC/gnuram_async_fifo.xpm_fifo_base_inst/xpm_fifo_rst_inst/gen_rst_ic.fifo_rd_rst_ic_reg/C     u_pcie/u_pcie_fdma_aurora_brg_adapter/U_RTDS_RX_FRAME_FIFO/U_XPM_FIFO_ASYNC/gnuram_async_fifo.xpm_fifo_base_inst/xpm_fifo_rst_inst/gen_rst_ic.rrst_wr_inst/syncstages_ff_reg[0]/D
  2  CDC-3  Info      1-bit synchronized with ASYNC_REG property      2  False Path  u_pcie/u_rtds_ddr4_backend/ready_sync_reg[1]/C                                                                                                                         u_pcie/u_pcie_fdma_aurora_brg_adapter/u_cdc_ddr_ready_to_user/syncstages_ff_reg[0]/D
  3  CDC-3  Info      1-bit synchronized with ASYNC_REG property      2  False Path  u_pcie/u_pcie_fdma_aurora_brg_adapter/status_clear_toggle_fdma_reg/C                                                                                                   u_pcie/u_pcie_fdma_aurora_brg_adapter/u_cdc_status_clear/syncstages_ff_reg[0]/D
  4  CDC-3  Info      1-bit synchronized with ASYNC_REG property      2  False Path  u_pcie/u_pcie_fdma_aurora_brg_adapter/tx_active_reg/C                                                                                                                  u_pcie/u_pcie_fdma_aurora_brg_adapter/u_cdc_tx_active_to_user/syncstages_ff_reg[0]/D
  5  CDC-3  Info      1-bit synchronized with ASYNC_REG property      2  False Path  u_pcie/u_pcie_fdma_aurora_brg_adapter/u_fdma_aurora_brg_tx/xpm_fifo_async_inst/gnuram_async_fifo.xpm_fifo_base_inst/xpm_fifo_rst_inst/gen_rst_ic.fifo_wr_rst_ic_reg/C  u_pcie/u_pcie_fdma_aurora_brg_adapter/u_fdma_aurora_brg_tx/xpm_fifo_async_inst/gnuram_async_fifo.xpm_fifo_base_inst/xpm_fifo_rst_inst/gen_rst_ic.wrst_rd_inst/syncstages_ff_reg[0]/D

Source Clock: clk_out3_clk_wiz_0
Destination Clock: aurora_user_clk
CDC Type: No Common Primary Clock

Row  ID     Severity  Description                                              Depth  Exception   Source (From)                                                                                                                                                                                                                                                                                                                                                        Destination (To)
---  -----  --------  -------------------------------------------------------  -----  ----------  -------------------------------------------------------------------------------------------------------------------------------------------------------------------------------------------------------------------------------------------------------------------------------------------------------------------------------------------------------------------  -----------------------------------------------------------------------------------------------------------------------------------------------------------------------------------------------------------------------------------------------------------------------------------------------------------------------------------------------------------------------------------------
  1  CDC-9  Info      Asynchronous reset synchronized with ASYNC_REG property      8  False Path  u_aurora_64b66b_top/aurora_64b66b_0_exdes_inst/aurora_64b66b_0_block_i/inst/aurora_64b66b_0_core_i/aurora_64b66b_0_wrapper_i/aurora_64b66b_0_multi_gt_i/aurora_64b66b_0_gt_i/inst/gen_gtwizard_gthe3_top.aurora_64b66b_0_gt_gtwizard_gthe3_inst/gen_gtwizard_gthe3.gen_reset_controller_internal.gen_single_instance.gtwiz_reset_inst/gtwiz_reset_tx_done_int_reg/C  u_aurora_64b66b_top/aurora_64b66b_0_exdes_inst/aurora_64b66b_0_block_i/inst/aurora_64b66b_0_core_i/aurora_64b66b_0_wrapper_i/aurora_64b66b_0_multi_gt_i/aurora_64b66b_0_gt_i/inst/gen_gtwizard_gthe3_top.aurora_64b66b_0_gt_gtwizard_gthe3_inst/gen_gtwizard_gthe3.gen_reset_controller_internal.gen_single_instance.gtwiz_reset_inst/reset_synchronizer_tx_done_inst/rst_in_meta_reg/CLR
  2  CDC-3  Info      1-bit synchronized with ASYNC_REG property                   5  False Path  u_aurora_64b66b_top/aurora_64b66b_0_exdes_inst/aurora_64b66b_0_block_i/inst/aurora_64b66b_0_core_i/aurora_64b66b_0_wrapper_i/u_rst_sync_txusrclk_gtx_reset_comb/stg5_reg/C                                                                                                                                                                                           u_aurora_64b66b_top/aurora_64b66b_0_exdes_inst/aurora_64b66b_0_block_i/inst/aurora_64b66b_0_core_i/aurora_64b66b_0_wrapper_i/u_rst_sync_gtx_reset_comb/stg1_aurora_64b66b_0_cdc_to_reg/D
  3  CDC-3  Info      1-bit synchronized with ASYNC_REG property                   5  False Path  u_aurora_64b66b_top/aurora_64b66b_0_exdes_inst/aurora_64b66b_0_block_i/inst/support_reset_logic_i/dly_gt_rst_r_reg[18]/C                                                                                                                                                                                                                                             u_aurora_64b66b_top/aurora_64b66b_0_exdes_inst/aurora_64b66b_0_block_i/inst/aurora_64b66b_0_core_i/aurora_lane_0_i/sym_gen_i/u_pma_init_data_sync/stg1_aurora_64b66b_0_cdc_to_reg/D
  4  CDC-3  Info      1-bit synchronized with ASYNC_REG property                   5  False Path  u_aurora_64b66b_top/aurora_64b66b_0_exdes_inst/aurora_64b66b_0_block_i/inst/aurora_64b66b_0_core_i/aurora_64b66b_0_wrapper_i/LINK_RESET_OUT_reg/C                                                                                                                                                                                                                    u_aurora_64b66b_top/aurora_64b66b_0_exdes_inst/aurora_64b66b_0_block_i/inst/aurora_64b66b_0_core_i/core_reset_logic_i/u_link_rst_sync/stg1_aurora_64b66b_0_cdc_to_reg/D
  5  CDC-3  Info      1-bit synchronized with ASYNC_REG property                   5  False Path  u_aurora_64b66b_top/aurora_64b66b_0_exdes_inst/aurora_64b66b_0_block_i/inst/support_reset_logic_i/gt_rst_r_reg/C                                                                                                                                                                                                                                                     u_aurora_64b66b_top/aurora_64b66b_0_exdes_inst/aurora_64b66b_0_block_i/inst/support_reset_logic_i/u_rst_sync_gt/stg1_aurora_64b66b_0_cdc_to_reg/D

Source Clock: rxoutclk_out[0]
Destination Clock: aurora_user_clk
CDC Type: No Common Node

Row  ID     Severity  Description                                 Depth  Exception   Source (From)                                                                                                                                                                                                                                                                                                                                                                           Destination (To)
---  -----  --------  ------------------------------------------  -----  ----------  --------------------------------------------------------------------------------------------------------------------------------------------------------------------------------------------------------------------------------------------------------------------------------------------------------------------------------------------------------------------------------------  --------------------------------------------------------------------------------------------------------------------------------------------------------------------------------------------------------------------
  1  CDC-3  Info      1-bit synchronized with ASYNC_REG property      5  False Path  u_aurora_64b66b_top/aurora_64b66b_0_exdes_inst/aurora_64b66b_0_block_i/inst/aurora_64b66b_0_core_i/aurora_64b66b_0_wrapper_i/rxlossofsync_out_q_reg/C                                                                                                                                                                                                                                   u_aurora_64b66b_top/aurora_64b66b_0_exdes_inst/aurora_64b66b_0_block_i/inst/aurora_64b66b_0_core_i/aurora_64b66b_0_wrapper_i/cbcc_gtx0_i/u_cdc_rxlossofsync_in/s_level_out_d1_aurora_64b66b_0_cdc_to_reg/D
  2  CDC-3  Info      1-bit synchronized with ASYNC_REG property      6  False Path  u_aurora_64b66b_top/aurora_64b66b_0_exdes_inst/aurora_64b66b_0_block_i/inst/aurora_64b66b_0_core_i/aurora_64b66b_0_wrapper_i/cbcc_gtx0_i/master_fifo.data_fifo/U0/inst_fifo_gen/gconvfifo.rf/gbi.bi/v8_fifo.fblk/rst_val_sym.gextw_sym[1].inst_extd/gonep.inst_prim/gf36e2_inst.sngfifo36e2/WRCLK                                                                                       u_aurora_64b66b_top/aurora_64b66b_0_exdes_inst/aurora_64b66b_0_block_i/inst/aurora_64b66b_0_core_i/aurora_64b66b_0_wrapper_i/cbcc_gtx0_i/u_cdc_wr_err_rd_clk/s_level_out_d1_aurora_64b66b_0_cdc_to_reg/D
  3  CDC-3  Info      1-bit synchronized with ASYNC_REG property      5  False Path  u_aurora_64b66b_top/aurora_64b66b_0_exdes_inst/aurora_64b66b_0_block_i/inst/aurora_64b66b_0_core_i/aurora_64b66b_0_wrapper_i/common_reset_cbcc_i/u_rst_sync_fifo_reset_user_clk/stg11_reg/C                                                                                                                                                                                             u_aurora_64b66b_top/aurora_64b66b_0_exdes_inst/aurora_64b66b_0_block_i/inst/aurora_64b66b_0_core_i/aurora_64b66b_0_wrapper_i/common_reset_cbcc_i/u_rst_sync_cbcc_fifo_reset_rd_clk/stg1_aurora_64b66b_0_cdc_to_reg/D
  4  CDC-3  Info      1-bit synchronized with ASYNC_REG property      5  False Path  u_aurora_64b66b_top/aurora_64b66b_0_exdes_inst/aurora_64b66b_0_block_i/inst/aurora_64b66b_0_core_i/aurora_64b66b_0_wrapper_i/new_gtx_rx_pcsreset_comb_reg/C                                                                                                                                                                                                                             u_aurora_64b66b_top/aurora_64b66b_0_exdes_inst/aurora_64b66b_0_block_i/inst/aurora_64b66b_0_core_i/aurora_64b66b_0_wrapper_i/common_reset_cbcc_i/u_rst_sync_cbcc_only_reset_rd_clk/stg1_aurora_64b66b_0_cdc_to_reg/D
  5  CDC-3  Info      1-bit synchronized with ASYNC_REG property      5  False Path  u_aurora_64b66b_top/aurora_64b66b_0_exdes_inst/aurora_64b66b_0_block_i/inst/aurora_64b66b_0_core_i/aurora_64b66b_0_wrapper_i/common_reset_cbcc_i/reset_cbcc_comb_reg/C                                                                                                                                                                                                                  u_aurora_64b66b_top/aurora_64b66b_0_exdes_inst/aurora_64b66b_0_block_i/inst/aurora_64b66b_0_core_i/aurora_64b66b_0_wrapper_i/common_reset_cbcc_i/u_rst_sync_rst_cbcc_rd_clk/stg1_aurora_64b66b_0_cdc_to_reg/D
  6  CDC-3  Info      1-bit synchronized with ASYNC_REG property      5  False Path  u_aurora_64b66b_top/aurora_64b66b_0_exdes_inst/aurora_64b66b_0_block_i/inst/aurora_64b66b_0_core_i/aurora_64b66b_0_wrapper_i/u_cdc_rx_elastic_buferr/p_level_in_d1_cdc_from_reg/C                                                                                                                                                                                                       u_aurora_64b66b_top/aurora_64b66b_0_exdes_inst/aurora_64b66b_0_block_i/inst/aurora_64b66b_0_core_i/aurora_64b66b_0_wrapper_i/u_cdc_rx_elastic_buferr/s_level_out_d1_aurora_64b66b_0_cdc_to_reg/D
  7  CDC-3  Info      1-bit synchronized with ASYNC_REG property      3  False Path  u_aurora_64b66b_top/aurora_64b66b_0_exdes_inst/aurora_64b66b_0_block_i/inst/aurora_64b66b_0_core_i/aurora_64b66b_0_wrapper_i/aurora_64b66b_0_multi_gt_i/aurora_64b66b_0_gt_i/inst/gen_gtwizard_gthe3_top.aurora_64b66b_0_gt_gtwizard_gthe3_inst/gen_gtwizard_gthe3.gen_reset_controller_internal.gen_single_instance.gtwiz_reset_inst/reset_synchronizer_rx_done_inst/rst_in_out_reg/C  u_aurora_64b66b_top/aurora_64b66b_0_exdes_inst/aurora_64b66b_0_block_i/inst/aurora_64b66b_0_core_i/aurora_64b66b_0_wrapper_i/u_rst_done_sync_rx/stg1_aurora_64b66b_0_cdc_to_reg/D
  8  CDC-3  Info      1-bit synchronized with ASYNC_REG property      2  False Path  u_aurora_64b66b_top/aurora_64b66b_0_exdes_inst/aurora_64b66b_0_block_i/inst/aurora_64b66b_0_core_i/aurora_64b66b_0_wrapper_i/RX_NEG_OUT_reg/C                                                                                                                                                                                                                                           u_aurora_64b66b_top/aurora_64b66b_0_exdes_inst/aurora_64b66b_0_block_i/inst/aurora_64b66b_0_core_i/aurora_lane_0_i/lane_init_sm_i/u_cdc_rxlossofsync_in/s_level_out_d1_aurora_64b66b_0_cdc_to_reg/D

Source Clock: xdma_0_axi_aclk
Destination Clock: aurora_user_clk
CDC Type: No Common Primary Clock

Row  ID     Severity  Description                                 Depth  Exception   Source (From)                                                                          Destination (To)
---  -----  --------  ------------------------------------------  -----  ----------  -------------------------------------------------------------------------------------  ------------------------------------------------------------------------------------
  1  CDC-3  Info      1-bit synchronized with ASYNC_REG property      2  False Path  u_pcie/design_1_wrapper_inst/design_1_i/xdma_0/inst/pcie3_ip_i/inst/user_lnk_up_reg/C  u_pcie/u_pcie_fdma_aurora_brg_adapter/u_cdc_pcie_link_to_user/syncstages_ff_reg[0]/D

Source Clock: aurora_user_clk
Destination Clock: clk_out1_clk_wiz_0
CDC Type: No Common Primary Clock

Row  ID     Severity  Description                                 Depth  Exception   Source (From)                                                                                                                                                          Destination (To)
---  -----  --------  ------------------------------------------  -----  ----------  ---------------------------------------------------------------------------------------------------------------------------------------------------------------------  ------------------------------------------------------------------------------------------------------------------------------------------------------------------------------------
  1  CDC-3  Info      1-bit synchronized with ASYNC_REG property      2  False Path  u_pcie/u_pcie_fdma_aurora_brg_adapter/U_RTDS_RX_FRAME_FIFO/U_XPM_FIFO_ASYNC/gnuram_async_fifo.xpm_fifo_base_inst/xpm_fifo_rst_inst/gen_rst_ic.fifo_wr_rst_ic_reg/C     u_pcie/u_pcie_fdma_aurora_brg_adapter/U_RTDS_RX_FRAME_FIFO/U_XPM_FIFO_ASYNC/gnuram_async_fifo.xpm_fifo_base_inst/xpm_fifo_rst_inst/gen_rst_ic.wrst_rd_inst/syncstages_ff_reg[0]/D
  2  CDC-3  Info      1-bit synchronized with ASYNC_REG property      2  False Path  u_aurora_64b66b_top/aurora_64b66b_0_exdes_inst/CHANNEL_UP_reg/C                                                                                                        u_pcie/u_pcie_fdma_aurora_brg_adapter/u_cdc_channel_to_fdma/syncstages_ff_reg[0]/D
  3  CDC-3  Info      1-bit synchronized with ASYNC_REG property      2  False Path  u_aurora_64b66b_top/aurora_64b66b_0_exdes_inst/LANE_UP_reg/C                                                                                                           u_pcie/u_pcie_fdma_aurora_brg_adapter/u_cdc_lane_to_fdma/syncstages_ff_reg[0]/D
  4  CDC-3  Info      1-bit synchronized with ASYNC_REG property      2  False Path  u_pcie/u_pcie_fdma_aurora_brg_adapter/tx_done_toggle_user_reg/C                                                                                                        u_pcie/u_pcie_fdma_aurora_brg_adapter/u_cdc_tx_done_toggle/syncstages_ff_reg[0]/D
  5  CDC-3  Info      1-bit synchronized with ASYNC_REG property      2  False Path  u_pcie/u_pcie_fdma_aurora_brg_adapter/tx_underflow_user_sticky_reg/C                                                                                                   u_pcie/u_pcie_fdma_aurora_brg_adapter/u_cdc_tx_underflow/syncstages_ff_reg[0]/D
  6  CDC-3  Info      1-bit synchronized with ASYNC_REG property      2  False Path  u_pcie/u_pcie_fdma_aurora_brg_adapter/u_fdma_aurora_brg_tx/xpm_fifo_async_inst/gnuram_async_fifo.xpm_fifo_base_inst/xpm_fifo_rst_inst/gen_rst_ic.fifo_rd_rst_ic_reg/C  u_pcie/u_pcie_fdma_aurora_brg_adapter/u_fdma_aurora_brg_tx/xpm_fifo_async_inst/gnuram_async_fifo.xpm_fifo_base_inst/xpm_fifo_rst_inst/gen_rst_ic.rrst_wr_inst/syncstages_ff_reg[0]/D

Source Clock: mmcm_clkout0
Destination Clock: clk_out1_clk_wiz_0
CDC Type: No Common Phase

Row  ID     Severity  Description                                              Depth  Exception   Source (From)                                                                                                                                                                                                                           Destination (To)
---  -----  --------  -------------------------------------------------------  -----  ----------  --------------------------------------------------------------------------------------------------------------------------------------------------------------------------------------------------------------------------------------  --------------------------------------------------------------------------------------------------------------------------------------------------------------------------------------------------------------------------------------------------------------------
  1  CDC-3  Info      1-bit synchronized with ASYNC_REG property                   2  False Path  u_pcie/u_rtds_ddr4_backend/ui_reset_pipe_reg[1]/C                                                                                                                                                                                       u_pcie/u_rtds_ddr4_backend/ready_sync_reg[0]/D
  2  CDC-3  Info      1-bit synchronized with ASYNC_REG property                   5  False Path  u_pcie/u_rtds_ddr4_backend/u_axi_clock_converter/inst/gen_clock_conv.gen_async_conv.asyncfifo_axi/inst_fifo_gen/gaxi_full_lite.gread_ch.grach2.axi_rach/grf.rf/rstblk/ngwrdrst.grst.g7serrst.gnsckt_wrst.gic_rst.sckt_rd_rst_ic_reg/C   u_pcie/u_rtds_ddr4_backend/u_axi_clock_converter/inst/gen_clock_conv.gen_async_conv.asyncfifo_axi/inst_fifo_gen/gaxi_full_lite.gread_ch.grach2.axi_rach/grf.rf/rstblk/ngwrdrst.grst.g7serrst.gnsckt_wrst.gic_rst.xpm_cdc_single_inst_rrst_wr/syncstages_ff_reg[0]/D
  3  CDC-9  Info      Asynchronous reset synchronized with ASYNC_REG property      2  False Path  u_pcie/u_rtds_ddr4_backend/ui_reset_pipe_reg[1]/C                                                                                                                                                                                       u_pcie/u_rtds_ddr4_backend/u_axi_clock_converter/inst/gen_clock_conv.gen_async_conv.asyncfifo_axi/inst_fifo_gen/gaxi_full_lite.gread_ch.grach2.axi_rach/grf.rf/rstblk/ngwrdrst.grst.g7serrst.gnsckt_wrst.rst_wr_reg2_inst/arststages_ff_reg[0]/PRE
  4  CDC-9  Info      Asynchronous reset synchronized with ASYNC_REG property      2  False Path  u_pcie/u_rtds_ddr4_backend/ui_reset_pipe_reg[1]/C                                                                                                                                                                                       u_pcie/u_rtds_ddr4_backend/u_axi_clock_converter/inst/gen_clock_conv.gen_async_conv.asyncfifo_axi/inst_fifo_gen/gaxi_full_lite.gread_ch.grdch2.axi_rdch/grf.rf/rstblk/ngwrdrst.grst.g7serrst.gnsckt_wrst.gic_rst.rst_rd_reg2_inst/arststages_ff_reg[0]/PRE
  5  CDC-3  Info      1-bit synchronized with ASYNC_REG property                   6  False Path  u_pcie/u_rtds_ddr4_backend/u_axi_clock_converter/inst/gen_clock_conv.gen_async_conv.asyncfifo_axi/inst_fifo_gen/gaxi_full_lite.gread_ch.grdch2.axi_rdch/grf.rf/rstblk/ngwrdrst.grst.g7serrst.gnsckt_wrst.gic_rst.sckt_wr_rst_ic_reg/C   u_pcie/u_rtds_ddr4_backend/u_axi_clock_converter/inst/gen_clock_conv.gen_async_conv.asyncfifo_axi/inst_fifo_gen/gaxi_full_lite.gread_ch.grdch2.axi_rdch/grf.rf/rstblk/ngwrdrst.grst.g7serrst.gnsckt_wrst.gic_rst.xpm_cdc_single_inst_wrst_rd/syncstages_ff_reg[0]/D
  6  CDC-3  Info      1-bit synchronized with ASYNC_REG property                   5  False Path  u_pcie/u_rtds_ddr4_backend/u_axi_clock_converter/inst/gen_clock_conv.gen_async_conv.asyncfifo_axi/inst_fifo_gen/gaxi_full_lite.gwrite_ch.gwach2.axi_wach/grf.rf/rstblk/ngwrdrst.grst.g7serrst.gnsckt_wrst.gic_rst.sckt_rd_rst_ic_reg/C  u_pcie/u_rtds_ddr4_backend/u_axi_clock_converter/inst/gen_clock_conv.gen_async_conv.asyncfifo_axi/inst_fifo_gen/gaxi_full_lite.gwrite_ch.gwach2.axi_wach/grf.rf/rstblk/ngwrdrst.grst.g7serrst.gnsckt_wrst.gic_rst.xpm_cdc_single_inst_rrst_wr/syncstages_ff_reg[0]/D
  7  CDC-9  Info      Asynchronous reset synchronized with ASYNC_REG property      2  False Path  u_pcie/u_rtds_ddr4_backend/ui_reset_pipe_reg[1]/C                                                                                                                                                                                       u_pcie/u_rtds_ddr4_backend/u_axi_clock_converter/inst/gen_clock_conv.gen_async_conv.asyncfifo_axi/inst_fifo_gen/gaxi_full_lite.gwrite_ch.gwach2.axi_wach/grf.rf/rstblk/ngwrdrst.grst.g7serrst.gnsckt_wrst.rst_wr_reg2_inst/arststages_ff_reg[0]/PRE
  8  CDC-3  Info      1-bit synchronized with ASYNC_REG property                   5  False Path  u_pcie/u_rtds_ddr4_backend/u_axi_clock_converter/inst/gen_clock_conv.gen_async_conv.asyncfifo_axi/inst_fifo_gen/gaxi_full_lite.gwrite_ch.gwdch2.axi_wdch/grf.rf/rstblk/ngwrdrst.grst.g7serrst.gnsckt_wrst.gic_rst.sckt_rd_rst_ic_reg/C  u_pcie/u_rtds_ddr4_backend/u_axi_clock_converter/inst/gen_clock_conv.gen_async_conv.asyncfifo_axi/inst_fifo_gen/gaxi_full_lite.gwrite_ch.gwdch2.axi_wdch/grf.rf/rstblk/ngwrdrst.grst.g7serrst.gnsckt_wrst.gic_rst.xpm_cdc_single_inst_rrst_wr/syncstages_ff_reg[0]/D
  9  CDC-9  Info      Asynchronous reset synchronized with ASYNC_REG property      2  False Path  u_pcie/u_rtds_ddr4_backend/ui_reset_pipe_reg[1]/C                                                                                                                                                                                       u_pcie/u_rtds_ddr4_backend/u_axi_clock_converter/inst/gen_clock_conv.gen_async_conv.asyncfifo_axi/inst_fifo_gen/gaxi_full_lite.gwrite_ch.gwdch2.axi_wdch/grf.rf/rstblk/ngwrdrst.grst.g7serrst.gnsckt_wrst.rst_wr_reg2_inst/arststages_ff_reg[0]/PRE
 10  CDC-9  Info      Asynchronous reset synchronized with ASYNC_REG property      2  False Path  u_pcie/u_rtds_ddr4_backend/ui_reset_pipe_reg[1]/C                                                                                                                                                                                       u_pcie/u_rtds_ddr4_backend/u_axi_clock_converter/inst/gen_clock_conv.gen_async_conv.asyncfifo_axi/inst_fifo_gen/gaxi_full_lite.gwrite_ch.gwrch2.axi_wrch/grf.rf/rstblk/ngwrdrst.grst.g7serrst.gnsckt_wrst.gic_rst.rst_rd_reg2_inst/arststages_ff_reg[0]/PRE
 11  CDC-3  Info      1-bit synchronized with ASYNC_REG property                   6  False Path  u_pcie/u_rtds_ddr4_backend/u_axi_clock_converter/inst/gen_clock_conv.gen_async_conv.asyncfifo_axi/inst_fifo_gen/gaxi_full_lite.gwrite_ch.gwrch2.axi_wrch/grf.rf/rstblk/ngwrdrst.grst.g7serrst.gnsckt_wrst.gic_rst.sckt_wr_rst_ic_reg/C  u_pcie/u_rtds_ddr4_backend/u_axi_clock_converter/inst/gen_clock_conv.gen_async_conv.asyncfifo_axi/inst_fifo_gen/gaxi_full_lite.gwrite_ch.gwrch2.axi_wrch/grf.rf/rstblk/ngwrdrst.grst.g7serrst.gnsckt_wrst.gic_rst.xpm_cdc_single_inst_wrst_rd/syncstages_ff_reg[0]/D

Source Clock: mmcm_clkout5
Destination Clock: clk_out1_clk_wiz_0
CDC Type: No Common Phase

Row  ID      Severity  Description                                     Depth  Exception   Source (From)                                                                                                 Destination (To)
---  ------  --------  ----------------------------------------------  -----  ----------  ------------------------------------------------------------------------------------------------------------  ------------------------------------------------------------------------------------------------------
  1  CDC-3   Info      1-bit synchronized with ASYNC_REG property          2  False Path  <hidden>                                                                                                      <hidden>
  2  CDC-3   Info      1-bit synchronized with ASYNC_REG property          2  False Path  <hidden>                                                                                                      <hidden>
  3  CDC-3   Info      1-bit synchronized with ASYNC_REG property          2  False Path  <hidden>                                                                                                      <hidden>
  4  CDC-3   Info      1-bit synchronized with ASYNC_REG property          2  False Path  <hidden>                                                                                                      <hidden>
  5  CDC-3   Info      1-bit synchronized with ASYNC_REG property          2  False Path  <hidden>                                                                                                      <hidden>
  6  CDC-3   Info      1-bit synchronized with ASYNC_REG property          2  False Path  <hidden>                                                                                                      <hidden>
  7  CDC-3   Info      1-bit synchronized with ASYNC_REG property          2  False Path  <hidden>                                                                                                      <hidden>
  8  CDC-3   Info      1-bit synchronized with ASYNC_REG property          2  False Path  <hidden>                                                                                                      <hidden>
  9  CDC-3   Info      1-bit synchronized with ASYNC_REG property          2  False Path  <hidden>                                                                                                      <hidden>
 10  CDC-3   Info      1-bit synchronized with ASYNC_REG property          2  False Path  <hidden>                                                                                                      <hidden>
 11  CDC-3   Info      1-bit synchronized with ASYNC_REG property          2  False Path  <hidden>                                                                                                      <hidden>
 12  CDC-3   Info      1-bit synchronized with ASYNC_REG property          2  False Path  <hidden>                                                                                                      <hidden>
 13  CDC-3   Info      1-bit synchronized with ASYNC_REG property          2  False Path  <hidden>                                                                                                      <hidden>
 14  CDC-3   Info      1-bit synchronized with ASYNC_REG property          2  False Path  <hidden>                                                                                                      <hidden>
 15  CDC-3   Info      1-bit synchronized with ASYNC_REG property          2  False Path  <hidden>                                                                                                      <hidden>
 16  CDC-3   Info      1-bit synchronized with ASYNC_REG property          2  False Path  <hidden>                                                                                                      <hidden>
 17  CDC-3   Info      1-bit synchronized with ASYNC_REG property          2  False Path  <hidden>                                                                                                      <hidden>
 18  CDC-3   Info      1-bit synchronized with ASYNC_REG property          2  False Path  <hidden>                                                                                                      <hidden>
 19  CDC-3   Info      1-bit synchronized with ASYNC_REG property          2  False Path  <hidden>                                                                                                      <hidden>
 20  CDC-3   Info      1-bit synchronized with ASYNC_REG property          2  False Path  <hidden>                                                                                                      <hidden>
 21  CDC-3   Info      1-bit synchronized with ASYNC_REG property          2  False Path  <hidden>                                                                                                      <hidden>
 22  CDC-3   Info      1-bit synchronized with ASYNC_REG property          2  False Path  <hidden>                                                                                                      <hidden>
 23  CDC-3   Info      1-bit synchronized with ASYNC_REG property          2  False Path  <hidden>                                                                                                      <hidden>
 24  CDC-3   Info      1-bit synchronized with ASYNC_REG property          2  False Path  <hidden>                                                                                                      <hidden>
 25  CDC-3   Info      1-bit synchronized with ASYNC_REG property          2  False Path  <hidden>                                                                                                      <hidden>
 26  CDC-3   Info      1-bit synchronized with ASYNC_REG property          2  False Path  <hidden>                                                                                                      <hidden>
 27  CDC-3   Info      1-bit synchronized with ASYNC_REG property          2  False Path  <hidden>                                                                                                      <hidden>
 28  CDC-3   Info      1-bit synchronized with ASYNC_REG property          2  False Path  <hidden>                                                                                                      <hidden>
 29  CDC-3   Info      1-bit synchronized with ASYNC_REG property          2  False Path  <hidden>                                                                                                      <hidden>
 30  CDC-3   Info      1-bit synchronized with ASYNC_REG property          2  False Path  <hidden>                                                                                                      <hidden>
 31  CDC-3   Info      1-bit synchronized with ASYNC_REG property          2  False Path  <hidden>                                                                                                      <hidden>
 32  CDC-3   Info      1-bit synchronized with ASYNC_REG property          2  False Path  <hidden>                                                                                                      <hidden>
 33  CDC-3   Info      1-bit synchronized with ASYNC_REG property          2  False Path  <hidden>                                                                                                      <hidden>
 34  CDC-3   Info      1-bit synchronized with ASYNC_REG property          2  False Path  <hidden>                                                                                                      <hidden>
 35  CDC-3   Info      1-bit synchronized with ASYNC_REG property          2  False Path  <hidden>                                                                                                      <hidden>
 36  CDC-3   Info      1-bit synchronized with ASYNC_REG property          2  False Path  <hidden>                                                                                                      <hidden>
 37  CDC-3   Info      1-bit synchronized with ASYNC_REG property          2  False Path  <hidden>                                                                                                      <hidden>
 38  CDC-3   Info      1-bit synchronized with ASYNC_REG property          2  False Path  <hidden>                                                                                                      <hidden>
 39  CDC-3   Info      1-bit synchronized with ASYNC_REG property          2  False Path  <hidden>                                                                                                      <hidden>
 40  CDC-3   Info      1-bit synchronized with ASYNC_REG property          2  False Path  <hidden>                                                                                                      <hidden>
 41  CDC-3   Info      1-bit synchronized with ASYNC_REG property          2  False Path  <hidden>                                                                                                      <hidden>
 42  CDC-3   Info      1-bit synchronized with ASYNC_REG property          2  False Path  <hidden>                                                                                                      <hidden>
 43  CDC-15  Warning   Clock enable controlled CDC structure detected      0  False Path  <hidden>                                                                                                      <hidden>
 44  CDC-15  Warning   Clock enable controlled CDC structure detected      0  False Path  <hidden>                                                                                                      <hidden>
 45  CDC-15  Warning   Clock enable controlled CDC structure detected      0  False Path  <hidden>                                                                                                      <hidden>
 46  CDC-15  Warning   Clock enable controlled CDC structure detected      0  False Path  <hidden>                                                                                                      <hidden>
 47  CDC-15  Warning   Clock enable controlled CDC structure detected      0  False Path  <hidden>                                                                                                      <hidden>
 48  CDC-15  Warning   Clock enable controlled CDC structure detected      0  False Path  <hidden>                                                                                                      <hidden>
 49  CDC-15  Warning   Clock enable controlled CDC structure detected      0  False Path  <hidden>                                                                                                      <hidden>
 50  CDC-15  Warning   Clock enable controlled CDC structure detected      0  False Path  <hidden>                                                                                                      <hidden>
 51  CDC-15  Warning   Clock enable controlled CDC structure detected      0  False Path  <hidden>                                                                                                      <hidden>
 52  CDC-15  Warning   Clock enable controlled CDC structure detected      0  False Path  <hidden>                                                                                                      <hidden>
 53  CDC-15  Warning   Clock enable controlled CDC structure detected      0  False Path  <hidden>                                                                                                      <hidden>
 54  CDC-15  Warning   Clock enable controlled CDC structure detected      0  False Path  <hidden>                                                                                                      <hidden>
 55  CDC-15  Warning   Clock enable controlled CDC structure detected      0  False Path  <hidden>                                                                                                      <hidden>
 56  CDC-15  Warning   Clock enable controlled CDC structure detected      0  False Path  <hidden>                                                                                                      <hidden>
 57  CDC-15  Warning   Clock enable controlled CDC structure detected      0  False Path  <hidden>                                                                                                      <hidden>
 58  CDC-15  Warning   Clock enable controlled CDC structure detected      0  False Path  <hidden>                                                                                                      <hidden>
 59  CDC-15  Warning   Clock enable controlled CDC structure detected      0  False Path  <hidden>                                                                                                      <hidden>
 60  CDC-15  Warning   Clock enable controlled CDC structure detected      0  False Path  <hidden>                                                                                                      <hidden>
 61  CDC-15  Warning   Clock enable controlled CDC structure detected      0  False Path  <hidden>                                                                                                      <hidden>
 62  CDC-15  Warning   Clock enable controlled CDC structure detected      0  False Path  <hidden>                                                                                                      <hidden>
 63  CDC-15  Warning   Clock enable controlled CDC structure detected      0  False Path  <hidden>                                                                                                      <hidden>
 64  CDC-15  Warning   Clock enable controlled CDC structure detected      0  False Path  <hidden>                                                                                                      <hidden>
 65  CDC-15  Warning   Clock enable controlled CDC structure detected      0  False Path  <hidden>                                                                                                      <hidden>
 66  CDC-15  Warning   Clock enable controlled CDC structure detected      0  False Path  <hidden>                                                                                                      <hidden>
 67  CDC-15  Warning   Clock enable controlled CDC structure detected      0  False Path  <hidden>                                                                                                      <hidden>
 68  CDC-15  Warning   Clock enable controlled CDC structure detected      0  False Path  <hidden>                                                                                                      <hidden>
 69  CDC-15  Warning   Clock enable controlled CDC structure detected      0  False Path  <hidden>                                                                                                      <hidden>
 70  CDC-15  Warning   Clock enable controlled CDC structure detected      0  False Path  <hidden>                                                                                                      <hidden>
 71  CDC-15  Warning   Clock enable controlled CDC structure detected      0  False Path  <hidden>                                                                                                      <hidden>
 72  CDC-15  Warning   Clock enable controlled CDC structure detected      0  False Path  <hidden>                                                                                                      <hidden>
 73  CDC-15  Warning   Clock enable controlled CDC structure detected      0  False Path  <hidden>                                                                                                      <hidden>
 74  CDC-15  Warning   Clock enable controlled CDC structure detected      0  False Path  <hidden>                                                                                                      <hidden>
 75  CDC-6   Warning   Multi-bit synchronized with ASYNC_REG property      2  False Path  u_pcie/ila_FDMA_inst/inst/ila_core_inst/u_ila_regs/reg_stream_ffd/I_EN_CTL_EQ1.U_CTL/xsdb_reg_reg[15:0]/C     u_pcie/ila_FDMA_inst/inst/ila_core_inst/debug_data_in_sync1_reg[15:0]/D
 76  CDC-6   Warning   Multi-bit synchronized with ASYNC_REG property      2  False Path  u_pcie/ila_FDMA_inst/inst/ila_core_inst/u_ila_cap_ctrl/u_cap_addrgen/i_o_to_64k.cfg_data_vec_reg[10:1]/C      u_pcie/ila_FDMA_inst/inst/ila_core_inst/u_ila_cap_ctrl/u_cap_addrgen/cfg_data_vec_sync1_reg[10:1]/D
 77  CDC-6   Warning   Multi-bit synchronized with ASYNC_REG property      2  False Path  u_temp_rd/ila_temp_inst/inst/ila_core_inst/u_ila_regs/reg_stream_ffd/I_EN_CTL_EQ1.U_CTL/xsdb_reg_reg[15:0]/C  u_temp_rd/ila_temp_inst/inst/ila_core_inst/debug_data_in_sync1_reg[15:0]/D
 78  CDC-6   Warning   Multi-bit synchronized with ASYNC_REG property      2  False Path  u_temp_rd/ila_temp_inst/inst/ila_core_inst/u_ila_cap_ctrl/u_cap_addrgen/i_o_to_64k.cfg_data_vec_reg[10:1]/C   u_temp_rd/ila_temp_inst/inst/ila_core_inst/u_ila_cap_ctrl/u_cap_addrgen/cfg_data_vec_sync1_reg[10:1]/D

Source Clock: txoutclk_out[0]
Destination Clock: clk_out1_clk_wiz_0
CDC Type: No Common Primary Clock

Row  ID      Severity  Description                                         Depth  Exception   Source (From)                                                                    Destination (To)
---  ------  --------  --------------------------------------------------  -----  ----------  -------------------------------------------------------------------------------  -----------------------------------------------------------------------------------------------------------------
  1  CDC-10  Critical  Combinational logic detected before a synchronizer      4  False Path  U_RTDS_1G_PERIODIC_TX/U_RTDS_FPGA_CFG_CDC/U_XPM_CDC_HANDSHAKE/dest_req_ff_reg/C  U_RTDS_1G_PERIODIC_TX/U_RTDS_FPGA_CFG_CDC/U_XPM_CDC_HANDSHAKE/xpm_cdc_single_dest2src_inst/syncstages_ff_reg[0]/D

Source Clock: xdma_0_axi_aclk
Destination Clock: clk_out1_clk_wiz_0
CDC Type: No Common Primary Clock

Row  ID      Severity  Description                                              Depth  Exception   Source (From)                                                                                                                                                                                                                                                          Destination (To)
---  ------  --------  -------------------------------------------------------  -----  ----------  ---------------------------------------------------------------------------------------------------------------------------------------------------------------------------------------------------------------------------------------------------------------------  ---------------------------------------------------------------------------------------------------------------------------------------------------------------------------------------------------------------------------------------------------------------------------------------------------
  1  CDC-1   Critical  1-bit unknown CDC circuitry                                  0  None        u_pcie/design_1_wrapper_inst/design_1_i/xdma_0/inst/pcie3_ip_i/inst/user_lnk_up_reg/C                                                                                                                                                                                  u_pcie/design_1_wrapper_inst/design_1_i/INFO_EXCH_0/inst/CPU_WR_DONE_reg[0]/D
  2  CDC-9   Info      Asynchronous reset synchronized with ASYNC_REG property      2  False Path  u_pcie/design_1_wrapper_inst/design_1_i/xdma_0/inst/pcie3_ip_i/inst/user_reset_reg/C                                                                                                                                                                                   u_pcie/design_1_wrapper_inst/design_1_i/axi_interconnect_0/s01_couplers/auto_cc/inst/gen_clock_conv.gen_async_conv.asyncfifo_axi/inst_fifo_gen/gaxi_full_lite.gread_ch.grach2.axi_rach/grf.rf/rstblk/ngwrdrst.grst.g7serrst.gnsckt_wrst.gic_rst.rst_rd_reg2_inst/arststages_ff_reg[0]/PRE
  3  CDC-3   Info      1-bit synchronized with ASYNC_REG property                   7  False Path  u_pcie/design_1_wrapper_inst/design_1_i/axi_interconnect_0/s01_couplers/auto_cc/inst/gen_clock_conv.gen_async_conv.asyncfifo_axi/inst_fifo_gen/gaxi_full_lite.gread_ch.grach2.axi_rach/grf.rf/rstblk/ngwrdrst.grst.g7serrst.gnsckt_wrst.gic_rst.sckt_wr_rst_ic_reg/C   u_pcie/design_1_wrapper_inst/design_1_i/axi_interconnect_0/s01_couplers/auto_cc/inst/gen_clock_conv.gen_async_conv.asyncfifo_axi/inst_fifo_gen/gaxi_full_lite.gread_ch.grach2.axi_rach/grf.rf/rstblk/ngwrdrst.grst.g7serrst.gnsckt_wrst.gic_rst.xpm_cdc_single_inst_wrst_rd/syncstages_ff_reg[0]/D
  4  CDC-3   Info      1-bit synchronized with ASYNC_REG property                   6  False Path  u_pcie/design_1_wrapper_inst/design_1_i/axi_interconnect_0/s01_couplers/auto_cc/inst/gen_clock_conv.gen_async_conv.asyncfifo_axi/inst_fifo_gen/gaxi_full_lite.gread_ch.grdch2.axi_rdch/grf.rf/rstblk/ngwrdrst.grst.g7serrst.gnsckt_wrst.gic_rst.sckt_rd_rst_ic_reg/C   u_pcie/design_1_wrapper_inst/design_1_i/axi_interconnect_0/s01_couplers/auto_cc/inst/gen_clock_conv.gen_async_conv.asyncfifo_axi/inst_fifo_gen/gaxi_full_lite.gread_ch.grdch2.axi_rdch/grf.rf/rstblk/ngwrdrst.grst.g7serrst.gnsckt_wrst.gic_rst.xpm_cdc_single_inst_rrst_wr/syncstages_ff_reg[0]/D
  5  CDC-9   Info      Asynchronous reset synchronized with ASYNC_REG property      2  False Path  u_pcie/design_1_wrapper_inst/design_1_i/xdma_0/inst/pcie3_ip_i/inst/user_reset_reg/C                                                                                                                                                                                   u_pcie/design_1_wrapper_inst/design_1_i/axi_interconnect_0/s01_couplers/auto_cc/inst/gen_clock_conv.gen_async_conv.asyncfifo_axi/inst_fifo_gen/gaxi_full_lite.gread_ch.grdch2.axi_rdch/grf.rf/rstblk/ngwrdrst.grst.g7serrst.gnsckt_wrst.rst_wr_reg2_inst/arststages_ff_reg[0]/PRE
  6  CDC-9   Info      Asynchronous reset synchronized with ASYNC_REG property      2  False Path  u_pcie/design_1_wrapper_inst/design_1_i/xdma_0/inst/pcie3_ip_i/inst/user_reset_reg/C                                                                                                                                                                                   u_pcie/design_1_wrapper_inst/design_1_i/axi_interconnect_0/s01_couplers/auto_cc/inst/gen_clock_conv.gen_async_conv.asyncfifo_axi/inst_fifo_gen/gaxi_full_lite.gwrite_ch.gwach2.axi_wach/grf.rf/rstblk/ngwrdrst.grst.g7serrst.gnsckt_wrst.gic_rst.rst_rd_reg2_inst/arststages_ff_reg[0]/PRE
  7  CDC-3   Info      1-bit synchronized with ASYNC_REG property                   7  False Path  u_pcie/design_1_wrapper_inst/design_1_i/axi_interconnect_0/s01_couplers/auto_cc/inst/gen_clock_conv.gen_async_conv.asyncfifo_axi/inst_fifo_gen/gaxi_full_lite.gwrite_ch.gwach2.axi_wach/grf.rf/rstblk/ngwrdrst.grst.g7serrst.gnsckt_wrst.gic_rst.sckt_wr_rst_ic_reg/C  u_pcie/design_1_wrapper_inst/design_1_i/axi_interconnect_0/s01_couplers/auto_cc/inst/gen_clock_conv.gen_async_conv.asyncfifo_axi/inst_fifo_gen/gaxi_full_lite.gwrite_ch.gwach2.axi_wach/grf.rf/rstblk/ngwrdrst.grst.g7serrst.gnsckt_wrst.gic_rst.xpm_cdc_single_inst_wrst_rd/syncstages_ff_reg[0]/D
  8  CDC-9   Info      Asynchronous reset synchronized with ASYNC_REG property      2  False Path  u_pcie/design_1_wrapper_inst/design_1_i/xdma_0/inst/pcie3_ip_i/inst/user_reset_reg/C                                                                                                                                                                                   u_pcie/design_1_wrapper_inst/design_1_i/axi_interconnect_0/s01_couplers/auto_cc/inst/gen_clock_conv.gen_async_conv.asyncfifo_axi/inst_fifo_gen/gaxi_full_lite.gwrite_ch.gwdch2.axi_wdch/grf.rf/rstblk/ngwrdrst.grst.g7serrst.gnsckt_wrst.gic_rst.rst_rd_reg2_inst/arststages_ff_reg[0]/PRE
  9  CDC-3   Info      1-bit synchronized with ASYNC_REG property                   7  False Path  u_pcie/design_1_wrapper_inst/design_1_i/axi_interconnect_0/s01_couplers/auto_cc/inst/gen_clock_conv.gen_async_conv.asyncfifo_axi/inst_fifo_gen/gaxi_full_lite.gwrite_ch.gwdch2.axi_wdch/grf.rf/rstblk/ngwrdrst.grst.g7serrst.gnsckt_wrst.gic_rst.sckt_wr_rst_ic_reg/C  u_pcie/design_1_wrapper_inst/design_1_i/axi_interconnect_0/s01_couplers/auto_cc/inst/gen_clock_conv.gen_async_conv.asyncfifo_axi/inst_fifo_gen/gaxi_full_lite.gwrite_ch.gwdch2.axi_wdch/grf.rf/rstblk/ngwrdrst.grst.g7serrst.gnsckt_wrst.gic_rst.xpm_cdc_single_inst_wrst_rd/syncstages_ff_reg[0]/D
 10  CDC-3   Info      1-bit synchronized with ASYNC_REG property                   6  False Path  u_pcie/design_1_wrapper_inst/design_1_i/axi_interconnect_0/s01_couplers/auto_cc/inst/gen_clock_conv.gen_async_conv.asyncfifo_axi/inst_fifo_gen/gaxi_full_lite.gwrite_ch.gwrch2.axi_wrch/grf.rf/rstblk/ngwrdrst.grst.g7serrst.gnsckt_wrst.gic_rst.sckt_rd_rst_ic_reg/C  u_pcie/design_1_wrapper_inst/design_1_i/axi_interconnect_0/s01_couplers/auto_cc/inst/gen_clock_conv.gen_async_conv.asyncfifo_axi/inst_fifo_gen/gaxi_full_lite.gwrite_ch.gwrch2.axi_wrch/grf.rf/rstblk/ngwrdrst.grst.g7serrst.gnsckt_wrst.gic_rst.xpm_cdc_single_inst_rrst_wr/syncstages_ff_reg[0]/D
 11  CDC-9   Info      Asynchronous reset synchronized with ASYNC_REG property      2  False Path  u_pcie/design_1_wrapper_inst/design_1_i/xdma_0/inst/pcie3_ip_i/inst/user_reset_reg/C                                                                                                                                                                                   u_pcie/design_1_wrapper_inst/design_1_i/axi_interconnect_0/s01_couplers/auto_cc/inst/gen_clock_conv.gen_async_conv.asyncfifo_axi/inst_fifo_gen/gaxi_full_lite.gwrite_ch.gwrch2.axi_wrch/grf.rf/rstblk/ngwrdrst.grst.g7serrst.gnsckt_wrst.rst_wr_reg2_inst/arststages_ff_reg[0]/PRE
 12  CDC-3   Info      1-bit synchronized with ASYNC_REG property                   3  False Path  u_pcie/design_1_wrapper_inst/design_1_i/axi_interconnect_1/s00_couplers/auto_cc/inst/gen_clock_conv.gen_async_lite_conv.clock_conv_lite_fwd_ar/handshake/src_sendd_ff_reg/C                                                                                            u_pcie/design_1_wrapper_inst/design_1_i/axi_interconnect_1/s00_couplers/auto_cc/inst/gen_clock_conv.gen_async_lite_conv.clock_conv_lite_fwd_ar/handshake/xpm_cdc_single_src2dest_inst/syncstages_ff_reg[0]/D
 13  CDC-3   Info      1-bit synchronized with ASYNC_REG property                   3  False Path  u_pcie/design_1_wrapper_inst/design_1_i/axi_interconnect_1/s00_couplers/auto_cc/inst/gen_clock_conv.gen_async_lite_conv.clock_conv_lite_fwd_aw/handshake/src_sendd_ff_reg/C                                                                                            u_pcie/design_1_wrapper_inst/design_1_i/axi_interconnect_1/s00_couplers/auto_cc/inst/gen_clock_conv.gen_async_lite_conv.clock_conv_lite_fwd_aw/handshake/xpm_cdc_single_src2dest_inst/syncstages_ff_reg[0]/D
 14  CDC-3   Info      1-bit synchronized with ASYNC_REG property                   3  False Path  u_pcie/design_1_wrapper_inst/design_1_i/axi_interconnect_1/s00_couplers/auto_cc/inst/gen_clock_conv.gen_async_lite_conv.clock_conv_lite_fwd_w/handshake/src_sendd_ff_reg/C                                                                                             u_pcie/design_1_wrapper_inst/design_1_i/axi_interconnect_1/s00_couplers/auto_cc/inst/gen_clock_conv.gen_async_lite_conv.clock_conv_lite_fwd_w/handshake/xpm_cdc_single_src2dest_inst/syncstages_ff_reg[0]/D
 15  CDC-3   Info      1-bit synchronized with ASYNC_REG property                   3  False Path  u_pcie/design_1_wrapper_inst/design_1_i/axi_interconnect_1/s00_couplers/auto_cc/inst/gen_clock_conv.gen_async_lite_conv.clock_conv_lite_resp_b/dest_ack_reg/C                                                                                                          u_pcie/design_1_wrapper_inst/design_1_i/axi_interconnect_1/s00_couplers/auto_cc/inst/gen_clock_conv.gen_async_lite_conv.clock_conv_lite_resp_b/handshake/xpm_cdc_single_dest2src_inst/syncstages_ff_reg[0]/D
 16  CDC-3   Info      1-bit synchronized with ASYNC_REG property                   3  False Path  u_pcie/design_1_wrapper_inst/design_1_i/axi_interconnect_1/s00_couplers/auto_cc/inst/gen_clock_conv.gen_async_lite_conv.clock_conv_lite_resp_r/dest_ack_reg/C                                                                                                          u_pcie/design_1_wrapper_inst/design_1_i/axi_interconnect_1/s00_couplers/auto_cc/inst/gen_clock_conv.gen_async_lite_conv.clock_conv_lite_resp_r/handshake/xpm_cdc_single_dest2src_inst/syncstages_ff_reg[0]/D
 17  CDC-1   Critical  1-bit unknown CDC circuitry                                  0  None        u_pcie/design_1_wrapper_inst/design_1_i/xdma_0/inst/pcie3_ip_i/inst/user_lnk_up_reg/C                                                                                                                                                                                  u_pcie/u_pcie_fdma_aurora_brg_adapter/U_RTDS_RX_BLOCK_WRITER/active_transfer_reg[0]/CE
 18  CDC-1   Critical  1-bit unknown CDC circuitry                                  0  None        u_pcie/design_1_wrapper_inst/design_1_i/xdma_0/inst/pcie3_ip_i/inst/user_lnk_up_reg/C                                                                                                                                                                                  u_pcie/u_pcie_fdma_aurora_brg_adapter/U_RTDS_RX_BLOCK_WRITER/active_transfer_reg[1]/CE
 19  CDC-1   Critical  1-bit unknown CDC circuitry                                  0  None        u_pcie/design_1_wrapper_inst/design_1_i/xdma_0/inst/pcie3_ip_i/inst/user_lnk_up_reg/C                                                                                                                                                                                  u_pcie/u_pcie_fdma_aurora_brg_adapter/U_RTDS_RX_BLOCK_WRITER/active_transfer_reg[2]/CE
 20  CDC-1   Critical  1-bit unknown CDC circuitry                                  0  None        u_pcie/design_1_wrapper_inst/design_1_i/xdma_0/inst/pcie3_ip_i/inst/user_lnk_up_reg/C                                                                                                                                                                                  u_pcie/u_pcie_fdma_aurora_brg_adapter/U_RTDS_RX_BLOCK_WRITER/active_transfer_reg[3]/CE
 21  CDC-1   Critical  1-bit unknown CDC circuitry                                  0  None        u_pcie/design_1_wrapper_inst/design_1_i/xdma_0/inst/pcie3_ip_i/inst/user_lnk_up_reg/C                                                                                                                                                                                  u_pcie/u_pcie_fdma_aurora_brg_adapter/U_RTDS_RX_BLOCK_WRITER/active_transfer_reg[4]/CE
 22  CDC-1   Critical  1-bit unknown CDC circuitry                                  0  None        u_pcie/design_1_wrapper_inst/design_1_i/xdma_0/inst/pcie3_ip_i/inst/user_lnk_up_reg/C                                                                                                                                                                                  u_pcie/u_pcie_fdma_aurora_brg_adapter/U_RTDS_RX_BLOCK_WRITER/active_transfer_reg[5]/CE
 23  CDC-1   Critical  1-bit unknown CDC circuitry                                  0  None        u_pcie/design_1_wrapper_inst/design_1_i/xdma_0/inst/pcie3_ip_i/inst/user_lnk_up_reg/C                                                                                                                                                                                  u_pcie/u_pcie_fdma_aurora_brg_adapter/U_RTDS_RX_BLOCK_WRITER/active_transfer_reg[6]/CE
 24  CDC-1   Critical  1-bit unknown CDC circuitry                                  0  None        u_pcie/design_1_wrapper_inst/design_1_i/xdma_0/inst/pcie3_ip_i/inst/user_lnk_up_reg/C                                                                                                                                                                                  u_pcie/u_pcie_fdma_aurora_brg_adapter/U_RTDS_RX_BLOCK_WRITER/active_transfer_reg[7]/CE
 25  CDC-1   Critical  1-bit unknown CDC circuitry                                  0  None        u_pcie/design_1_wrapper_inst/design_1_i/xdma_0/inst/pcie3_ip_i/inst/user_lnk_up_reg/C                                                                                                                                                                                  u_pcie/u_pcie_fdma_aurora_brg_adapter/U_RTDS_RX_BLOCK_WRITER/active_transfer_reg[8]/CE
 26  CDC-1   Critical  1-bit unknown CDC circuitry                                  0  None        u_pcie/design_1_wrapper_inst/design_1_i/xdma_0/inst/pcie3_ip_i/inst/user_lnk_up_reg/C                                                                                                                                                                                  u_pcie/u_pcie_fdma_aurora_brg_adapter/U_RTDS_RX_BLOCK_WRITER/active_transfer_reg[9]/CE
 27  CDC-1   Critical  1-bit unknown CDC circuitry                                  0  None        u_pcie/design_1_wrapper_inst/design_1_i/xdma_0/inst/pcie3_ip_i/inst/user_lnk_up_reg/C                                                                                                                                                                                  u_pcie/u_pcie_fdma_aurora_brg_adapter/U_RTDS_RX_BLOCK_WRITER/active_transfer_reg[10]/CE
 28  CDC-1   Critical  1-bit unknown CDC circuitry                                  0  None        u_pcie/design_1_wrapper_inst/design_1_i/xdma_0/inst/pcie3_ip_i/inst/user_lnk_up_reg/C                                                                                                                                                                                  u_pcie/u_pcie_fdma_aurora_brg_adapter/U_RTDS_RX_BLOCK_WRITER/active_transfer_reg[11]/CE
 29  CDC-1   Critical  1-bit unknown CDC circuitry                                  0  None        u_pcie/design_1_wrapper_inst/design_1_i/xdma_0/inst/pcie3_ip_i/inst/user_lnk_up_reg/C                                                                                                                                                                                  u_pcie/u_pcie_fdma_aurora_brg_adapter/U_RTDS_RX_BLOCK_WRITER/active_transfer_reg[12]/CE
 30  CDC-1   Critical  1-bit unknown CDC circuitry                                  0  None        u_pcie/design_1_wrapper_inst/design_1_i/xdma_0/inst/pcie3_ip_i/inst/user_lnk_up_reg/C                                                                                                                                                                                  u_pcie/u_pcie_fdma_aurora_brg_adapter/U_RTDS_RX_BLOCK_WRITER/active_transfer_reg[13]/CE
 31  CDC-1   Critical  1-bit unknown CDC circuitry                                  0  None        u_pcie/design_1_wrapper_inst/design_1_i/xdma_0/inst/pcie3_ip_i/inst/user_lnk_up_reg/C                                                                                                                                                                                  u_pcie/u_pcie_fdma_aurora_brg_adapter/U_RTDS_RX_BLOCK_WRITER/active_transfer_reg[14]/CE
 32  CDC-1   Critical  1-bit unknown CDC circuitry                                  0  None        u_pcie/design_1_wrapper_inst/design_1_i/xdma_0/inst/pcie3_ip_i/inst/user_lnk_up_reg/C                                                                                                                                                                                  u_pcie/u_pcie_fdma_aurora_brg_adapter/U_RTDS_RX_BLOCK_WRITER/active_transfer_reg[15]/CE
 33  CDC-1   Critical  1-bit unknown CDC circuitry                                  0  None        u_pcie/design_1_wrapper_inst/design_1_i/xdma_0/inst/pcie3_ip_i/inst/user_lnk_up_reg/C                                                                                                                                                                                  u_pcie/u_pcie_fdma_aurora_brg_adapter/U_RTDS_RX_BLOCK_WRITER/active_transfer_reg[16]/CE
 34  CDC-1   Critical  1-bit unknown CDC circuitry                                  0  None        u_pcie/design_1_wrapper_inst/design_1_i/xdma_0/inst/pcie3_ip_i/inst/user_lnk_up_reg/C                                                                                                                                                                                  u_pcie/u_pcie_fdma_aurora_brg_adapter/U_RTDS_RX_BLOCK_WRITER/active_transfer_reg[17]/CE
 35  CDC-1   Critical  1-bit unknown CDC circuitry                                  0  None        u_pcie/design_1_wrapper_inst/design_1_i/xdma_0/inst/pcie3_ip_i/inst/user_lnk_up_reg/C                                                                                                                                                                                  u_pcie/u_pcie_fdma_aurora_brg_adapter/U_RTDS_RX_BLOCK_WRITER/active_transfer_reg[18]/CE
 36  CDC-1   Critical  1-bit unknown CDC circuitry                                  0  None        u_pcie/design_1_wrapper_inst/design_1_i/xdma_0/inst/pcie3_ip_i/inst/user_lnk_up_reg/C                                                                                                                                                                                  u_pcie/u_pcie_fdma_aurora_brg_adapter/U_RTDS_RX_BLOCK_WRITER/active_transfer_reg[19]/CE
 37  CDC-1   Critical  1-bit unknown CDC circuitry                                  0  None        u_pcie/design_1_wrapper_inst/design_1_i/xdma_0/inst/pcie3_ip_i/inst/user_lnk_up_reg/C                                                                                                                                                                                  u_pcie/u_pcie_fdma_aurora_brg_adapter/U_RTDS_RX_BLOCK_WRITER/active_transfer_reg[20]/CE
 38  CDC-1   Critical  1-bit unknown CDC circuitry                                  0  None        u_pcie/design_1_wrapper_inst/design_1_i/xdma_0/inst/pcie3_ip_i/inst/user_lnk_up_reg/C                                                                                                                                                                                  u_pcie/u_pcie_fdma_aurora_brg_adapter/U_RTDS_RX_BLOCK_WRITER/active_transfer_reg[21]/CE
 39  CDC-1   Critical  1-bit unknown CDC circuitry                                  0  None        u_pcie/design_1_wrapper_inst/design_1_i/xdma_0/inst/pcie3_ip_i/inst/user_lnk_up_reg/C                                                                                                                                                                                  u_pcie/u_pcie_fdma_aurora_brg_adapter/U_RTDS_RX_BLOCK_WRITER/active_transfer_reg[22]/CE
 40  CDC-1   Critical  1-bit unknown CDC circuitry                                  0  None        u_pcie/design_1_wrapper_inst/design_1_i/xdma_0/inst/pcie3_ip_i/inst/user_lnk_up_reg/C                                                                                                                                                                                  u_pcie/u_pcie_fdma_aurora_brg_adapter/U_RTDS_RX_BLOCK_WRITER/active_transfer_reg[23]/CE
 41  CDC-1   Critical  1-bit unknown CDC circuitry                                  0  None        u_pcie/design_1_wrapper_inst/design_1_i/xdma_0/inst/pcie3_ip_i/inst/user_lnk_up_reg/C                                                                                                                                                                                  u_pcie/u_pcie_fdma_aurora_brg_adapter/U_RTDS_RX_BLOCK_WRITER/active_transfer_reg[24]/CE
 42  CDC-1   Critical  1-bit unknown CDC circuitry                                  0  None        u_pcie/design_1_wrapper_inst/design_1_i/xdma_0/inst/pcie3_ip_i/inst/user_lnk_up_reg/C                                                                                                                                                                                  u_pcie/u_pcie_fdma_aurora_brg_adapter/U_RTDS_RX_BLOCK_WRITER/active_transfer_reg[25]/CE
 43  CDC-1   Critical  1-bit unknown CDC circuitry                                  0  None        u_pcie/design_1_wrapper_inst/design_1_i/xdma_0/inst/pcie3_ip_i/inst/user_lnk_up_reg/C                                                                                                                                                                                  u_pcie/u_pcie_fdma_aurora_brg_adapter/U_RTDS_RX_BLOCK_WRITER/active_transfer_reg[26]/CE
 44  CDC-1   Critical  1-bit unknown CDC circuitry                                  0  None        u_pcie/design_1_wrapper_inst/design_1_i/xdma_0/inst/pcie3_ip_i/inst/user_lnk_up_reg/C                                                                                                                                                                                  u_pcie/u_pcie_fdma_aurora_brg_adapter/U_RTDS_RX_BLOCK_WRITER/active_transfer_reg[27]/CE
 45  CDC-1   Critical  1-bit unknown CDC circuitry                                  0  None        u_pcie/design_1_wrapper_inst/design_1_i/xdma_0/inst/pcie3_ip_i/inst/user_lnk_up_reg/C                                                                                                                                                                                  u_pcie/u_pcie_fdma_aurora_brg_adapter/U_RTDS_RX_BLOCK_WRITER/active_transfer_reg[28]/CE
 46  CDC-1   Critical  1-bit unknown CDC circuitry                                  0  None        u_pcie/design_1_wrapper_inst/design_1_i/xdma_0/inst/pcie3_ip_i/inst/user_lnk_up_reg/C                                                                                                                                                                                  u_pcie/u_pcie_fdma_aurora_brg_adapter/U_RTDS_RX_BLOCK_WRITER/active_transfer_reg[29]/CE
 47  CDC-1   Critical  1-bit unknown CDC circuitry                                  0  None        u_pcie/design_1_wrapper_inst/design_1_i/xdma_0/inst/pcie3_ip_i/inst/user_lnk_up_reg/C                                                                                                                                                                                  u_pcie/u_pcie_fdma_aurora_brg_adapter/U_RTDS_RX_BLOCK_WRITER/active_transfer_reg[30]/CE
 48  CDC-1   Critical  1-bit unknown CDC circuitry                                  0  None        u_pcie/design_1_wrapper_inst/design_1_i/xdma_0/inst/pcie3_ip_i/inst/user_lnk_up_reg/C                                                                                                                                                                                  u_pcie/u_pcie_fdma_aurora_brg_adapter/U_RTDS_RX_BLOCK_WRITER/active_transfer_reg[31]/CE
 49  CDC-1   Critical  1-bit unknown CDC circuitry                                  0  None        u_pcie/design_1_wrapper_inst/design_1_i/xdma_0/inst/pcie3_ip_i/inst/user_lnk_up_reg/C                                                                                                                                                                                  u_pcie/u_pcie_fdma_aurora_brg_adapter/U_RTDS_RX_BLOCK_WRITER/active_transfer_reg[32]/CE
 50  CDC-15  Warning   Clock enable controlled CDC structure detected               0  None        u_pcie/design_1_wrapper_inst/design_1_i/xdma_0/inst/pcie3_ip_i/inst/user_lnk_up_reg/C                                                                                                                                                                                  u_pcie/u_pcie_fdma_aurora_brg_adapter/U_RTDS_RX_BLOCK_WRITER/active_transfer_reg[32]/D
 51  CDC-1   Critical  1-bit unknown CDC circuitry                                  0  None        u_pcie/design_1_wrapper_inst/design_1_i/xdma_0/inst/pcie3_ip_i/inst/user_lnk_up_reg/C                                                                                                                                                                                  u_pcie/u_pcie_fdma_aurora_brg_adapter/U_RTDS_RX_BLOCK_WRITER/active_transfer_reg[33]/CE
 52  CDC-15  Warning   Clock enable controlled CDC structure detected               0  None        u_pcie/design_1_wrapper_inst/design_1_i/xdma_0/inst/pcie3_ip_i/inst/user_lnk_up_reg/C                                                                                                                                                                                  u_pcie/u_pcie_fdma_aurora_brg_adapter/U_RTDS_RX_BLOCK_WRITER/active_transfer_reg[33]/D
 53  CDC-1   Critical  1-bit unknown CDC circuitry                                  0  None        u_pcie/design_1_wrapper_inst/design_1_i/xdma_0/inst/pcie3_ip_i/inst/user_lnk_up_reg/C                                                                                                                                                                                  u_pcie/u_pcie_fdma_aurora_brg_adapter/U_RTDS_RX_BLOCK_WRITER/active_transfer_reg[34]/CE
 54  CDC-15  Warning   Clock enable controlled CDC structure detected               0  None        u_pcie/design_1_wrapper_inst/design_1_i/xdma_0/inst/pcie3_ip_i/inst/user_lnk_up_reg/C                                                                                                                                                                                  u_pcie/u_pcie_fdma_aurora_brg_adapter/U_RTDS_RX_BLOCK_WRITER/active_transfer_reg[34]/D
 55  CDC-1   Critical  1-bit unknown CDC circuitry                                  0  None        u_pcie/design_1_wrapper_inst/design_1_i/xdma_0/inst/pcie3_ip_i/inst/user_lnk_up_reg/C                                                                                                                                                                                  u_pcie/u_pcie_fdma_aurora_brg_adapter/U_RTDS_RX_BLOCK_WRITER/active_transfer_reg[35]/CE
 56  CDC-15  Warning   Clock enable controlled CDC structure detected               0  None        u_pcie/design_1_wrapper_inst/design_1_i/xdma_0/inst/pcie3_ip_i/inst/user_lnk_up_reg/C                                                                                                                                                                                  u_pcie/u_pcie_fdma_aurora_brg_adapter/U_RTDS_RX_BLOCK_WRITER/active_transfer_reg[35]/D
 57  CDC-1   Critical  1-bit unknown CDC circuitry                                  0  None        u_pcie/design_1_wrapper_inst/design_1_i/xdma_0/inst/pcie3_ip_i/inst/user_lnk_up_reg/C                                                                                                                                                                                  u_pcie/u_pcie_fdma_aurora_brg_adapter/U_RTDS_RX_BLOCK_WRITER/active_transfer_reg[36]/CE
 58  CDC-15  Warning   Clock enable controlled CDC structure detected               0  None        u_pcie/design_1_wrapper_inst/design_1_i/xdma_0/inst/pcie3_ip_i/inst/user_lnk_up_reg/C                                                                                                                                                                                  u_pcie/u_pcie_fdma_aurora_brg_adapter/U_RTDS_RX_BLOCK_WRITER/active_transfer_reg[36]/D
 59  CDC-1   Critical  1-bit unknown CDC circuitry                                  0  None        u_pcie/design_1_wrapper_inst/design_1_i/xdma_0/inst/pcie3_ip_i/inst/user_lnk_up_reg/C                                                                                                                                                                                  u_pcie/u_pcie_fdma_aurora_brg_adapter/U_RTDS_RX_BLOCK_WRITER/active_transfer_reg[37]/CE
 60  CDC-15  Warning   Clock enable controlled CDC structure detected               0  None        u_pcie/design_1_wrapper_inst/design_1_i/xdma_0/inst/pcie3_ip_i/inst/user_lnk_up_reg/C                                                                                                                                                                                  u_pcie/u_pcie_fdma_aurora_brg_adapter/U_RTDS_RX_BLOCK_WRITER/active_transfer_reg[37]/D
 61  CDC-1   Critical  1-bit unknown CDC circuitry                                  0  None        u_pcie/design_1_wrapper_inst/design_1_i/xdma_0/inst/pcie3_ip_i/inst/user_lnk_up_reg/C                                                                                                                                                                                  u_pcie/u_pcie_fdma_aurora_brg_adapter/U_RTDS_RX_BLOCK_WRITER/active_transfer_reg[38]/CE
 62  CDC-15  Warning   Clock enable controlled CDC structure detected               0  None        u_pcie/design_1_wrapper_inst/design_1_i/xdma_0/inst/pcie3_ip_i/inst/user_lnk_up_reg/C                                                                                                                                                                                  u_pcie/u_pcie_fdma_aurora_brg_adapter/U_RTDS_RX_BLOCK_WRITER/active_transfer_reg[38]/D
 63  CDC-1   Critical  1-bit unknown CDC circuitry                                  0  None        u_pcie/design_1_wrapper_inst/design_1_i/xdma_0/inst/pcie3_ip_i/inst/user_lnk_up_reg/C                                                                                                                                                                                  u_pcie/u_pcie_fdma_aurora_brg_adapter/U_RTDS_RX_BLOCK_WRITER/active_transfer_reg[39]/CE
 64  CDC-15  Warning   Clock enable controlled CDC structure detected               0  None        u_pcie/design_1_wrapper_inst/design_1_i/xdma_0/inst/pcie3_ip_i/inst/user_lnk_up_reg/C                                                                                                                                                                                  u_pcie/u_pcie_fdma_aurora_brg_adapter/U_RTDS_RX_BLOCK_WRITER/active_transfer_reg[39]/D
 65  CDC-1   Critical  1-bit unknown CDC circuitry                                  0  None        u_pcie/design_1_wrapper_inst/design_1_i/xdma_0/inst/pcie3_ip_i/inst/user_lnk_up_reg/C                                                                                                                                                                                  u_pcie/u_pcie_fdma_aurora_brg_adapter/U_RTDS_RX_BLOCK_WRITER/active_transfer_reg[40]/CE
 66  CDC-15  Warning   Clock enable controlled CDC structure detected               0  None        u_pcie/design_1_wrapper_inst/design_1_i/xdma_0/inst/pcie3_ip_i/inst/user_lnk_up_reg/C                                                                                                                                                                                  u_pcie/u_pcie_fdma_aurora_brg_adapter/U_RTDS_RX_BLOCK_WRITER/active_transfer_reg[40]/D
 67  CDC-1   Critical  1-bit unknown CDC circuitry                                  0  None        u_pcie/design_1_wrapper_inst/design_1_i/xdma_0/inst/pcie3_ip_i/inst/user_lnk_up_reg/C                                                                                                                                                                                  u_pcie/u_pcie_fdma_aurora_brg_adapter/U_RTDS_RX_BLOCK_WRITER/active_transfer_reg[41]/CE
 68  CDC-15  Warning   Clock enable controlled CDC structure detected               0  None        u_pcie/design_1_wrapper_inst/design_1_i/xdma_0/inst/pcie3_ip_i/inst/user_lnk_up_reg/C                                                                                                                                                                                  u_pcie/u_pcie_fdma_aurora_brg_adapter/U_RTDS_RX_BLOCK_WRITER/active_transfer_reg[41]/D
 69  CDC-1   Critical  1-bit unknown CDC circuitry                                  0  None        u_pcie/design_1_wrapper_inst/design_1_i/xdma_0/inst/pcie3_ip_i/inst/user_lnk_up_reg/C                                                                                                                                                                                  u_pcie/u_pcie_fdma_aurora_brg_adapter/U_RTDS_RX_BLOCK_WRITER/active_transfer_reg[42]/CE
 70  CDC-15  Warning   Clock enable controlled CDC structure detected               0  None        u_pcie/design_1_wrapper_inst/design_1_i/xdma_0/inst/pcie3_ip_i/inst/user_lnk_up_reg/C                                                                                                                                                                                  u_pcie/u_pcie_fdma_aurora_brg_adapter/U_RTDS_RX_BLOCK_WRITER/active_transfer_reg[42]/D
 71  CDC-1   Critical  1-bit unknown CDC circuitry                                  0  None        u_pcie/design_1_wrapper_inst/design_1_i/xdma_0/inst/pcie3_ip_i/inst/user_lnk_up_reg/C                                                                                                                                                                                  u_pcie/u_pcie_fdma_aurora_brg_adapter/U_RTDS_RX_BLOCK_WRITER/active_transfer_reg[43]/CE
 72  CDC-15  Warning   Clock enable controlled CDC structure detected               0  None        u_pcie/design_1_wrapper_inst/design_1_i/xdma_0/inst/pcie3_ip_i/inst/user_lnk_up_reg/C                                                                                                                                                                                  u_pcie/u_pcie_fdma_aurora_brg_adapter/U_RTDS_RX_BLOCK_WRITER/active_transfer_reg[43]/D
 73  CDC-1   Critical  1-bit unknown CDC circuitry                                  0  None        u_pcie/design_1_wrapper_inst/design_1_i/xdma_0/inst/pcie3_ip_i/inst/user_lnk_up_reg/C                                                                                                                                                                                  u_pcie/u_pcie_fdma_aurora_brg_adapter/U_RTDS_RX_BLOCK_WRITER/active_transfer_reg[44]/CE
 74  CDC-15  Warning   Clock enable controlled CDC structure detected               0  None        u_pcie/design_1_wrapper_inst/design_1_i/xdma_0/inst/pcie3_ip_i/inst/user_lnk_up_reg/C                                                                                                                                                                                  u_pcie/u_pcie_fdma_aurora_brg_adapter/U_RTDS_RX_BLOCK_WRITER/active_transfer_reg[44]/D
 75  CDC-1   Critical  1-bit unknown CDC circuitry                                  0  None        u_pcie/design_1_wrapper_inst/design_1_i/xdma_0/inst/pcie3_ip_i/inst/user_lnk_up_reg/C                                                                                                                                                                                  u_pcie/u_pcie_fdma_aurora_brg_adapter/U_RTDS_RX_BLOCK_WRITER/active_transfer_reg[45]/CE
 76  CDC-15  Warning   Clock enable controlled CDC structure detected               0  None        u_pcie/design_1_wrapper_inst/design_1_i/xdma_0/inst/pcie3_ip_i/inst/user_lnk_up_reg/C                                                                                                                                                                                  u_pcie/u_pcie_fdma_aurora_brg_adapter/U_RTDS_RX_BLOCK_WRITER/active_transfer_reg[45]/D
 77  CDC-1   Critical  1-bit unknown CDC circuitry                                  0  None        u_pcie/design_1_wrapper_inst/design_1_i/xdma_0/inst/pcie3_ip_i/inst/user_lnk_up_reg/C                                                                                                                                                                                  u_pcie/u_pcie_fdma_aurora_brg_adapter/U_RTDS_RX_BLOCK_WRITER/active_transfer_reg[46]/CE
 78  CDC-15  Warning   Clock enable controlled CDC structure detected               0  None        u_pcie/design_1_wrapper_inst/design_1_i/xdma_0/inst/pcie3_ip_i/inst/user_lnk_up_reg/C                                                                                                                                                                                  u_pcie/u_pcie_fdma_aurora_brg_adapter/U_RTDS_RX_BLOCK_WRITER/active_transfer_reg[46]/D
 79  CDC-1   Critical  1-bit unknown CDC circuitry                                  0  None        u_pcie/design_1_wrapper_inst/design_1_i/xdma_0/inst/pcie3_ip_i/inst/user_lnk_up_reg/C                                                                                                                                                                                  u_pcie/u_pcie_fdma_aurora_brg_adapter/U_RTDS_RX_BLOCK_WRITER/active_transfer_reg[47]/CE
 80  CDC-15  Warning   Clock enable controlled CDC structure detected               0  None        u_pcie/design_1_wrapper_inst/design_1_i/xdma_0/inst/pcie3_ip_i/inst/user_lnk_up_reg/C                                                                                                                                                                                  u_pcie/u_pcie_fdma_aurora_brg_adapter/U_RTDS_RX_BLOCK_WRITER/active_transfer_reg[47]/D
 81  CDC-1   Critical  1-bit unknown CDC circuitry                                  0  None        u_pcie/design_1_wrapper_inst/design_1_i/xdma_0/inst/pcie3_ip_i/inst/user_lnk_up_reg/C                                                                                                                                                                                  u_pcie/u_pcie_fdma_aurora_brg_adapter/U_RTDS_RX_BLOCK_WRITER/active_transfer_reg[48]/CE
 82  CDC-15  Warning   Clock enable controlled CDC structure detected               0  None        u_pcie/design_1_wrapper_inst/design_1_i/xdma_0/inst/pcie3_ip_i/inst/user_lnk_up_reg/C                                                                                                                                                                                  u_pcie/u_pcie_fdma_aurora_brg_adapter/U_RTDS_RX_BLOCK_WRITER/active_transfer_reg[48]/D
 83  CDC-1   Critical  1-bit unknown CDC circuitry                                  0  None        u_pcie/design_1_wrapper_inst/design_1_i/xdma_0/inst/pcie3_ip_i/inst/user_lnk_up_reg/C                                                                                                                                                                                  u_pcie/u_pcie_fdma_aurora_brg_adapter/U_RTDS_RX_BLOCK_WRITER/active_transfer_reg[49]/CE
 84  CDC-15  Warning   Clock enable controlled CDC structure detected               0  None        u_pcie/design_1_wrapper_inst/design_1_i/xdma_0/inst/pcie3_ip_i/inst/user_lnk_up_reg/C                                                                                                                                                                                  u_pcie/u_pcie_fdma_aurora_brg_adapter/U_RTDS_RX_BLOCK_WRITER/active_transfer_reg[49]/D
 85  CDC-1   Critical  1-bit unknown CDC circuitry                                  0  None        u_pcie/design_1_wrapper_inst/design_1_i/xdma_0/inst/pcie3_ip_i/inst/user_lnk_up_reg/C                                                                                                                                                                                  u_pcie/u_pcie_fdma_aurora_brg_adapter/U_RTDS_RX_BLOCK_WRITER/active_transfer_reg[50]/CE
 86  CDC-15  Warning   Clock enable controlled CDC structure detected               0  None        u_pcie/design_1_wrapper_inst/design_1_i/xdma_0/inst/pcie3_ip_i/inst/user_lnk_up_reg/C                                                                                                                                                                                  u_pcie/u_pcie_fdma_aurora_brg_adapter/U_RTDS_RX_BLOCK_WRITER/active_transfer_reg[50]/D
 87  CDC-1   Critical  1-bit unknown CDC circuitry                                  0  None        u_pcie/design_1_wrapper_inst/design_1_i/xdma_0/inst/pcie3_ip_i/inst/user_lnk_up_reg/C                                                                                                                                                                                  u_pcie/u_pcie_fdma_aurora_brg_adapter/U_RTDS_RX_BLOCK_WRITER/active_transfer_reg[51]/CE
 88  CDC-15  Warning   Clock enable controlled CDC structure detected               0  None        u_pcie/design_1_wrapper_inst/design_1_i/xdma_0/inst/pcie3_ip_i/inst/user_lnk_up_reg/C                                                                                                                                                                                  u_pcie/u_pcie_fdma_aurora_brg_adapter/U_RTDS_RX_BLOCK_WRITER/active_transfer_reg[51]/D
 89  CDC-1   Critical  1-bit unknown CDC circuitry                                  0  None        u_pcie/design_1_wrapper_inst/design_1_i/xdma_0/inst/pcie3_ip_i/inst/user_lnk_up_reg/C                                                                                                                                                                                  u_pcie/u_pcie_fdma_aurora_brg_adapter/U_RTDS_RX_BLOCK_WRITER/active_transfer_reg[52]/CE
 90  CDC-15  Warning   Clock enable controlled CDC structure detected               0  None        u_pcie/design_1_wrapper_inst/design_1_i/xdma_0/inst/pcie3_ip_i/inst/user_lnk_up_reg/C                                                                                                                                                                                  u_pcie/u_pcie_fdma_aurora_brg_adapter/U_RTDS_RX_BLOCK_WRITER/active_transfer_reg[52]/D
 91  CDC-1   Critical  1-bit unknown CDC circuitry                                  0  None        u_pcie/design_1_wrapper_inst/design_1_i/xdma_0/inst/pcie3_ip_i/inst/user_lnk_up_reg/C                                                                                                                                                                                  u_pcie/u_pcie_fdma_aurora_brg_adapter/U_RTDS_RX_BLOCK_WRITER/active_transfer_reg[53]/CE
 92  CDC-15  Warning   Clock enable controlled CDC structure detected               0  None        u_pcie/design_1_wrapper_inst/design_1_i/xdma_0/inst/pcie3_ip_i/inst/user_lnk_up_reg/C                                                                                                                                                                                  u_pcie/u_pcie_fdma_aurora_brg_adapter/U_RTDS_RX_BLOCK_WRITER/active_transfer_reg[53]/D
 93  CDC-1   Critical  1-bit unknown CDC circuitry                                  0  None        u_pcie/design_1_wrapper_inst/design_1_i/xdma_0/inst/pcie3_ip_i/inst/user_lnk_up_reg/C                                                                                                                                                                                  u_pcie/u_pcie_fdma_aurora_brg_adapter/U_RTDS_RX_BLOCK_WRITER/active_transfer_reg[54]/CE
 94  CDC-15  Warning   Clock enable controlled CDC structure detected               0  None        u_pcie/design_1_wrapper_inst/design_1_i/xdma_0/inst/pcie3_ip_i/inst/user_lnk_up_reg/C                                                                                                                                                                                  u_pcie/u_pcie_fdma_aurora_brg_adapter/U_RTDS_RX_BLOCK_WRITER/active_transfer_reg[54]/D
 95  CDC-1   Critical  1-bit unknown CDC circuitry                                  0  None        u_pcie/design_1_wrapper_inst/design_1_i/xdma_0/inst/pcie3_ip_i/inst/user_lnk_up_reg/C                                                                                                                                                                                  u_pcie/u_pcie_fdma_aurora_brg_adapter/U_RTDS_RX_BLOCK_WRITER/active_transfer_reg[55]/CE
 96  CDC-15  Warning   Clock enable controlled CDC structure detected               0  None        u_pcie/design_1_wrapper_inst/design_1_i/xdma_0/inst/pcie3_ip_i/inst/user_lnk_up_reg/C                                                                                                                                                                                  u_pcie/u_pcie_fdma_aurora_brg_adapter/U_RTDS_RX_BLOCK_WRITER/active_transfer_reg[55]/D
 97  CDC-1   Critical  1-bit unknown CDC circuitry                                  0  None        u_pcie/design_1_wrapper_inst/design_1_i/xdma_0/inst/pcie3_ip_i/inst/user_lnk_up_reg/C                                                                                                                                                                                  u_pcie/u_pcie_fdma_aurora_brg_adapter/U_RTDS_RX_BLOCK_WRITER/active_transfer_reg[56]/CE
 98  CDC-15  Warning   Clock enable controlled CDC structure detected               0  None        u_pcie/design_1_wrapper_inst/design_1_i/xdma_0/inst/pcie3_ip_i/inst/user_lnk_up_reg/C                                                                                                                                                                                  u_pcie/u_pcie_fdma_aurora_brg_adapter/U_RTDS_RX_BLOCK_WRITER/active_transfer_reg[56]/D
 99  CDC-1   Critical  1-bit unknown CDC circuitry                                  0  None        u_pcie/design_1_wrapper_inst/design_1_i/xdma_0/inst/pcie3_ip_i/inst/user_lnk_up_reg/C                                                                                                                                                                                  u_pcie/u_pcie_fdma_aurora_brg_adapter/U_RTDS_RX_BLOCK_WRITER/active_transfer_reg[57]/CE
100  CDC-15  Warning   Clock enable controlled CDC structure detected               0  None        u_pcie/design_1_wrapper_inst/design_1_i/xdma_0/inst/pcie3_ip_i/inst/user_lnk_up_reg/C                                                                                                                                                                                  u_pcie/u_pcie_fdma_aurora_brg_adapter/U_RTDS_RX_BLOCK_WRITER/active_transfer_reg[57]/D
101  CDC-1   Critical  1-bit unknown CDC circuitry                                  0  None        u_pcie/design_1_wrapper_inst/design_1_i/xdma_0/inst/pcie3_ip_i/inst/user_lnk_up_reg/C                                                                                                                                                                                  u_pcie/u_pcie_fdma_aurora_brg_adapter/U_RTDS_RX_BLOCK_WRITER/active_transfer_reg[58]/CE
102  CDC-15  Warning   Clock enable controlled CDC structure detected               0  None        u_pcie/design_1_wrapper_inst/design_1_i/xdma_0/inst/pcie3_ip_i/inst/user_lnk_up_reg/C                                                                                                                                                                                  u_pcie/u_pcie_fdma_aurora_brg_adapter/U_RTDS_RX_BLOCK_WRITER/active_transfer_reg[58]/D
103  CDC-1   Critical  1-bit unknown CDC circuitry                                  0  None        u_pcie/design_1_wrapper_inst/design_1_i/xdma_0/inst/pcie3_ip_i/inst/user_lnk_up_reg/C                                                                                                                                                                                  u_pcie/u_pcie_fdma_aurora_brg_adapter/U_RTDS_RX_BLOCK_WRITER/active_transfer_reg[59]/CE
104  CDC-15  Warning   Clock enable controlled CDC structure detected               0  None        u_pcie/design_1_wrapper_inst/design_1_i/xdma_0/inst/pcie3_ip_i/inst/user_lnk_up_reg/C                                                                                                                                                                                  u_pcie/u_pcie_fdma_aurora_brg_adapter/U_RTDS_RX_BLOCK_WRITER/active_transfer_reg[59]/D
105  CDC-1   Critical  1-bit unknown CDC circuitry                                  0  None        u_pcie/design_1_wrapper_inst/design_1_i/xdma_0/inst/pcie3_ip_i/inst/user_lnk_up_reg/C                                                                                                                                                                                  u_pcie/u_pcie_fdma_aurora_brg_adapter/U_RTDS_RX_BLOCK_WRITER/active_transfer_reg[60]/CE
106  CDC-15  Warning   Clock enable controlled CDC structure detected               0  None        u_pcie/design_1_wrapper_inst/design_1_i/xdma_0/inst/pcie3_ip_i/inst/user_lnk_up_reg/C                                                                                                                                                                                  u_pcie/u_pcie_fdma_aurora_brg_adapter/U_RTDS_RX_BLOCK_WRITER/active_transfer_reg[60]/D
107  CDC-1   Critical  1-bit unknown CDC circuitry                                  0  None        u_pcie/design_1_wrapper_inst/design_1_i/xdma_0/inst/pcie3_ip_i/inst/user_lnk_up_reg/C                                                                                                                                                                                  u_pcie/u_pcie_fdma_aurora_brg_adapter/U_RTDS_RX_BLOCK_WRITER/active_transfer_reg[61]/CE
108  CDC-15  Warning   Clock enable controlled CDC structure detected               0  None        u_pcie/design_1_wrapper_inst/design_1_i/xdma_0/inst/pcie3_ip_i/inst/user_lnk_up_reg/C                                                                                                                                                                                  u_pcie/u_pcie_fdma_aurora_brg_adapter/U_RTDS_RX_BLOCK_WRITER/active_transfer_reg[61]/D
109  CDC-1   Critical  1-bit unknown CDC circuitry                                  0  None        u_pcie/design_1_wrapper_inst/design_1_i/xdma_0/inst/pcie3_ip_i/inst/user_lnk_up_reg/C                                                                                                                                                                                  u_pcie/u_pcie_fdma_aurora_brg_adapter/U_RTDS_RX_BLOCK_WRITER/active_transfer_reg[62]/CE
110  CDC-15  Warning   Clock enable controlled CDC structure detected               0  None        u_pcie/design_1_wrapper_inst/design_1_i/xdma_0/inst/pcie3_ip_i/inst/user_lnk_up_reg/C                                                                                                                                                                                  u_pcie/u_pcie_fdma_aurora_brg_adapter/U_RTDS_RX_BLOCK_WRITER/active_transfer_reg[62]/D
111  CDC-1   Critical  1-bit unknown CDC circuitry                                  0  None        u_pcie/design_1_wrapper_inst/design_1_i/xdma_0/inst/pcie3_ip_i/inst/user_lnk_up_reg/C                                                                                                                                                                                  u_pcie/u_pcie_fdma_aurora_brg_adapter/U_RTDS_RX_BLOCK_WRITER/active_transfer_reg[63]/CE
112  CDC-15  Warning   Clock enable controlled CDC structure detected               0  None        u_pcie/design_1_wrapper_inst/design_1_i/xdma_0/inst/pcie3_ip_i/inst/user_lnk_up_reg/C                                                                                                                                                                                  u_pcie/u_pcie_fdma_aurora_brg_adapter/U_RTDS_RX_BLOCK_WRITER/active_transfer_reg[63]/D
113  CDC-1   Critical  1-bit unknown CDC circuitry                                  0  None        u_pcie/design_1_wrapper_inst/design_1_i/xdma_0/inst/pcie3_ip_i/inst/user_lnk_up_reg/C                                                                                                                                                                                  u_pcie/u_pcie_fdma_aurora_brg_adapter/U_RTDS_RX_BLOCK_WRITER/active_transfer_reg[67]/CE
114  CDC-1   Critical  1-bit unknown CDC circuitry                                  0  None        u_pcie/design_1_wrapper_inst/design_1_i/xdma_0/inst/pcie3_ip_i/inst/user_lnk_up_reg/C                                                                                                                                                                                  u_pcie/u_pcie_fdma_aurora_brg_adapter/U_RTDS_RX_BLOCK_WRITER/active_transfer_reg[74]/CE
115  CDC-15  Warning   Clock enable controlled CDC structure detected               0  None        u_pcie/design_1_wrapper_inst/design_1_i/xdma_0/inst/pcie3_ip_i/inst/user_lnk_up_reg/C                                                                                                                                                                                  u_pcie/u_pcie_fdma_aurora_brg_adapter/U_RTDS_RX_BLOCK_WRITER/active_transfer_reg[74]/D
116  CDC-1   Critical  1-bit unknown CDC circuitry                                  0  None        u_pcie/design_1_wrapper_inst/design_1_i/xdma_0/inst/pcie3_ip_i/inst/user_lnk_up_reg/C                                                                                                                                                                                  u_pcie/u_pcie_fdma_aurora_brg_adapter/U_RTDS_RX_BLOCK_WRITER/active_transfer_reg[75]/CE
117  CDC-15  Warning   Clock enable controlled CDC structure detected               0  None        u_pcie/design_1_wrapper_inst/design_1_i/xdma_0/inst/pcie3_ip_i/inst/user_lnk_up_reg/C                                                                                                                                                                                  u_pcie/u_pcie_fdma_aurora_brg_adapter/U_RTDS_RX_BLOCK_WRITER/active_transfer_reg[75]/D
118  CDC-1   Critical  1-bit unknown CDC circuitry                                  0  None        u_pcie/design_1_wrapper_inst/design_1_i/xdma_0/inst/pcie3_ip_i/inst/user_lnk_up_reg/C                                                                                                                                                                                  u_pcie/u_pcie_fdma_aurora_brg_adapter/U_RTDS_RX_BLOCK_WRITER/dropped_frames_reg[0]/D
119  CDC-1   Critical  1-bit unknown CDC circuitry                                  0  None        u_pcie/design_1_wrapper_inst/design_1_i/xdma_0/inst/pcie3_ip_i/inst/user_lnk_up_reg/C                                                                                                                                                                                  u_pcie/u_pcie_fdma_aurora_brg_adapter/U_RTDS_RX_BLOCK_WRITER/dropped_frames_reg[1]/D
120  CDC-1   Critical  1-bit unknown CDC circuitry                                  0  None        u_pcie/design_1_wrapper_inst/design_1_i/xdma_0/inst/pcie3_ip_i/inst/user_lnk_up_reg/C                                                                                                                                                                                  u_pcie/u_pcie_fdma_aurora_brg_adapter/U_RTDS_RX_BLOCK_WRITER/dropped_frames_reg[2]/D
121  CDC-1   Critical  1-bit unknown CDC circuitry                                  0  None        u_pcie/design_1_wrapper_inst/design_1_i/xdma_0/inst/pcie3_ip_i/inst/user_lnk_up_reg/C                                                                                                                                                                                  u_pcie/u_pcie_fdma_aurora_brg_adapter/U_RTDS_RX_BLOCK_WRITER/dropped_frames_reg[3]/D
122  CDC-1   Critical  1-bit unknown CDC circuitry                                  0  None        u_pcie/design_1_wrapper_inst/design_1_i/xdma_0/inst/pcie3_ip_i/inst/user_lnk_up_reg/C                                                                                                                                                                                  u_pcie/u_pcie_fdma_aurora_brg_adapter/U_RTDS_RX_BLOCK_WRITER/dropped_frames_reg[4]/D
123  CDC-1   Critical  1-bit unknown CDC circuitry                                  0  None        u_pcie/design_1_wrapper_inst/design_1_i/xdma_0/inst/pcie3_ip_i/inst/user_lnk_up_reg/C                                                                                                                                                                                  u_pcie/u_pcie_fdma_aurora_brg_adapter/U_RTDS_RX_BLOCK_WRITER/dropped_frames_reg[5]/D
124  CDC-1   Critical  1-bit unknown CDC circuitry                                  0  None        u_pcie/design_1_wrapper_inst/design_1_i/xdma_0/inst/pcie3_ip_i/inst/user_lnk_up_reg/C                                                                                                                                                                                  u_pcie/u_pcie_fdma_aurora_brg_adapter/U_RTDS_RX_BLOCK_WRITER/dropped_frames_reg[6]/D
125  CDC-1   Critical  1-bit unknown CDC circuitry                                  0  None        u_pcie/design_1_wrapper_inst/design_1_i/xdma_0/inst/pcie3_ip_i/inst/user_lnk_up_reg/C                                                                                                                                                                                  u_pcie/u_pcie_fdma_aurora_brg_adapter/U_RTDS_RX_BLOCK_WRITER/dropped_frames_reg[7]/D
126  CDC-1   Critical  1-bit unknown CDC circuitry                                  0  None        u_pcie/design_1_wrapper_inst/design_1_i/xdma_0/inst/pcie3_ip_i/inst/user_lnk_up_reg/C                                                                                                                                                                                  u_pcie/u_pcie_fdma_aurora_brg_adapter/U_RTDS_RX_BLOCK_WRITER/dropped_frames_reg[8]/D
127  CDC-1   Critical  1-bit unknown CDC circuitry                                  0  None        u_pcie/design_1_wrapper_inst/design_1_i/xdma_0/inst/pcie3_ip_i/inst/user_lnk_up_reg/C                                                                                                                                                                                  u_pcie/u_pcie_fdma_aurora_brg_adapter/U_RTDS_RX_BLOCK_WRITER/dropped_frames_reg[9]/D
128  CDC-1   Critical  1-bit unknown CDC circuitry                                  0  None        u_pcie/design_1_wrapper_inst/design_1_i/xdma_0/inst/pcie3_ip_i/inst/user_lnk_up_reg/C                                                                                                                                                                                  u_pcie/u_pcie_fdma_aurora_brg_adapter/U_RTDS_RX_BLOCK_WRITER/dropped_frames_reg[10]/D
129  CDC-1   Critical  1-bit unknown CDC circuitry                                  0  None        u_pcie/design_1_wrapper_inst/design_1_i/xdma_0/inst/pcie3_ip_i/inst/user_lnk_up_reg/C                                                                                                                                                                                  u_pcie/u_pcie_fdma_aurora_brg_adapter/U_RTDS_RX_BLOCK_WRITER/dropped_frames_reg[11]/D
130  CDC-1   Critical  1-bit unknown CDC circuitry                                  0  None        u_pcie/design_1_wrapper_inst/design_1_i/xdma_0/inst/pcie3_ip_i/inst/user_lnk_up_reg/C                                                                                                                                                                                  u_pcie/u_pcie_fdma_aurora_brg_adapter/U_RTDS_RX_BLOCK_WRITER/dropped_frames_reg[12]/D
131  CDC-1   Critical  1-bit unknown CDC circuitry                                  0  None        u_pcie/design_1_wrapper_inst/design_1_i/xdma_0/inst/pcie3_ip_i/inst/user_lnk_up_reg/C                                                                                                                                                                                  u_pcie/u_pcie_fdma_aurora_brg_adapter/U_RTDS_RX_BLOCK_WRITER/dropped_frames_reg[13]/D
132  CDC-1   Critical  1-bit unknown CDC circuitry                                  0  None        u_pcie/design_1_wrapper_inst/design_1_i/xdma_0/inst/pcie3_ip_i/inst/user_lnk_up_reg/C                                                                                                                                                                                  u_pcie/u_pcie_fdma_aurora_brg_adapter/U_RTDS_RX_BLOCK_WRITER/dropped_frames_reg[14]/D
133  CDC-1   Critical  1-bit unknown CDC circuitry                                  0  None        u_pcie/design_1_wrapper_inst/design_1_i/xdma_0/inst/pcie3_ip_i/inst/user_lnk_up_reg/C                                                                                                                                                                                  u_pcie/u_pcie_fdma_aurora_brg_adapter/U_RTDS_RX_BLOCK_WRITER/dropped_frames_reg[15]/D
134  CDC-1   Critical  1-bit unknown CDC circuitry                                  0  None        u_pcie/design_1_wrapper_inst/design_1_i/xdma_0/inst/pcie3_ip_i/inst/user_lnk_up_reg/C                                                                                                                                                                                  u_pcie/u_pcie_fdma_aurora_brg_adapter/U_RTDS_RX_BLOCK_WRITER/dropped_frames_reg[16]/D
135  CDC-1   Critical  1-bit unknown CDC circuitry                                  0  None        u_pcie/design_1_wrapper_inst/design_1_i/xdma_0/inst/pcie3_ip_i/inst/user_lnk_up_reg/C                                                                                                                                                                                  u_pcie/u_pcie_fdma_aurora_brg_adapter/U_RTDS_RX_BLOCK_WRITER/dropped_frames_reg[17]/D
136  CDC-1   Critical  1-bit unknown CDC circuitry                                  0  None        u_pcie/design_1_wrapper_inst/design_1_i/xdma_0/inst/pcie3_ip_i/inst/user_lnk_up_reg/C                                                                                                                                                                                  u_pcie/u_pcie_fdma_aurora_brg_adapter/U_RTDS_RX_BLOCK_WRITER/dropped_frames_reg[18]/D
137  CDC-1   Critical  1-bit unknown CDC circuitry                                  0  None        u_pcie/design_1_wrapper_inst/design_1_i/xdma_0/inst/pcie3_ip_i/inst/user_lnk_up_reg/C                                                                                                                                                                                  u_pcie/u_pcie_fdma_aurora_brg_adapter/U_RTDS_RX_BLOCK_WRITER/dropped_frames_reg[19]/D
138  CDC-1   Critical  1-bit unknown CDC circuitry                                  0  None        u_pcie/design_1_wrapper_inst/design_1_i/xdma_0/inst/pcie3_ip_i/inst/user_lnk_up_reg/C                                                                                                                                                                                  u_pcie/u_pcie_fdma_aurora_brg_adapter/U_RTDS_RX_BLOCK_WRITER/dropped_frames_reg[20]/D
139  CDC-1   Critical  1-bit unknown CDC circuitry                                  0  None        u_pcie/design_1_wrapper_inst/design_1_i/xdma_0/inst/pcie3_ip_i/inst/user_lnk_up_reg/C                                                                                                                                                                                  u_pcie/u_pcie_fdma_aurora_brg_adapter/U_RTDS_RX_BLOCK_WRITER/dropped_frames_reg[21]/D
140  CDC-1   Critical  1-bit unknown CDC circuitry                                  0  None        u_pcie/design_1_wrapper_inst/design_1_i/xdma_0/inst/pcie3_ip_i/inst/user_lnk_up_reg/C                                                                                                                                                                                  u_pcie/u_pcie_fdma_aurora_brg_adapter/U_RTDS_RX_BLOCK_WRITER/dropped_frames_reg[22]/D
141  CDC-1   Critical  1-bit unknown CDC circuitry                                  0  None        u_pcie/design_1_wrapper_inst/design_1_i/xdma_0/inst/pcie3_ip_i/inst/user_lnk_up_reg/C                                                                                                                                                                                  u_pcie/u_pcie_fdma_aurora_brg_adapter/U_RTDS_RX_BLOCK_WRITER/dropped_frames_reg[23]/D
142  CDC-1   Critical  1-bit unknown CDC circuitry                                  0  None        u_pcie/design_1_wrapper_inst/design_1_i/xdma_0/inst/pcie3_ip_i/inst/user_lnk_up_reg/C                                                                                                                                                                                  u_pcie/u_pcie_fdma_aurora_brg_adapter/U_RTDS_RX_BLOCK_WRITER/dropped_frames_reg[24]/D
143  CDC-1   Critical  1-bit unknown CDC circuitry                                  0  None        u_pcie/design_1_wrapper_inst/design_1_i/xdma_0/inst/pcie3_ip_i/inst/user_lnk_up_reg/C                                                                                                                                                                                  u_pcie/u_pcie_fdma_aurora_brg_adapter/U_RTDS_RX_BLOCK_WRITER/dropped_frames_reg[25]/D
144  CDC-1   Critical  1-bit unknown CDC circuitry                                  0  None        u_pcie/design_1_wrapper_inst/design_1_i/xdma_0/inst/pcie3_ip_i/inst/user_lnk_up_reg/C                                                                                                                                                                                  u_pcie/u_pcie_fdma_aurora_brg_adapter/U_RTDS_RX_BLOCK_WRITER/dropped_frames_reg[26]/D
145  CDC-1   Critical  1-bit unknown CDC circuitry                                  0  None        u_pcie/design_1_wrapper_inst/design_1_i/xdma_0/inst/pcie3_ip_i/inst/user_lnk_up_reg/C                                                                                                                                                                                  u_pcie/u_pcie_fdma_aurora_brg_adapter/U_RTDS_RX_BLOCK_WRITER/dropped_frames_reg[27]/D
146  CDC-1   Critical  1-bit unknown CDC circuitry                                  0  None        u_pcie/design_1_wrapper_inst/design_1_i/xdma_0/inst/pcie3_ip_i/inst/user_lnk_up_reg/C                                                                                                                                                                                  u_pcie/u_pcie_fdma_aurora_brg_adapter/U_RTDS_RX_BLOCK_WRITER/dropped_frames_reg[28]/D
147  CDC-1   Critical  1-bit unknown CDC circuitry                                  0  None        u_pcie/design_1_wrapper_inst/design_1_i/xdma_0/inst/pcie3_ip_i/inst/user_lnk_up_reg/C                                                                                                                                                                                  u_pcie/u_pcie_fdma_aurora_brg_adapter/U_RTDS_RX_BLOCK_WRITER/dropped_frames_reg[29]/D
148  CDC-1   Critical  1-bit unknown CDC circuitry                                  0  None        u_pcie/design_1_wrapper_inst/design_1_i/xdma_0/inst/pcie3_ip_i/inst/user_lnk_up_reg/C                                                                                                                                                                                  u_pcie/u_pcie_fdma_aurora_brg_adapter/U_RTDS_RX_BLOCK_WRITER/dropped_frames_reg[30]/D
149  CDC-1   Critical  1-bit unknown CDC circuitry                                  0  None        u_pcie/design_1_wrapper_inst/design_1_i/xdma_0/inst/pcie3_ip_i/inst/user_lnk_up_reg/C                                                                                                                                                                                  u_pcie/u_pcie_fdma_aurora_brg_adapter/U_RTDS_RX_BLOCK_WRITER/dropped_frames_reg[31]/D
150  CDC-1   Critical  1-bit unknown CDC circuitry                                  0  None        u_pcie/design_1_wrapper_inst/design_1_i/xdma_0/inst/pcie3_ip_i/inst/user_lnk_up_reg/C                                                                                                                                                                                  u_pcie/u_pcie_fdma_aurora_brg_adapter/U_RTDS_RX_BLOCK_WRITER/half_data_reg[0]/CE
151  CDC-1   Critical  1-bit unknown CDC circuitry                                  0  None        u_pcie/design_1_wrapper_inst/design_1_i/xdma_0/inst/pcie3_ip_i/inst/user_lnk_up_reg/C                                                                                                                                                                                  u_pcie/u_pcie_fdma_aurora_brg_adapter/U_RTDS_RX_BLOCK_WRITER/half_data_reg[1]/CE
152  CDC-1   Critical  1-bit unknown CDC circuitry                                  0  None        u_pcie/design_1_wrapper_inst/design_1_i/xdma_0/inst/pcie3_ip_i/inst/user_lnk_up_reg/C                                                                                                                                                                                  u_pcie/u_pcie_fdma_aurora_brg_adapter/U_RTDS_RX_BLOCK_WRITER/half_data_reg[2]/CE
153  CDC-1   Critical  1-bit unknown CDC circuitry                                  0  None        u_pcie/design_1_wrapper_inst/design_1_i/xdma_0/inst/pcie3_ip_i/inst/user_lnk_up_reg/C                                                                                                                                                                                  u_pcie/u_pcie_fdma_aurora_brg_adapter/U_RTDS_RX_BLOCK_WRITER/half_data_reg[3]/CE
154  CDC-1   Critical  1-bit unknown CDC circuitry                                  0  None        u_pcie/design_1_wrapper_inst/design_1_i/xdma_0/inst/pcie3_ip_i/inst/user_lnk_up_reg/C                                                                                                                                                                                  u_pcie/u_pcie_fdma_aurora_brg_adapter/U_RTDS_RX_BLOCK_WRITER/half_data_reg[4]/CE
155  CDC-1   Critical  1-bit unknown CDC circuitry                                  0  None        u_pcie/design_1_wrapper_inst/design_1_i/xdma_0/inst/pcie3_ip_i/inst/user_lnk_up_reg/C                                                                                                                                                                                  u_pcie/u_pcie_fdma_aurora_brg_adapter/U_RTDS_RX_BLOCK_WRITER/half_data_reg[5]/CE
156  CDC-1   Critical  1-bit unknown CDC circuitry                                  0  None        u_pcie/design_1_wrapper_inst/design_1_i/xdma_0/inst/pcie3_ip_i/inst/user_lnk_up_reg/C                                                                                                                                                                                  u_pcie/u_pcie_fdma_aurora_brg_adapter/U_RTDS_RX_BLOCK_WRITER/half_data_reg[6]/CE
157  CDC-1   Critical  1-bit unknown CDC circuitry                                  0  None        u_pcie/design_1_wrapper_inst/design_1_i/xdma_0/inst/pcie3_ip_i/inst/user_lnk_up_reg/C                                                                                                                                                                                  u_pcie/u_pcie_fdma_aurora_brg_adapter/U_RTDS_RX_BLOCK_WRITER/half_data_reg[7]/CE
158  CDC-1   Critical  1-bit unknown CDC circuitry                                  0  None        u_pcie/design_1_wrapper_inst/design_1_i/xdma_0/inst/pcie3_ip_i/inst/user_lnk_up_reg/C                                                                                                                                                                                  u_pcie/u_pcie_fdma_aurora_brg_adapter/U_RTDS_RX_BLOCK_WRITER/half_data_reg[8]/CE
159  CDC-1   Critical  1-bit unknown CDC circuitry                                  0  None        u_pcie/design_1_wrapper_inst/design_1_i/xdma_0/inst/pcie3_ip_i/inst/user_lnk_up_reg/C                                                                                                                                                                                  u_pcie/u_pcie_fdma_aurora_brg_adapter/U_RTDS_RX_BLOCK_WRITER/half_data_reg[9]/CE
160  CDC-1   Critical  1-bit unknown CDC circuitry                                  0  None        u_pcie/design_1_wrapper_inst/design_1_i/xdma_0/inst/pcie3_ip_i/inst/user_lnk_up_reg/C                                                                                                                                                                                  u_pcie/u_pcie_fdma_aurora_brg_adapter/U_RTDS_RX_BLOCK_WRITER/half_data_reg[10]/CE
161  CDC-1   Critical  1-bit unknown CDC circuitry                                  0  None        u_pcie/design_1_wrapper_inst/design_1_i/xdma_0/inst/pcie3_ip_i/inst/user_lnk_up_reg/C                                                                                                                                                                                  u_pcie/u_pcie_fdma_aurora_brg_adapter/U_RTDS_RX_BLOCK_WRITER/half_data_reg[11]/CE
162  CDC-1   Critical  1-bit unknown CDC circuitry                                  0  None        u_pcie/design_1_wrapper_inst/design_1_i/xdma_0/inst/pcie3_ip_i/inst/user_lnk_up_reg/C                                                                                                                                                                                  u_pcie/u_pcie_fdma_aurora_brg_adapter/U_RTDS_RX_BLOCK_WRITER/half_data_reg[12]/CE
163  CDC-1   Critical  1-bit unknown CDC circuitry                                  0  None        u_pcie/design_1_wrapper_inst/design_1_i/xdma_0/inst/pcie3_ip_i/inst/user_lnk_up_reg/C                                                                                                                                                                                  u_pcie/u_pcie_fdma_aurora_brg_adapter/U_RTDS_RX_BLOCK_WRITER/half_data_reg[13]/CE
164  CDC-1   Critical  1-bit unknown CDC circuitry                                  0  None        u_pcie/design_1_wrapper_inst/design_1_i/xdma_0/inst/pcie3_ip_i/inst/user_lnk_up_reg/C                                                                                                                                                                                  u_pcie/u_pcie_fdma_aurora_brg_adapter/U_RTDS_RX_BLOCK_WRITER/half_data_reg[14]/CE
165  CDC-1   Critical  1-bit unknown CDC circuitry                                  0  None        u_pcie/design_1_wrapper_inst/design_1_i/xdma_0/inst/pcie3_ip_i/inst/user_lnk_up_reg/C                                                                                                                                                                                  u_pcie/u_pcie_fdma_aurora_brg_adapter/U_RTDS_RX_BLOCK_WRITER/half_data_reg[15]/CE
166  CDC-1   Critical  1-bit unknown CDC circuitry                                  0  None        u_pcie/design_1_wrapper_inst/design_1_i/xdma_0/inst/pcie3_ip_i/inst/user_lnk_up_reg/C                                                                                                                                                                                  u_pcie/u_pcie_fdma_aurora_brg_adapter/U_RTDS_RX_BLOCK_WRITER/half_data_reg[16]/CE
167  CDC-1   Critical  1-bit unknown CDC circuitry                                  0  None        u_pcie/design_1_wrapper_inst/design_1_i/xdma_0/inst/pcie3_ip_i/inst/user_lnk_up_reg/C                                                                                                                                                                                  u_pcie/u_pcie_fdma_aurora_brg_adapter/U_RTDS_RX_BLOCK_WRITER/half_data_reg[17]/CE
168  CDC-1   Critical  1-bit unknown CDC circuitry                                  0  None        u_pcie/design_1_wrapper_inst/design_1_i/xdma_0/inst/pcie3_ip_i/inst/user_lnk_up_reg/C                                                                                                                                                                                  u_pcie/u_pcie_fdma_aurora_brg_adapter/U_RTDS_RX_BLOCK_WRITER/half_data_reg[18]/CE
169  CDC-1   Critical  1-bit unknown CDC circuitry                                  0  None        u_pcie/design_1_wrapper_inst/design_1_i/xdma_0/inst/pcie3_ip_i/inst/user_lnk_up_reg/C                                                                                                                                                                                  u_pcie/u_pcie_fdma_aurora_brg_adapter/U_RTDS_RX_BLOCK_WRITER/half_data_reg[19]/CE
170  CDC-1   Critical  1-bit unknown CDC circuitry                                  0  None        u_pcie/design_1_wrapper_inst/design_1_i/xdma_0/inst/pcie3_ip_i/inst/user_lnk_up_reg/C                                                                                                                                                                                  u_pcie/u_pcie_fdma_aurora_brg_adapter/U_RTDS_RX_BLOCK_WRITER/half_data_reg[20]/CE
171  CDC-1   Critical  1-bit unknown CDC circuitry                                  0  None        u_pcie/design_1_wrapper_inst/design_1_i/xdma_0/inst/pcie3_ip_i/inst/user_lnk_up_reg/C                                                                                                                                                                                  u_pcie/u_pcie_fdma_aurora_brg_adapter/U_RTDS_RX_BLOCK_WRITER/half_data_reg[21]/CE
172  CDC-1   Critical  1-bit unknown CDC circuitry                                  0  None        u_pcie/design_1_wrapper_inst/design_1_i/xdma_0/inst/pcie3_ip_i/inst/user_lnk_up_reg/C                                                                                                                                                                                  u_pcie/u_pcie_fdma_aurora_brg_adapter/U_RTDS_RX_BLOCK_WRITER/half_data_reg[22]/CE
173  CDC-1   Critical  1-bit unknown CDC circuitry                                  0  None        u_pcie/design_1_wrapper_inst/design_1_i/xdma_0/inst/pcie3_ip_i/inst/user_lnk_up_reg/C                                                                                                                                                                                  u_pcie/u_pcie_fdma_aurora_brg_adapter/U_RTDS_RX_BLOCK_WRITER/half_data_reg[23]/CE
174  CDC-1   Critical  1-bit unknown CDC circuitry                                  0  None        u_pcie/design_1_wrapper_inst/design_1_i/xdma_0/inst/pcie3_ip_i/inst/user_lnk_up_reg/C                                                                                                                                                                                  u_pcie/u_pcie_fdma_aurora_brg_adapter/U_RTDS_RX_BLOCK_WRITER/half_data_reg[24]/CE
175  CDC-1   Critical  1-bit unknown CDC circuitry                                  0  None        u_pcie/design_1_wrapper_inst/design_1_i/xdma_0/inst/pcie3_ip_i/inst/user_lnk_up_reg/C                                                                                                                                                                                  u_pcie/u_pcie_fdma_aurora_brg_adapter/U_RTDS_RX_BLOCK_WRITER/half_data_reg[25]/CE
176  CDC-1   Critical  1-bit unknown CDC circuitry                                  0  None        u_pcie/design_1_wrapper_inst/design_1_i/xdma_0/inst/pcie3_ip_i/inst/user_lnk_up_reg/C                                                                                                                                                                                  u_pcie/u_pcie_fdma_aurora_brg_adapter/U_RTDS_RX_BLOCK_WRITER/half_data_reg[26]/CE
177  CDC-1   Critical  1-bit unknown CDC circuitry                                  0  None        u_pcie/design_1_wrapper_inst/design_1_i/xdma_0/inst/pcie3_ip_i/inst/user_lnk_up_reg/C                                                                                                                                                                                  u_pcie/u_pcie_fdma_aurora_brg_adapter/U_RTDS_RX_BLOCK_WRITER/half_data_reg[27]/CE
178  CDC-1   Critical  1-bit unknown CDC circuitry                                  0  None        u_pcie/design_1_wrapper_inst/design_1_i/xdma_0/inst/pcie3_ip_i/inst/user_lnk_up_reg/C                                                                                                                                                                                  u_pcie/u_pcie_fdma_aurora_brg_adapter/U_RTDS_RX_BLOCK_WRITER/half_data_reg[28]/CE
179  CDC-1   Critical  1-bit unknown CDC circuitry                                  0  None        u_pcie/design_1_wrapper_inst/design_1_i/xdma_0/inst/pcie3_ip_i/inst/user_lnk_up_reg/C                                                                                                                                                                                  u_pcie/u_pcie_fdma_aurora_brg_adapter/U_RTDS_RX_BLOCK_WRITER/half_data_reg[29]/CE
180  CDC-1   Critical  1-bit unknown CDC circuitry                                  0  None        u_pcie/design_1_wrapper_inst/design_1_i/xdma_0/inst/pcie3_ip_i/inst/user_lnk_up_reg/C                                                                                                                                                                                  u_pcie/u_pcie_fdma_aurora_brg_adapter/U_RTDS_RX_BLOCK_WRITER/half_data_reg[30]/CE
181  CDC-1   Critical  1-bit unknown CDC circuitry                                  0  None        u_pcie/design_1_wrapper_inst/design_1_i/xdma_0/inst/pcie3_ip_i/inst/user_lnk_up_reg/C                                                                                                                                                                                  u_pcie/u_pcie_fdma_aurora_brg_adapter/U_RTDS_RX_BLOCK_WRITER/half_data_reg[31]/CE
182  CDC-1   Critical  1-bit unknown CDC circuitry                                  0  None        u_pcie/design_1_wrapper_inst/design_1_i/xdma_0/inst/pcie3_ip_i/inst/user_lnk_up_reg/C                                                                                                                                                                                  u_pcie/u_pcie_fdma_aurora_brg_adapter/U_RTDS_RX_BLOCK_WRITER/half_valid_reg/D
183  CDC-1   Critical  1-bit unknown CDC circuitry                                  0  None        u_pcie/design_1_wrapper_inst/design_1_i/xdma_0/inst/pcie3_ip_i/inst/user_lnk_up_reg/C                                                                                                                                                                                  u_pcie/u_pcie_fdma_aurora_brg_adapter/U_RTDS_RX_BLOCK_WRITER/write_curr_st_reg[0]/CE
184  CDC-1   Critical  1-bit unknown CDC circuitry                                  0  None        u_pcie/design_1_wrapper_inst/design_1_i/xdma_0/inst/pcie3_ip_i/inst/user_lnk_up_reg/C                                                                                                                                                                                  u_pcie/u_pcie_fdma_aurora_brg_adapter/U_RTDS_RX_BLOCK_WRITER/write_curr_st_reg[1]/CE
185  CDC-1   Critical  1-bit unknown CDC circuitry                                  0  None        u_pcie/design_1_wrapper_inst/design_1_i/xdma_0/inst/pcie3_ip_i/inst/user_lnk_up_reg/C                                                                                                                                                                                  u_pcie/u_pcie_fdma_aurora_brg_adapter/tx_active_reg/CE
186  CDC-15  Warning   Clock enable controlled CDC structure detected               0  None        u_pcie/design_1_wrapper_inst/design_1_i/xdma_0/inst/pcie3_ip_i/inst/user_lnk_up_reg/C                                                                                                                                                                                  u_pcie/u_pcie_fdma_aurora_brg_adapter/tx_active_reg/D
187  CDC-1   Critical  1-bit unknown CDC circuitry                                  0  None        u_pcie/design_1_wrapper_inst/design_1_i/xdma_0/inst/pcie3_ip_i/inst/user_lnk_up_reg/C                                                                                                                                                                                  u_pcie/u_pcie_fdma_aurora_brg_adapter/tx_base_addr_lo_reg[0]/CE
188  CDC-1   Critical  1-bit unknown CDC circuitry                                  0  None        u_pcie/design_1_wrapper_inst/design_1_i/xdma_0/inst/pcie3_ip_i/inst/user_lnk_up_reg/C                                                                                                                                                                                  u_pcie/u_pcie_fdma_aurora_brg_adapter/tx_base_addr_lo_reg[1]/CE
189  CDC-1   Critical  1-bit unknown CDC circuitry                                  0  None        u_pcie/design_1_wrapper_inst/design_1_i/xdma_0/inst/pcie3_ip_i/inst/user_lnk_up_reg/C                                                                                                                                                                                  u_pcie/u_pcie_fdma_aurora_brg_adapter/tx_base_addr_lo_reg[2]/CE
190  CDC-1   Critical  1-bit unknown CDC circuitry                                  0  None        u_pcie/design_1_wrapper_inst/design_1_i/xdma_0/inst/pcie3_ip_i/inst/user_lnk_up_reg/C                                                                                                                                                                                  u_pcie/u_pcie_fdma_aurora_brg_adapter/tx_base_addr_lo_reg[3]/CE
191  CDC-1   Critical  1-bit unknown CDC circuitry                                  0  None        u_pcie/design_1_wrapper_inst/design_1_i/xdma_0/inst/pcie3_ip_i/inst/user_lnk_up_reg/C                                                                                                                                                                                  u_pcie/u_pcie_fdma_aurora_brg_adapter/tx_base_addr_lo_reg[4]/CE
192  CDC-1   Critical  1-bit unknown CDC circuitry                                  0  None        u_pcie/design_1_wrapper_inst/design_1_i/xdma_0/inst/pcie3_ip_i/inst/user_lnk_up_reg/C                                                                                                                                                                                  u_pcie/u_pcie_fdma_aurora_brg_adapter/tx_base_addr_lo_reg[5]/CE
193  CDC-1   Critical  1-bit unknown CDC circuitry                                  0  None        u_pcie/design_1_wrapper_inst/design_1_i/xdma_0/inst/pcie3_ip_i/inst/user_lnk_up_reg/C                                                                                                                                                                                  u_pcie/u_pcie_fdma_aurora_brg_adapter/tx_base_addr_lo_reg[6]/CE
194  CDC-1   Critical  1-bit unknown CDC circuitry                                  0  None        u_pcie/design_1_wrapper_inst/design_1_i/xdma_0/inst/pcie3_ip_i/inst/user_lnk_up_reg/C                                                                                                                                                                                  u_pcie/u_pcie_fdma_aurora_brg_adapter/tx_base_addr_lo_reg[7]/CE
195  CDC-1   Critical  1-bit unknown CDC circuitry                                  0  None        u_pcie/design_1_wrapper_inst/design_1_i/xdma_0/inst/pcie3_ip_i/inst/user_lnk_up_reg/C                                                                                                                                                                                  u_pcie/u_pcie_fdma_aurora_brg_adapter/tx_base_addr_lo_reg[8]/CE
196  CDC-1   Critical  1-bit unknown CDC circuitry                                  0  None        u_pcie/design_1_wrapper_inst/design_1_i/xdma_0/inst/pcie3_ip_i/inst/user_lnk_up_reg/C                                                                                                                                                                                  u_pcie/u_pcie_fdma_aurora_brg_adapter/tx_base_addr_lo_reg[9]/CE
197  CDC-1   Critical  1-bit unknown CDC circuitry                                  0  None        u_pcie/design_1_wrapper_inst/design_1_i/xdma_0/inst/pcie3_ip_i/inst/user_lnk_up_reg/C                                                                                                                                                                                  u_pcie/u_pcie_fdma_aurora_brg_adapter/tx_base_addr_lo_reg[10]/CE
198  CDC-1   Critical  1-bit unknown CDC circuitry                                  0  None        u_pcie/design_1_wrapper_inst/design_1_i/xdma_0/inst/pcie3_ip_i/inst/user_lnk_up_reg/C                                                                                                                                                                                  u_pcie/u_pcie_fdma_aurora_brg_adapter/tx_base_addr_lo_reg[11]/CE
199  CDC-1   Critical  1-bit unknown CDC circuitry                                  0  None        u_pcie/design_1_wrapper_inst/design_1_i/xdma_0/inst/pcie3_ip_i/inst/user_lnk_up_reg/C                                                                                                                                                                                  u_pcie/u_pcie_fdma_aurora_brg_adapter/tx_base_addr_lo_reg[12]/CE
200  CDC-1   Critical  1-bit unknown CDC circuitry                                  0  None        u_pcie/design_1_wrapper_inst/design_1_i/xdma_0/inst/pcie3_ip_i/inst/user_lnk_up_reg/C                                                                                                                                                                                  u_pcie/u_pcie_fdma_aurora_brg_adapter/tx_base_addr_lo_reg[13]/CE
201  CDC-1   Critical  1-bit unknown CDC circuitry                                  0  None        u_pcie/design_1_wrapper_inst/design_1_i/xdma_0/inst/pcie3_ip_i/inst/user_lnk_up_reg/C                                                                                                                                                                                  u_pcie/u_pcie_fdma_aurora_brg_adapter/tx_base_addr_lo_reg[14]/CE
202  CDC-1   Critical  1-bit unknown CDC circuitry                                  0  None        u_pcie/design_1_wrapper_inst/design_1_i/xdma_0/inst/pcie3_ip_i/inst/user_lnk_up_reg/C                                                                                                                                                                                  u_pcie/u_pcie_fdma_aurora_brg_adapter/tx_base_addr_lo_reg[15]/CE
203  CDC-1   Critical  1-bit unknown CDC circuitry                                  0  None        u_pcie/design_1_wrapper_inst/design_1_i/xdma_0/inst/pcie3_ip_i/inst/user_lnk_up_reg/C                                                                                                                                                                                  u_pcie/u_pcie_fdma_aurora_brg_adapter/tx_base_addr_lo_reg[16]/CE
204  CDC-1   Critical  1-bit unknown CDC circuitry                                  0  None        u_pcie/design_1_wrapper_inst/design_1_i/xdma_0/inst/pcie3_ip_i/inst/user_lnk_up_reg/C                                                                                                                                                                                  u_pcie/u_pcie_fdma_aurora_brg_adapter/tx_base_addr_lo_reg[17]/CE
205  CDC-1   Critical  1-bit unknown CDC circuitry                                  0  None        u_pcie/design_1_wrapper_inst/design_1_i/xdma_0/inst/pcie3_ip_i/inst/user_lnk_up_reg/C                                                                                                                                                                                  u_pcie/u_pcie_fdma_aurora_brg_adapter/tx_base_addr_lo_reg[18]/CE
206  CDC-1   Critical  1-bit unknown CDC circuitry                                  0  None        u_pcie/design_1_wrapper_inst/design_1_i/xdma_0/inst/pcie3_ip_i/inst/user_lnk_up_reg/C                                                                                                                                                                                  u_pcie/u_pcie_fdma_aurora_brg_adapter/tx_base_addr_lo_reg[19]/CE
207  CDC-1   Critical  1-bit unknown CDC circuitry                                  0  None        u_pcie/design_1_wrapper_inst/design_1_i/xdma_0/inst/pcie3_ip_i/inst/user_lnk_up_reg/C                                                                                                                                                                                  u_pcie/u_pcie_fdma_aurora_brg_adapter/tx_base_addr_lo_reg[20]/CE
208  CDC-1   Critical  1-bit unknown CDC circuitry                                  0  None        u_pcie/design_1_wrapper_inst/design_1_i/xdma_0/inst/pcie3_ip_i/inst/user_lnk_up_reg/C                                                                                                                                                                                  u_pcie/u_pcie_fdma_aurora_brg_adapter/tx_base_addr_lo_reg[21]/CE
209  CDC-1   Critical  1-bit unknown CDC circuitry                                  0  None        u_pcie/design_1_wrapper_inst/design_1_i/xdma_0/inst/pcie3_ip_i/inst/user_lnk_up_reg/C                                                                                                                                                                                  u_pcie/u_pcie_fdma_aurora_brg_adapter/tx_base_addr_lo_reg[22]/CE
210  CDC-1   Critical  1-bit unknown CDC circuitry                                  0  None        u_pcie/design_1_wrapper_inst/design_1_i/xdma_0/inst/pcie3_ip_i/inst/user_lnk_up_reg/C                                                                                                                                                                                  u_pcie/u_pcie_fdma_aurora_brg_adapter/tx_base_addr_lo_reg[23]/CE
211  CDC-1   Critical  1-bit unknown CDC circuitry                                  0  None        u_pcie/design_1_wrapper_inst/design_1_i/xdma_0/inst/pcie3_ip_i/inst/user_lnk_up_reg/C                                                                                                                                                                                  u_pcie/u_pcie_fdma_aurora_brg_adapter/tx_base_addr_lo_reg[24]/CE
212  CDC-1   Critical  1-bit unknown CDC circuitry                                  0  None        u_pcie/design_1_wrapper_inst/design_1_i/xdma_0/inst/pcie3_ip_i/inst/user_lnk_up_reg/C                                                                                                                                                                                  u_pcie/u_pcie_fdma_aurora_brg_adapter/tx_base_addr_lo_reg[25]/CE
213  CDC-1   Critical  1-bit unknown CDC circuitry                                  0  None        u_pcie/design_1_wrapper_inst/design_1_i/xdma_0/inst/pcie3_ip_i/inst/user_lnk_up_reg/C                                                                                                                                                                                  u_pcie/u_pcie_fdma_aurora_brg_adapter/tx_base_addr_lo_reg[26]/CE
214  CDC-1   Critical  1-bit unknown CDC circuitry                                  0  None        u_pcie/design_1_wrapper_inst/design_1_i/xdma_0/inst/pcie3_ip_i/inst/user_lnk_up_reg/C                                                                                                                                                                                  u_pcie/u_pcie_fdma_aurora_brg_adapter/tx_base_addr_lo_reg[27]/CE
215  CDC-1   Critical  1-bit unknown CDC circuitry                                  0  None        u_pcie/design_1_wrapper_inst/design_1_i/xdma_0/inst/pcie3_ip_i/inst/user_lnk_up_reg/C                                                                                                                                                                                  u_pcie/u_pcie_fdma_aurora_brg_adapter/tx_base_addr_lo_reg[28]/CE
216  CDC-1   Critical  1-bit unknown CDC circuitry                                  0  None        u_pcie/design_1_wrapper_inst/design_1_i/xdma_0/inst/pcie3_ip_i/inst/user_lnk_up_reg/C                                                                                                                                                                                  u_pcie/u_pcie_fdma_aurora_brg_adapter/tx_base_addr_lo_reg[29]/CE
217  CDC-1   Critical  1-bit unknown CDC circuitry                                  0  None        u_pcie/design_1_wrapper_inst/design_1_i/xdma_0/inst/pcie3_ip_i/inst/user_lnk_up_reg/C                                                                                                                                                                                  u_pcie/u_pcie_fdma_aurora_brg_adapter/tx_base_addr_lo_reg[30]/CE
218  CDC-1   Critical  1-bit unknown CDC circuitry                                  0  None        u_pcie/design_1_wrapper_inst/design_1_i/xdma_0/inst/pcie3_ip_i/inst/user_lnk_up_reg/C                                                                                                                                                                                  u_pcie/u_pcie_fdma_aurora_brg_adapter/tx_base_addr_lo_reg[31]/CE
219  CDC-1   Critical  1-bit unknown CDC circuitry                                  0  None        u_pcie/design_1_wrapper_inst/design_1_i/xdma_0/inst/pcie3_ip_i/inst/user_lnk_up_reg/C                                                                                                                                                                                  u_pcie/u_pcie_fdma_aurora_brg_adapter/tx_completed_frames_reg[0]/CE
220  CDC-15  Warning   Clock enable controlled CDC structure detected               0  None        u_pcie/design_1_wrapper_inst/design_1_i/xdma_0/inst/pcie3_ip_i/inst/user_lnk_up_reg/C                                                                                                                                                                                  u_pcie/u_pcie_fdma_aurora_brg_adapter/tx_completed_frames_reg[0]/D
221  CDC-1   Critical  1-bit unknown CDC circuitry                                  0  None        u_pcie/design_1_wrapper_inst/design_1_i/xdma_0/inst/pcie3_ip_i/inst/user_lnk_up_reg/C                                                                                                                                                                                  u_pcie/u_pcie_fdma_aurora_brg_adapter/tx_completed_frames_reg[1]/CE
222  CDC-15  Warning   Clock enable controlled CDC structure detected               0  None        u_pcie/design_1_wrapper_inst/design_1_i/xdma_0/inst/pcie3_ip_i/inst/user_lnk_up_reg/C                                                                                                                                                                                  u_pcie/u_pcie_fdma_aurora_brg_adapter/tx_completed_frames_reg[1]/D
223  CDC-1   Critical  1-bit unknown CDC circuitry                                  0  None        u_pcie/design_1_wrapper_inst/design_1_i/xdma_0/inst/pcie3_ip_i/inst/user_lnk_up_reg/C                                                                                                                                                                                  u_pcie/u_pcie_fdma_aurora_brg_adapter/tx_completed_frames_reg[2]/CE
224  CDC-15  Warning   Clock enable controlled CDC structure detected               0  None        u_pcie/design_1_wrapper_inst/design_1_i/xdma_0/inst/pcie3_ip_i/inst/user_lnk_up_reg/C                                                                                                                                                                                  u_pcie/u_pcie_fdma_aurora_brg_adapter/tx_completed_frames_reg[2]/D
225  CDC-1   Critical  1-bit unknown CDC circuitry                                  0  None        u_pcie/design_1_wrapper_inst/design_1_i/xdma_0/inst/pcie3_ip_i/inst/user_lnk_up_reg/C                                                                                                                                                                                  u_pcie/u_pcie_fdma_aurora_brg_adapter/tx_completed_frames_reg[3]/CE
226  CDC-15  Warning   Clock enable controlled CDC structure detected               0  None        u_pcie/design_1_wrapper_inst/design_1_i/xdma_0/inst/pcie3_ip_i/inst/user_lnk_up_reg/C                                                                                                                                                                                  u_pcie/u_pcie_fdma_aurora_brg_adapter/tx_completed_frames_reg[3]/D
227  CDC-1   Critical  1-bit unknown CDC circuitry                                  0  None        u_pcie/design_1_wrapper_inst/design_1_i/xdma_0/inst/pcie3_ip_i/inst/user_lnk_up_reg/C                                                                                                                                                                                  u_pcie/u_pcie_fdma_aurora_brg_adapter/tx_completed_frames_reg[4]/CE
228  CDC-15  Warning   Clock enable controlled CDC structure detected               0  None        u_pcie/design_1_wrapper_inst/design_1_i/xdma_0/inst/pcie3_ip_i/inst/user_lnk_up_reg/C                                                                                                                                                                                  u_pcie/u_pcie_fdma_aurora_brg_adapter/tx_completed_frames_reg[4]/D
229  CDC-1   Critical  1-bit unknown CDC circuitry                                  0  None        u_pcie/design_1_wrapper_inst/design_1_i/xdma_0/inst/pcie3_ip_i/inst/user_lnk_up_reg/C                                                                                                                                                                                  u_pcie/u_pcie_fdma_aurora_brg_adapter/tx_completed_frames_reg[5]/CE
230  CDC-15  Warning   Clock enable controlled CDC structure detected               0  None        u_pcie/design_1_wrapper_inst/design_1_i/xdma_0/inst/pcie3_ip_i/inst/user_lnk_up_reg/C                                                                                                                                                                                  u_pcie/u_pcie_fdma_aurora_brg_adapter/tx_completed_frames_reg[5]/D
231  CDC-1   Critical  1-bit unknown CDC circuitry                                  0  None        u_pcie/design_1_wrapper_inst/design_1_i/xdma_0/inst/pcie3_ip_i/inst/user_lnk_up_reg/C                                                                                                                                                                                  u_pcie/u_pcie_fdma_aurora_brg_adapter/tx_completed_frames_reg[6]/CE
232  CDC-15  Warning   Clock enable controlled CDC structure detected               0  None        u_pcie/design_1_wrapper_inst/design_1_i/xdma_0/inst/pcie3_ip_i/inst/user_lnk_up_reg/C                                                                                                                                                                                  u_pcie/u_pcie_fdma_aurora_brg_adapter/tx_completed_frames_reg[6]/D
233  CDC-1   Critical  1-bit unknown CDC circuitry                                  0  None        u_pcie/design_1_wrapper_inst/design_1_i/xdma_0/inst/pcie3_ip_i/inst/user_lnk_up_reg/C                                                                                                                                                                                  u_pcie/u_pcie_fdma_aurora_brg_adapter/tx_completed_frames_reg[7]/CE
234  CDC-15  Warning   Clock enable controlled CDC structure detected               0  None        u_pcie/design_1_wrapper_inst/design_1_i/xdma_0/inst/pcie3_ip_i/inst/user_lnk_up_reg/C                                                                                                                                                                                  u_pcie/u_pcie_fdma_aurora_brg_adapter/tx_completed_frames_reg[7]/D
235  CDC-1   Critical  1-bit unknown CDC circuitry                                  0  None        u_pcie/design_1_wrapper_inst/design_1_i/xdma_0/inst/pcie3_ip_i/inst/user_lnk_up_reg/C                                                                                                                                                                                  u_pcie/u_pcie_fdma_aurora_brg_adapter/tx_completed_frames_reg[8]/CE
236  CDC-15  Warning   Clock enable controlled CDC structure detected               0  None        u_pcie/design_1_wrapper_inst/design_1_i/xdma_0/inst/pcie3_ip_i/inst/user_lnk_up_reg/C                                                                                                                                                                                  u_pcie/u_pcie_fdma_aurora_brg_adapter/tx_completed_frames_reg[8]/D
237  CDC-1   Critical  1-bit unknown CDC circuitry                                  0  None        u_pcie/design_1_wrapper_inst/design_1_i/xdma_0/inst/pcie3_ip_i/inst/user_lnk_up_reg/C                                                                                                                                                                                  u_pcie/u_pcie_fdma_aurora_brg_adapter/tx_completed_frames_reg[9]/CE
238  CDC-15  Warning   Clock enable controlled CDC structure detected               0  None        u_pcie/design_1_wrapper_inst/design_1_i/xdma_0/inst/pcie3_ip_i/inst/user_lnk_up_reg/C                                                                                                                                                                                  u_pcie/u_pcie_fdma_aurora_brg_adapter/tx_completed_frames_reg[9]/D
239  CDC-1   Critical  1-bit unknown CDC circuitry                                  0  None        u_pcie/design_1_wrapper_inst/design_1_i/xdma_0/inst/pcie3_ip_i/inst/user_lnk_up_reg/C                                                                                                                                                                                  u_pcie/u_pcie_fdma_aurora_brg_adapter/tx_completed_frames_reg[10]/CE
240  CDC-15  Warning   Clock enable controlled CDC structure detected               0  None        u_pcie/design_1_wrapper_inst/design_1_i/xdma_0/inst/pcie3_ip_i/inst/user_lnk_up_reg/C                                                                                                                                                                                  u_pcie/u_pcie_fdma_aurora_brg_adapter/tx_completed_frames_reg[10]/D
241  CDC-1   Critical  1-bit unknown CDC circuitry                                  0  None        u_pcie/design_1_wrapper_inst/design_1_i/xdma_0/inst/pcie3_ip_i/inst/user_lnk_up_reg/C                                                                                                                                                                                  u_pcie/u_pcie_fdma_aurora_brg_adapter/tx_completed_frames_reg[11]/CE
242  CDC-15  Warning   Clock enable controlled CDC structure detected               0  None        u_pcie/design_1_wrapper_inst/design_1_i/xdma_0/inst/pcie3_ip_i/inst/user_lnk_up_reg/C                                                                                                                                                                                  u_pcie/u_pcie_fdma_aurora_brg_adapter/tx_completed_frames_reg[11]/D
243  CDC-1   Critical  1-bit unknown CDC circuitry                                  0  None        u_pcie/design_1_wrapper_inst/design_1_i/xdma_0/inst/pcie3_ip_i/inst/user_lnk_up_reg/C                                                                                                                                                                                  u_pcie/u_pcie_fdma_aurora_brg_adapter/tx_completed_frames_reg[12]/CE
244  CDC-15  Warning   Clock enable controlled CDC structure detected               0  None        u_pcie/design_1_wrapper_inst/design_1_i/xdma_0/inst/pcie3_ip_i/inst/user_lnk_up_reg/C                                                                                                                                                                                  u_pcie/u_pcie_fdma_aurora_brg_adapter/tx_completed_frames_reg[12]/D
245  CDC-1   Critical  1-bit unknown CDC circuitry                                  0  None        u_pcie/design_1_wrapper_inst/design_1_i/xdma_0/inst/pcie3_ip_i/inst/user_lnk_up_reg/C                                                                                                                                                                                  u_pcie/u_pcie_fdma_aurora_brg_adapter/tx_completed_frames_reg[13]/CE
246  CDC-15  Warning   Clock enable controlled CDC structure detected               0  None        u_pcie/design_1_wrapper_inst/design_1_i/xdma_0/inst/pcie3_ip_i/inst/user_lnk_up_reg/C                                                                                                                                                                                  u_pcie/u_pcie_fdma_aurora_brg_adapter/tx_completed_frames_reg[13]/D
247  CDC-1   Critical  1-bit unknown CDC circuitry                                  0  None        u_pcie/design_1_wrapper_inst/design_1_i/xdma_0/inst/pcie3_ip_i/inst/user_lnk_up_reg/C                                                                                                                                                                                  u_pcie/u_pcie_fdma_aurora_brg_adapter/tx_completed_frames_reg[14]/CE
248  CDC-15  Warning   Clock enable controlled CDC structure detected               0  None        u_pcie/design_1_wrapper_inst/design_1_i/xdma_0/inst/pcie3_ip_i/inst/user_lnk_up_reg/C                                                                                                                                                                                  u_pcie/u_pcie_fdma_aurora_brg_adapter/tx_completed_frames_reg[14]/D
249  CDC-1   Critical  1-bit unknown CDC circuitry                                  0  None        u_pcie/design_1_wrapper_inst/design_1_i/xdma_0/inst/pcie3_ip_i/inst/user_lnk_up_reg/C                                                                                                                                                                                  u_pcie/u_pcie_fdma_aurora_brg_adapter/tx_completed_frames_reg[15]/CE
250  CDC-15  Warning   Clock enable controlled CDC structure detected               0  None        u_pcie/design_1_wrapper_inst/design_1_i/xdma_0/inst/pcie3_ip_i/inst/user_lnk_up_reg/C                                                                                                                                                                                  u_pcie/u_pcie_fdma_aurora_brg_adapter/tx_completed_frames_reg[15]/D
251  CDC-1   Critical  1-bit unknown CDC circuitry                                  0  None        u_pcie/design_1_wrapper_inst/design_1_i/xdma_0/inst/pcie3_ip_i/inst/user_lnk_up_reg/C                                                                                                                                                                                  u_pcie/u_pcie_fdma_aurora_brg_adapter/tx_target_frames_reg[0]/CE
252  CDC-15  Warning   Clock enable controlled CDC structure detected               0  None        u_pcie/design_1_wrapper_inst/design_1_i/xdma_0/inst/pcie3_ip_i/inst/user_lnk_up_reg/C                                                                                                                                                                                  u_pcie/u_pcie_fdma_aurora_brg_adapter/tx_target_frames_reg[0]/D
253  CDC-1   Critical  1-bit unknown CDC circuitry                                  0  None        u_pcie/design_1_wrapper_inst/design_1_i/xdma_0/inst/pcie3_ip_i/inst/user_lnk_up_reg/C                                                                                                                                                                                  u_pcie/u_pcie_fdma_aurora_brg_adapter/tx_target_frames_reg[1]/CE
254  CDC-15  Warning   Clock enable controlled CDC structure detected               0  None        u_pcie/design_1_wrapper_inst/design_1_i/xdma_0/inst/pcie3_ip_i/inst/user_lnk_up_reg/C                                                                                                                                                                                  u_pcie/u_pcie_fdma_aurora_brg_adapter/tx_target_frames_reg[1]/D
255  CDC-1   Critical  1-bit unknown CDC circuitry                                  0  None        u_pcie/design_1_wrapper_inst/design_1_i/xdma_0/inst/pcie3_ip_i/inst/user_lnk_up_reg/C                                                                                                                                                                                  u_pcie/u_pcie_fdma_aurora_brg_adapter/tx_target_frames_reg[2]/CE
256  CDC-15  Warning   Clock enable controlled CDC structure detected               0  None        u_pcie/design_1_wrapper_inst/design_1_i/xdma_0/inst/pcie3_ip_i/inst/user_lnk_up_reg/C                                                                                                                                                                                  u_pcie/u_pcie_fdma_aurora_brg_adapter/tx_target_frames_reg[2]/D
257  CDC-1   Critical  1-bit unknown CDC circuitry                                  0  None        u_pcie/design_1_wrapper_inst/design_1_i/xdma_0/inst/pcie3_ip_i/inst/user_lnk_up_reg/C                                                                                                                                                                                  u_pcie/u_pcie_fdma_aurora_brg_adapter/tx_target_frames_reg[3]/CE
258  CDC-15  Warning   Clock enable controlled CDC structure detected               0  None        u_pcie/design_1_wrapper_inst/design_1_i/xdma_0/inst/pcie3_ip_i/inst/user_lnk_up_reg/C                                                                                                                                                                                  u_pcie/u_pcie_fdma_aurora_brg_adapter/tx_target_frames_reg[3]/D
259  CDC-1   Critical  1-bit unknown CDC circuitry                                  0  None        u_pcie/design_1_wrapper_inst/design_1_i/xdma_0/inst/pcie3_ip_i/inst/user_lnk_up_reg/C                                                                                                                                                                                  u_pcie/u_pcie_fdma_aurora_brg_adapter/tx_target_frames_reg[4]/CE
260  CDC-15  Warning   Clock enable controlled CDC structure detected               0  None        u_pcie/design_1_wrapper_inst/design_1_i/xdma_0/inst/pcie3_ip_i/inst/user_lnk_up_reg/C                                                                                                                                                                                  u_pcie/u_pcie_fdma_aurora_brg_adapter/tx_target_frames_reg[4]/D
261  CDC-1   Critical  1-bit unknown CDC circuitry                                  0  None        u_pcie/design_1_wrapper_inst/design_1_i/xdma_0/inst/pcie3_ip_i/inst/user_lnk_up_reg/C                                                                                                                                                                                  u_pcie/u_pcie_fdma_aurora_brg_adapter/tx_target_frames_reg[5]/CE
262  CDC-15  Warning   Clock enable controlled CDC structure detected               0  None        u_pcie/design_1_wrapper_inst/design_1_i/xdma_0/inst/pcie3_ip_i/inst/user_lnk_up_reg/C                                                                                                                                                                                  u_pcie/u_pcie_fdma_aurora_brg_adapter/tx_target_frames_reg[5]/D
263  CDC-1   Critical  1-bit unknown CDC circuitry                                  0  None        u_pcie/design_1_wrapper_inst/design_1_i/xdma_0/inst/pcie3_ip_i/inst/user_lnk_up_reg/C                                                                                                                                                                                  u_pcie/u_pcie_fdma_aurora_brg_adapter/tx_target_frames_reg[6]/CE
264  CDC-15  Warning   Clock enable controlled CDC structure detected               0  None        u_pcie/design_1_wrapper_inst/design_1_i/xdma_0/inst/pcie3_ip_i/inst/user_lnk_up_reg/C                                                                                                                                                                                  u_pcie/u_pcie_fdma_aurora_brg_adapter/tx_target_frames_reg[6]/D
265  CDC-1   Critical  1-bit unknown CDC circuitry                                  0  None        u_pcie/design_1_wrapper_inst/design_1_i/xdma_0/inst/pcie3_ip_i/inst/user_lnk_up_reg/C                                                                                                                                                                                  u_pcie/u_pcie_fdma_aurora_brg_adapter/tx_target_frames_reg[7]/CE
266  CDC-15  Warning   Clock enable controlled CDC structure detected               0  None        u_pcie/design_1_wrapper_inst/design_1_i/xdma_0/inst/pcie3_ip_i/inst/user_lnk_up_reg/C                                                                                                                                                                                  u_pcie/u_pcie_fdma_aurora_brg_adapter/tx_target_frames_reg[7]/D
267  CDC-1   Critical  1-bit unknown CDC circuitry                                  0  None        u_pcie/design_1_wrapper_inst/design_1_i/xdma_0/inst/pcie3_ip_i/inst/user_lnk_up_reg/C                                                                                                                                                                                  u_pcie/u_pcie_fdma_aurora_brg_adapter/tx_target_frames_reg[8]/CE
268  CDC-15  Warning   Clock enable controlled CDC structure detected               0  None        u_pcie/design_1_wrapper_inst/design_1_i/xdma_0/inst/pcie3_ip_i/inst/user_lnk_up_reg/C                                                                                                                                                                                  u_pcie/u_pcie_fdma_aurora_brg_adapter/tx_target_frames_reg[8]/D
269  CDC-1   Critical  1-bit unknown CDC circuitry                                  0  None        u_pcie/design_1_wrapper_inst/design_1_i/xdma_0/inst/pcie3_ip_i/inst/user_lnk_up_reg/C                                                                                                                                                                                  u_pcie/u_pcie_fdma_aurora_brg_adapter/tx_target_frames_reg[9]/CE
270  CDC-15  Warning   Clock enable controlled CDC structure detected               0  None        u_pcie/design_1_wrapper_inst/design_1_i/xdma_0/inst/pcie3_ip_i/inst/user_lnk_up_reg/C                                                                                                                                                                                  u_pcie/u_pcie_fdma_aurora_brg_adapter/tx_target_frames_reg[9]/D
271  CDC-1   Critical  1-bit unknown CDC circuitry                                  0  None        u_pcie/design_1_wrapper_inst/design_1_i/xdma_0/inst/pcie3_ip_i/inst/user_lnk_up_reg/C                                                                                                                                                                                  u_pcie/u_pcie_fdma_aurora_brg_adapter/tx_target_frames_reg[10]/CE
272  CDC-15  Warning   Clock enable controlled CDC structure detected               0  None        u_pcie/design_1_wrapper_inst/design_1_i/xdma_0/inst/pcie3_ip_i/inst/user_lnk_up_reg/C                                                                                                                                                                                  u_pcie/u_pcie_fdma_aurora_brg_adapter/tx_target_frames_reg[10]/D
273  CDC-1   Critical  1-bit unknown CDC circuitry                                  0  None        u_pcie/design_1_wrapper_inst/design_1_i/xdma_0/inst/pcie3_ip_i/inst/user_lnk_up_reg/C                                                                                                                                                                                  u_pcie/u_pcie_fdma_aurora_brg_adapter/tx_target_frames_reg[11]/CE
274  CDC-15  Warning   Clock enable controlled CDC structure detected               0  None        u_pcie/design_1_wrapper_inst/design_1_i/xdma_0/inst/pcie3_ip_i/inst/user_lnk_up_reg/C                                                                                                                                                                                  u_pcie/u_pcie_fdma_aurora_brg_adapter/tx_target_frames_reg[11]/D
275  CDC-1   Critical  1-bit unknown CDC circuitry                                  0  None        u_pcie/design_1_wrapper_inst/design_1_i/xdma_0/inst/pcie3_ip_i/inst/user_lnk_up_reg/C                                                                                                                                                                                  u_pcie/u_pcie_fdma_aurora_brg_adapter/u_fdma_aurora_brg_tx/FSM_sequential_rd_state_reg[0]/CE
276  CDC-15  Warning   Clock enable controlled CDC structure detected               0  None        u_pcie/design_1_wrapper_inst/design_1_i/xdma_0/inst/pcie3_ip_i/inst/user_lnk_up_reg/C                                                                                                                                                                                  u_pcie/u_pcie_fdma_aurora_brg_adapter/u_fdma_aurora_brg_tx/FSM_sequential_rd_state_reg[0]/PRE
277  CDC-1   Critical  1-bit unknown CDC circuitry                                  0  None        u_pcie/design_1_wrapper_inst/design_1_i/xdma_0/inst/pcie3_ip_i/inst/user_lnk_up_reg/C                                                                                                                                                                                  u_pcie/u_pcie_fdma_aurora_brg_adapter/u_fdma_aurora_brg_tx/FSM_sequential_rd_state_reg[1]/CE
278  CDC-15  Warning   Clock enable controlled CDC structure detected               0  None        u_pcie/design_1_wrapper_inst/design_1_i/xdma_0/inst/pcie3_ip_i/inst/user_lnk_up_reg/C                                                                                                                                                                                  u_pcie/u_pcie_fdma_aurora_brg_adapter/u_fdma_aurora_brg_tx/FSM_sequential_rd_state_reg[1]/CLR
279  CDC-15  Warning   Clock enable controlled CDC structure detected               0  None        u_pcie/design_1_wrapper_inst/design_1_i/xdma_0/inst/pcie3_ip_i/inst/user_lnk_up_reg/C                                                                                                                                                                                  u_pcie/u_pcie_fdma_aurora_brg_adapter/u_fdma_aurora_brg_tx/burst_cnt_reg[0]/CLR
280  CDC-15  Warning   Clock enable controlled CDC structure detected               0  None        u_pcie/design_1_wrapper_inst/design_1_i/xdma_0/inst/pcie3_ip_i/inst/user_lnk_up_reg/C                                                                                                                                                                                  u_pcie/u_pcie_fdma_aurora_brg_adapter/u_fdma_aurora_brg_tx/burst_cnt_reg[1]/CLR
281  CDC-15  Warning   Clock enable controlled CDC structure detected               0  None        u_pcie/design_1_wrapper_inst/design_1_i/xdma_0/inst/pcie3_ip_i/inst/user_lnk_up_reg/C                                                                                                                                                                                  u_pcie/u_pcie_fdma_aurora_brg_adapter/u_fdma_aurora_brg_tx/burst_cnt_reg[2]/CLR
282  CDC-15  Warning   Clock enable controlled CDC structure detected               0  None        u_pcie/design_1_wrapper_inst/design_1_i/xdma_0/inst/pcie3_ip_i/inst/user_lnk_up_reg/C                                                                                                                                                                                  u_pcie/u_pcie_fdma_aurora_brg_adapter/u_fdma_aurora_brg_tx/burst_cnt_reg[3]/CLR
283  CDC-15  Warning   Clock enable controlled CDC structure detected               0  None        u_pcie/design_1_wrapper_inst/design_1_i/xdma_0/inst/pcie3_ip_i/inst/user_lnk_up_reg/C                                                                                                                                                                                  u_pcie/u_pcie_fdma_aurora_brg_adapter/u_fdma_aurora_brg_tx/burst_cnt_reg[4]/CLR
284  CDC-15  Warning   Clock enable controlled CDC structure detected               0  None        u_pcie/design_1_wrapper_inst/design_1_i/xdma_0/inst/pcie3_ip_i/inst/user_lnk_up_reg/C                                                                                                                                                                                  u_pcie/u_pcie_fdma_aurora_brg_adapter/u_fdma_aurora_brg_tx/burst_cnt_reg[5]/CLR
285  CDC-15  Warning   Clock enable controlled CDC structure detected               0  None        u_pcie/design_1_wrapper_inst/design_1_i/xdma_0/inst/pcie3_ip_i/inst/user_lnk_up_reg/C                                                                                                                                                                                  u_pcie/u_pcie_fdma_aurora_brg_adapter/u_fdma_aurora_brg_tx/burst_cnt_reg[6]/CLR
286  CDC-15  Warning   Clock enable controlled CDC structure detected               0  None        u_pcie/design_1_wrapper_inst/design_1_i/xdma_0/inst/pcie3_ip_i/inst/user_lnk_up_reg/C                                                                                                                                                                                  u_pcie/u_pcie_fdma_aurora_brg_adapter/u_fdma_aurora_brg_tx/burst_cnt_reg[7]/CLR
287  CDC-15  Warning   Clock enable controlled CDC structure detected               0  None        u_pcie/design_1_wrapper_inst/design_1_i/xdma_0/inst/pcie3_ip_i/inst/user_lnk_up_reg/C                                                                                                                                                                                  u_pcie/u_pcie_fdma_aurora_brg_adapter/u_fdma_aurora_brg_tx/burst_cnt_reg[8]/CLR
288  CDC-15  Warning   Clock enable controlled CDC structure detected               0  None        u_pcie/design_1_wrapper_inst/design_1_i/xdma_0/inst/pcie3_ip_i/inst/user_lnk_up_reg/C                                                                                                                                                                                  u_pcie/u_pcie_fdma_aurora_brg_adapter/u_fdma_aurora_brg_tx/burst_cnt_reg[9]/CLR
289  CDC-15  Warning   Clock enable controlled CDC structure detected               0  None        u_pcie/design_1_wrapper_inst/design_1_i/xdma_0/inst/pcie3_ip_i/inst/user_lnk_up_reg/C                                                                                                                                                                                  u_pcie/u_pcie_fdma_aurora_brg_adapter/u_fdma_aurora_brg_tx/burst_cnt_reg[10]/CLR
290  CDC-15  Warning   Clock enable controlled CDC structure detected               0  None        u_pcie/design_1_wrapper_inst/design_1_i/xdma_0/inst/pcie3_ip_i/inst/user_lnk_up_reg/C                                                                                                                                                                                  u_pcie/u_pcie_fdma_aurora_brg_adapter/u_fdma_aurora_brg_tx/burst_cnt_reg[11]/CLR
291  CDC-15  Warning   Clock enable controlled CDC structure detected               0  None        u_pcie/design_1_wrapper_inst/design_1_i/xdma_0/inst/pcie3_ip_i/inst/user_lnk_up_reg/C                                                                                                                                                                                  u_pcie/u_pcie_fdma_aurora_brg_adapter/u_fdma_aurora_brg_tx/burst_cnt_reg[12]/CLR
292  CDC-15  Warning   Clock enable controlled CDC structure detected               0  None        u_pcie/design_1_wrapper_inst/design_1_i/xdma_0/inst/pcie3_ip_i/inst/user_lnk_up_reg/C                                                                                                                                                                                  u_pcie/u_pcie_fdma_aurora_brg_adapter/u_fdma_aurora_brg_tx/burst_cnt_reg[13]/CLR
293  CDC-15  Warning   Clock enable controlled CDC structure detected               0  None        u_pcie/design_1_wrapper_inst/design_1_i/xdma_0/inst/pcie3_ip_i/inst/user_lnk_up_reg/C                                                                                                                                                                                  u_pcie/u_pcie_fdma_aurora_brg_adapter/u_fdma_aurora_brg_tx/burst_cnt_reg[14]/CLR
294  CDC-15  Warning   Clock enable controlled CDC structure detected               0  None        u_pcie/design_1_wrapper_inst/design_1_i/xdma_0/inst/pcie3_ip_i/inst/user_lnk_up_reg/C                                                                                                                                                                                  u_pcie/u_pcie_fdma_aurora_brg_adapter/u_fdma_aurora_brg_tx/burst_cnt_reg[15]/CLR
295  CDC-7   Critical  Asynchronous reset unknown CDC circuitry                     0  None        u_pcie/design_1_wrapper_inst/design_1_i/xdma_0/inst/pcie3_ip_i/inst/user_lnk_up_reg/C                                                                                                                                                                                  u_pcie/u_pcie_fdma_aurora_brg_adapter/u_fdma_aurora_brg_tx/fdma_rareq_reg/CLR
296  CDC-15  Warning   Clock enable controlled CDC structure detected               0  None        u_pcie/design_1_wrapper_inst/design_1_i/xdma_0/inst/pcie3_ip_i/inst/user_lnk_up_reg/C                                                                                                                                                                                  u_pcie/u_pcie_fdma_aurora_brg_adapter/u_fdma_aurora_brg_tx/rd_addr_reg[3]/CLR
297  CDC-15  Warning   Clock enable controlled CDC structure detected               0  None        u_pcie/design_1_wrapper_inst/design_1_i/xdma_0/inst/pcie3_ip_i/inst/user_lnk_up_reg/C                                                                                                                                                                                  u_pcie/u_pcie_fdma_aurora_brg_adapter/u_fdma_aurora_brg_tx/rd_addr_reg[4]/CLR
298  CDC-15  Warning   Clock enable controlled CDC structure detected               0  None        u_pcie/design_1_wrapper_inst/design_1_i/xdma_0/inst/pcie3_ip_i/inst/user_lnk_up_reg/C                                                                                                                                                                                  u_pcie/u_pcie_fdma_aurora_brg_adapter/u_fdma_aurora_brg_tx/rd_addr_reg[5]/CLR
299  CDC-15  Warning   Clock enable controlled CDC structure detected               0  None        u_pcie/design_1_wrapper_inst/design_1_i/xdma_0/inst/pcie3_ip_i/inst/user_lnk_up_reg/C                                                                                                                                                                                  u_pcie/u_pcie_fdma_aurora_brg_adapter/u_fdma_aurora_brg_tx/rd_addr_reg[6]/CLR
300  CDC-15  Warning   Clock enable controlled CDC structure detected               0  None        u_pcie/design_1_wrapper_inst/design_1_i/xdma_0/inst/pcie3_ip_i/inst/user_lnk_up_reg/C                                                                                                                                                                                  u_pcie/u_pcie_fdma_aurora_brg_adapter/u_fdma_aurora_brg_tx/rd_addr_reg[7]/CLR
301  CDC-15  Warning   Clock enable controlled CDC structure detected               0  None        u_pcie/design_1_wrapper_inst/design_1_i/xdma_0/inst/pcie3_ip_i/inst/user_lnk_up_reg/C                                                                                                                                                                                  u_pcie/u_pcie_fdma_aurora_brg_adapter/u_fdma_aurora_brg_tx/rd_addr_reg[8]/CLR
302  CDC-15  Warning   Clock enable controlled CDC structure detected               0  None        u_pcie/design_1_wrapper_inst/design_1_i/xdma_0/inst/pcie3_ip_i/inst/user_lnk_up_reg/C                                                                                                                                                                                  u_pcie/u_pcie_fdma_aurora_brg_adapter/u_fdma_aurora_brg_tx/rd_addr_reg[9]/CLR
303  CDC-15  Warning   Clock enable controlled CDC structure detected               0  None        u_pcie/design_1_wrapper_inst/design_1_i/xdma_0/inst/pcie3_ip_i/inst/user_lnk_up_reg/C                                                                                                                                                                                  u_pcie/u_pcie_fdma_aurora_brg_adapter/u_fdma_aurora_brg_tx/rd_addr_reg[10]/CLR
304  CDC-15  Warning   Clock enable controlled CDC structure detected               0  None        u_pcie/design_1_wrapper_inst/design_1_i/xdma_0/inst/pcie3_ip_i/inst/user_lnk_up_reg/C                                                                                                                                                                                  u_pcie/u_pcie_fdma_aurora_brg_adapter/u_fdma_aurora_brg_tx/rd_addr_reg[11]/CLR
305  CDC-15  Warning   Clock enable controlled CDC structure detected               0  None        u_pcie/design_1_wrapper_inst/design_1_i/xdma_0/inst/pcie3_ip_i/inst/user_lnk_up_reg/C                                                                                                                                                                                  u_pcie/u_pcie_fdma_aurora_brg_adapter/u_fdma_aurora_brg_tx/rd_addr_reg[12]/CLR
306  CDC-15  Warning   Clock enable controlled CDC structure detected               0  None        u_pcie/design_1_wrapper_inst/design_1_i/xdma_0/inst/pcie3_ip_i/inst/user_lnk_up_reg/C                                                                                                                                                                                  u_pcie/u_pcie_fdma_aurora_brg_adapter/u_fdma_aurora_brg_tx/rd_addr_reg[13]/CLR
307  CDC-15  Warning   Clock enable controlled CDC structure detected               0  None        u_pcie/design_1_wrapper_inst/design_1_i/xdma_0/inst/pcie3_ip_i/inst/user_lnk_up_reg/C                                                                                                                                                                                  u_pcie/u_pcie_fdma_aurora_brg_adapter/u_fdma_aurora_brg_tx/rd_addr_reg[14]/CLR
308  CDC-15  Warning   Clock enable controlled CDC structure detected               0  None        u_pcie/design_1_wrapper_inst/design_1_i/xdma_0/inst/pcie3_ip_i/inst/user_lnk_up_reg/C                                                                                                                                                                                  u_pcie/u_pcie_fdma_aurora_brg_adapter/u_fdma_aurora_brg_tx/rd_addr_reg[15]/CLR
309  CDC-15  Warning   Clock enable controlled CDC structure detected               0  None        u_pcie/design_1_wrapper_inst/design_1_i/xdma_0/inst/pcie3_ip_i/inst/user_lnk_up_reg/C                                                                                                                                                                                  u_pcie/u_pcie_fdma_aurora_brg_adapter/u_fdma_aurora_brg_tx/rd_addr_reg[16]/CLR
310  CDC-15  Warning   Clock enable controlled CDC structure detected               0  None        u_pcie/design_1_wrapper_inst/design_1_i/xdma_0/inst/pcie3_ip_i/inst/user_lnk_up_reg/C                                                                                                                                                                                  u_pcie/u_pcie_fdma_aurora_brg_adapter/u_fdma_aurora_brg_tx/rd_addr_reg[17]/CLR
311  CDC-15  Warning   Clock enable controlled CDC structure detected               0  None        u_pcie/design_1_wrapper_inst/design_1_i/xdma_0/inst/pcie3_ip_i/inst/user_lnk_up_reg/C                                                                                                                                                                                  u_pcie/u_pcie_fdma_aurora_brg_adapter/u_fdma_aurora_brg_tx/rd_addr_reg[18]/CLR
312  CDC-15  Warning   Clock enable controlled CDC structure detected               0  None        u_pcie/design_1_wrapper_inst/design_1_i/xdma_0/inst/pcie3_ip_i/inst/user_lnk_up_reg/C                                                                                                                                                                                  u_pcie/u_pcie_fdma_aurora_brg_adapter/u_fdma_aurora_brg_tx/rd_addr_reg[19]/CLR
313  CDC-15  Warning   Clock enable controlled CDC structure detected               0  None        u_pcie/design_1_wrapper_inst/design_1_i/xdma_0/inst/pcie3_ip_i/inst/user_lnk_up_reg/C                                                                                                                                                                                  u_pcie/u_pcie_fdma_aurora_brg_adapter/u_fdma_aurora_brg_tx/rd_addr_reg[20]/CLR
314  CDC-15  Warning   Clock enable controlled CDC structure detected               0  None        u_pcie/design_1_wrapper_inst/design_1_i/xdma_0/inst/pcie3_ip_i/inst/user_lnk_up_reg/C                                                                                                                                                                                  u_pcie/u_pcie_fdma_aurora_brg_adapter/u_fdma_aurora_brg_tx/rd_addr_reg[21]/CLR
315  CDC-15  Warning   Clock enable controlled CDC structure detected               0  None        u_pcie/design_1_wrapper_inst/design_1_i/xdma_0/inst/pcie3_ip_i/inst/user_lnk_up_reg/C                                                                                                                                                                                  u_pcie/u_pcie_fdma_aurora_brg_adapter/u_fdma_aurora_brg_tx/rd_addr_reg[22]/CLR
316  CDC-15  Warning   Clock enable controlled CDC structure detected               0  None        u_pcie/design_1_wrapper_inst/design_1_i/xdma_0/inst/pcie3_ip_i/inst/user_lnk_up_reg/C                                                                                                                                                                                  u_pcie/u_pcie_fdma_aurora_brg_adapter/u_fdma_aurora_brg_tx/rd_addr_reg[23]/CLR
317  CDC-15  Warning   Clock enable controlled CDC structure detected               0  None        u_pcie/design_1_wrapper_inst/design_1_i/xdma_0/inst/pcie3_ip_i/inst/user_lnk_up_reg/C                                                                                                                                                                                  u_pcie/u_pcie_fdma_aurora_brg_adapter/u_fdma_aurora_brg_tx/rd_addr_reg[24]/CLR
318  CDC-15  Warning   Clock enable controlled CDC structure detected               0  None        u_pcie/design_1_wrapper_inst/design_1_i/xdma_0/inst/pcie3_ip_i/inst/user_lnk_up_reg/C                                                                                                                                                                                  u_pcie/u_pcie_fdma_aurora_brg_adapter/u_fdma_aurora_brg_tx/rd_addr_reg[25]/CLR
319  CDC-15  Warning   Clock enable controlled CDC structure detected               0  None        u_pcie/design_1_wrapper_inst/design_1_i/xdma_0/inst/pcie3_ip_i/inst/user_lnk_up_reg/C                                                                                                                                                                                  u_pcie/u_pcie_fdma_aurora_brg_adapter/u_fdma_aurora_brg_tx/rd_addr_reg[26]/CLR
320  CDC-15  Warning   Clock enable controlled CDC structure detected               0  None        u_pcie/design_1_wrapper_inst/design_1_i/xdma_0/inst/pcie3_ip_i/inst/user_lnk_up_reg/C                                                                                                                                                                                  u_pcie/u_pcie_fdma_aurora_brg_adapter/u_fdma_aurora_brg_tx/rd_addr_reg[27]/CLR
321  CDC-15  Warning   Clock enable controlled CDC structure detected               0  None        u_pcie/design_1_wrapper_inst/design_1_i/xdma_0/inst/pcie3_ip_i/inst/user_lnk_up_reg/C                                                                                                                                                                                  u_pcie/u_pcie_fdma_aurora_brg_adapter/u_fdma_aurora_brg_tx/rd_addr_reg[28]/CLR
322  CDC-15  Warning   Clock enable controlled CDC structure detected               0  None        u_pcie/design_1_wrapper_inst/design_1_i/xdma_0/inst/pcie3_ip_i/inst/user_lnk_up_reg/C                                                                                                                                                                                  u_pcie/u_pcie_fdma_aurora_brg_adapter/u_fdma_aurora_brg_tx/rd_addr_reg[29]/CLR
323  CDC-15  Warning   Clock enable controlled CDC structure detected               0  None        u_pcie/design_1_wrapper_inst/design_1_i/xdma_0/inst/pcie3_ip_i/inst/user_lnk_up_reg/C                                                                                                                                                                                  u_pcie/u_pcie_fdma_aurora_brg_adapter/u_fdma_aurora_brg_tx/rd_addr_reg[30]/CLR
324  CDC-15  Warning   Clock enable controlled CDC structure detected               0  None        u_pcie/design_1_wrapper_inst/design_1_i/xdma_0/inst/pcie3_ip_i/inst/user_lnk_up_reg/C                                                                                                                                                                                  u_pcie/u_pcie_fdma_aurora_brg_adapter/u_fdma_aurora_brg_tx/rd_addr_reg[31]/CLR
325  CDC-1   Critical  1-bit unknown CDC circuitry                                  0  None        u_pcie/design_1_wrapper_inst/design_1_i/xdma_0/inst/pcie3_ip_i/inst/user_lnk_up_reg/C                                                                                                                                                                                  u_pcie/u_pcie_fdma_aurora_brg_adapter/u_fdma_aurora_brg_tx/rd_state_reg[0]/CE
326  CDC-15  Warning   Clock enable controlled CDC structure detected               0  None        u_pcie/design_1_wrapper_inst/design_1_i/xdma_0/inst/pcie3_ip_i/inst/user_lnk_up_reg/C                                                                                                                                                                                  u_pcie/u_pcie_fdma_aurora_brg_adapter/u_fdma_aurora_brg_tx/rd_state_reg[0]/CLR
327  CDC-1   Critical  1-bit unknown CDC circuitry                                  0  None        u_pcie/design_1_wrapper_inst/design_1_i/xdma_0/inst/pcie3_ip_i/inst/user_lnk_up_reg/C                                                                                                                                                                                  u_pcie/u_pcie_fdma_aurora_brg_adapter/u_fdma_aurora_brg_tx/rd_state_reg[1]/CE
328  CDC-15  Warning   Clock enable controlled CDC structure detected               0  None        u_pcie/design_1_wrapper_inst/design_1_i/xdma_0/inst/pcie3_ip_i/inst/user_lnk_up_reg/C                                                                                                                                                                                  u_pcie/u_pcie_fdma_aurora_brg_adapter/u_fdma_aurora_brg_tx/rd_state_reg[1]/CLR
329  CDC-15  Warning   Clock enable controlled CDC structure detected               0  None        u_pcie/design_1_wrapper_inst/design_1_i/xdma_0/inst/pcie3_ip_i/inst/user_lnk_up_reg/C                                                                                                                                                                                  u_pcie/u_pcie_fdma_aurora_brg_adapter/u_fdma_aurora_brg_tx/rd_word_cnt_reg[0]/CLR
330  CDC-15  Warning   Clock enable controlled CDC structure detected               0  None        u_pcie/design_1_wrapper_inst/design_1_i/xdma_0/inst/pcie3_ip_i/inst/user_lnk_up_reg/C                                                                                                                                                                                  u_pcie/u_pcie_fdma_aurora_brg_adapter/u_fdma_aurora_brg_tx/rd_word_cnt_reg[1]/CLR
331  CDC-15  Warning   Clock enable controlled CDC structure detected               0  None        u_pcie/design_1_wrapper_inst/design_1_i/xdma_0/inst/pcie3_ip_i/inst/user_lnk_up_reg/C                                                                                                                                                                                  u_pcie/u_pcie_fdma_aurora_brg_adapter/u_fdma_aurora_brg_tx/rd_word_cnt_reg[2]/CLR
332  CDC-15  Warning   Clock enable controlled CDC structure detected               0  None        u_pcie/design_1_wrapper_inst/design_1_i/xdma_0/inst/pcie3_ip_i/inst/user_lnk_up_reg/C                                                                                                                                                                                  u_pcie/u_pcie_fdma_aurora_brg_adapter/u_fdma_aurora_brg_tx/rd_word_cnt_reg[3]/CLR
333  CDC-15  Warning   Clock enable controlled CDC structure detected               0  None        u_pcie/design_1_wrapper_inst/design_1_i/xdma_0/inst/pcie3_ip_i/inst/user_lnk_up_reg/C                                                                                                                                                                                  u_pcie/u_pcie_fdma_aurora_brg_adapter/u_fdma_aurora_brg_tx/rd_word_cnt_reg[4]/CLR
334  CDC-15  Warning   Clock enable controlled CDC structure detected               0  None        u_pcie/design_1_wrapper_inst/design_1_i/xdma_0/inst/pcie3_ip_i/inst/user_lnk_up_reg/C                                                                                                                                                                                  u_pcie/u_pcie_fdma_aurora_brg_adapter/u_fdma_aurora_brg_tx/rd_word_cnt_reg[5]/CLR
335  CDC-15  Warning   Clock enable controlled CDC structure detected               0  None        u_pcie/design_1_wrapper_inst/design_1_i/xdma_0/inst/pcie3_ip_i/inst/user_lnk_up_reg/C                                                                                                                                                                                  u_pcie/u_pcie_fdma_aurora_brg_adapter/u_fdma_aurora_brg_tx/rd_word_cnt_reg[6]/CLR
336  CDC-1   Critical  1-bit unknown CDC circuitry                                  0  None        u_pcie/design_1_wrapper_inst/design_1_i/xdma_0/inst/pcie3_ip_i/inst/user_lnk_up_reg/C                                                                                                                                                                                  u_pcie/u_pcie_fdma_aurora_brg_adapter/u_fdma_aurora_brg_tx/xpm_fifo_async_inst/gnuram_async_fifo.xpm_fifo_base_inst/gen_pf_ic_rc.gpf_ic.prog_full_i_reg/D
337  CDC-1   Critical  1-bit unknown CDC circuitry                                  0  None        u_pcie/design_1_wrapper_inst/design_1_i/xdma_0/inst/pcie3_ip_i/inst/user_lnk_up_reg/C                                                                                                                                                                                  u_pcie/u_pcie_fdma_aurora_brg_adapter/u_fdma_aurora_brg_tx/xpm_fifo_async_inst/gnuram_async_fifo.xpm_fifo_base_inst/xpm_fifo_rst_inst/FSM_onehot_gen_rst_ic.curr_wrst_state_reg[0]/D
338  CDC-1   Critical  1-bit unknown CDC circuitry                                  0  None        u_pcie/design_1_wrapper_inst/design_1_i/xdma_0/inst/pcie3_ip_i/inst/user_lnk_up_reg/C                                                                                                                                                                                  u_pcie/u_pcie_fdma_aurora_brg_adapter/u_fdma_aurora_brg_tx/xpm_fifo_async_inst/gnuram_async_fifo.xpm_fifo_base_inst/xpm_fifo_rst_inst/FSM_onehot_gen_rst_ic.curr_wrst_state_reg[1]/D
339  CDC-1   Critical  1-bit unknown CDC circuitry                                  0  None        u_pcie/design_1_wrapper_inst/design_1_i/xdma_0/inst/pcie3_ip_i/inst/user_lnk_up_reg/C                                                                                                                                                                                  u_pcie/u_pcie_fdma_aurora_brg_adapter/u_fdma_aurora_brg_tx/xpm_fifo_async_inst/gnuram_async_fifo.xpm_fifo_base_inst/xpm_fifo_rst_inst/FSM_onehot_gen_rst_ic.curr_wrst_state_reg[2]/D
340  CDC-1   Critical  1-bit unknown CDC circuitry                                  0  None        u_pcie/design_1_wrapper_inst/design_1_i/xdma_0/inst/pcie3_ip_i/inst/user_lnk_up_reg/C                                                                                                                                                                                  u_pcie/u_pcie_fdma_aurora_brg_adapter/u_fdma_aurora_brg_tx/xpm_fifo_async_inst/gnuram_async_fifo.xpm_fifo_base_inst/xpm_fifo_rst_inst/FSM_onehot_gen_rst_ic.curr_wrst_state_reg[3]/D
341  CDC-1   Critical  1-bit unknown CDC circuitry                                  0  None        u_pcie/design_1_wrapper_inst/design_1_i/xdma_0/inst/pcie3_ip_i/inst/user_lnk_up_reg/C                                                                                                                                                                                  u_pcie/u_pcie_fdma_aurora_brg_adapter/u_fdma_aurora_brg_tx/xpm_fifo_async_inst/gnuram_async_fifo.xpm_fifo_base_inst/xpm_fifo_rst_inst/FSM_onehot_gen_rst_ic.curr_wrst_state_reg[4]/D
342  CDC-1   Critical  1-bit unknown CDC circuitry                                  0  None        u_pcie/design_1_wrapper_inst/design_1_i/xdma_0/inst/pcie3_ip_i/inst/user_lnk_up_reg/C                                                                                                                                                                                  u_pcie/u_pcie_fdma_aurora_brg_adapter/u_fdma_aurora_brg_tx/xpm_fifo_async_inst/gnuram_async_fifo.xpm_fifo_base_inst/xpm_fifo_rst_inst/gen_rst_ic.fifo_wr_rst_ic_reg/D
343  CDC-1   Critical  1-bit unknown CDC circuitry                                  0  None        u_pcie/design_1_wrapper_inst/design_1_i/xdma_0/inst/pcie3_ip_i/inst/user_lnk_up_reg/C                                                                                                                                                                                  u_pcie/u_pcie_fdma_aurora_brg_adapter/u_fdma_aurora_brg_tx/xpm_fifo_async_inst/gnuram_async_fifo.xpm_fifo_base_inst/xpm_fifo_rst_inst/gen_rst_ic.rst_seq_reentered_reg/D
344  CDC-1   Critical  1-bit unknown CDC circuitry                                  0  None        u_pcie/design_1_wrapper_inst/design_1_i/xdma_0/inst/pcie3_ip_i/inst/user_lnk_up_reg/C                                                                                                                                                                                  u_pcie/u_pcie_fdma_aurora_brg_adapter/u_fdma_aurora_brg_tx/xpm_fifo_async_inst/gnuram_async_fifo.xpm_fifo_base_inst/xpm_fifo_rst_inst/gen_rst_ic.wr_rst_busy_ic_reg/D

Source Clock: aurora_user_clk
Destination Clock: clk_out3_clk_wiz_0
CDC Type: No Common Primary Clock

Row  ID     Severity  Description                                 Depth  Exception   Source (From)                                                                                                                                                                                                                                                                                                                                                                                                                          Destination (To)
---  -----  --------  ------------------------------------------  -----  ----------  -------------------------------------------------------------------------------------------------------------------------------------------------------------------------------------------------------------------------------------------------------------------------------------------------------------------------------------------------------------------------------------------------------------------------------------  ---------------------------------------------------------------------------------------------------------------------------------------------------------------------------------------------------------------------------------------------------------------------------------------------------------------------------------------------------------------------------------------------------------
  1  CDC-3  Info      1-bit synchronized with ASYNC_REG property      5  False Path  u_aurora_64b66b_top/aurora_64b66b_0_exdes_inst/aurora_64b66b_0_block_i/inst/aurora_64b66b_0_core_i/aurora_64b66b_0_wrapper_i/aurora_64b66b_0_multi_gt_i/aurora_64b66b_0_gt_i/inst/gen_gtwizard_gthe3_top.aurora_64b66b_0_gt_gtwizard_gthe3_inst/gen_gtwizard_gthe3.gen_channel_container[2].gen_enabled_channel.gthe3_channel_wrapper_inst/channel_inst/gthe3_channel_gen.gen_gthe3_channel_inst[0].GTHE3_CHANNEL_PRIM_INST/TXUSRCLK2  u_aurora_64b66b_top/aurora_64b66b_0_exdes_inst/aurora_64b66b_0_block_i/inst/aurora_64b66b_0_core_i/aurora_64b66b_0_wrapper_i/aurora_64b66b_0_multi_gt_i/aurora_64b66b_0_gt_i/inst/gen_gtwizard_gthe3_top.aurora_64b66b_0_gt_gtwizard_gthe3_inst/gen_gtwizard_gthe3.gen_reset_controller_internal.gen_single_instance.gen_ch_xrd[0].bit_synchronizer_txresetdone_inst/i_in_meta_reg/D
  2  CDC-3  Info      1-bit synchronized with ASYNC_REG property      5  False Path  u_aurora_64b66b_top/aurora_64b66b_0_exdes_inst/aurora_64b66b_0_block_i/inst/aurora_64b66b_0_core_i/aurora_64b66b_0_wrapper_i/aurora_64b66b_0_multi_gt_i/usrclk_tx_active_in_extend_cntr_reg[7]/C                                                                                                                                                                                                                                       u_aurora_64b66b_top/aurora_64b66b_0_exdes_inst/aurora_64b66b_0_block_i/inst/aurora_64b66b_0_core_i/aurora_64b66b_0_wrapper_i/aurora_64b66b_0_multi_gt_i/aurora_64b66b_0_gt_i/inst/gen_gtwizard_gthe3_top.aurora_64b66b_0_gt_gtwizard_gthe3_inst/gen_gtwizard_gthe3.gen_reset_controller_internal.gen_single_instance.gtwiz_reset_inst/bit_synchronizer_gtwiz_reset_userclk_tx_active_inst/i_in_meta_reg/D
  3  CDC-3  Info      1-bit synchronized with ASYNC_REG property      5  False Path  u_aurora_64b66b_top/aurora_64b66b_0_exdes_inst/aurora_64b66b_0_block_i/inst/aurora_64b66b_0_core_i/aurora_64b66b_0_wrapper_i/hard_err_usr_reg/C                                                                                                                                                                                                                                                                                        u_aurora_64b66b_top/aurora_64b66b_0_exdes_inst/aurora_64b66b_0_block_i/inst/aurora_64b66b_0_core_i/aurora_64b66b_0_wrapper_i/u_cdc_hard_err_init/s_level_out_d1_aurora_64b66b_0_cdc_to_reg/D
  4  CDC-3  Info      1-bit synchronized with ASYNC_REG property      5  False Path  u_aurora_64b66b_top/aurora_64b66b_0_exdes_inst/aurora_64b66b_0_block_i/inst/aurora_64b66b_0_core_i/aurora_64b66b_0_wrapper_i/FSM_RESETDONE_j_reg/C                                                                                                                                                                                                                                                                                     u_aurora_64b66b_top/aurora_64b66b_0_exdes_inst/aurora_64b66b_0_block_i/inst/aurora_64b66b_0_core_i/aurora_64b66b_0_wrapper_i/u_rst_sync_fsm_resetdone_initclk/stg1_aurora_64b66b_0_cdc_to_reg/D
  5  CDC-3  Info      1-bit synchronized with ASYNC_REG property      5  False Path  u_aurora_64b66b_top/aurora_64b66b_0_exdes_inst/aurora_64b66b_0_block_i/inst/aurora_64b66b_0_core_i/core_reset_logic_i/SYSTEM_RESET_reg/C                                                                                                                                                                                                                                                                                               u_aurora_64b66b_top/aurora_64b66b_0_exdes_inst/aurora_64b66b_0_block_i/inst/aurora_64b66b_0_core_i/aurora_64b66b_0_wrapper_i/u_rst_sync_reset_initclk/stg1_aurora_64b66b_0_cdc_to_reg/D
  6  CDC-3  Info      1-bit synchronized with ASYNC_REG property      5  False Path  u_aurora_64b66b_top/aurora_64b66b_0_exdes_inst/aurora_64b66b_0_block_i/inst/aurora_64b66b_0_core_i/aurora_64b66b_0_wrapper_i/aurora_64b66b_0_multi_gt_i/fabric_pcs_rst_extend_cntr_reg[9]_inv/C                                                                                                                                                                                                                                        u_aurora_64b66b_top/aurora_64b66b_0_exdes_inst/aurora_64b66b_0_block_i/inst/aurora_64b66b_0_core_i/aurora_64b66b_0_wrapper_i/u_rst_sync_txusrclk_gtx_reset_comb/stg1_aurora_64b66b_0_cdc_to_reg/D

Source Clock: rxoutclk_out[0]
Destination Clock: clk_out3_clk_wiz_0
CDC Type: No Common Primary Clock

Row  ID     Severity  Description                                 Depth  Exception   Source (From)                                                                                                                                                                                                                                                                                                                                                                                                                          Destination (To)
---  -----  --------  ------------------------------------------  -----  ----------  -------------------------------------------------------------------------------------------------------------------------------------------------------------------------------------------------------------------------------------------------------------------------------------------------------------------------------------------------------------------------------------------------------------------------------------  ---------------------------------------------------------------------------------------------------------------------------------------------------------------------------------------------------------------------------------------------------------------------------------------------------------------------------------------------------------------------------------------------------------
  1  CDC-3  Info      1-bit synchronized with ASYNC_REG property      5  False Path  u_aurora_64b66b_top/aurora_64b66b_0_exdes_inst/aurora_64b66b_0_block_i/inst/aurora_64b66b_0_core_i/aurora_64b66b_0_wrapper_i/aurora_64b66b_0_multi_gt_i/aurora_64b66b_0_gt_i/inst/gen_gtwizard_gthe3_top.aurora_64b66b_0_gt_gtwizard_gthe3_inst/gen_gtwizard_gthe3.gen_channel_container[2].gen_enabled_channel.gthe3_channel_wrapper_inst/channel_inst/gthe3_channel_gen.gen_gthe3_channel_inst[0].GTHE3_CHANNEL_PRIM_INST/RXUSRCLK2  u_aurora_64b66b_top/aurora_64b66b_0_exdes_inst/aurora_64b66b_0_block_i/inst/aurora_64b66b_0_core_i/aurora_64b66b_0_wrapper_i/aurora_64b66b_0_multi_gt_i/aurora_64b66b_0_gt_i/inst/gen_gtwizard_gthe3_top.aurora_64b66b_0_gt_gtwizard_gthe3_inst/gen_gtwizard_gthe3.gen_reset_controller_internal.gen_single_instance.gen_ch_xrd[0].bit_synchronizer_rxresetdone_inst/i_in_meta_reg/D
  2  CDC-3  Info      1-bit synchronized with ASYNC_REG property      5  False Path  u_aurora_64b66b_top/aurora_64b66b_0_exdes_inst/aurora_64b66b_0_block_i/inst/aurora_64b66b_0_core_i/aurora_64b66b_0_wrapper_i/aurora_64b66b_0_multi_gt_i/usrclk_rx_active_in_extend_cntr_reg[7]/C                                                                                                                                                                                                                                       u_aurora_64b66b_top/aurora_64b66b_0_exdes_inst/aurora_64b66b_0_block_i/inst/aurora_64b66b_0_core_i/aurora_64b66b_0_wrapper_i/aurora_64b66b_0_multi_gt_i/aurora_64b66b_0_gt_i/inst/gen_gtwizard_gthe3_top.aurora_64b66b_0_gt_gtwizard_gthe3_inst/gen_gtwizard_gthe3.gen_reset_controller_internal.gen_single_instance.gtwiz_reset_inst/bit_synchronizer_gtwiz_reset_userclk_rx_active_inst/i_in_meta_reg/D
  3  CDC-3  Info      1-bit synchronized with ASYNC_REG property      3  False Path  u_aurora_64b66b_top/aurora_64b66b_0_exdes_inst/aurora_64b66b_0_block_i/inst/aurora_64b66b_0_core_i/aurora_64b66b_0_wrapper_i/cbcc_gtx0_i/valid_btf_detect_extend_r2_reg/C                                                                                                                                                                                                                                                              u_aurora_64b66b_top/aurora_64b66b_0_exdes_inst/aurora_64b66b_0_block_i/inst/aurora_64b66b_0_core_i/aurora_64b66b_0_wrapper_i/cbcc_gtx0_i/u_rst_sync_btf_sync/stg1_aurora_64b66b_0_cdc_to_reg/D
  4  CDC-3  Info      1-bit synchronized with ASYNC_REG property      5  False Path  u_aurora_64b66b_top/aurora_64b66b_0_exdes_inst/aurora_64b66b_0_block_i/inst/aurora_64b66b_0_core_i/aurora_64b66b_0_wrapper_i/blocksync_all_lanes_inrxclk_q_reg/C                                                                                                                                                                                                                                                                       u_aurora_64b66b_top/aurora_64b66b_0_exdes_inst/aurora_64b66b_0_block_i/inst/aurora_64b66b_0_core_i/aurora_64b66b_0_wrapper_i/u_rst_sync_blocksyncall_initclk_sync/stg1_aurora_64b66b_0_cdc_to_reg/D

Source Clock: mmcm_clkout5
Destination Clock: dbg_hub/inst/BSCANID.u_xsdbm_id/SWITCH_N_EXT_BSCAN.bscan_inst/SERIES7_BSCAN.bscan_inst/TCK
CDC Type: No Common Primary Clock

Row  ID     Severity  Description                                              Depth  Exception   Source (From)                                                                                  Destination (To)
---  -----  --------  -------------------------------------------------------  -----  ----------  ---------------------------------------------------------------------------------------------  -------------------------------------------------------------------------------------------------------------------------------------------------------------------------------------------------------------------
  1  CDC-9  Info      Asynchronous reset synchronized with ASYNC_REG property      2  False Path  dbg_hub/inst/BSCANID.u_xsdbm_id/CORE_XSDB.UUT_MASTER/U_ICON_INTERFACE/rddata_rst_reg/C         dbg_hub/inst/BSCANID.u_xsdbm_id/CORE_XSDB.UUT_MASTER/U_ICON_INTERFACE/U_CMD6_RD/U_RD_FIFO/SUBCORE_FIFO.xsdbm_v3_0_0_rdfifo_inst/inst_fifo_gen/gconvfifo.rf/grf.rf/rstblk/ngwrdrst.grst.g7serrst.rst_rd_reg1_reg/PRE
  2  CDC-3  Info      1-bit synchronized with ASYNC_REG property                   2  False Path  dbg_hub/inst/BSCANID.u_xsdbm_id/CORE_XSDB.UUT_MASTER/U_ICON_INTERFACE/U_CMD1/ctl_reg_reg[0]/C  dbg_hub/inst/BSCANID.u_xsdbm_id/CORE_XSDB.UUT_MASTER/U_ICON_INTERFACE/ma_rst_1_reg/D

Source Clock: txoutclk_out[0]
Destination Clock: init_clk_25m
CDC Type: No Common Primary Clock

Row  ID     Severity  Description                                 Depth  Exception   Source (From)                                                                                                                                                                                                                                                                                                                                         Destination (To)
---  -----  --------  ------------------------------------------  -----  ----------  ----------------------------------------------------------------------------------------------------------------------------------------------------------------------------------------------------------------------------------------------------------------------------------------------------------------------------------------------------  ------------------------------------------------------------------------------------------------------------------------------------------------------------------------------------------------------------------------------------------------------------------------------------------------------------------------
  1  CDC-3  Info      1-bit synchronized with ASYNC_REG property      3  False Path  U_AURORA_1G/aurora_i/inst/aurora_8b10b_1p25g_core_i/aurora_8b10b_1p25g_aurora_lane_4byte_0_i/aurora_8b10b_1p25g_hotplug_i/rx_cc_cdc_sync/p_level_in_d1_cdc_from_reg/C                                                                                                                                                                                 U_AURORA_1G/aurora_i/inst/aurora_8b10b_1p25g_core_i/aurora_8b10b_1p25g_aurora_lane_4byte_0_i/aurora_8b10b_1p25g_hotplug_i/rx_cc_cdc_sync/s_level_out_d1_aurora_8b10b_1p25g_cdc_to_reg/D
  2  CDC-3  Info      1-bit synchronized with ASYNC_REG property      5  False Path  U_AURORA_1G/aurora_i/inst/aurora_8b10b_1p25g_core_i/gt_wrapper_i/aurora_8b10b_1p25g_gt_i/inst/gen_gtwizard_gthe3_top.aurora_8b10b_1p25g_gt_gtwizard_gthe3_inst/gen_gtwizard_gthe3.gen_channel_container[0].gen_enabled_channel.gthe3_channel_wrapper_inst/channel_inst/gthe3_channel_gen.gen_gthe3_channel_inst[0].GTHE3_CHANNEL_PRIM_INST/RXUSRCLK2  U_AURORA_1G/aurora_i/inst/aurora_8b10b_1p25g_core_i/gt_wrapper_i/aurora_8b10b_1p25g_gt_i/inst/gen_gtwizard_gthe3_top.aurora_8b10b_1p25g_gt_gtwizard_gthe3_inst/gen_gtwizard_gthe3.gen_reset_controller_internal.gen_single_instance.gen_ch_xrd[0].bit_synchronizer_rxresetdone_inst/i_in_meta_reg/D
  3  CDC-3  Info      1-bit synchronized with ASYNC_REG property      5  False Path  U_AURORA_1G/aurora_i/inst/aurora_8b10b_1p25g_core_i/gt_wrapper_i/aurora_8b10b_1p25g_gt_i/inst/gen_gtwizard_gthe3_top.aurora_8b10b_1p25g_gt_gtwizard_gthe3_inst/gen_gtwizard_gthe3.gen_channel_container[0].gen_enabled_channel.gthe3_channel_wrapper_inst/channel_inst/gthe3_channel_gen.gen_gthe3_channel_inst[0].GTHE3_CHANNEL_PRIM_INST/TXUSRCLK2  U_AURORA_1G/aurora_i/inst/aurora_8b10b_1p25g_core_i/gt_wrapper_i/aurora_8b10b_1p25g_gt_i/inst/gen_gtwizard_gthe3_top.aurora_8b10b_1p25g_gt_gtwizard_gthe3_inst/gen_gtwizard_gthe3.gen_reset_controller_internal.gen_single_instance.gen_ch_xrd[0].bit_synchronizer_txresetdone_inst/i_in_meta_reg/D
  4  CDC-3  Info      1-bit synchronized with ASYNC_REG property      5  False Path  U_AURORA_1G/aurora_i/inst/aurora_8b10b_1p25g_core_i/gt_wrapper_i/gtwiz_userclk_rx_active_in_reg[0]/C                                                                                                                                                                                                                                                  U_AURORA_1G/aurora_i/inst/aurora_8b10b_1p25g_core_i/gt_wrapper_i/aurora_8b10b_1p25g_gt_i/inst/gen_gtwizard_gthe3_top.aurora_8b10b_1p25g_gt_gtwizard_gthe3_inst/gen_gtwizard_gthe3.gen_reset_controller_internal.gen_single_instance.gtwiz_reset_inst/bit_synchronizer_gtwiz_reset_userclk_rx_active_inst/i_in_meta_reg/D
  5  CDC-3  Info      1-bit synchronized with ASYNC_REG property      5  False Path  U_AURORA_1G/aurora_i/inst/aurora_8b10b_1p25g_core_i/gt_wrapper_i/gtwiz_userclk_tx_active_in_reg[0]/C                                                                                                                                                                                                                                                  U_AURORA_1G/aurora_i/inst/aurora_8b10b_1p25g_core_i/gt_wrapper_i/aurora_8b10b_1p25g_gt_i/inst/gen_gtwizard_gthe3_top.aurora_8b10b_1p25g_gt_gtwizard_gthe3_inst/gen_gtwizard_gthe3.gen_reset_controller_internal.gen_single_instance.gtwiz_reset_inst/bit_synchronizer_gtwiz_reset_userclk_tx_active_inst/i_in_meta_reg/D
  6  CDC-3  Info      1-bit synchronized with ASYNC_REG property      5  False Path  U_AURORA_1G/aurora_i/inst/aurora_8b10b_1p25g_core_i/gt_wrapper_i/gtrxreset_cdc_sync/p_level_in_d1_cdc_from_reg/C                                                                                                                                                                                                                                      U_AURORA_1G/aurora_i/inst/aurora_8b10b_1p25g_core_i/gt_wrapper_i/gtrxreset_cdc_sync/s_level_out_d1_aurora_8b10b_1p25g_cdc_to_reg/D

Source Clock: clk_out1_clk_wiz_0
Destination Clock: mmcm_clkout0
CDC Type: No Common Phase

Row  ID     Severity  Description                                 Depth  Exception   Source (From)                                                                                                                                                                                                                           Destination (To)
---  -----  --------  ------------------------------------------  -----  ----------  --------------------------------------------------------------------------------------------------------------------------------------------------------------------------------------------------------------------------------------  --------------------------------------------------------------------------------------------------------------------------------------------------------------------------------------------------------------------------------------------------------------------
  1  CDC-3  Info      1-bit synchronized with ASYNC_REG property      6  False Path  u_pcie/u_rtds_ddr4_backend/u_axi_clock_converter/inst/gen_clock_conv.gen_async_conv.asyncfifo_axi/inst_fifo_gen/gaxi_full_lite.gread_ch.grach2.axi_rach/grf.rf/rstblk/ngwrdrst.grst.g7serrst.gnsckt_wrst.gic_rst.sckt_wr_rst_ic_reg/C   u_pcie/u_rtds_ddr4_backend/u_axi_clock_converter/inst/gen_clock_conv.gen_async_conv.asyncfifo_axi/inst_fifo_gen/gaxi_full_lite.gread_ch.grach2.axi_rach/grf.rf/rstblk/ngwrdrst.grst.g7serrst.gnsckt_wrst.gic_rst.xpm_cdc_single_inst_wrst_rd/syncstages_ff_reg[0]/D
  2  CDC-3  Info      1-bit synchronized with ASYNC_REG property      5  False Path  u_pcie/u_rtds_ddr4_backend/u_axi_clock_converter/inst/gen_clock_conv.gen_async_conv.asyncfifo_axi/inst_fifo_gen/gaxi_full_lite.gread_ch.grdch2.axi_rdch/grf.rf/rstblk/ngwrdrst.grst.g7serrst.gnsckt_wrst.gic_rst.sckt_rd_rst_ic_reg/C   u_pcie/u_rtds_ddr4_backend/u_axi_clock_converter/inst/gen_clock_conv.gen_async_conv.asyncfifo_axi/inst_fifo_gen/gaxi_full_lite.gread_ch.grdch2.axi_rdch/grf.rf/rstblk/ngwrdrst.grst.g7serrst.gnsckt_wrst.gic_rst.xpm_cdc_single_inst_rrst_wr/syncstages_ff_reg[0]/D
  3  CDC-3  Info      1-bit synchronized with ASYNC_REG property      6  False Path  u_pcie/u_rtds_ddr4_backend/u_axi_clock_converter/inst/gen_clock_conv.gen_async_conv.asyncfifo_axi/inst_fifo_gen/gaxi_full_lite.gwrite_ch.gwach2.axi_wach/grf.rf/rstblk/ngwrdrst.grst.g7serrst.gnsckt_wrst.gic_rst.sckt_wr_rst_ic_reg/C  u_pcie/u_rtds_ddr4_backend/u_axi_clock_converter/inst/gen_clock_conv.gen_async_conv.asyncfifo_axi/inst_fifo_gen/gaxi_full_lite.gwrite_ch.gwach2.axi_wach/grf.rf/rstblk/ngwrdrst.grst.g7serrst.gnsckt_wrst.gic_rst.xpm_cdc_single_inst_wrst_rd/syncstages_ff_reg[0]/D
  4  CDC-3  Info      1-bit synchronized with ASYNC_REG property      6  False Path  u_pcie/u_rtds_ddr4_backend/u_axi_clock_converter/inst/gen_clock_conv.gen_async_conv.asyncfifo_axi/inst_fifo_gen/gaxi_full_lite.gwrite_ch.gwdch2.axi_wdch/grf.rf/rstblk/ngwrdrst.grst.g7serrst.gnsckt_wrst.gic_rst.sckt_wr_rst_ic_reg/C  u_pcie/u_rtds_ddr4_backend/u_axi_clock_converter/inst/gen_clock_conv.gen_async_conv.asyncfifo_axi/inst_fifo_gen/gaxi_full_lite.gwrite_ch.gwdch2.axi_wdch/grf.rf/rstblk/ngwrdrst.grst.g7serrst.gnsckt_wrst.gic_rst.xpm_cdc_single_inst_wrst_rd/syncstages_ff_reg[0]/D
  5  CDC-3  Info      1-bit synchronized with ASYNC_REG property      5  False Path  u_pcie/u_rtds_ddr4_backend/u_axi_clock_converter/inst/gen_clock_conv.gen_async_conv.asyncfifo_axi/inst_fifo_gen/gaxi_full_lite.gwrite_ch.gwrch2.axi_wrch/grf.rf/rstblk/ngwrdrst.grst.g7serrst.gnsckt_wrst.gic_rst.sckt_rd_rst_ic_reg/C  u_pcie/u_rtds_ddr4_backend/u_axi_clock_converter/inst/gen_clock_conv.gen_async_conv.asyncfifo_axi/inst_fifo_gen/gaxi_full_lite.gwrite_ch.gwrch2.axi_wrch/grf.rf/rstblk/ngwrdrst.grst.g7serrst.gnsckt_wrst.gic_rst.xpm_cdc_single_inst_rrst_wr/syncstages_ff_reg[0]/D

Source Clock: mmcm_clkout5
Destination Clock: mmcm_clkout0
CDC Type: Safely Timed

Row  ID     Severity  Description                                 Depth  Exception                Source (From)                                                                                                                 Destination (To)
---  -----  --------  ------------------------------------------  -----  -----------------------  ----------------------------------------------------------------------------------------------------------------------------  --------------------------------------------------------------------------------------------------------------------------------------------------
  1  CDC-3  Info      1-bit synchronized with ASYNC_REG property      2  Max Delay Datapath Only  u_pcie/u_rtds_ddr4_backend/u_ddr4_mig/inst/u_ddr4_mem_intfc/u_ddr_cal_top/u_ddr_cal/u_xsdb_arbiter/slave_addr_r_reg[0]/C      u_pcie/u_rtds_ddr4_backend/u_ddr4_mig/inst/u_ddr4_mem_intfc/u_ddr_cal_top/u_ddr_cal/u_xsdb_arbiter/u_slave_addr_sync/SYNC[0].sync_reg_reg[0]/D
  2  CDC-3  Info      1-bit synchronized with ASYNC_REG property      2  Max Delay Datapath Only  u_pcie/u_rtds_ddr4_backend/u_ddr4_mig/inst/u_ddr4_mem_intfc/u_ddr_cal_top/u_ddr_cal/u_xsdb_arbiter/slave_addr_r_reg[10]/C     u_pcie/u_rtds_ddr4_backend/u_ddr4_mig/inst/u_ddr4_mem_intfc/u_ddr_cal_top/u_ddr_cal/u_xsdb_arbiter/u_slave_addr_sync/SYNC[10].sync_reg_reg[0]/D
  3  CDC-3  Info      1-bit synchronized with ASYNC_REG property      2  Max Delay Datapath Only  u_pcie/u_rtds_ddr4_backend/u_ddr4_mig/inst/u_ddr4_mem_intfc/u_ddr_cal_top/u_ddr_cal/u_xsdb_arbiter/slave_addr_r_reg[11]/C     u_pcie/u_rtds_ddr4_backend/u_ddr4_mig/inst/u_ddr4_mem_intfc/u_ddr_cal_top/u_ddr_cal/u_xsdb_arbiter/u_slave_addr_sync/SYNC[11].sync_reg_reg[0]/D
  4  CDC-3  Info      1-bit synchronized with ASYNC_REG property      2  Max Delay Datapath Only  u_pcie/u_rtds_ddr4_backend/u_ddr4_mig/inst/u_ddr4_mem_intfc/u_ddr_cal_top/u_ddr_cal/u_xsdb_arbiter/slave_addr_r_reg[12]/C     u_pcie/u_rtds_ddr4_backend/u_ddr4_mig/inst/u_ddr4_mem_intfc/u_ddr_cal_top/u_ddr_cal/u_xsdb_arbiter/u_slave_addr_sync/SYNC[12].sync_reg_reg[0]/D
  5  CDC-3  Info      1-bit synchronized with ASYNC_REG property      2  Max Delay Datapath Only  u_pcie/u_rtds_ddr4_backend/u_ddr4_mig/inst/u_ddr4_mem_intfc/u_ddr_cal_top/u_ddr_cal/u_xsdb_arbiter/slave_addr_r_reg[13]/C     u_pcie/u_rtds_ddr4_backend/u_ddr4_mig/inst/u_ddr4_mem_intfc/u_ddr_cal_top/u_ddr_cal/u_xsdb_arbiter/u_slave_addr_sync/SYNC[13].sync_reg_reg[0]/D
  6  CDC-3  Info      1-bit synchronized with ASYNC_REG property      2  Max Delay Datapath Only  u_pcie/u_rtds_ddr4_backend/u_ddr4_mig/inst/u_ddr4_mem_intfc/u_ddr_cal_top/u_ddr_cal/u_xsdb_arbiter/slave_addr_r_reg[14]/C     u_pcie/u_rtds_ddr4_backend/u_ddr4_mig/inst/u_ddr4_mem_intfc/u_ddr_cal_top/u_ddr_cal/u_xsdb_arbiter/u_slave_addr_sync/SYNC[14].sync_reg_reg[0]/D
  7  CDC-3  Info      1-bit synchronized with ASYNC_REG property      2  Max Delay Datapath Only  u_pcie/u_rtds_ddr4_backend/u_ddr4_mig/inst/u_ddr4_mem_intfc/u_ddr_cal_top/u_ddr_cal/u_xsdb_arbiter/slave_addr_r_reg[15]/C     u_pcie/u_rtds_ddr4_backend/u_ddr4_mig/inst/u_ddr4_mem_intfc/u_ddr_cal_top/u_ddr_cal/u_xsdb_arbiter/u_slave_addr_sync/SYNC[15].sync_reg_reg[0]/D
  8  CDC-3  Info      1-bit synchronized with ASYNC_REG property      2  Max Delay Datapath Only  u_pcie/u_rtds_ddr4_backend/u_ddr4_mig/inst/u_ddr4_mem_intfc/u_ddr_cal_top/u_ddr_cal/u_xsdb_arbiter/slave_addr_r_reg[1]/C      u_pcie/u_rtds_ddr4_backend/u_ddr4_mig/inst/u_ddr4_mem_intfc/u_ddr_cal_top/u_ddr_cal/u_xsdb_arbiter/u_slave_addr_sync/SYNC[1].sync_reg_reg[0]/D
  9  CDC-3  Info      1-bit synchronized with ASYNC_REG property      2  Max Delay Datapath Only  u_pcie/u_rtds_ddr4_backend/u_ddr4_mig/inst/u_ddr4_mem_intfc/u_ddr_cal_top/u_ddr_cal/u_xsdb_arbiter/slave_addr_r_reg[2]/C      u_pcie/u_rtds_ddr4_backend/u_ddr4_mig/inst/u_ddr4_mem_intfc/u_ddr_cal_top/u_ddr_cal/u_xsdb_arbiter/u_slave_addr_sync/SYNC[2].sync_reg_reg[0]/D
 10  CDC-3  Info      1-bit synchronized with ASYNC_REG property      2  Max Delay Datapath Only  u_pcie/u_rtds_ddr4_backend/u_ddr4_mig/inst/u_ddr4_mem_intfc/u_ddr_cal_top/u_ddr_cal/u_xsdb_arbiter/slave_addr_r_reg[3]/C      u_pcie/u_rtds_ddr4_backend/u_ddr4_mig/inst/u_ddr4_mem_intfc/u_ddr_cal_top/u_ddr_cal/u_xsdb_arbiter/u_slave_addr_sync/SYNC[3].sync_reg_reg[0]/D
 11  CDC-3  Info      1-bit synchronized with ASYNC_REG property      2  Max Delay Datapath Only  u_pcie/u_rtds_ddr4_backend/u_ddr4_mig/inst/u_ddr4_mem_intfc/u_ddr_cal_top/u_ddr_cal/u_xsdb_arbiter/slave_addr_r_reg[4]/C      u_pcie/u_rtds_ddr4_backend/u_ddr4_mig/inst/u_ddr4_mem_intfc/u_ddr_cal_top/u_ddr_cal/u_xsdb_arbiter/u_slave_addr_sync/SYNC[4].sync_reg_reg[0]/D
 12  CDC-3  Info      1-bit synchronized with ASYNC_REG property      2  Max Delay Datapath Only  u_pcie/u_rtds_ddr4_backend/u_ddr4_mig/inst/u_ddr4_mem_intfc/u_ddr_cal_top/u_ddr_cal/u_xsdb_arbiter/slave_addr_r_reg[5]/C      u_pcie/u_rtds_ddr4_backend/u_ddr4_mig/inst/u_ddr4_mem_intfc/u_ddr_cal_top/u_ddr_cal/u_xsdb_arbiter/u_slave_addr_sync/SYNC[5].sync_reg_reg[0]/D
 13  CDC-3  Info      1-bit synchronized with ASYNC_REG property      2  Max Delay Datapath Only  u_pcie/u_rtds_ddr4_backend/u_ddr4_mig/inst/u_ddr4_mem_intfc/u_ddr_cal_top/u_ddr_cal/u_xsdb_arbiter/slave_addr_r_reg[6]/C      u_pcie/u_rtds_ddr4_backend/u_ddr4_mig/inst/u_ddr4_mem_intfc/u_ddr_cal_top/u_ddr_cal/u_xsdb_arbiter/u_slave_addr_sync/SYNC[6].sync_reg_reg[0]/D
 14  CDC-3  Info      1-bit synchronized with ASYNC_REG property      2  Max Delay Datapath Only  u_pcie/u_rtds_ddr4_backend/u_ddr4_mig/inst/u_ddr4_mem_intfc/u_ddr_cal_top/u_ddr_cal/u_xsdb_arbiter/slave_addr_r_reg[7]/C      u_pcie/u_rtds_ddr4_backend/u_ddr4_mig/inst/u_ddr4_mem_intfc/u_ddr_cal_top/u_ddr_cal/u_xsdb_arbiter/u_slave_addr_sync/SYNC[7].sync_reg_reg[0]/D
 15  CDC-3  Info      1-bit synchronized with ASYNC_REG property      2  Max Delay Datapath Only  u_pcie/u_rtds_ddr4_backend/u_ddr4_mig/inst/u_ddr4_mem_intfc/u_ddr_cal_top/u_ddr_cal/u_xsdb_arbiter/slave_addr_r_reg[8]/C      u_pcie/u_rtds_ddr4_backend/u_ddr4_mig/inst/u_ddr4_mem_intfc/u_ddr_cal_top/u_ddr_cal/u_xsdb_arbiter/u_slave_addr_sync/SYNC[8].sync_reg_reg[0]/D
 16  CDC-3  Info      1-bit synchronized with ASYNC_REG property      2  Max Delay Datapath Only  u_pcie/u_rtds_ddr4_backend/u_ddr4_mig/inst/u_ddr4_mem_intfc/u_ddr_cal_top/u_ddr_cal/u_xsdb_arbiter/slave_addr_r_reg[9]/C      u_pcie/u_rtds_ddr4_backend/u_ddr4_mig/inst/u_ddr4_mem_intfc/u_ddr_cal_top/u_ddr_cal/u_xsdb_arbiter/u_slave_addr_sync/SYNC[9].sync_reg_reg[0]/D
 17  CDC-3  Info      1-bit synchronized with ASYNC_REG property      2  Max Delay Datapath Only  u_pcie/u_rtds_ddr4_backend/u_ddr4_mig/inst/u_ddr4_mem_intfc/u_ddr_cal_top/u_ddr_cal/u_xsdb_arbiter/slave_di_r_reg[0]/C        u_pcie/u_rtds_ddr4_backend/u_ddr4_mig/inst/u_ddr4_mem_intfc/u_ddr_cal_top/u_ddr_cal/u_xsdb_arbiter/u_slave_di_sync/SYNC[0].sync_reg_reg[0]/D
 18  CDC-3  Info      1-bit synchronized with ASYNC_REG property      2  Max Delay Datapath Only  u_pcie/u_rtds_ddr4_backend/u_ddr4_mig/inst/u_ddr4_mem_intfc/u_ddr_cal_top/u_ddr_cal/u_xsdb_arbiter/slave_di_r_reg[1]/C        u_pcie/u_rtds_ddr4_backend/u_ddr4_mig/inst/u_ddr4_mem_intfc/u_ddr_cal_top/u_ddr_cal/u_xsdb_arbiter/u_slave_di_sync/SYNC[1].sync_reg_reg[0]/D
 19  CDC-3  Info      1-bit synchronized with ASYNC_REG property      2  Max Delay Datapath Only  u_pcie/u_rtds_ddr4_backend/u_ddr4_mig/inst/u_ddr4_mem_intfc/u_ddr_cal_top/u_ddr_cal/u_xsdb_arbiter/slave_di_r_reg[2]/C        u_pcie/u_rtds_ddr4_backend/u_ddr4_mig/inst/u_ddr4_mem_intfc/u_ddr_cal_top/u_ddr_cal/u_xsdb_arbiter/u_slave_di_sync/SYNC[2].sync_reg_reg[0]/D
 20  CDC-3  Info      1-bit synchronized with ASYNC_REG property      2  Max Delay Datapath Only  u_pcie/u_rtds_ddr4_backend/u_ddr4_mig/inst/u_ddr4_mem_intfc/u_ddr_cal_top/u_ddr_cal/u_xsdb_arbiter/slave_di_r_reg[3]/C        u_pcie/u_rtds_ddr4_backend/u_ddr4_mig/inst/u_ddr4_mem_intfc/u_ddr_cal_top/u_ddr_cal/u_xsdb_arbiter/u_slave_di_sync/SYNC[3].sync_reg_reg[0]/D
 21  CDC-3  Info      1-bit synchronized with ASYNC_REG property      2  Max Delay Datapath Only  u_pcie/u_rtds_ddr4_backend/u_ddr4_mig/inst/u_ddr4_mem_intfc/u_ddr_cal_top/u_ddr_cal/u_xsdb_arbiter/slave_di_r_reg[4]/C        u_pcie/u_rtds_ddr4_backend/u_ddr4_mig/inst/u_ddr4_mem_intfc/u_ddr_cal_top/u_ddr_cal/u_xsdb_arbiter/u_slave_di_sync/SYNC[4].sync_reg_reg[0]/D
 22  CDC-3  Info      1-bit synchronized with ASYNC_REG property      2  Max Delay Datapath Only  u_pcie/u_rtds_ddr4_backend/u_ddr4_mig/inst/u_ddr4_mem_intfc/u_ddr_cal_top/u_ddr_cal/u_xsdb_arbiter/slave_di_r_reg[5]/C        u_pcie/u_rtds_ddr4_backend/u_ddr4_mig/inst/u_ddr4_mem_intfc/u_ddr_cal_top/u_ddr_cal/u_xsdb_arbiter/u_slave_di_sync/SYNC[5].sync_reg_reg[0]/D
 23  CDC-3  Info      1-bit synchronized with ASYNC_REG property      2  Max Delay Datapath Only  u_pcie/u_rtds_ddr4_backend/u_ddr4_mig/inst/u_ddr4_mem_intfc/u_ddr_cal_top/u_ddr_cal/u_xsdb_arbiter/slave_di_r_reg[6]/C        u_pcie/u_rtds_ddr4_backend/u_ddr4_mig/inst/u_ddr4_mem_intfc/u_ddr_cal_top/u_ddr_cal/u_xsdb_arbiter/u_slave_di_sync/SYNC[6].sync_reg_reg[0]/D
 24  CDC-3  Info      1-bit synchronized with ASYNC_REG property      2  Max Delay Datapath Only  u_pcie/u_rtds_ddr4_backend/u_ddr4_mig/inst/u_ddr4_mem_intfc/u_ddr_cal_top/u_ddr_cal/u_xsdb_arbiter/slave_di_r_reg[7]/C        u_pcie/u_rtds_ddr4_backend/u_ddr4_mig/inst/u_ddr4_mem_intfc/u_ddr_cal_top/u_ddr_cal/u_xsdb_arbiter/u_slave_di_sync/SYNC[7].sync_reg_reg[0]/D
 25  CDC-3  Info      1-bit synchronized with ASYNC_REG property      2  Max Delay Datapath Only  u_pcie/u_rtds_ddr4_backend/u_ddr4_mig/inst/u_ddr4_mem_intfc/u_ddr_cal_top/u_ddr_cal/u_xsdb_arbiter/slave_di_r_reg[8]/C        u_pcie/u_rtds_ddr4_backend/u_ddr4_mig/inst/u_ddr4_mem_intfc/u_ddr_cal_top/u_ddr_cal/u_xsdb_arbiter/u_slave_di_sync/SYNC[8].sync_reg_reg[0]/D
 26  CDC-3  Info      1-bit synchronized with ASYNC_REG property      3  Max Delay Datapath Only  u_pcie/u_rtds_ddr4_backend/u_ddr4_mig/inst/u_ddr4_mem_intfc/u_ddr_cal_top/u_ddr_cal/u_xsdb_arbiter/slave_en_lvl_reg/C         u_pcie/u_rtds_ddr4_backend/u_ddr4_mig/inst/u_ddr4_mem_intfc/u_ddr_cal_top/u_ddr_cal/u_xsdb_arbiter/u_slave_en_sync/SYNC[0].sync_reg_reg[0]/D
 27  CDC-3  Info      1-bit synchronized with ASYNC_REG property      2  Max Delay Datapath Only  u_pcie/u_rtds_ddr4_backend/u_ddr4_mig/inst/u_ddr4_mem_intfc/u_ddr_cal_top/u_ddr_cal/u_xsdb_arbiter/slave_rdy_cptd_sclk_reg/C  u_pcie/u_rtds_ddr4_backend/u_ddr4_mig/inst/u_ddr4_mem_intfc/u_ddr_cal_top/u_ddr_cal/u_xsdb_arbiter/u_slave_rdy_cptd_sync/SYNC[0].sync_reg_reg[0]/D
 28  CDC-3  Info      1-bit synchronized with ASYNC_REG property      2  Max Delay Datapath Only  u_pcie/u_rtds_ddr4_backend/u_ddr4_mig/inst/u_ddr4_mem_intfc/u_ddr_cal_top/u_ddr_cal/u_xsdb_arbiter/slave_we_r_reg/C           u_pcie/u_rtds_ddr4_backend/u_ddr4_mig/inst/u_ddr4_mem_intfc/u_ddr_cal_top/u_ddr_cal/u_xsdb_arbiter/u_slave_we_sync/SYNC[0].sync_reg_reg[0]/D

Source Clock: mmcm_clkout6
Destination Clock: mmcm_clkout0
CDC Type: Safely Timed

Row  ID     Severity  Description                                 Depth  Exception                Source (From)                                                                                                                Destination (To)
---  -----  --------  ------------------------------------------  -----  -----------------------  ---------------------------------------------------------------------------------------------------------------------------  ------------------------------------------------------------------------------------------------------------------
  1  CDC-3  Info      1-bit synchronized with ASYNC_REG property      3  Max Delay Datapath Only  u_pcie/u_rtds_ddr4_backend/u_ddr4_mig/inst/u_ddr4_mem_intfc/u_ddr_cal_riu/io_addr_strobe_lvl_riuclk_reg/C                    u_pcie/u_rtds_ddr4_backend/u_ddr4_mig/inst/u_ddr4_mem_intfc/u_io_addr_strobe_lvl_sync/SYNC[0].sync_reg_reg[0]/D
  2  CDC-3  Info      1-bit synchronized with ASYNC_REG property      2  Max Delay Datapath Only  u_pcie/u_rtds_ddr4_backend/u_ddr4_mig/inst/u_ddr4_mem_intfc/u_ddr_cal_riu/io_address_riuclk_reg[0]/C                         u_pcie/u_rtds_ddr4_backend/u_ddr4_mig/inst/u_ddr4_mem_intfc/u_io_addr_sync/SYNC[0].sync_reg_reg[0]/D
  3  CDC-3  Info      1-bit synchronized with ASYNC_REG property      2  Max Delay Datapath Only  u_pcie/u_rtds_ddr4_backend/u_ddr4_mig/inst/u_ddr4_mem_intfc/u_ddr_cal_riu/io_address_riuclk_reg[10]/C                        u_pcie/u_rtds_ddr4_backend/u_ddr4_mig/inst/u_ddr4_mem_intfc/u_io_addr_sync/SYNC[10].sync_reg_reg[0]/D
  4  CDC-3  Info      1-bit synchronized with ASYNC_REG property      2  Max Delay Datapath Only  u_pcie/u_rtds_ddr4_backend/u_ddr4_mig/inst/u_ddr4_mem_intfc/u_ddr_cal_riu/io_address_riuclk_reg[11]/C                        u_pcie/u_rtds_ddr4_backend/u_ddr4_mig/inst/u_ddr4_mem_intfc/u_io_addr_sync/SYNC[11].sync_reg_reg[0]/D
  5  CDC-3  Info      1-bit synchronized with ASYNC_REG property      2  Max Delay Datapath Only  u_pcie/u_rtds_ddr4_backend/u_ddr4_mig/inst/u_ddr4_mem_intfc/u_ddr_cal_riu/io_address_riuclk_reg[12]/C                        u_pcie/u_rtds_ddr4_backend/u_ddr4_mig/inst/u_ddr4_mem_intfc/u_io_addr_sync/SYNC[12].sync_reg_reg[0]/D
  6  CDC-3  Info      1-bit synchronized with ASYNC_REG property      2  Max Delay Datapath Only  u_pcie/u_rtds_ddr4_backend/u_ddr4_mig/inst/u_ddr4_mem_intfc/u_ddr_cal_riu/io_address_riuclk_reg[13]/C                        u_pcie/u_rtds_ddr4_backend/u_ddr4_mig/inst/u_ddr4_mem_intfc/u_io_addr_sync/SYNC[13].sync_reg_reg[0]/D
  7  CDC-3  Info      1-bit synchronized with ASYNC_REG property      2  Max Delay Datapath Only  u_pcie/u_rtds_ddr4_backend/u_ddr4_mig/inst/u_ddr4_mem_intfc/u_ddr_cal_riu/io_address_riuclk_reg[14]/C                        u_pcie/u_rtds_ddr4_backend/u_ddr4_mig/inst/u_ddr4_mem_intfc/u_io_addr_sync/SYNC[14].sync_reg_reg[0]/D
  8  CDC-3  Info      1-bit synchronized with ASYNC_REG property      2  Max Delay Datapath Only  u_pcie/u_rtds_ddr4_backend/u_ddr4_mig/inst/u_ddr4_mem_intfc/u_ddr_cal_riu/io_address_riuclk_reg[15]/C                        u_pcie/u_rtds_ddr4_backend/u_ddr4_mig/inst/u_ddr4_mem_intfc/u_io_addr_sync/SYNC[15].sync_reg_reg[0]/D
  9  CDC-3  Info      1-bit synchronized with ASYNC_REG property      2  Max Delay Datapath Only  u_pcie/u_rtds_ddr4_backend/u_ddr4_mig/inst/u_ddr4_mem_intfc/u_ddr_cal_riu/io_address_riuclk_reg[16]/C                        u_pcie/u_rtds_ddr4_backend/u_ddr4_mig/inst/u_ddr4_mem_intfc/u_io_addr_sync/SYNC[16].sync_reg_reg[0]/D
 10  CDC-3  Info      1-bit synchronized with ASYNC_REG property      2  Max Delay Datapath Only  u_pcie/u_rtds_ddr4_backend/u_ddr4_mig/inst/u_ddr4_mem_intfc/u_ddr_cal_riu/io_address_riuclk_reg[17]/C                        u_pcie/u_rtds_ddr4_backend/u_ddr4_mig/inst/u_ddr4_mem_intfc/u_io_addr_sync/SYNC[17].sync_reg_reg[0]/D
 11  CDC-3  Info      1-bit synchronized with ASYNC_REG property      2  Max Delay Datapath Only  u_pcie/u_rtds_ddr4_backend/u_ddr4_mig/inst/u_ddr4_mem_intfc/u_ddr_cal_riu/io_address_riuclk_reg[18]/C                        u_pcie/u_rtds_ddr4_backend/u_ddr4_mig/inst/u_ddr4_mem_intfc/u_io_addr_sync/SYNC[18].sync_reg_reg[0]/D
 12  CDC-3  Info      1-bit synchronized with ASYNC_REG property      2  Max Delay Datapath Only  u_pcie/u_rtds_ddr4_backend/u_ddr4_mig/inst/u_ddr4_mem_intfc/u_ddr_cal_riu/io_address_riuclk_reg[19]/C                        u_pcie/u_rtds_ddr4_backend/u_ddr4_mig/inst/u_ddr4_mem_intfc/u_io_addr_sync/SYNC[19].sync_reg_reg[0]/D
 13  CDC-3  Info      1-bit synchronized with ASYNC_REG property      2  Max Delay Datapath Only  u_pcie/u_rtds_ddr4_backend/u_ddr4_mig/inst/u_ddr4_mem_intfc/u_ddr_cal_riu/io_address_riuclk_reg[1]/C                         u_pcie/u_rtds_ddr4_backend/u_ddr4_mig/inst/u_ddr4_mem_intfc/u_io_addr_sync/SYNC[1].sync_reg_reg[0]/D
 14  CDC-3  Info      1-bit synchronized with ASYNC_REG property      2  Max Delay Datapath Only  u_pcie/u_rtds_ddr4_backend/u_ddr4_mig/inst/u_ddr4_mem_intfc/u_ddr_cal_riu/io_address_riuclk_reg[20]/C                        u_pcie/u_rtds_ddr4_backend/u_ddr4_mig/inst/u_ddr4_mem_intfc/u_io_addr_sync/SYNC[20].sync_reg_reg[0]/D
 15  CDC-3  Info      1-bit synchronized with ASYNC_REG property      2  Max Delay Datapath Only  u_pcie/u_rtds_ddr4_backend/u_ddr4_mig/inst/u_ddr4_mem_intfc/u_ddr_cal_riu/io_address_riuclk_reg[21]/C                        u_pcie/u_rtds_ddr4_backend/u_ddr4_mig/inst/u_ddr4_mem_intfc/u_io_addr_sync/SYNC[21].sync_reg_reg[0]/D
 16  CDC-3  Info      1-bit synchronized with ASYNC_REG property      2  Max Delay Datapath Only  u_pcie/u_rtds_ddr4_backend/u_ddr4_mig/inst/u_ddr4_mem_intfc/u_ddr_cal_riu/io_address_riuclk_reg[22]/C                        u_pcie/u_rtds_ddr4_backend/u_ddr4_mig/inst/u_ddr4_mem_intfc/u_io_addr_sync/SYNC[22].sync_reg_reg[0]/D
 17  CDC-3  Info      1-bit synchronized with ASYNC_REG property      2  Max Delay Datapath Only  u_pcie/u_rtds_ddr4_backend/u_ddr4_mig/inst/u_ddr4_mem_intfc/u_ddr_cal_riu/io_address_riuclk_reg[23]/C                        u_pcie/u_rtds_ddr4_backend/u_ddr4_mig/inst/u_ddr4_mem_intfc/u_io_addr_sync/SYNC[23].sync_reg_reg[0]/D
 18  CDC-3  Info      1-bit synchronized with ASYNC_REG property      2  Max Delay Datapath Only  u_pcie/u_rtds_ddr4_backend/u_ddr4_mig/inst/u_ddr4_mem_intfc/u_ddr_cal_riu/io_address_riuclk_reg[24]/C                        u_pcie/u_rtds_ddr4_backend/u_ddr4_mig/inst/u_ddr4_mem_intfc/u_io_addr_sync/SYNC[24].sync_reg_reg[0]/D
 19  CDC-3  Info      1-bit synchronized with ASYNC_REG property      2  Max Delay Datapath Only  u_pcie/u_rtds_ddr4_backend/u_ddr4_mig/inst/u_ddr4_mem_intfc/u_ddr_cal_riu/io_address_riuclk_reg[25]/C                        u_pcie/u_rtds_ddr4_backend/u_ddr4_mig/inst/u_ddr4_mem_intfc/u_io_addr_sync/SYNC[25].sync_reg_reg[0]/D
 20  CDC-3  Info      1-bit synchronized with ASYNC_REG property      2  Max Delay Datapath Only  u_pcie/u_rtds_ddr4_backend/u_ddr4_mig/inst/u_ddr4_mem_intfc/u_ddr_cal_riu/io_address_riuclk_reg[26]/C                        u_pcie/u_rtds_ddr4_backend/u_ddr4_mig/inst/u_ddr4_mem_intfc/u_io_addr_sync/SYNC[26].sync_reg_reg[0]/D
 21  CDC-3  Info      1-bit synchronized with ASYNC_REG property      2  Max Delay Datapath Only  u_pcie/u_rtds_ddr4_backend/u_ddr4_mig/inst/u_ddr4_mem_intfc/u_ddr_cal_riu/io_address_riuclk_reg[27]/C                        u_pcie/u_rtds_ddr4_backend/u_ddr4_mig/inst/u_ddr4_mem_intfc/u_io_addr_sync/SYNC[27].sync_reg_reg[0]/D
 22  CDC-3  Info      1-bit synchronized with ASYNC_REG property      2  Max Delay Datapath Only  u_pcie/u_rtds_ddr4_backend/u_ddr4_mig/inst/u_ddr4_mem_intfc/u_ddr_cal_riu/io_address_riuclk_reg[2]/C                         u_pcie/u_rtds_ddr4_backend/u_ddr4_mig/inst/u_ddr4_mem_intfc/u_io_addr_sync/SYNC[2].sync_reg_reg[0]/D
 23  CDC-3  Info      1-bit synchronized with ASYNC_REG property      2  Max Delay Datapath Only  u_pcie/u_rtds_ddr4_backend/u_ddr4_mig/inst/u_ddr4_mem_intfc/u_ddr_cal_riu/io_address_riuclk_reg[3]/C                         u_pcie/u_rtds_ddr4_backend/u_ddr4_mig/inst/u_ddr4_mem_intfc/u_io_addr_sync/SYNC[3].sync_reg_reg[0]/D
 24  CDC-3  Info      1-bit synchronized with ASYNC_REG property      2  Max Delay Datapath Only  u_pcie/u_rtds_ddr4_backend/u_ddr4_mig/inst/u_ddr4_mem_intfc/u_ddr_cal_riu/io_address_riuclk_reg[4]/C                         u_pcie/u_rtds_ddr4_backend/u_ddr4_mig/inst/u_ddr4_mem_intfc/u_io_addr_sync/SYNC[4].sync_reg_reg[0]/D
 25  CDC-3  Info      1-bit synchronized with ASYNC_REG property      2  Max Delay Datapath Only  u_pcie/u_rtds_ddr4_backend/u_ddr4_mig/inst/u_ddr4_mem_intfc/u_ddr_cal_riu/io_address_riuclk_reg[5]/C                         u_pcie/u_rtds_ddr4_backend/u_ddr4_mig/inst/u_ddr4_mem_intfc/u_io_addr_sync/SYNC[5].sync_reg_reg[0]/D
 26  CDC-3  Info      1-bit synchronized with ASYNC_REG property      2  Max Delay Datapath Only  u_pcie/u_rtds_ddr4_backend/u_ddr4_mig/inst/u_ddr4_mem_intfc/u_ddr_cal_riu/io_address_riuclk_reg[6]/C                         u_pcie/u_rtds_ddr4_backend/u_ddr4_mig/inst/u_ddr4_mem_intfc/u_io_addr_sync/SYNC[6].sync_reg_reg[0]/D
 27  CDC-3  Info      1-bit synchronized with ASYNC_REG property      2  Max Delay Datapath Only  u_pcie/u_rtds_ddr4_backend/u_ddr4_mig/inst/u_ddr4_mem_intfc/u_ddr_cal_riu/io_address_riuclk_reg[7]/C                         u_pcie/u_rtds_ddr4_backend/u_ddr4_mig/inst/u_ddr4_mem_intfc/u_io_addr_sync/SYNC[7].sync_reg_reg[0]/D
 28  CDC-3  Info      1-bit synchronized with ASYNC_REG property      2  Max Delay Datapath Only  u_pcie/u_rtds_ddr4_backend/u_ddr4_mig/inst/u_ddr4_mem_intfc/u_ddr_cal_riu/io_address_riuclk_reg[8]/C                         u_pcie/u_rtds_ddr4_backend/u_ddr4_mig/inst/u_ddr4_mem_intfc/u_io_addr_sync/SYNC[8].sync_reg_reg[0]/D
 29  CDC-3  Info      1-bit synchronized with ASYNC_REG property      2  Max Delay Datapath Only  u_pcie/u_rtds_ddr4_backend/u_ddr4_mig/inst/u_ddr4_mem_intfc/u_ddr_cal_riu/io_address_riuclk_reg[9]/C                         u_pcie/u_rtds_ddr4_backend/u_ddr4_mig/inst/u_ddr4_mem_intfc/u_io_addr_sync/SYNC[9].sync_reg_reg[0]/D
 30  CDC-3  Info      1-bit synchronized with ASYNC_REG property      2  Max Delay Datapath Only  u_pcie/u_rtds_ddr4_backend/u_ddr4_mig/inst/u_ddr4_mem_intfc/u_ddr_cal_riu/io_write_data_riuclk_reg[0]/C                      u_pcie/u_rtds_ddr4_backend/u_ddr4_mig/inst/u_ddr4_mem_intfc/u_io_write_data_sync/SYNC[0].sync_reg_reg[0]/D
 31  CDC-3  Info      1-bit synchronized with ASYNC_REG property      2  Max Delay Datapath Only  u_pcie/u_rtds_ddr4_backend/u_ddr4_mig/inst/u_ddr4_mem_intfc/u_ddr_cal_riu/io_write_data_riuclk_reg[10]/C                     u_pcie/u_rtds_ddr4_backend/u_ddr4_mig/inst/u_ddr4_mem_intfc/u_io_write_data_sync/SYNC[10].sync_reg_reg[0]/D
 32  CDC-3  Info      1-bit synchronized with ASYNC_REG property      2  Max Delay Datapath Only  u_pcie/u_rtds_ddr4_backend/u_ddr4_mig/inst/u_ddr4_mem_intfc/u_ddr_cal_riu/io_write_data_riuclk_reg[11]/C                     u_pcie/u_rtds_ddr4_backend/u_ddr4_mig/inst/u_ddr4_mem_intfc/u_io_write_data_sync/SYNC[11].sync_reg_reg[0]/D
 33  CDC-3  Info      1-bit synchronized with ASYNC_REG property      2  Max Delay Datapath Only  u_pcie/u_rtds_ddr4_backend/u_ddr4_mig/inst/u_ddr4_mem_intfc/u_ddr_cal_riu/io_write_data_riuclk_reg[12]/C                     u_pcie/u_rtds_ddr4_backend/u_ddr4_mig/inst/u_ddr4_mem_intfc/u_io_write_data_sync/SYNC[12].sync_reg_reg[0]/D
 34  CDC-3  Info      1-bit synchronized with ASYNC_REG property      2  Max Delay Datapath Only  u_pcie/u_rtds_ddr4_backend/u_ddr4_mig/inst/u_ddr4_mem_intfc/u_ddr_cal_riu/io_write_data_riuclk_reg[13]/C                     u_pcie/u_rtds_ddr4_backend/u_ddr4_mig/inst/u_ddr4_mem_intfc/u_io_write_data_sync/SYNC[13].sync_reg_reg[0]/D
 35  CDC-3  Info      1-bit synchronized with ASYNC_REG property      2  Max Delay Datapath Only  u_pcie/u_rtds_ddr4_backend/u_ddr4_mig/inst/u_ddr4_mem_intfc/u_ddr_cal_riu/io_write_data_riuclk_reg[14]/C                     u_pcie/u_rtds_ddr4_backend/u_ddr4_mig/inst/u_ddr4_mem_intfc/u_io_write_data_sync/SYNC[14].sync_reg_reg[0]/D
 36  CDC-3  Info      1-bit synchronized with ASYNC_REG property      2  Max Delay Datapath Only  u_pcie/u_rtds_ddr4_backend/u_ddr4_mig/inst/u_ddr4_mem_intfc/u_ddr_cal_riu/io_write_data_riuclk_reg[15]/C                     u_pcie/u_rtds_ddr4_backend/u_ddr4_mig/inst/u_ddr4_mem_intfc/u_io_write_data_sync/SYNC[15].sync_reg_reg[0]/D
 37  CDC-3  Info      1-bit synchronized with ASYNC_REG property      2  Max Delay Datapath Only  u_pcie/u_rtds_ddr4_backend/u_ddr4_mig/inst/u_ddr4_mem_intfc/u_ddr_cal_riu/io_write_data_riuclk_reg[16]/C                     u_pcie/u_rtds_ddr4_backend/u_ddr4_mig/inst/u_ddr4_mem_intfc/u_io_write_data_sync/SYNC[16].sync_reg_reg[0]/D
 38  CDC-3  Info      1-bit synchronized with ASYNC_REG property      2  Max Delay Datapath Only  u_pcie/u_rtds_ddr4_backend/u_ddr4_mig/inst/u_ddr4_mem_intfc/u_ddr_cal_riu/io_write_data_riuclk_reg[17]/C                     u_pcie/u_rtds_ddr4_backend/u_ddr4_mig/inst/u_ddr4_mem_intfc/u_io_write_data_sync/SYNC[17].sync_reg_reg[0]/D
 39  CDC-3  Info      1-bit synchronized with ASYNC_REG property      2  Max Delay Datapath Only  u_pcie/u_rtds_ddr4_backend/u_ddr4_mig/inst/u_ddr4_mem_intfc/u_ddr_cal_riu/io_write_data_riuclk_reg[18]/C                     u_pcie/u_rtds_ddr4_backend/u_ddr4_mig/inst/u_ddr4_mem_intfc/u_io_write_data_sync/SYNC[18].sync_reg_reg[0]/D
 40  CDC-3  Info      1-bit synchronized with ASYNC_REG property      2  Max Delay Datapath Only  u_pcie/u_rtds_ddr4_backend/u_ddr4_mig/inst/u_ddr4_mem_intfc/u_ddr_cal_riu/io_write_data_riuclk_reg[19]/C                     u_pcie/u_rtds_ddr4_backend/u_ddr4_mig/inst/u_ddr4_mem_intfc/u_io_write_data_sync/SYNC[19].sync_reg_reg[0]/D
 41  CDC-3  Info      1-bit synchronized with ASYNC_REG property      2  Max Delay Datapath Only  u_pcie/u_rtds_ddr4_backend/u_ddr4_mig/inst/u_ddr4_mem_intfc/u_ddr_cal_riu/io_write_data_riuclk_reg[1]/C                      u_pcie/u_rtds_ddr4_backend/u_ddr4_mig/inst/u_ddr4_mem_intfc/u_io_write_data_sync/SYNC[1].sync_reg_reg[0]/D
 42  CDC-3  Info      1-bit synchronized with ASYNC_REG property      2  Max Delay Datapath Only  u_pcie/u_rtds_ddr4_backend/u_ddr4_mig/inst/u_ddr4_mem_intfc/u_ddr_cal_riu/io_write_data_riuclk_reg[20]/C                     u_pcie/u_rtds_ddr4_backend/u_ddr4_mig/inst/u_ddr4_mem_intfc/u_io_write_data_sync/SYNC[20].sync_reg_reg[0]/D
 43  CDC-3  Info      1-bit synchronized with ASYNC_REG property      2  Max Delay Datapath Only  u_pcie/u_rtds_ddr4_backend/u_ddr4_mig/inst/u_ddr4_mem_intfc/u_ddr_cal_riu/io_write_data_riuclk_reg[21]/C                     u_pcie/u_rtds_ddr4_backend/u_ddr4_mig/inst/u_ddr4_mem_intfc/u_io_write_data_sync/SYNC[21].sync_reg_reg[0]/D
 44  CDC-3  Info      1-bit synchronized with ASYNC_REG property      2  Max Delay Datapath Only  u_pcie/u_rtds_ddr4_backend/u_ddr4_mig/inst/u_ddr4_mem_intfc/u_ddr_cal_riu/io_write_data_riuclk_reg[22]/C                     u_pcie/u_rtds_ddr4_backend/u_ddr4_mig/inst/u_ddr4_mem_intfc/u_io_write_data_sync/SYNC[22].sync_reg_reg[0]/D
 45  CDC-3  Info      1-bit synchronized with ASYNC_REG property      2  Max Delay Datapath Only  u_pcie/u_rtds_ddr4_backend/u_ddr4_mig/inst/u_ddr4_mem_intfc/u_ddr_cal_riu/io_write_data_riuclk_reg[23]/C                     u_pcie/u_rtds_ddr4_backend/u_ddr4_mig/inst/u_ddr4_mem_intfc/u_io_write_data_sync/SYNC[23].sync_reg_reg[0]/D
 46  CDC-3  Info      1-bit synchronized with ASYNC_REG property      2  Max Delay Datapath Only  u_pcie/u_rtds_ddr4_backend/u_ddr4_mig/inst/u_ddr4_mem_intfc/u_ddr_cal_riu/io_write_data_riuclk_reg[24]/C                     u_pcie/u_rtds_ddr4_backend/u_ddr4_mig/inst/u_ddr4_mem_intfc/u_io_write_data_sync/SYNC[24].sync_reg_reg[0]/D
 47  CDC-3  Info      1-bit synchronized with ASYNC_REG property      2  Max Delay Datapath Only  u_pcie/u_rtds_ddr4_backend/u_ddr4_mig/inst/u_ddr4_mem_intfc/u_ddr_cal_riu/io_write_data_riuclk_reg[25]/C                     u_pcie/u_rtds_ddr4_backend/u_ddr4_mig/inst/u_ddr4_mem_intfc/u_io_write_data_sync/SYNC[25].sync_reg_reg[0]/D
 48  CDC-3  Info      1-bit synchronized with ASYNC_REG property      2  Max Delay Datapath Only  u_pcie/u_rtds_ddr4_backend/u_ddr4_mig/inst/u_ddr4_mem_intfc/u_ddr_cal_riu/io_write_data_riuclk_reg[26]/C                     u_pcie/u_rtds_ddr4_backend/u_ddr4_mig/inst/u_ddr4_mem_intfc/u_io_write_data_sync/SYNC[26].sync_reg_reg[0]/D
 49  CDC-3  Info      1-bit synchronized with ASYNC_REG property      2  Max Delay Datapath Only  u_pcie/u_rtds_ddr4_backend/u_ddr4_mig/inst/u_ddr4_mem_intfc/u_ddr_cal_riu/io_write_data_riuclk_reg[27]/C                     u_pcie/u_rtds_ddr4_backend/u_ddr4_mig/inst/u_ddr4_mem_intfc/u_io_write_data_sync/SYNC[27].sync_reg_reg[0]/D
 50  CDC-3  Info      1-bit synchronized with ASYNC_REG property      2  Max Delay Datapath Only  u_pcie/u_rtds_ddr4_backend/u_ddr4_mig/inst/u_ddr4_mem_intfc/u_ddr_cal_riu/io_write_data_riuclk_reg[28]/C                     u_pcie/u_rtds_ddr4_backend/u_ddr4_mig/inst/u_ddr4_mem_intfc/u_io_write_data_sync/SYNC[28].sync_reg_reg[0]/D
 51  CDC-3  Info      1-bit synchronized with ASYNC_REG property      2  Max Delay Datapath Only  u_pcie/u_rtds_ddr4_backend/u_ddr4_mig/inst/u_ddr4_mem_intfc/u_ddr_cal_riu/io_write_data_riuclk_reg[29]/C                     u_pcie/u_rtds_ddr4_backend/u_ddr4_mig/inst/u_ddr4_mem_intfc/u_io_write_data_sync/SYNC[29].sync_reg_reg[0]/D
 52  CDC-3  Info      1-bit synchronized with ASYNC_REG property      2  Max Delay Datapath Only  u_pcie/u_rtds_ddr4_backend/u_ddr4_mig/inst/u_ddr4_mem_intfc/u_ddr_cal_riu/io_write_data_riuclk_reg[2]/C                      u_pcie/u_rtds_ddr4_backend/u_ddr4_mig/inst/u_ddr4_mem_intfc/u_io_write_data_sync/SYNC[2].sync_reg_reg[0]/D
 53  CDC-3  Info      1-bit synchronized with ASYNC_REG property      2  Max Delay Datapath Only  u_pcie/u_rtds_ddr4_backend/u_ddr4_mig/inst/u_ddr4_mem_intfc/u_ddr_cal_riu/io_write_data_riuclk_reg[30]/C                     u_pcie/u_rtds_ddr4_backend/u_ddr4_mig/inst/u_ddr4_mem_intfc/u_io_write_data_sync/SYNC[30].sync_reg_reg[0]/D
 54  CDC-3  Info      1-bit synchronized with ASYNC_REG property      2  Max Delay Datapath Only  u_pcie/u_rtds_ddr4_backend/u_ddr4_mig/inst/u_ddr4_mem_intfc/u_ddr_cal_riu/io_write_data_riuclk_reg[31]/C                     u_pcie/u_rtds_ddr4_backend/u_ddr4_mig/inst/u_ddr4_mem_intfc/u_io_write_data_sync/SYNC[31].sync_reg_reg[0]/D
 55  CDC-3  Info      1-bit synchronized with ASYNC_REG property      2  Max Delay Datapath Only  u_pcie/u_rtds_ddr4_backend/u_ddr4_mig/inst/u_ddr4_mem_intfc/u_ddr_cal_riu/io_write_data_riuclk_reg[3]/C                      u_pcie/u_rtds_ddr4_backend/u_ddr4_mig/inst/u_ddr4_mem_intfc/u_io_write_data_sync/SYNC[3].sync_reg_reg[0]/D
 56  CDC-3  Info      1-bit synchronized with ASYNC_REG property      2  Max Delay Datapath Only  u_pcie/u_rtds_ddr4_backend/u_ddr4_mig/inst/u_ddr4_mem_intfc/u_ddr_cal_riu/io_write_data_riuclk_reg[4]/C                      u_pcie/u_rtds_ddr4_backend/u_ddr4_mig/inst/u_ddr4_mem_intfc/u_io_write_data_sync/SYNC[4].sync_reg_reg[0]/D
 57  CDC-3  Info      1-bit synchronized with ASYNC_REG property      2  Max Delay Datapath Only  u_pcie/u_rtds_ddr4_backend/u_ddr4_mig/inst/u_ddr4_mem_intfc/u_ddr_cal_riu/io_write_data_riuclk_reg[5]/C                      u_pcie/u_rtds_ddr4_backend/u_ddr4_mig/inst/u_ddr4_mem_intfc/u_io_write_data_sync/SYNC[5].sync_reg_reg[0]/D
 58  CDC-3  Info      1-bit synchronized with ASYNC_REG property      2  Max Delay Datapath Only  u_pcie/u_rtds_ddr4_backend/u_ddr4_mig/inst/u_ddr4_mem_intfc/u_ddr_cal_riu/io_write_data_riuclk_reg[6]/C                      u_pcie/u_rtds_ddr4_backend/u_ddr4_mig/inst/u_ddr4_mem_intfc/u_io_write_data_sync/SYNC[6].sync_reg_reg[0]/D
 59  CDC-3  Info      1-bit synchronized with ASYNC_REG property      2  Max Delay Datapath Only  u_pcie/u_rtds_ddr4_backend/u_ddr4_mig/inst/u_ddr4_mem_intfc/u_ddr_cal_riu/io_write_data_riuclk_reg[7]/C                      u_pcie/u_rtds_ddr4_backend/u_ddr4_mig/inst/u_ddr4_mem_intfc/u_io_write_data_sync/SYNC[7].sync_reg_reg[0]/D
 60  CDC-3  Info      1-bit synchronized with ASYNC_REG property      2  Max Delay Datapath Only  u_pcie/u_rtds_ddr4_backend/u_ddr4_mig/inst/u_ddr4_mem_intfc/u_ddr_cal_riu/io_write_data_riuclk_reg[8]/C                      u_pcie/u_rtds_ddr4_backend/u_ddr4_mig/inst/u_ddr4_mem_intfc/u_io_write_data_sync/SYNC[8].sync_reg_reg[0]/D
 61  CDC-3  Info      1-bit synchronized with ASYNC_REG property      2  Max Delay Datapath Only  u_pcie/u_rtds_ddr4_backend/u_ddr4_mig/inst/u_ddr4_mem_intfc/u_ddr_cal_riu/io_write_data_riuclk_reg[9]/C                      u_pcie/u_rtds_ddr4_backend/u_ddr4_mig/inst/u_ddr4_mem_intfc/u_io_write_data_sync/SYNC[9].sync_reg_reg[0]/D
 62  CDC-3  Info      1-bit synchronized with ASYNC_REG property      2  Max Delay Datapath Only  u_pcie/u_rtds_ddr4_backend/u_ddr4_mig/inst/u_ddr4_mem_intfc/u_ddr_cal_riu/io_write_strobe_riuclk_reg/C                       u_pcie/u_rtds_ddr4_backend/u_ddr4_mig/inst/u_ddr4_mem_intfc/u_io_write_strobe_sync/SYNC[0].sync_reg_reg[0]/D
 63  CDC-3  Info      1-bit synchronized with ASYNC_REG property      2  Max Delay Datapath Only  u_pcie/u_rtds_ddr4_backend/u_ddr4_mig/inst/u_ddr4_mem_intfc/u_mig_ddr4_phy/inst/clb2phy_t_b_addr_riuclk_reg/C                u_pcie/u_rtds_ddr4_backend/u_ddr4_mig/inst/u_ddr4_mem_intfc/u_mig_ddr4_phy/inst/clb2phy_t_b_addr_i_reg[0]/D
 64  CDC-3  Info      1-bit synchronized with ASYNC_REG property      2  Max Delay Datapath Only  u_pcie/u_rtds_ddr4_backend/u_ddr4_mig/inst/u_ddr4_mem_intfc/u_mig_ddr4_phy/inst/bisc_complete_riuclk_reg/C                   u_pcie/u_rtds_ddr4_backend/u_ddr4_mig/inst/u_ddr4_mem_intfc/u_phy2clb_bisc_complete_sync/SYNC[0].sync_reg_reg[0]/D
 65  CDC-3  Info      1-bit synchronized with ASYNC_REG property      2  Max Delay Datapath Only  u_pcie/u_rtds_ddr4_backend/u_ddr4_mig/inst/u_ddr4_mem_intfc/u_mig_ddr4_phy/inst/phy2clb_fixdly_rdy_low_riuclk_int_reg[0]/C   u_pcie/u_rtds_ddr4_backend/u_ddr4_mig/inst/u_ddr4_mem_intfc/u_phy2clb_fixdly_rdy_low/SYNC[0].sync_reg_reg[0]/D
 66  CDC-3  Info      1-bit synchronized with ASYNC_REG property      2  Max Delay Datapath Only  u_pcie/u_rtds_ddr4_backend/u_ddr4_mig/inst/u_ddr4_mem_intfc/u_mig_ddr4_phy/inst/phy2clb_fixdly_rdy_low_riuclk_int_reg[10]/C  u_pcie/u_rtds_ddr4_backend/u_ddr4_mig/inst/u_ddr4_mem_intfc/u_phy2clb_fixdly_rdy_low/SYNC[10].sync_reg_reg[0]/D
 67  CDC-3  Info      1-bit synchronized with ASYNC_REG property      2  Max Delay Datapath Only  u_pcie/u_rtds_ddr4_backend/u_ddr4_mig/inst/u_ddr4_mem_intfc/u_mig_ddr4_phy/inst/phy2clb_fixdly_rdy_low_riuclk_int_reg[11]/C  u_pcie/u_rtds_ddr4_backend/u_ddr4_mig/inst/u_ddr4_mem_intfc/u_phy2clb_fixdly_rdy_low/SYNC[11].sync_reg_reg[0]/D
 68  CDC-3  Info      1-bit synchronized with ASYNC_REG property      2  Max Delay Datapath Only  u_pcie/u_rtds_ddr4_backend/u_ddr4_mig/inst/u_ddr4_mem_intfc/u_mig_ddr4_phy/inst/phy2clb_fixdly_rdy_low_riuclk_int_reg[1]/C   u_pcie/u_rtds_ddr4_backend/u_ddr4_mig/inst/u_ddr4_mem_intfc/u_phy2clb_fixdly_rdy_low/SYNC[1].sync_reg_reg[0]/D
 69  CDC-3  Info      1-bit synchronized with ASYNC_REG property      2  Max Delay Datapath Only  u_pcie/u_rtds_ddr4_backend/u_ddr4_mig/inst/u_ddr4_mem_intfc/u_mig_ddr4_phy/inst/phy2clb_fixdly_rdy_low_riuclk_int_reg[2]/C   u_pcie/u_rtds_ddr4_backend/u_ddr4_mig/inst/u_ddr4_mem_intfc/u_phy2clb_fixdly_rdy_low/SYNC[2].sync_reg_reg[0]/D
 70  CDC-3  Info      1-bit synchronized with ASYNC_REG property      2  Max Delay Datapath Only  u_pcie/u_rtds_ddr4_backend/u_ddr4_mig/inst/u_ddr4_mem_intfc/u_mig_ddr4_phy/inst/phy2clb_fixdly_rdy_low_riuclk_int_reg[3]/C   u_pcie/u_rtds_ddr4_backend/u_ddr4_mig/inst/u_ddr4_mem_intfc/u_phy2clb_fixdly_rdy_low/SYNC[3].sync_reg_reg[0]/D
 71  CDC-3  Info      1-bit synchronized with ASYNC_REG property      2  Max Delay Datapath Only  u_pcie/u_rtds_ddr4_backend/u_ddr4_mig/inst/u_ddr4_mem_intfc/u_mig_ddr4_phy/inst/phy2clb_fixdly_rdy_low_riuclk_int_reg[5]/C   u_pcie/u_rtds_ddr4_backend/u_ddr4_mig/inst/u_ddr4_mem_intfc/u_phy2clb_fixdly_rdy_low/SYNC[5].sync_reg_reg[0]/D
 72  CDC-3  Info      1-bit synchronized with ASYNC_REG property      2  Max Delay Datapath Only  u_pcie/u_rtds_ddr4_backend/u_ddr4_mig/inst/u_ddr4_mem_intfc/u_mig_ddr4_phy/inst/phy2clb_fixdly_rdy_low_riuclk_int_reg[6]/C   u_pcie/u_rtds_ddr4_backend/u_ddr4_mig/inst/u_ddr4_mem_intfc/u_phy2clb_fixdly_rdy_low/SYNC[6].sync_reg_reg[0]/D
 73  CDC-3  Info      1-bit synchronized with ASYNC_REG property      2  Max Delay Datapath Only  u_pcie/u_rtds_ddr4_backend/u_ddr4_mig/inst/u_ddr4_mem_intfc/u_mig_ddr4_phy/inst/phy2clb_fixdly_rdy_low_riuclk_int_reg[7]/C   u_pcie/u_rtds_ddr4_backend/u_ddr4_mig/inst/u_ddr4_mem_intfc/u_phy2clb_fixdly_rdy_low/SYNC[7].sync_reg_reg[0]/D
 74  CDC-3  Info      1-bit synchronized with ASYNC_REG property      2  Max Delay Datapath Only  u_pcie/u_rtds_ddr4_backend/u_ddr4_mig/inst/u_ddr4_mem_intfc/u_mig_ddr4_phy/inst/phy2clb_fixdly_rdy_low_riuclk_int_reg[8]/C   u_pcie/u_rtds_ddr4_backend/u_ddr4_mig/inst/u_ddr4_mem_intfc/u_phy2clb_fixdly_rdy_low/SYNC[8].sync_reg_reg[0]/D
 75  CDC-3  Info      1-bit synchronized with ASYNC_REG property      2  Max Delay Datapath Only  u_pcie/u_rtds_ddr4_backend/u_ddr4_mig/inst/u_ddr4_mem_intfc/u_mig_ddr4_phy/inst/phy2clb_fixdly_rdy_low_riuclk_int_reg[9]/C   u_pcie/u_rtds_ddr4_backend/u_ddr4_mig/inst/u_ddr4_mem_intfc/u_phy2clb_fixdly_rdy_low/SYNC[9].sync_reg_reg[0]/D
 76  CDC-3  Info      1-bit synchronized with ASYNC_REG property      2  Max Delay Datapath Only  u_pcie/u_rtds_ddr4_backend/u_ddr4_mig/inst/u_ddr4_mem_intfc/u_mig_ddr4_phy/inst/phy2clb_fixdly_rdy_upp_riuclk_int_reg[0]/C   u_pcie/u_rtds_ddr4_backend/u_ddr4_mig/inst/u_ddr4_mem_intfc/u_phy2clb_fixdly_rdy_upp/SYNC[0].sync_reg_reg[0]/D
 77  CDC-3  Info      1-bit synchronized with ASYNC_REG property      2  Max Delay Datapath Only  u_pcie/u_rtds_ddr4_backend/u_ddr4_mig/inst/u_ddr4_mem_intfc/u_mig_ddr4_phy/inst/phy2clb_fixdly_rdy_upp_riuclk_int_reg[10]/C  u_pcie/u_rtds_ddr4_backend/u_ddr4_mig/inst/u_ddr4_mem_intfc/u_phy2clb_fixdly_rdy_upp/SYNC[10].sync_reg_reg[0]/D
 78  CDC-3  Info      1-bit synchronized with ASYNC_REG property      2  Max Delay Datapath Only  u_pcie/u_rtds_ddr4_backend/u_ddr4_mig/inst/u_ddr4_mem_intfc/u_mig_ddr4_phy/inst/phy2clb_fixdly_rdy_upp_riuclk_int_reg[11]/C  u_pcie/u_rtds_ddr4_backend/u_ddr4_mig/inst/u_ddr4_mem_intfc/u_phy2clb_fixdly_rdy_upp/SYNC[11].sync_reg_reg[0]/D
 79  CDC-3  Info      1-bit synchronized with ASYNC_REG property      2  Max Delay Datapath Only  u_pcie/u_rtds_ddr4_backend/u_ddr4_mig/inst/u_ddr4_mem_intfc/u_mig_ddr4_phy/inst/phy2clb_fixdly_rdy_upp_riuclk_int_reg[1]/C   u_pcie/u_rtds_ddr4_backend/u_ddr4_mig/inst/u_ddr4_mem_intfc/u_phy2clb_fixdly_rdy_upp/SYNC[1].sync_reg_reg[0]/D
 80  CDC-3  Info      1-bit synchronized with ASYNC_REG property      2  Max Delay Datapath Only  u_pcie/u_rtds_ddr4_backend/u_ddr4_mig/inst/u_ddr4_mem_intfc/u_mig_ddr4_phy/inst/phy2clb_fixdly_rdy_upp_riuclk_int_reg[2]/C   u_pcie/u_rtds_ddr4_backend/u_ddr4_mig/inst/u_ddr4_mem_intfc/u_phy2clb_fixdly_rdy_upp/SYNC[2].sync_reg_reg[0]/D
 81  CDC-3  Info      1-bit synchronized with ASYNC_REG property      2  Max Delay Datapath Only  u_pcie/u_rtds_ddr4_backend/u_ddr4_mig/inst/u_ddr4_mem_intfc/u_mig_ddr4_phy/inst/phy2clb_fixdly_rdy_upp_riuclk_int_reg[3]/C   u_pcie/u_rtds_ddr4_backend/u_ddr4_mig/inst/u_ddr4_mem_intfc/u_phy2clb_fixdly_rdy_upp/SYNC[3].sync_reg_reg[0]/D
 82  CDC-3  Info      1-bit synchronized with ASYNC_REG property      2  Max Delay Datapath Only  u_pcie/u_rtds_ddr4_backend/u_ddr4_mig/inst/u_ddr4_mem_intfc/u_mig_ddr4_phy/inst/phy2clb_fixdly_rdy_upp_riuclk_int_reg[5]/C   u_pcie/u_rtds_ddr4_backend/u_ddr4_mig/inst/u_ddr4_mem_intfc/u_phy2clb_fixdly_rdy_upp/SYNC[5].sync_reg_reg[0]/D
 83  CDC-3  Info      1-bit synchronized with ASYNC_REG property      2  Max Delay Datapath Only  u_pcie/u_rtds_ddr4_backend/u_ddr4_mig/inst/u_ddr4_mem_intfc/u_mig_ddr4_phy/inst/phy2clb_fixdly_rdy_upp_riuclk_int_reg[6]/C   u_pcie/u_rtds_ddr4_backend/u_ddr4_mig/inst/u_ddr4_mem_intfc/u_phy2clb_fixdly_rdy_upp/SYNC[6].sync_reg_reg[0]/D
 84  CDC-3  Info      1-bit synchronized with ASYNC_REG property      2  Max Delay Datapath Only  u_pcie/u_rtds_ddr4_backend/u_ddr4_mig/inst/u_ddr4_mem_intfc/u_mig_ddr4_phy/inst/phy2clb_fixdly_rdy_upp_riuclk_int_reg[7]/C   u_pcie/u_rtds_ddr4_backend/u_ddr4_mig/inst/u_ddr4_mem_intfc/u_phy2clb_fixdly_rdy_upp/SYNC[7].sync_reg_reg[0]/D
 85  CDC-3  Info      1-bit synchronized with ASYNC_REG property      2  Max Delay Datapath Only  u_pcie/u_rtds_ddr4_backend/u_ddr4_mig/inst/u_ddr4_mem_intfc/u_mig_ddr4_phy/inst/phy2clb_fixdly_rdy_upp_riuclk_int_reg[8]/C   u_pcie/u_rtds_ddr4_backend/u_ddr4_mig/inst/u_ddr4_mem_intfc/u_phy2clb_fixdly_rdy_upp/SYNC[8].sync_reg_reg[0]/D
 86  CDC-3  Info      1-bit synchronized with ASYNC_REG property      2  Max Delay Datapath Only  u_pcie/u_rtds_ddr4_backend/u_ddr4_mig/inst/u_ddr4_mem_intfc/u_mig_ddr4_phy/inst/phy2clb_fixdly_rdy_upp_riuclk_int_reg[9]/C   u_pcie/u_rtds_ddr4_backend/u_ddr4_mig/inst/u_ddr4_mem_intfc/u_phy2clb_fixdly_rdy_upp/SYNC[9].sync_reg_reg[0]/D
 87  CDC-3  Info      1-bit synchronized with ASYNC_REG property      2  Max Delay Datapath Only  u_pcie/u_rtds_ddr4_backend/u_ddr4_mig/inst/u_ddr4_mem_intfc/u_mig_ddr4_phy/inst/phy2clb_phy_rdy_low_riuclk_int_reg[0]/C      u_pcie/u_rtds_ddr4_backend/u_ddr4_mig/inst/u_ddr4_mem_intfc/u_phy2clb_phy_rdy_low/SYNC[0].sync_reg_reg[0]/D
 88  CDC-3  Info      1-bit synchronized with ASYNC_REG property      2  Max Delay Datapath Only  u_pcie/u_rtds_ddr4_backend/u_ddr4_mig/inst/u_ddr4_mem_intfc/u_mig_ddr4_phy/inst/phy2clb_phy_rdy_low_riuclk_int_reg[10]/C     u_pcie/u_rtds_ddr4_backend/u_ddr4_mig/inst/u_ddr4_mem_intfc/u_phy2clb_phy_rdy_low/SYNC[10].sync_reg_reg[0]/D
 89  CDC-3  Info      1-bit synchronized with ASYNC_REG property      2  Max Delay Datapath Only  u_pcie/u_rtds_ddr4_backend/u_ddr4_mig/inst/u_ddr4_mem_intfc/u_mig_ddr4_phy/inst/phy2clb_phy_rdy_low_riuclk_int_reg[11]/C     u_pcie/u_rtds_ddr4_backend/u_ddr4_mig/inst/u_ddr4_mem_intfc/u_phy2clb_phy_rdy_low/SYNC[11].sync_reg_reg[0]/D
 90  CDC-3  Info      1-bit synchronized with ASYNC_REG property      2  Max Delay Datapath Only  u_pcie/u_rtds_ddr4_backend/u_ddr4_mig/inst/u_ddr4_mem_intfc/u_mig_ddr4_phy/inst/phy2clb_phy_rdy_low_riuclk_int_reg[1]/C      u_pcie/u_rtds_ddr4_backend/u_ddr4_mig/inst/u_ddr4_mem_intfc/u_phy2clb_phy_rdy_low/SYNC[1].sync_reg_reg[0]/D
 91  CDC-3  Info      1-bit synchronized with ASYNC_REG property      2  Max Delay Datapath Only  u_pcie/u_rtds_ddr4_backend/u_ddr4_mig/inst/u_ddr4_mem_intfc/u_mig_ddr4_phy/inst/phy2clb_phy_rdy_low_riuclk_int_reg[2]/C      u_pcie/u_rtds_ddr4_backend/u_ddr4_mig/inst/u_ddr4_mem_intfc/u_phy2clb_phy_rdy_low/SYNC[2].sync_reg_reg[0]/D
 92  CDC-3  Info      1-bit synchronized with ASYNC_REG property      2  Max Delay Datapath Only  u_pcie/u_rtds_ddr4_backend/u_ddr4_mig/inst/u_ddr4_mem_intfc/u_mig_ddr4_phy/inst/phy2clb_phy_rdy_low_riuclk_int_reg[3]/C      u_pcie/u_rtds_ddr4_backend/u_ddr4_mig/inst/u_ddr4_mem_intfc/u_phy2clb_phy_rdy_low/SYNC[3].sync_reg_reg[0]/D
 93  CDC-3  Info      1-bit synchronized with ASYNC_REG property      2  Max Delay Datapath Only  u_pcie/u_rtds_ddr4_backend/u_ddr4_mig/inst/u_ddr4_mem_intfc/u_mig_ddr4_phy/inst/phy2clb_phy_rdy_low_riuclk_int_reg[5]/C      u_pcie/u_rtds_ddr4_backend/u_ddr4_mig/inst/u_ddr4_mem_intfc/u_phy2clb_phy_rdy_low/SYNC[5].sync_reg_reg[0]/D
 94  CDC-3  Info      1-bit synchronized with ASYNC_REG property      2  Max Delay Datapath Only  u_pcie/u_rtds_ddr4_backend/u_ddr4_mig/inst/u_ddr4_mem_intfc/u_mig_ddr4_phy/inst/phy2clb_phy_rdy_low_riuclk_int_reg[6]/C      u_pcie/u_rtds_ddr4_backend/u_ddr4_mig/inst/u_ddr4_mem_intfc/u_phy2clb_phy_rdy_low/SYNC[6].sync_reg_reg[0]/D
 95  CDC-3  Info      1-bit synchronized with ASYNC_REG property      2  Max Delay Datapath Only  u_pcie/u_rtds_ddr4_backend/u_ddr4_mig/inst/u_ddr4_mem_intfc/u_mig_ddr4_phy/inst/phy2clb_phy_rdy_low_riuclk_int_reg[7]/C      u_pcie/u_rtds_ddr4_backend/u_ddr4_mig/inst/u_ddr4_mem_intfc/u_phy2clb_phy_rdy_low/SYNC[7].sync_reg_reg[0]/D
 96  CDC-3  Info      1-bit synchronized with ASYNC_REG property      2  Max Delay Datapath Only  u_pcie/u_rtds_ddr4_backend/u_ddr4_mig/inst/u_ddr4_mem_intfc/u_mig_ddr4_phy/inst/phy2clb_phy_rdy_low_riuclk_int_reg[8]/C      u_pcie/u_rtds_ddr4_backend/u_ddr4_mig/inst/u_ddr4_mem_intfc/u_phy2clb_phy_rdy_low/SYNC[8].sync_reg_reg[0]/D
 97  CDC-3  Info      1-bit synchronized with ASYNC_REG property      2  Max Delay Datapath Only  u_pcie/u_rtds_ddr4_backend/u_ddr4_mig/inst/u_ddr4_mem_intfc/u_mig_ddr4_phy/inst/phy2clb_phy_rdy_low_riuclk_int_reg[9]/C      u_pcie/u_rtds_ddr4_backend/u_ddr4_mig/inst/u_ddr4_mem_intfc/u_phy2clb_phy_rdy_low/SYNC[9].sync_reg_reg[0]/D
 98  CDC-3  Info      1-bit synchronized with ASYNC_REG property      2  Max Delay Datapath Only  u_pcie/u_rtds_ddr4_backend/u_ddr4_mig/inst/u_ddr4_mem_intfc/u_mig_ddr4_phy/inst/phy2clb_phy_rdy_upp_riuclk_int_reg[0]/C      u_pcie/u_rtds_ddr4_backend/u_ddr4_mig/inst/u_ddr4_mem_intfc/u_phy2clb_phy_rdy_upp/SYNC[0].sync_reg_reg[0]/D
 99  CDC-3  Info      1-bit synchronized with ASYNC_REG property      2  Max Delay Datapath Only  u_pcie/u_rtds_ddr4_backend/u_ddr4_mig/inst/u_ddr4_mem_intfc/u_mig_ddr4_phy/inst/phy2clb_phy_rdy_upp_riuclk_int_reg[10]/C     u_pcie/u_rtds_ddr4_backend/u_ddr4_mig/inst/u_ddr4_mem_intfc/u_phy2clb_phy_rdy_upp/SYNC[10].sync_reg_reg[0]/D
100  CDC-3  Info      1-bit synchronized with ASYNC_REG property      2  Max Delay Datapath Only  u_pcie/u_rtds_ddr4_backend/u_ddr4_mig/inst/u_ddr4_mem_intfc/u_mig_ddr4_phy/inst/phy2clb_phy_rdy_upp_riuclk_int_reg[11]/C     u_pcie/u_rtds_ddr4_backend/u_ddr4_mig/inst/u_ddr4_mem_intfc/u_phy2clb_phy_rdy_upp/SYNC[11].sync_reg_reg[0]/D
101  CDC-3  Info      1-bit synchronized with ASYNC_REG property      2  Max Delay Datapath Only  u_pcie/u_rtds_ddr4_backend/u_ddr4_mig/inst/u_ddr4_mem_intfc/u_mig_ddr4_phy/inst/phy2clb_phy_rdy_upp_riuclk_int_reg[1]/C      u_pcie/u_rtds_ddr4_backend/u_ddr4_mig/inst/u_ddr4_mem_intfc/u_phy2clb_phy_rdy_upp/SYNC[1].sync_reg_reg[0]/D
102  CDC-3  Info      1-bit synchronized with ASYNC_REG property      2  Max Delay Datapath Only  u_pcie/u_rtds_ddr4_backend/u_ddr4_mig/inst/u_ddr4_mem_intfc/u_mig_ddr4_phy/inst/phy2clb_phy_rdy_upp_riuclk_int_reg[2]/C      u_pcie/u_rtds_ddr4_backend/u_ddr4_mig/inst/u_ddr4_mem_intfc/u_phy2clb_phy_rdy_upp/SYNC[2].sync_reg_reg[0]/D
103  CDC-3  Info      1-bit synchronized with ASYNC_REG property      2  Max Delay Datapath Only  u_pcie/u_rtds_ddr4_backend/u_ddr4_mig/inst/u_ddr4_mem_intfc/u_mig_ddr4_phy/inst/phy2clb_phy_rdy_upp_riuclk_int_reg[3]/C      u_pcie/u_rtds_ddr4_backend/u_ddr4_mig/inst/u_ddr4_mem_intfc/u_phy2clb_phy_rdy_upp/SYNC[3].sync_reg_reg[0]/D
104  CDC-3  Info      1-bit synchronized with ASYNC_REG property      2  Max Delay Datapath Only  u_pcie/u_rtds_ddr4_backend/u_ddr4_mig/inst/u_ddr4_mem_intfc/u_mig_ddr4_phy/inst/phy2clb_phy_rdy_upp_riuclk_int_reg[5]/C      u_pcie/u_rtds_ddr4_backend/u_ddr4_mig/inst/u_ddr4_mem_intfc/u_phy2clb_phy_rdy_upp/SYNC[5].sync_reg_reg[0]/D
105  CDC-3  Info      1-bit synchronized with ASYNC_REG property      2  Max Delay Datapath Only  u_pcie/u_rtds_ddr4_backend/u_ddr4_mig/inst/u_ddr4_mem_intfc/u_mig_ddr4_phy/inst/phy2clb_phy_rdy_upp_riuclk_int_reg[6]/C      u_pcie/u_rtds_ddr4_backend/u_ddr4_mig/inst/u_ddr4_mem_intfc/u_phy2clb_phy_rdy_upp/SYNC[6].sync_reg_reg[0]/D
106  CDC-3  Info      1-bit synchronized with ASYNC_REG property      2  Max Delay Datapath Only  u_pcie/u_rtds_ddr4_backend/u_ddr4_mig/inst/u_ddr4_mem_intfc/u_mig_ddr4_phy/inst/phy2clb_phy_rdy_upp_riuclk_int_reg[7]/C      u_pcie/u_rtds_ddr4_backend/u_ddr4_mig/inst/u_ddr4_mem_intfc/u_phy2clb_phy_rdy_upp/SYNC[7].sync_reg_reg[0]/D
107  CDC-3  Info      1-bit synchronized with ASYNC_REG property      2  Max Delay Datapath Only  u_pcie/u_rtds_ddr4_backend/u_ddr4_mig/inst/u_ddr4_mem_intfc/u_mig_ddr4_phy/inst/phy2clb_phy_rdy_upp_riuclk_int_reg[8]/C      u_pcie/u_rtds_ddr4_backend/u_ddr4_mig/inst/u_ddr4_mem_intfc/u_phy2clb_phy_rdy_upp/SYNC[8].sync_reg_reg[0]/D
108  CDC-3  Info      1-bit synchronized with ASYNC_REG property      2  Max Delay Datapath Only  u_pcie/u_rtds_ddr4_backend/u_ddr4_mig/inst/u_ddr4_mem_intfc/u_mig_ddr4_phy/inst/phy2clb_phy_rdy_upp_riuclk_int_reg[9]/C      u_pcie/u_rtds_ddr4_backend/u_ddr4_mig/inst/u_ddr4_mem_intfc/u_phy2clb_phy_rdy_upp/SYNC[9].sync_reg_reg[0]/D
109  CDC-3  Info      1-bit synchronized with ASYNC_REG property      2  Max Delay Datapath Only  u_pcie/u_rtds_ddr4_backend/u_ddr4_mig/inst/u_ddr4_mem_intfc/u_mig_ddr4_phy/inst/phy_ready_riuclk_reg/C                       u_pcie/u_rtds_ddr4_backend/u_ddr4_mig/inst/u_ddr4_mem_intfc/u_phy2clb_phy_ready_sync/SYNC[0].sync_reg_reg[0]/D
110  CDC-3  Info      1-bit synchronized with ASYNC_REG property      2  Max Delay Datapath Only  u_pcie/u_rtds_ddr4_backend/u_ddr4_mig/inst/u_ddr4_mem_intfc/u_ddr_cal_riu/riu2clb_valid_r1_riuclk_reg[0]/C                   u_pcie/u_rtds_ddr4_backend/u_ddr4_mig/inst/u_ddr4_mem_intfc/u_riu2clb_valid_sync/SYNC[0].sync_reg_reg[0]/D
111  CDC-3  Info      1-bit synchronized with ASYNC_REG property      2  Max Delay Datapath Only  u_pcie/u_rtds_ddr4_backend/u_ddr4_mig/inst/u_ddr4_mem_intfc/u_ddr_cal_riu/riu2clb_valid_r1_riuclk_reg[10]/C                  u_pcie/u_rtds_ddr4_backend/u_ddr4_mig/inst/u_ddr4_mem_intfc/u_riu2clb_valid_sync/SYNC[10].sync_reg_reg[0]/D
112  CDC-3  Info      1-bit synchronized with ASYNC_REG property      2  Max Delay Datapath Only  u_pcie/u_rtds_ddr4_backend/u_ddr4_mig/inst/u_ddr4_mem_intfc/u_ddr_cal_riu/riu2clb_valid_r1_riuclk_reg[11]/C                  u_pcie/u_rtds_ddr4_backend/u_ddr4_mig/inst/u_ddr4_mem_intfc/u_riu2clb_valid_sync/SYNC[11].sync_reg_reg[0]/D
113  CDC-3  Info      1-bit synchronized with ASYNC_REG property      2  Max Delay Datapath Only  u_pcie/u_rtds_ddr4_backend/u_ddr4_mig/inst/u_ddr4_mem_intfc/u_ddr_cal_riu/riu2clb_valid_r1_riuclk_reg[12]/C                  u_pcie/u_rtds_ddr4_backend/u_ddr4_mig/inst/u_ddr4_mem_intfc/u_riu2clb_valid_sync/SYNC[12].sync_reg_reg[0]/D
114  CDC-3  Info      1-bit synchronized with ASYNC_REG property      2  Max Delay Datapath Only  u_pcie/u_rtds_ddr4_backend/u_ddr4_mig/inst/u_ddr4_mem_intfc/u_ddr_cal_riu/riu2clb_valid_r1_riuclk_reg[13]/C                  u_pcie/u_rtds_ddr4_backend/u_ddr4_mig/inst/u_ddr4_mem_intfc/u_riu2clb_valid_sync/SYNC[13].sync_reg_reg[0]/D
115  CDC-3  Info      1-bit synchronized with ASYNC_REG property      2  Max Delay Datapath Only  u_pcie/u_rtds_ddr4_backend/u_ddr4_mig/inst/u_ddr4_mem_intfc/u_ddr_cal_riu/riu2clb_valid_r1_riuclk_reg[14]/C                  u_pcie/u_rtds_ddr4_backend/u_ddr4_mig/inst/u_ddr4_mem_intfc/u_riu2clb_valid_sync/SYNC[14].sync_reg_reg[0]/D
116  CDC-3  Info      1-bit synchronized with ASYNC_REG property      2  Max Delay Datapath Only  u_pcie/u_rtds_ddr4_backend/u_ddr4_mig/inst/u_ddr4_mem_intfc/u_ddr_cal_riu/riu2clb_valid_r1_riuclk_reg[15]/C                  u_pcie/u_rtds_ddr4_backend/u_ddr4_mig/inst/u_ddr4_mem_intfc/u_riu2clb_valid_sync/SYNC[15].sync_reg_reg[0]/D
117  CDC-3  Info      1-bit synchronized with ASYNC_REG property      2  Max Delay Datapath Only  u_pcie/u_rtds_ddr4_backend/u_ddr4_mig/inst/u_ddr4_mem_intfc/u_ddr_cal_riu/riu2clb_valid_r1_riuclk_reg[16]/C                  u_pcie/u_rtds_ddr4_backend/u_ddr4_mig/inst/u_ddr4_mem_intfc/u_riu2clb_valid_sync/SYNC[16].sync_reg_reg[0]/D
118  CDC-3  Info      1-bit synchronized with ASYNC_REG property      2  Max Delay Datapath Only  u_pcie/u_rtds_ddr4_backend/u_ddr4_mig/inst/u_ddr4_mem_intfc/u_ddr_cal_riu/riu2clb_valid_r1_riuclk_reg[17]/C                  u_pcie/u_rtds_ddr4_backend/u_ddr4_mig/inst/u_ddr4_mem_intfc/u_riu2clb_valid_sync/SYNC[17].sync_reg_reg[0]/D
119  CDC-3  Info      1-bit synchronized with ASYNC_REG property      2  Max Delay Datapath Only  u_pcie/u_rtds_ddr4_backend/u_ddr4_mig/inst/u_ddr4_mem_intfc/u_ddr_cal_riu/riu2clb_valid_r1_riuclk_reg[18]/C                  u_pcie/u_rtds_ddr4_backend/u_ddr4_mig/inst/u_ddr4_mem_intfc/u_riu2clb_valid_sync/SYNC[18].sync_reg_reg[0]/D
120  CDC-3  Info      1-bit synchronized with ASYNC_REG property      2  Max Delay Datapath Only  u_pcie/u_rtds_ddr4_backend/u_ddr4_mig/inst/u_ddr4_mem_intfc/u_ddr_cal_riu/riu2clb_valid_r1_riuclk_reg[19]/C                  u_pcie/u_rtds_ddr4_backend/u_ddr4_mig/inst/u_ddr4_mem_intfc/u_riu2clb_valid_sync/SYNC[19].sync_reg_reg[0]/D
121  CDC-3  Info      1-bit synchronized with ASYNC_REG property      2  Max Delay Datapath Only  u_pcie/u_rtds_ddr4_backend/u_ddr4_mig/inst/u_ddr4_mem_intfc/u_ddr_cal_riu/riu2clb_valid_r1_riuclk_reg[1]/C                   u_pcie/u_rtds_ddr4_backend/u_ddr4_mig/inst/u_ddr4_mem_intfc/u_riu2clb_valid_sync/SYNC[1].sync_reg_reg[0]/D
122  CDC-3  Info      1-bit synchronized with ASYNC_REG property      2  Max Delay Datapath Only  u_pcie/u_rtds_ddr4_backend/u_ddr4_mig/inst/u_ddr4_mem_intfc/u_ddr_cal_riu/riu2clb_valid_r1_riuclk_reg[2]/C                   u_pcie/u_rtds_ddr4_backend/u_ddr4_mig/inst/u_ddr4_mem_intfc/u_riu2clb_valid_sync/SYNC[2].sync_reg_reg[0]/D
123  CDC-3  Info      1-bit synchronized with ASYNC_REG property      2  Max Delay Datapath Only  u_pcie/u_rtds_ddr4_backend/u_ddr4_mig/inst/u_ddr4_mem_intfc/u_ddr_cal_riu/riu2clb_valid_r1_riuclk_reg[3]/C                   u_pcie/u_rtds_ddr4_backend/u_ddr4_mig/inst/u_ddr4_mem_intfc/u_riu2clb_valid_sync/SYNC[3].sync_reg_reg[0]/D
124  CDC-3  Info      1-bit synchronized with ASYNC_REG property      2  Max Delay Datapath Only  u_pcie/u_rtds_ddr4_backend/u_ddr4_mig/inst/u_ddr4_mem_intfc/u_ddr_cal_riu/riu2clb_valid_r1_riuclk_reg[4]/C                   u_pcie/u_rtds_ddr4_backend/u_ddr4_mig/inst/u_ddr4_mem_intfc/u_riu2clb_valid_sync/SYNC[4].sync_reg_reg[0]/D
125  CDC-3  Info      1-bit synchronized with ASYNC_REG property      2  Max Delay Datapath Only  u_pcie/u_rtds_ddr4_backend/u_ddr4_mig/inst/u_ddr4_mem_intfc/u_ddr_cal_riu/riu2clb_valid_r1_riuclk_reg[5]/C                   u_pcie/u_rtds_ddr4_backend/u_ddr4_mig/inst/u_ddr4_mem_intfc/u_riu2clb_valid_sync/SYNC[5].sync_reg_reg[0]/D
126  CDC-3  Info      1-bit synchronized with ASYNC_REG property      2  Max Delay Datapath Only  u_pcie/u_rtds_ddr4_backend/u_ddr4_mig/inst/u_ddr4_mem_intfc/u_ddr_cal_riu/riu2clb_valid_r1_riuclk_reg[6]/C                   u_pcie/u_rtds_ddr4_backend/u_ddr4_mig/inst/u_ddr4_mem_intfc/u_riu2clb_valid_sync/SYNC[6].sync_reg_reg[0]/D
127  CDC-3  Info      1-bit synchronized with ASYNC_REG property      2  Max Delay Datapath Only  u_pcie/u_rtds_ddr4_backend/u_ddr4_mig/inst/u_ddr4_mem_intfc/u_ddr_cal_riu/riu2clb_valid_r1_riuclk_reg[7]/C                   u_pcie/u_rtds_ddr4_backend/u_ddr4_mig/inst/u_ddr4_mem_intfc/u_riu2clb_valid_sync/SYNC[7].sync_reg_reg[0]/D
128  CDC-3  Info      1-bit synchronized with ASYNC_REG property      2  Max Delay Datapath Only  u_pcie/u_rtds_ddr4_backend/u_ddr4_mig/inst/u_ddr4_mem_intfc/u_ddr_cal_riu/riu2clb_valid_r1_riuclk_reg[8]/C                   u_pcie/u_rtds_ddr4_backend/u_ddr4_mig/inst/u_ddr4_mem_intfc/u_riu2clb_valid_sync/SYNC[8].sync_reg_reg[0]/D
129  CDC-3  Info      1-bit synchronized with ASYNC_REG property      2  Max Delay Datapath Only  u_pcie/u_rtds_ddr4_backend/u_ddr4_mig/inst/u_ddr4_mem_intfc/u_ddr_cal_riu/riu2clb_valid_r1_riuclk_reg[9]/C                   u_pcie/u_rtds_ddr4_backend/u_ddr4_mig/inst/u_ddr4_mem_intfc/u_riu2clb_valid_sync/SYNC[9].sync_reg_reg[0]/D

Source Clock: sys_clk_100m
Destination Clock: mmcm_clkout0
CDC Type: User Ignored

Row  ID     Severity  Description                                 Depth  Exception   Source (From)                                                                             Destination (To)
---  -----  --------  ------------------------------------------  -----  ----------  ----------------------------------------------------------------------------------------  ----------------------------------------------------------------------------------------
  1  CDC-3  Info      1-bit synchronized with ASYNC_REG property      2  False Path  u_pcie/u_rtds_ddr4_backend/u_ddr4_mig/inst/u_ddr4_infrastructure/rst_async_riu_div_reg/C  u_pcie/u_rtds_ddr4_backend/u_ddr4_mig/inst/u_ddr4_infrastructure/rst_div_sync_r_reg[0]/D

Source Clock: clk_out1_clk_wiz_0
Destination Clock: mmcm_clkout5
CDC Type: No Common Phase

Row  ID      Severity  Description                                     Depth  Exception   Source (From)  Destination (To)
---  ------  --------  ----------------------------------------------  -----  ----------  -------------  ----------------
  1  CDC-3   Info      1-bit synchronized with ASYNC_REG property          2  False Path  <hidden>       <hidden>
  2  CDC-3   Info      1-bit synchronized with ASYNC_REG property          2  False Path  <hidden>       <hidden>
  3  CDC-3   Info      1-bit synchronized with ASYNC_REG property          2  False Path  <hidden>       <hidden>
  4  CDC-3   Info      1-bit synchronized with ASYNC_REG property          2  False Path  <hidden>       <hidden>
  5  CDC-3   Info      1-bit synchronized with ASYNC_REG property          2  False Path  <hidden>       <hidden>
  6  CDC-3   Info      1-bit synchronized with ASYNC_REG property          2  False Path  <hidden>       <hidden>
  7  CDC-3   Info      1-bit synchronized with ASYNC_REG property          2  False Path  <hidden>       <hidden>
  8  CDC-3   Info      1-bit synchronized with ASYNC_REG property          2  False Path  <hidden>       <hidden>
  9  CDC-3   Info      1-bit synchronized with ASYNC_REG property          2  False Path  <hidden>       <hidden>
 10  CDC-3   Info      1-bit synchronized with ASYNC_REG property          2  False Path  <hidden>       <hidden>
 11  CDC-15  Warning   Clock enable controlled CDC structure detected      0  False Path  <hidden>       <hidden>
 12  CDC-15  Warning   Clock enable controlled CDC structure detected      0  False Path  <hidden>       <hidden>
 13  CDC-15  Warning   Clock enable controlled CDC structure detected      0  False Path  <hidden>       <hidden>
 14  CDC-15  Warning   Clock enable controlled CDC structure detected      0  False Path  <hidden>       <hidden>
 15  CDC-15  Warning   Clock enable controlled CDC structure detected      0  False Path  <hidden>       <hidden>
 16  CDC-15  Warning   Clock enable controlled CDC structure detected      0  False Path  <hidden>       <hidden>
 17  CDC-15  Warning   Clock enable controlled CDC structure detected      0  False Path  <hidden>       <hidden>
 18  CDC-15  Warning   Clock enable controlled CDC structure detected      0  False Path  <hidden>       <hidden>
 19  CDC-15  Warning   Clock enable controlled CDC structure detected      0  False Path  <hidden>       <hidden>
 20  CDC-15  Warning   Clock enable controlled CDC structure detected      0  False Path  <hidden>       <hidden>
 21  CDC-15  Warning   Clock enable controlled CDC structure detected      0  False Path  <hidden>       <hidden>
 22  CDC-15  Warning   Clock enable controlled CDC structure detected      0  False Path  <hidden>       <hidden>
 23  CDC-15  Warning   Clock enable controlled CDC structure detected      0  False Path  <hidden>       <hidden>
 24  CDC-15  Warning   Clock enable controlled CDC structure detected      0  False Path  <hidden>       <hidden>
 25  CDC-15  Warning   Clock enable controlled CDC structure detected      0  False Path  <hidden>       <hidden>
 26  CDC-15  Warning   Clock enable controlled CDC structure detected      0  False Path  <hidden>       <hidden>
 27  CDC-15  Warning   Clock enable controlled CDC structure detected      0  False Path  <hidden>       <hidden>
 28  CDC-15  Warning   Clock enable controlled CDC structure detected      0  False Path  <hidden>       <hidden>
 29  CDC-15  Warning   Clock enable controlled CDC structure detected      0  False Path  <hidden>       <hidden>
 30  CDC-15  Warning   Clock enable controlled CDC structure detected      0  False Path  <hidden>       <hidden>
 31  CDC-15  Warning   Clock enable controlled CDC structure detected      0  False Path  <hidden>       <hidden>
 32  CDC-15  Warning   Clock enable controlled CDC structure detected      0  False Path  <hidden>       <hidden>
 33  CDC-15  Warning   Clock enable controlled CDC structure detected      0  False Path  <hidden>       <hidden>
 34  CDC-15  Warning   Clock enable controlled CDC structure detected      0  False Path  <hidden>       <hidden>
 35  CDC-15  Warning   Clock enable controlled CDC structure detected      0  False Path  <hidden>       <hidden>
 36  CDC-15  Warning   Clock enable controlled CDC structure detected      0  False Path  <hidden>       <hidden>
 37  CDC-15  Warning   Clock enable controlled CDC structure detected      0  False Path  <hidden>       <hidden>
 38  CDC-15  Warning   Clock enable controlled CDC structure detected      0  False Path  <hidden>       <hidden>

Source Clock: dbg_hub/inst/BSCANID.u_xsdbm_id/SWITCH_N_EXT_BSCAN.bscan_inst/SERIES7_BSCAN.bscan_inst/TCK
Destination Clock: mmcm_clkout5
CDC Type: No Common Primary Clock

Row  ID     Severity  Description                                              Depth  Exception   Source (From)                                                                                            Destination (To)
---  -----  --------  -------------------------------------------------------  -----  ----------  -------------------------------------------------------------------------------------------------------  -------------------------------------------------------------------------------------------------------------------------------------------------------------------------------------------------------------------
  1  CDC-3  Info      1-bit synchronized with ASYNC_REG property                   2  False Path  dbg_hub/inst/BSCANID.u_xsdbm_id/CORE_XSDB.UUT_MASTER/U_ICON_INTERFACE/U_CMD1/icn_cmd_en_temp_reg/C       dbg_hub/inst/BSCANID.u_xsdbm_id/CORE_XSDB.UUT_MASTER/U_ICON_INTERFACE/U_CMD1/ctl_reg_en_1_reg[0]/D
  2  CDC-3  Info      1-bit synchronized with ASYNC_REG property                   2  False Path  dbg_hub/inst/BSCANID.u_xsdbm_id/CORE_XSDB.UUT_MASTER/U_ICON_INTERFACE/U_CMD2/icn_cmd_en_temp_reg/C       dbg_hub/inst/BSCANID.u_xsdbm_id/CORE_XSDB.UUT_MASTER/U_ICON_INTERFACE/U_CMD2/stat_reg_ld_reg[0]/D
  3  CDC-3  Info      1-bit synchronized with ASYNC_REG property                   2  False Path  dbg_hub/inst/BSCANID.u_xsdbm_id/CORE_XSDB.UUT_MASTER/U_ICON_INTERFACE/U_CMD3/icn_cmd_en_temp_reg/C       dbg_hub/inst/BSCANID.u_xsdbm_id/CORE_XSDB.UUT_MASTER/U_ICON_INTERFACE/U_CMD3/stat_reg_ld_reg[0]/D
  4  CDC-3  Info      1-bit synchronized with ASYNC_REG property                   2  False Path  dbg_hub/inst/BSCANID.u_xsdbm_id/CORE_XSDB.UUT_MASTER/U_ICON_INTERFACE/U_CMD4/icn_cmd_en_temp_reg/C       dbg_hub/inst/BSCANID.u_xsdbm_id/CORE_XSDB.UUT_MASTER/U_ICON_INTERFACE/U_CMD4/ctl_reg_en_1_reg[0]/D
  5  CDC-3  Info      1-bit synchronized with ASYNC_REG property                   2  False Path  dbg_hub/inst/BSCANID.u_xsdbm_id/CORE_XSDB.UUT_MASTER/U_ICON_INTERFACE/U_CMD5/icn_cmd_en_temp_reg/C       dbg_hub/inst/BSCANID.u_xsdbm_id/CORE_XSDB.UUT_MASTER/U_ICON_INTERFACE/U_CMD5/ctl_reg_en_1_reg[0]/D
  6  CDC-9  Info      Asynchronous reset synchronized with ASYNC_REG property      2  False Path  dbg_hub/inst/BSCANID.u_xsdbm_id/CORE_XSDB.UUT_MASTER/U_ICON_INTERFACE/wrdata_rst_reg/C                   dbg_hub/inst/BSCANID.u_xsdbm_id/CORE_XSDB.UUT_MASTER/U_ICON_INTERFACE/U_CMD6_WR/U_WR_FIFO/SUBCORE_FIFO.xsdbm_v3_0_0_wrfifo_inst/inst_fifo_gen/gconvfifo.rf/grf.rf/rstblk/ngwrdrst.grst.g7serrst.rst_rd_reg1_reg/PRE
  7  CDC-3  Info      1-bit synchronized with ASYNC_REG property                   2  False Path  dbg_hub/inst/BSCANID.u_xsdbm_id/CORE_XSDB.UUT_MASTER/U_ICON_INTERFACE/U_CMD7_CTL/icn_cmd_en_temp_reg/C   dbg_hub/inst/BSCANID.u_xsdbm_id/CORE_XSDB.UUT_MASTER/U_ICON_INTERFACE/U_CMD7_CTL/ctl_reg_en_1_reg[0]/D
  8  CDC-3  Info      1-bit synchronized with ASYNC_REG property                   2  False Path  dbg_hub/inst/BSCANID.u_xsdbm_id/CORE_XSDB.UUT_MASTER/U_ICON_INTERFACE/U_CMD7_STAT/icn_cmd_en_temp_reg/C  dbg_hub/inst/BSCANID.u_xsdbm_id/CORE_XSDB.UUT_MASTER/U_ICON_INTERFACE/U_CMD7_STAT/stat_reg_ld_reg[0]/D
  9  CDC-3  Info      1-bit synchronized with ASYNC_REG property                   2  False Path  dbg_hub/inst/BSCANID.u_xsdbm_id/CORE_XSDB.UUT_MASTER/U_ICON_INTERFACE/icn_cmd_en_reg[5]/C                dbg_hub/inst/BSCANID.u_xsdbm_id/CORE_XSDB.UUT_MASTER/U_ICON_INTERFACE/icn_cmd_en_5_temp_reg/D

Source Clock: mmcm_clkout0
Destination Clock: mmcm_clkout5
CDC Type: Safely Timed

Row  ID     Severity  Description                                 Depth  Exception                Source (From)                                                                                                                Destination (To)
---  -----  --------  ------------------------------------------  -----  -----------------------  ---------------------------------------------------------------------------------------------------------------------------  ---------------------------------------------------------------------------------------------------------------------------------------------
  1  CDC-3  Info      1-bit synchronized with ASYNC_REG property      2  Max Delay Datapath Only  u_pcie/u_rtds_ddr4_backend/u_ddr4_mig/inst/u_ddr4_mem_intfc/u_ddr_cal_top/u_ddr_cal/u_xsdb_arbiter/slave_do_fclk_reg[0]/C    u_pcie/u_rtds_ddr4_backend/u_ddr4_mig/inst/u_ddr4_mem_intfc/u_ddr_cal_top/u_ddr_cal/u_xsdb_arbiter/u_slave_do_sync/SYNC[0].sync_reg_reg[0]/D
  2  CDC-3  Info      1-bit synchronized with ASYNC_REG property      2  Max Delay Datapath Only  u_pcie/u_rtds_ddr4_backend/u_ddr4_mig/inst/u_ddr4_mem_intfc/u_ddr_cal_top/u_ddr_cal/u_xsdb_arbiter/slave_do_fclk_reg[1]/C    u_pcie/u_rtds_ddr4_backend/u_ddr4_mig/inst/u_ddr4_mem_intfc/u_ddr_cal_top/u_ddr_cal/u_xsdb_arbiter/u_slave_do_sync/SYNC[1].sync_reg_reg[0]/D
  3  CDC-3  Info      1-bit synchronized with ASYNC_REG property      2  Max Delay Datapath Only  u_pcie/u_rtds_ddr4_backend/u_ddr4_mig/inst/u_ddr4_mem_intfc/u_ddr_cal_top/u_ddr_cal/u_xsdb_arbiter/slave_do_fclk_reg[2]/C    u_pcie/u_rtds_ddr4_backend/u_ddr4_mig/inst/u_ddr4_mem_intfc/u_ddr_cal_top/u_ddr_cal/u_xsdb_arbiter/u_slave_do_sync/SYNC[2].sync_reg_reg[0]/D
  4  CDC-3  Info      1-bit synchronized with ASYNC_REG property      2  Max Delay Datapath Only  u_pcie/u_rtds_ddr4_backend/u_ddr4_mig/inst/u_ddr4_mem_intfc/u_ddr_cal_top/u_ddr_cal/u_xsdb_arbiter/slave_do_fclk_reg[3]/C    u_pcie/u_rtds_ddr4_backend/u_ddr4_mig/inst/u_ddr4_mem_intfc/u_ddr_cal_top/u_ddr_cal/u_xsdb_arbiter/u_slave_do_sync/SYNC[3].sync_reg_reg[0]/D
  5  CDC-3  Info      1-bit synchronized with ASYNC_REG property      2  Max Delay Datapath Only  u_pcie/u_rtds_ddr4_backend/u_ddr4_mig/inst/u_ddr4_mem_intfc/u_ddr_cal_top/u_ddr_cal/u_xsdb_arbiter/slave_do_fclk_reg[4]/C    u_pcie/u_rtds_ddr4_backend/u_ddr4_mig/inst/u_ddr4_mem_intfc/u_ddr_cal_top/u_ddr_cal/u_xsdb_arbiter/u_slave_do_sync/SYNC[4].sync_reg_reg[0]/D
  6  CDC-3  Info      1-bit synchronized with ASYNC_REG property      2  Max Delay Datapath Only  u_pcie/u_rtds_ddr4_backend/u_ddr4_mig/inst/u_ddr4_mem_intfc/u_ddr_cal_top/u_ddr_cal/u_xsdb_arbiter/slave_do_fclk_reg[5]/C    u_pcie/u_rtds_ddr4_backend/u_ddr4_mig/inst/u_ddr4_mem_intfc/u_ddr_cal_top/u_ddr_cal/u_xsdb_arbiter/u_slave_do_sync/SYNC[5].sync_reg_reg[0]/D
  7  CDC-3  Info      1-bit synchronized with ASYNC_REG property      2  Max Delay Datapath Only  u_pcie/u_rtds_ddr4_backend/u_ddr4_mig/inst/u_ddr4_mem_intfc/u_ddr_cal_top/u_ddr_cal/u_xsdb_arbiter/slave_do_fclk_reg[6]/C    u_pcie/u_rtds_ddr4_backend/u_ddr4_mig/inst/u_ddr4_mem_intfc/u_ddr_cal_top/u_ddr_cal/u_xsdb_arbiter/u_slave_do_sync/SYNC[6].sync_reg_reg[0]/D
  8  CDC-3  Info      1-bit synchronized with ASYNC_REG property      2  Max Delay Datapath Only  u_pcie/u_rtds_ddr4_backend/u_ddr4_mig/inst/u_ddr4_mem_intfc/u_ddr_cal_top/u_ddr_cal/u_xsdb_arbiter/slave_do_fclk_reg[7]/C    u_pcie/u_rtds_ddr4_backend/u_ddr4_mig/inst/u_ddr4_mem_intfc/u_ddr_cal_top/u_ddr_cal/u_xsdb_arbiter/u_slave_do_sync/SYNC[7].sync_reg_reg[0]/D
  9  CDC-3  Info      1-bit synchronized with ASYNC_REG property      2  Max Delay Datapath Only  u_pcie/u_rtds_ddr4_backend/u_ddr4_mig/inst/u_ddr4_mem_intfc/u_ddr_cal_top/u_ddr_cal/u_xsdb_arbiter/slave_do_fclk_reg[8]/C    u_pcie/u_rtds_ddr4_backend/u_ddr4_mig/inst/u_ddr4_mem_intfc/u_ddr_cal_top/u_ddr_cal/u_xsdb_arbiter/u_slave_do_sync/SYNC[8].sync_reg_reg[0]/D
 10  CDC-3  Info      1-bit synchronized with ASYNC_REG property      3  Max Delay Datapath Only  u_pcie/u_rtds_ddr4_backend/u_ddr4_mig/inst/u_ddr4_mem_intfc/u_ddr_cal_top/u_ddr_cal/u_xsdb_arbiter/slave_rdy_lvl_fclk_reg/C  u_pcie/u_rtds_ddr4_backend/u_ddr4_mig/inst/u_ddr4_mem_intfc/u_ddr_cal_top/u_ddr_cal/u_xsdb_arbiter/u_slave_rdy_sync/SYNC[0].sync_reg_reg[0]/D

Source Clock: sys_clk_100m
Destination Clock: mmcm_clkout6
CDC Type: User Ignored

Row  ID     Severity  Description                                 Depth  Exception   Source (From)                                                                             Destination (To)
---  -----  --------  ------------------------------------------  -----  ----------  ----------------------------------------------------------------------------------------  ----------------------------------------------------------------------------------------
  1  CDC-3  Info      1-bit synchronized with ASYNC_REG property      2  False Path  u_pcie/u_rtds_ddr4_backend/u_ddr4_mig/inst/u_ddr4_infrastructure/rst_async_mb_reg/C       u_pcie/u_rtds_ddr4_backend/u_ddr4_mig/inst/u_ddr4_infrastructure/rst_mb_sync_r_reg[0]/D
  2  CDC-3  Info      1-bit synchronized with ASYNC_REG property      2  False Path  u_pcie/u_rtds_ddr4_backend/u_ddr4_mig/inst/u_ddr4_infrastructure/rst_async_riu_div_reg/C  u_pcie/u_rtds_ddr4_backend/u_ddr4_mig/inst/u_ddr4_infrastructure/rst_riu_sync_r_reg[0]/D

Source Clock: pipe_clk
Destination Clock: pcie_refclk_100m
CDC Type: No Common Node

Row  ID     Severity  Description                                 Depth  Exception   Source (From)                                                                                                                                                                                                                                                                                                                                                                                                                         Destination (To)
---  -----  --------  ------------------------------------------  -----  ----------  ------------------------------------------------------------------------------------------------------------------------------------------------------------------------------------------------------------------------------------------------------------------------------------------------------------------------------------------------------------------------------------------------------------------------------------  ------------------------------------------------------------------------------------------------------------------------------------------------------------------------
  1  CDC-3  Info      1-bit synchronized with ASYNC_REG property      4  False Path  u_pcie/design_1_wrapper_inst/design_1_i/xdma_0/inst/pcie3_ip_i/inst/design_1_xdma_0_0_pcie3_ip_gt_top_i/gt_wizard.gtwizard_top_i/design_1_xdma_0_0_pcie3_ip_gt_i/inst/gen_gtwizard_gthe3_top.design_1_xdma_0_0_pcie3_ip_gt_gtwizard_gthe3_inst/gen_gtwizard_gthe3.gen_channel_container[1].gen_enabled_channel.gthe3_channel_wrapper_inst/channel_inst/gthe3_channel_gen.gen_gthe3_channel_inst[1].GTHE3_CHANNEL_PRIM_INST/RXUSRCLK2  u_pcie/design_1_wrapper_inst/design_1_i/xdma_0/inst/pcie3_ip_i/inst/design_1_xdma_0_0_pcie3_ip_gt_top_i/phy_rst_i/sync_phystatus/sync_vec[0].sync_cell_i/sync_reg[0]/D
  2  CDC-3  Info      1-bit synchronized with ASYNC_REG property      4  False Path  u_pcie/design_1_wrapper_inst/design_1_i/xdma_0/inst/pcie3_ip_i/inst/design_1_xdma_0_0_pcie3_ip_gt_top_i/gt_wizard.gtwizard_top_i/design_1_xdma_0_0_pcie3_ip_gt_i/inst/gen_gtwizard_gthe3_top.design_1_xdma_0_0_pcie3_ip_gt_gtwizard_gthe3_inst/gen_gtwizard_gthe3.gen_channel_container[1].gen_enabled_channel.gthe3_channel_wrapper_inst/channel_inst/gthe3_channel_gen.gen_gthe3_channel_inst[0].GTHE3_CHANNEL_PRIM_INST/RXUSRCLK2  u_pcie/design_1_wrapper_inst/design_1_i/xdma_0/inst/pcie3_ip_i/inst/design_1_xdma_0_0_pcie3_ip_gt_top_i/phy_rst_i/sync_phystatus/sync_vec[1].sync_cell_i/sync_reg[0]/D
  3  CDC-3  Info      1-bit synchronized with ASYNC_REG property      4  False Path  u_pcie/design_1_wrapper_inst/design_1_i/xdma_0/inst/pcie3_ip_i/inst/design_1_xdma_0_0_pcie3_ip_gt_top_i/phy_rst_i/prst_n_r_reg_reg/C                                                                                                                                                                                                                                                                                                  u_pcie/design_1_wrapper_inst/design_1_i/xdma_0/inst/pcie3_ip_i/inst/design_1_xdma_0_0_pcie3_ip_gt_top_i/phy_rst_i/sync_prst_n/sync_vec[0].sync_cell_i/sync_reg[0]/D
  4  CDC-3  Info      1-bit synchronized with ASYNC_REG property      4  False Path  u_pcie/design_1_wrapper_inst/design_1_i/xdma_0/inst/pcie3_ip_i/inst/design_1_xdma_0_0_pcie3_ip_gt_top_i/gt_wizard.gtwizard_top_i/design_1_xdma_0_0_pcie3_ip_gt_i/inst/gen_gtwizard_gthe3_top.design_1_xdma_0_0_pcie3_ip_gt_gtwizard_gthe3_inst/gen_gtwizard_gthe3.gen_channel_container[1].gen_enabled_channel.gthe3_channel_wrapper_inst/channel_inst/gthe3_channel_gen.gen_gthe3_channel_inst[1].GTHE3_CHANNEL_PRIM_INST/RXUSRCLK2  u_pcie/design_1_wrapper_inst/design_1_i/xdma_0/inst/pcie3_ip_i/inst/design_1_xdma_0_0_pcie3_ip_gt_top_i/phy_rst_i/sync_rxresetdone/sync_vec[0].sync_cell_i/sync_reg[0]/D
  5  CDC-3  Info      1-bit synchronized with ASYNC_REG property      4  False Path  u_pcie/design_1_wrapper_inst/design_1_i/xdma_0/inst/pcie3_ip_i/inst/design_1_xdma_0_0_pcie3_ip_gt_top_i/gt_wizard.gtwizard_top_i/design_1_xdma_0_0_pcie3_ip_gt_i/inst/gen_gtwizard_gthe3_top.design_1_xdma_0_0_pcie3_ip_gt_gtwizard_gthe3_inst/gen_gtwizard_gthe3.gen_channel_container[1].gen_enabled_channel.gthe3_channel_wrapper_inst/channel_inst/gthe3_channel_gen.gen_gthe3_channel_inst[0].GTHE3_CHANNEL_PRIM_INST/RXUSRCLK2  u_pcie/design_1_wrapper_inst/design_1_i/xdma_0/inst/pcie3_ip_i/inst/design_1_xdma_0_0_pcie3_ip_gt_top_i/phy_rst_i/sync_rxresetdone/sync_vec[1].sync_cell_i/sync_reg[0]/D
  6  CDC-3  Info      1-bit synchronized with ASYNC_REG property      4  False Path  u_pcie/design_1_wrapper_inst/design_1_i/xdma_0/inst/pcie3_ip_i/inst/design_1_xdma_0_0_pcie3_ip_gt_top_i/gt_wizard.gtwizard_top_i/design_1_xdma_0_0_pcie3_ip_gt_i/inst/gen_gtwizard_gthe3_top.design_1_xdma_0_0_pcie3_ip_gt_gtwizard_gthe3_inst/gen_gtwizard_gthe3.gen_channel_container[1].gen_enabled_channel.gthe3_channel_wrapper_inst/channel_inst/gthe3_channel_gen.gen_gthe3_channel_inst[1].GTHE3_CHANNEL_PRIM_INST/TXUSRCLK2  u_pcie/design_1_wrapper_inst/design_1_i/xdma_0/inst/pcie3_ip_i/inst/design_1_xdma_0_0_pcie3_ip_gt_top_i/phy_rst_i/sync_txresetdone/sync_vec[0].sync_cell_i/sync_reg[0]/D
  7  CDC-3  Info      1-bit synchronized with ASYNC_REG property      4  False Path  u_pcie/design_1_wrapper_inst/design_1_i/xdma_0/inst/pcie3_ip_i/inst/design_1_xdma_0_0_pcie3_ip_gt_top_i/gt_wizard.gtwizard_top_i/design_1_xdma_0_0_pcie3_ip_gt_i/inst/gen_gtwizard_gthe3_top.design_1_xdma_0_0_pcie3_ip_gt_gtwizard_gthe3_inst/gen_gtwizard_gthe3.gen_channel_container[1].gen_enabled_channel.gthe3_channel_wrapper_inst/channel_inst/gthe3_channel_gen.gen_gthe3_channel_inst[0].GTHE3_CHANNEL_PRIM_INST/TXUSRCLK2  u_pcie/design_1_wrapper_inst/design_1_i/xdma_0/inst/pcie3_ip_i/inst/design_1_xdma_0_0_pcie3_ip_gt_top_i/phy_rst_i/sync_txresetdone/sync_vec[1].sync_cell_i/sync_reg[0]/D

Source Clock: aurora_user_clk
Destination Clock: rxoutclk_out[0]
CDC Type: No Common Node

Row  ID     Severity  Description                                 Depth  Exception   Source (From)                                                                                                                                                         Destination (To)
---  -----  --------  ------------------------------------------  -----  ----------  --------------------------------------------------------------------------------------------------------------------------------------------------------------------  -----------------------------------------------------------------------------------------------------------------------------------------------------------------------------------------------------
  1  CDC-3  Info      1-bit synchronized with ASYNC_REG property      5  False Path  u_aurora_64b66b_top/aurora_64b66b_0_exdes_inst/aurora_64b66b_0_block_i/inst/aurora_64b66b_0_core_i/aurora_64b66b_0_wrapper_i/common_reset_cbcc_i/fifo_reset_rd_reg/C  u_aurora_64b66b_top/aurora_64b66b_0_exdes_inst/aurora_64b66b_0_block_i/inst/aurora_64b66b_0_core_i/aurora_64b66b_0_wrapper_i/common_reset_cbcc_i/u_rst_sync_r_sync3/stg1_aurora_64b66b_0_cdc_to_reg/D
  2  CDC-3  Info      1-bit synchronized with ASYNC_REG property      2  False Path  u_aurora_64b66b_top/aurora_64b66b_0_exdes_inst/aurora_64b66b_0_block_i/inst/aurora_64b66b_0_core_i/aurora_lane_0_i/lane_init_sm_i/check_polarity_r_reg/C              u_aurora_64b66b_top/aurora_64b66b_0_exdes_inst/aurora_64b66b_0_block_i/inst/aurora_64b66b_0_core_i/aurora_64b66b_0_wrapper_i/u_cdc__check_polarity/s_level_out_d1_aurora_64b66b_0_cdc_to_reg/D
  3  CDC-3  Info      1-bit synchronized with ASYNC_REG property      3  False Path  u_aurora_64b66b_top/aurora_64b66b_0_exdes_inst/aurora_64b66b_0_block_i/inst/aurora_64b66b_0_core_i/aurora_lane_0_i/lane_init_sm_i/rx_polarity_r_reg/C                 u_aurora_64b66b_top/aurora_64b66b_0_exdes_inst/aurora_64b66b_0_block_i/inst/aurora_64b66b_0_core_i/aurora_64b66b_0_wrapper_i/u_cdc_rxpolarity_/s_level_out_d1_aurora_64b66b_0_cdc_to_reg/D
  4  CDC-3  Info      1-bit synchronized with ASYNC_REG property      5  False Path  u_aurora_64b66b_top/aurora_64b66b_0_exdes_inst/aurora_64b66b_0_block_i/inst/aurora_64b66b_0_core_i/aurora_64b66b_0_wrapper_i/FSM_RESETDONE_j_reg/C                    u_aurora_64b66b_top/aurora_64b66b_0_exdes_inst/aurora_64b66b_0_block_i/inst/aurora_64b66b_0_core_i/aurora_64b66b_0_wrapper_i/u_rst_sync_fsm_resetdone/stg1_aurora_64b66b_0_cdc_to_reg/D
  5  CDC-3  Info      1-bit synchronized with ASYNC_REG property      5  False Path  u_aurora_64b66b_top/aurora_64b66b_0_exdes_inst/aurora_64b66b_0_block_i/inst/aurora_64b66b_0_core_i/aurora_64b66b_0_wrapper_i/rxreset_for_lanes_q_reg/C                u_aurora_64b66b_top/aurora_64b66b_0_exdes_inst/aurora_64b66b_0_block_i/inst/aurora_64b66b_0_core_i/aurora_64b66b_0_wrapper_i/u_rst_sync_rxreset_in/stg1_aurora_64b66b_0_cdc_to_reg/D

Source Clock: clk_out3_clk_wiz_0
Destination Clock: rxoutclk_out[0]
CDC Type: No Common Primary Clock

Row  ID     Severity  Description                                              Depth  Exception   Source (From)                                                                                                                                                                                                                                                                                                                                                        Destination (To)
---  -----  --------  -------------------------------------------------------  -----  ----------  -------------------------------------------------------------------------------------------------------------------------------------------------------------------------------------------------------------------------------------------------------------------------------------------------------------------------------------------------------------------  -----------------------------------------------------------------------------------------------------------------------------------------------------------------------------------------------------------------------------------------------------------------------------------------------------------------------------------------------------------------------------------------
  1  CDC-9  Info      Asynchronous reset synchronized with ASYNC_REG property      5  False Path  u_aurora_64b66b_top/aurora_64b66b_0_exdes_inst/aurora_64b66b_0_block_i/inst/aurora_64b66b_0_core_i/aurora_64b66b_0_wrapper_i/aurora_64b66b_0_multi_gt_i/aurora_64b66b_0_gt_i/inst/gen_gtwizard_gthe3_top.aurora_64b66b_0_gt_gtwizard_gthe3_inst/gen_gtwizard_gthe3.gen_reset_controller_internal.gen_single_instance.gtwiz_reset_inst/gtwiz_reset_rx_done_int_reg/C  u_aurora_64b66b_top/aurora_64b66b_0_exdes_inst/aurora_64b66b_0_block_i/inst/aurora_64b66b_0_core_i/aurora_64b66b_0_wrapper_i/aurora_64b66b_0_multi_gt_i/aurora_64b66b_0_gt_i/inst/gen_gtwizard_gthe3_top.aurora_64b66b_0_gt_gtwizard_gthe3_inst/gen_gtwizard_gthe3.gen_reset_controller_internal.gen_single_instance.gtwiz_reset_inst/reset_synchronizer_rx_done_inst/rst_in_meta_reg/CLR
  2  CDC-9  Info      Asynchronous reset synchronized with ASYNC_REG property      3  False Path  u_aurora_64b66b_top/aurora_64b66b_0_exdes_inst/aurora_64b66b_0_block_i/inst/aurora_64b66b_0_core_i/aurora_64b66b_0_wrapper_i/aurora_64b66b_0_multi_gt_i/gtwiz_userclk_rx_reset_in_r_reg/C                                                                                                                                                                            u_aurora_64b66b_top/aurora_64b66b_0_exdes_inst/aurora_64b66b_0_block_i/inst/aurora_64b66b_0_core_i/aurora_64b66b_0_wrapper_i/aurora_64b66b_0_multi_gt_i/ultrascale_rx_userclk/gen_gtwiz_userclk_rx_main.rx_active_aurora_64b66b_0_cdc_to_reg/CLR
  3  CDC-3  Info      1-bit synchronized with ASYNC_REG property                   5  False Path  u_aurora_64b66b_top/aurora_64b66b_0_exdes_inst/aurora_64b66b_0_block_i/inst/aurora_64b66b_0_core_i/aurora_64b66b_0_wrapper_i/allow_block_sync_propagation_reg/C                                                                                                                                                                                                      u_aurora_64b66b_top/aurora_64b66b_0_exdes_inst/aurora_64b66b_0_block_i/inst/aurora_64b66b_0_core_i/aurora_64b66b_0_wrapper_i/u_rst_sync_blocksyncprop_inrxclk_sync/stg1_aurora_64b66b_0_cdc_to_reg/D

Source Clock: input port clock
Destination Clock: sys_clk_100m
CDC Type: No Common Primary Clock

Row  ID     Severity  Description                                              Depth  Exception   Source (From)  Destination (To)
---  -----  --------  -------------------------------------------------------  -----  ----------  -------------  -------------------------------------------------------------------------------------------
  1  CDC-9  Info      Asynchronous reset synchronized with ASYNC_REG property      6  False Path  ddr_sys_rst_n  u_pcie/u_rtds_ddr4_backend/u_ddr4_mig/inst/u_ddr4_infrastructure/rst_input_async_reg[0]/PRE

Source Clock: clk_out1_clk_wiz_0
Destination Clock: txoutclk_out[0]
CDC Type: No Common Primary Clock

Row  ID     Severity  Description                                 Depth  Exception   Source (From)                                                                     Destination (To)
---  -----  --------  ------------------------------------------  -----  ----------  --------------------------------------------------------------------------------  -----------------------------------------------------------------------------------------------------------------
  1  CDC-3  Info      1-bit synchronized with ASYNC_REG property      4  False Path  U_RTDS_1G_PERIODIC_TX/U_RTDS_FPGA_CFG_CDC/U_XPM_CDC_HANDSHAKE/src_sendd_ff_reg/C  U_RTDS_1G_PERIODIC_TX/U_RTDS_FPGA_CFG_CDC/U_XPM_CDC_HANDSHAKE/xpm_cdc_single_src2dest_inst/syncstages_ff_reg[0]/D

Source Clock: init_clk_25m
Destination Clock: txoutclk_out[0]
CDC Type: No Common Primary Clock

Row  ID      Severity  Description                                              Depth  Exception   Source (From)                                                                                                                                                                                                                                                                       Destination (To)
---  ------  --------  -------------------------------------------------------  -----  ----------  ----------------------------------------------------------------------------------------------------------------------------------------------------------------------------------------------------------------------------------------------------------------------------------  --------------------------------------------------------------------------------------------------------------------------------------------------------------------------------------------------------------------------------------------------------------------------------------------------------
  1  CDC-3   Info      1-bit synchronized with ASYNC_REG property                   3  False Path  U_AURORA_1G/aurora_i/inst/aurora_8b10b_1p25g_core_i/core_reset_logic_i/link_reset_cdc_sync/p_level_in_d1_cdc_from_reg/C                                                                                                                                                             U_AURORA_1G/aurora_i/inst/aurora_8b10b_1p25g_core_i/core_reset_logic_i/link_reset_cdc_sync/s_level_out_d1_aurora_8b10b_1p25g_cdc_to_reg/D
  2  CDC-3   Info      1-bit synchronized with ASYNC_REG property                   3  False Path  U_AURORA_1G/aurora_i/inst/aurora_8b10b_1p25g_core_i/core_reset_logic_i/tx_lock_cdc_sync/p_level_in_d1_cdc_from_reg/C                                                                                                                                                                U_AURORA_1G/aurora_i/inst/aurora_8b10b_1p25g_core_i/core_reset_logic_i/tx_lock_cdc_sync/s_level_out_d1_aurora_8b10b_1p25g_cdc_to_reg/D
  3  CDC-9   Info      Asynchronous reset synchronized with ASYNC_REG property      5  False Path  U_AURORA_1G/aurora_i/inst/aurora_8b10b_1p25g_core_i/gt_wrapper_i/aurora_8b10b_1p25g_gt_i/inst/gen_gtwizard_gthe3_top.aurora_8b10b_1p25g_gt_gtwizard_gthe3_inst/gen_gtwizard_gthe3.gen_reset_controller_internal.gen_single_instance.gtwiz_reset_inst/gtwiz_reset_rx_done_int_reg/C  U_AURORA_1G/aurora_i/inst/aurora_8b10b_1p25g_core_i/gt_wrapper_i/aurora_8b10b_1p25g_gt_i/inst/gen_gtwizard_gthe3_top.aurora_8b10b_1p25g_gt_gtwizard_gthe3_inst/gen_gtwizard_gthe3.gen_reset_controller_internal.gen_single_instance.gtwiz_reset_inst/reset_synchronizer_rx_done_inst/rst_in_meta_reg/CLR
  4  CDC-9   Info      Asynchronous reset synchronized with ASYNC_REG property      5  False Path  U_AURORA_1G/aurora_i/inst/aurora_8b10b_1p25g_core_i/gt_wrapper_i/aurora_8b10b_1p25g_gt_i/inst/gen_gtwizard_gthe3_top.aurora_8b10b_1p25g_gt_gtwizard_gthe3_inst/gen_gtwizard_gthe3.gen_reset_controller_internal.gen_single_instance.gtwiz_reset_inst/gtwiz_reset_tx_done_int_reg/C  U_AURORA_1G/aurora_i/inst/aurora_8b10b_1p25g_core_i/gt_wrapper_i/aurora_8b10b_1p25g_gt_i/inst/gen_gtwizard_gthe3_top.aurora_8b10b_1p25g_gt_gtwizard_gthe3_inst/gen_gtwizard_gthe3.gen_reset_controller_internal.gen_single_instance.gtwiz_reset_inst/reset_synchronizer_tx_done_inst/rst_in_meta_reg/CLR
  5  CDC-10  Critical  Combinational logic detected before a synchronizer           4  False Path  U_RTDS_FPGA_1G_INIT/startup_count_reg[5]/C                                                                                                                                                                                                                                          U_AURORA_1G/aurora_i/inst/reset_sync_user_clk_cdc_sync/s_level_out_d1_aurora_8b10b_1p25g_cdc_to_reg/D
  6  CDC-3   Info      1-bit synchronized with ASYNC_REG property                   3  False Path  U_AURORA_1G/aurora_i/inst/support_reset_logic_i/gt_rst_r_cdc_sync/p_level_in_d1_cdc_from_reg/C                                                                                                                                                                                      U_AURORA_1G/aurora_i/inst/support_reset_logic_i/gt_rst_r_cdc_sync/s_level_out_d1_aurora_8b10b_1p25g_cdc_to_reg/D

Source Clock: clk_out1_clk_wiz_0
Destination Clock: xdma_0_axi_aclk
CDC Type: No Common Primary Clock

Row  ID     Severity  Description                                 Depth  Exception   Source (From)                                                                                                                                                                                                                                                          Destination (To)
---  -----  --------  ------------------------------------------  -----  ----------  ---------------------------------------------------------------------------------------------------------------------------------------------------------------------------------------------------------------------------------------------------------------------  ---------------------------------------------------------------------------------------------------------------------------------------------------------------------------------------------------------------------------------------------------------------------------------------------------
  1  CDC-3  Info      1-bit synchronized with ASYNC_REG property      6  False Path  u_pcie/design_1_wrapper_inst/design_1_i/axi_interconnect_0/s01_couplers/auto_cc/inst/gen_clock_conv.gen_async_conv.asyncfifo_axi/inst_fifo_gen/gaxi_full_lite.gread_ch.grach2.axi_rach/grf.rf/rstblk/ngwrdrst.grst.g7serrst.gnsckt_wrst.gic_rst.sckt_rd_rst_ic_reg/C   u_pcie/design_1_wrapper_inst/design_1_i/axi_interconnect_0/s01_couplers/auto_cc/inst/gen_clock_conv.gen_async_conv.asyncfifo_axi/inst_fifo_gen/gaxi_full_lite.gread_ch.grach2.axi_rach/grf.rf/rstblk/ngwrdrst.grst.g7serrst.gnsckt_wrst.gic_rst.xpm_cdc_single_inst_rrst_wr/syncstages_ff_reg[0]/D
  2  CDC-3  Info      1-bit synchronized with ASYNC_REG property      7  False Path  u_pcie/design_1_wrapper_inst/design_1_i/axi_interconnect_0/s01_couplers/auto_cc/inst/gen_clock_conv.gen_async_conv.asyncfifo_axi/inst_fifo_gen/gaxi_full_lite.gread_ch.grdch2.axi_rdch/grf.rf/rstblk/ngwrdrst.grst.g7serrst.gnsckt_wrst.gic_rst.sckt_wr_rst_ic_reg/C   u_pcie/design_1_wrapper_inst/design_1_i/axi_interconnect_0/s01_couplers/auto_cc/inst/gen_clock_conv.gen_async_conv.asyncfifo_axi/inst_fifo_gen/gaxi_full_lite.gread_ch.grdch2.axi_rdch/grf.rf/rstblk/ngwrdrst.grst.g7serrst.gnsckt_wrst.gic_rst.xpm_cdc_single_inst_wrst_rd/syncstages_ff_reg[0]/D
  3  CDC-3  Info      1-bit synchronized with ASYNC_REG property      6  False Path  u_pcie/design_1_wrapper_inst/design_1_i/axi_interconnect_0/s01_couplers/auto_cc/inst/gen_clock_conv.gen_async_conv.asyncfifo_axi/inst_fifo_gen/gaxi_full_lite.gwrite_ch.gwach2.axi_wach/grf.rf/rstblk/ngwrdrst.grst.g7serrst.gnsckt_wrst.gic_rst.sckt_rd_rst_ic_reg/C  u_pcie/design_1_wrapper_inst/design_1_i/axi_interconnect_0/s01_couplers/auto_cc/inst/gen_clock_conv.gen_async_conv.asyncfifo_axi/inst_fifo_gen/gaxi_full_lite.gwrite_ch.gwach2.axi_wach/grf.rf/rstblk/ngwrdrst.grst.g7serrst.gnsckt_wrst.gic_rst.xpm_cdc_single_inst_rrst_wr/syncstages_ff_reg[0]/D
  4  CDC-3  Info      1-bit synchronized with ASYNC_REG property      6  False Path  u_pcie/design_1_wrapper_inst/design_1_i/axi_interconnect_0/s01_couplers/auto_cc/inst/gen_clock_conv.gen_async_conv.asyncfifo_axi/inst_fifo_gen/gaxi_full_lite.gwrite_ch.gwdch2.axi_wdch/grf.rf/rstblk/ngwrdrst.grst.g7serrst.gnsckt_wrst.gic_rst.sckt_rd_rst_ic_reg/C  u_pcie/design_1_wrapper_inst/design_1_i/axi_interconnect_0/s01_couplers/auto_cc/inst/gen_clock_conv.gen_async_conv.asyncfifo_axi/inst_fifo_gen/gaxi_full_lite.gwrite_ch.gwdch2.axi_wdch/grf.rf/rstblk/ngwrdrst.grst.g7serrst.gnsckt_wrst.gic_rst.xpm_cdc_single_inst_rrst_wr/syncstages_ff_reg[0]/D
  5  CDC-3  Info      1-bit synchronized with ASYNC_REG property      7  False Path  u_pcie/design_1_wrapper_inst/design_1_i/axi_interconnect_0/s01_couplers/auto_cc/inst/gen_clock_conv.gen_async_conv.asyncfifo_axi/inst_fifo_gen/gaxi_full_lite.gwrite_ch.gwrch2.axi_wrch/grf.rf/rstblk/ngwrdrst.grst.g7serrst.gnsckt_wrst.gic_rst.sckt_wr_rst_ic_reg/C  u_pcie/design_1_wrapper_inst/design_1_i/axi_interconnect_0/s01_couplers/auto_cc/inst/gen_clock_conv.gen_async_conv.asyncfifo_axi/inst_fifo_gen/gaxi_full_lite.gwrite_ch.gwrch2.axi_wrch/grf.rf/rstblk/ngwrdrst.grst.g7serrst.gnsckt_wrst.gic_rst.xpm_cdc_single_inst_wrst_rd/syncstages_ff_reg[0]/D
  6  CDC-3  Info      1-bit synchronized with ASYNC_REG property      3  False Path  u_pcie/design_1_wrapper_inst/design_1_i/axi_interconnect_1/s00_couplers/auto_cc/inst/gen_clock_conv.gen_async_lite_conv.clock_conv_lite_fwd_ar/dest_ack_reg/C                                                                                                          u_pcie/design_1_wrapper_inst/design_1_i/axi_interconnect_1/s00_couplers/auto_cc/inst/gen_clock_conv.gen_async_lite_conv.clock_conv_lite_fwd_ar/handshake/xpm_cdc_single_dest2src_inst/syncstages_ff_reg[0]/D
  7  CDC-3  Info      1-bit synchronized with ASYNC_REG property      3  False Path  u_pcie/design_1_wrapper_inst/design_1_i/axi_interconnect_1/s00_couplers/auto_cc/inst/gen_clock_conv.gen_async_lite_conv.clock_conv_lite_fwd_aw/dest_ack_reg/C                                                                                                          u_pcie/design_1_wrapper_inst/design_1_i/axi_interconnect_1/s00_couplers/auto_cc/inst/gen_clock_conv.gen_async_lite_conv.clock_conv_lite_fwd_aw/handshake/xpm_cdc_single_dest2src_inst/syncstages_ff_reg[0]/D
  8  CDC-3  Info      1-bit synchronized with ASYNC_REG property      3  False Path  u_pcie/design_1_wrapper_inst/design_1_i/axi_interconnect_1/s00_couplers/auto_cc/inst/gen_clock_conv.gen_async_lite_conv.clock_conv_lite_fwd_w/dest_ack_reg/C                                                                                                           u_pcie/design_1_wrapper_inst/design_1_i/axi_interconnect_1/s00_couplers/auto_cc/inst/gen_clock_conv.gen_async_lite_conv.clock_conv_lite_fwd_w/handshake/xpm_cdc_single_dest2src_inst/syncstages_ff_reg[0]/D
  9  CDC-3  Info      1-bit synchronized with ASYNC_REG property      4  False Path  u_pcie/design_1_wrapper_inst/design_1_i/axi_interconnect_1/s00_couplers/auto_cc/inst/gen_clock_conv.gen_async_lite_conv.clock_conv_lite_resp_b/handshake/src_sendd_ff_reg/C                                                                                            u_pcie/design_1_wrapper_inst/design_1_i/axi_interconnect_1/s00_couplers/auto_cc/inst/gen_clock_conv.gen_async_lite_conv.clock_conv_lite_resp_b/handshake/xpm_cdc_single_src2dest_inst/syncstages_ff_reg[0]/D
 10  CDC-3  Info      1-bit synchronized with ASYNC_REG property      3  False Path  u_pcie/design_1_wrapper_inst/design_1_i/axi_interconnect_1/s00_couplers/auto_cc/inst/gen_clock_conv.gen_async_lite_conv.clock_conv_lite_resp_r/handshake/src_sendd_ff_reg/C                                                                                            u_pcie/design_1_wrapper_inst/design_1_i/axi_interconnect_1/s00_couplers/auto_cc/inst/gen_clock_conv.gen_async_lite_conv.clock_conv_lite_resp_r/handshake/xpm_cdc_single_src2dest_inst/syncstages_ff_reg[0]/D
 11  CDC-3  Info      1-bit synchronized with ASYNC_REG property      4  False Path  u_pcie/u_pcie_fdma_aurora_brg_adapter/U_RTDS_RX_BLOCK_WRITER/irq_reg/C                                                                                                                                                                                                 u_pcie/design_1_wrapper_inst/design_1_i/xdma_0/inst/udma_wrapper/dma_top/base/IRQ_INST/usr_irq_xpm_cdc/syncstages_ff_reg[0]/D

Source Clock: pcie_refclk_100m
Destination Clock: xdma_0_axi_aclk
CDC Type: No Common Node

Row  ID     Severity  Description                                 Depth  Exception   Source (From)                                                                                                                 Destination (To)
---  -----  --------  ------------------------------------------  -----  ----------  ----------------------------------------------------------------------------------------------------------------------------  --------------------------------------------------------------------------------------------------------------------------------------------------------
  1  CDC-3  Info      1-bit synchronized with ASYNC_REG property      2  False Path  u_pcie/design_1_wrapper_inst/design_1_i/xdma_0/inst/pcie3_ip_i/inst/design_1_xdma_0_0_pcie3_ip_gt_top_i/phy_rst_i/idle_reg/C  u_pcie/design_1_wrapper_inst/design_1_i/xdma_0/inst/pcie3_ip_i/inst/design_1_xdma_0_0_pcie3_ip_pcie3_uscale_top_inst/init_ctrl_inst/reg_phy_rdy_reg[0]/D

